CASE_ID,ACCIDENT_YEAR,PROC_DATE,JURIS,COLLISION_DATE,COLLISION_TIME,OFFICER_ID,REPORTING_DISTRICT,DAY_OF_WEEK,CHP_SHIFT,POPULATION,CNTY_CITY_LOC,SPECIAL_COND,BEAT_TYPE,CHP_BEAT_TYPE,CITY_DIVISION_LAPD,CHP_BEAT_CLASS,BEAT_NUMBER,PRIMARY_RD,SECONDARY_RD,DISTANCE,DIRECTION,INTERSECTION,WEATHER_1,WEATHER_2,STATE_HWY_IND,CALTRANS_COUNTY,CALTRANS_DISTRICT,STATE_ROUTE,ROUTE_SUFFIX,POSTMILE_PREFIX,POSTMILE,LOCATION_TYPE,RAMP_INTERSECTION,SIDE_OF_HWY,TOW_AWAY,COLLISION_SEVERITY,NUMBER_KILLED,NUMBER_INJURED,PARTY_COUNT,PRIMARY_COLL_FACTOR,PCF_CODE_OF_VIOL,PCF_VIOL_CATEGORY,PCF_VIOLATION,PCF_VIOL_SUBSECTION,HIT_AND_RUN,TYPE_OF_COLLISION,MVIW,PED_ACTION,ROAD_SURFACE,ROAD_COND_1,ROAD_COND_2,LIGHTING,CONTROL_DEVICE,CHP_ROAD_TYPE,PEDESTRIAN_ACCIDENT,BICYCLE_ACCIDENT,MOTORCYCLE_ACCIDENT,TRUCK_ACCIDENT,NOT_PRIVATE_PROPERTY,ALCOHOL_INVOLVED,STWD_VEHTYPE_AT_FAULT,CHP_VEHTYPE_AT_FAULT,COUNT_SEVERE_INJ,COUNT_VISIBLE_INJ,COUNT_COMPLAINT_PAIN,COUNT_PED_KILLED,COUNT_PED_INJURED,COUNT_BICYCLIST_KILLED,COUNT_BICYCLIST_INJURED,COUNT_MC_KILLED,COUNT_MC_INJURED,PRIMARY_RAMP,SECONDARY_RAMP,LATITUDE,LONGITUDE,COUNTY,CITY,POINT_X,POINT_Y
6725152,2014,2016-04-09,9465,2014-11-21,2105,018894,,5,2,9,5000,0,1,3,,2,041,"RT 99","GOLF RD",150.00,S,N,A,-,Y,STA,10,99,-,R,0.520,H,-,N,Y,2,0,2,1,A,-,08,22107,,N,F,A,A,A,H,-,D,D,1,,,,,Y,,A,01,1,1,0,0,0,0,0,0,0,"- ","- ",37.466630000000002,-120.83019,STANISLAUS,UNINCORPORATED,-120.83070368,37.466791219999998
8281621,2016,2017-03-06,5002,2016-12-21,0640,10545,410,3,5,6,5002,0,0,0,,0,041,"RT 132","9TH ST",186.00,E,N,A,-,Y,STA,10,130,-,-,15.020,H,-,E,N,2,0,1,2,A,-,11,21954,A,F,G,B,D,A,H,-,B,D,0,Y,,,,Y,,N,,1,0,0,0,1,0,0,0,0,"- ","- ",,,STANISLAUS,MODESTO,,
8404844,2018,2018-06-22,5007,2018-04-01,1818,5505,TURLO,7,5,5,5007,0,0,0,,0,004,"JUBILEE DR",VICTORY,0.00,,Y,A,-,N,,,,,,,,,,N,1,1,0,1,D,-,00,,,N,-,A,A,A,H,-,A,D,0,,,,,Y,Y,-,"- ",0,0,0,0,0,0,0,0,0,"- ","- ",,,STANISLAUS,TURLOCK,-120.87592315673828,37.516510009765625
9813683,2025,2025-06-02,5004,2025-05-04,"59  ",384,RD37,7,5,3,5004,0,0,0,,0,031,"EAST F ST","N 6TH AV",0.00,,Y,A,-,N,,,,,,,,,,N,2,0,2,3,A,-,10,21950,A,N,G,B,B,A,H,-,C,D,0,Y,,,,Y,,I,11,2,0,0,0,2,0,0,0,0,"- ","- ",37.767791748046875,-120.84364318847656,STANISLAUS,OAKDALE,-120.84349060058594,37.768112182617188
81803202,2022,2022-06-27,5002,2022-05-05,1907,13325,,4,5,6,5002,0,0,0,,0,MP31,"CROWS LANDING RD","AMADOR AVE",0.00,,Y,A,-,N,,,,,,,,,,Y,2,0,1,2,A,-,09,21802,A,N,D,C,A,A,H,-,A,A,0,,,Y,Y,Y,,C,02,1,0,0,0,0,0,0,0,1,"- ","- ",37.607509613037109,-120.99430084228516,STANISLAUS,MODESTO,-120.99356842041016,37.607635498046875
91068508,2019,2019-09-05,9465,2019-08-29,1637,018671,,4,2,9,5000,0,3,5,,2,020,"26 MILE ROAD","HINDS ROAD",155.00,S,N,A,-,N,,,,,,,,,,Y,2,0,1,1,A,-,01,23152,A,N,E,I,A,A,H,-,A,D,0,,,,,Y,Y,A,01,1,0,0,0,0,0,0,0,0,"- ","- ",37.827239990234375,-120.86917114257812,STANISLAUS,UNINCORPORATED,-120.869077,37.827317000000001
91904079,2022,2022-10-28,9465,2022-09-24,1143,018259,,6,1,9,5000,0,3,5,,2,050,"RIVER ROAD","OAKLEA ROAD",2932.00,S,N,A,-,N,,,,,,,,,,Y,2,0,1,1,A,-,08,22107,,N,F,A,A,A,H,-,A,D,0,,,,Y,Y,,F,27,1,0,0,0,0,0,0,0,0,"- ","- ",37.600101470947266,-121.22514343261719,STANISLAUS,UNINCORPORATED,-121.22511291503906,37.600078582763672
92434888,2024,2024-07-10,9465,2024-06-07,2025,021239,,5,2,9,5000,0,2,4,,2,042,"CROWS LANDING ROAD","PECOS AVENUE",195.00,N,N,A,-,N,,,,,,,,,,N,1,1,0,2,A,-,09,21804,A,N,D,G,A,A,H,-,A,D,0,,Y,,,Y,,L,04,0,0,0,0,0,1,0,0,0,"- ","- ",37.61724853515625,-120.99356079101562,STANISLAUS,UNINCORPORATED,-120.99358367919922,37.617237091064453
94541435,2024,2025-01-17,9465,2024-08-24,2500,023200,,6,4,9,5000,0,3,5,,2,040,"MORGAN ROAD","MARCHY LANE",576.00,S,N,B,-,N,,,,,,,,,,N,1,1,0,2,A,-,03,22350,,F,G,B,E,A,H,-,D,D,0,Y,,,,Y,,-,99,0,0,0,1,0,0,0,0,0,"- ","- ",37.570938110351562,-120.97541046142578,STANISLAUS,UNINCORPORATED,-120.97536468505859,37.570968627929688
6718176,2014,2015-03-13,9465,2014-11-05,2108,19073,,3,2,9,5000,0,1,3,,2,012,"RT 132","GATES RD",2640.00,W,N,A,-,Y,STA,10,132,-,-,5.850,H,-,E,N,1,1,0,2,A,-,11,21954,A,N,G,B,E,A,H,-,D,D,0,Y,,,Y,Y,,N,60,0,0,0,1,0,0,0,0,0,"- ","- ",37.637779999999999,-121.16943999999999,STANISLAUS,UNINCORPORATED,-121.16786915,37.637835920000001
9302165,2021,2021-08-11,5007,2021-06-12,1253,5799,TPD,6,5,5,5007,0,0,0,,0,PD5,"DELS LN","W HAWKEYE",0.00,,Y,A,-,N,,,,,,,,,,Y,2,0,2,2,A,-,03,22350,,N,C,C,A,A,H,-,A,A,0,,,,,Y,,A,01,1,0,1,0,0,0,0,0,0,"- ","- ",37.50762939453125,-120.85935974121094,STANISLAUS,TURLOCK,-120.85810089111328,37.507373809814453
9430328,2022,2022-04-04,5007,2022-02-27,1723,5807,TPD,7,5,5,5007,0,0,0,,0,PD3,"SOUTH WALNUT RD","WEST MAIN ST",293.00,S,N,A,-,N,,,,,,,,,,N,2,0,1,1,A,-,08,22107,,N,H,J,A,A,H,-,A,D,0,,,Y,,Y,,C,02,1,0,0,0,0,0,0,0,1,"- ","- ",37.492729187011719,-120.87172698974609,STANISLAUS,TURLOCK,-120.87168121337891,37.491931915283203
9594568,2023,2023-07-07,5007,2023-05-14,2207,5810,TPD,7,5,5,5007,0,0,0,,0,PD2,"EAST LINWOOD AV","5TH ST",279.00,E,N,A,-,N,,,,,,,,,,Y,2,0,3,4,A,-,03,22350,,F,A,E,A,A,H,-,C,A,0,,,,,Y,,D,22,1,2,0,0,0,0,0,0,0,"- ","- ",37.477909088134766,-120.83721160888672,STANISLAUS,TURLOCK,-120.83507537841797,37.478115081787109
9598540,2023,2023-07-24,5004,2023-06-27,1755,257,RD28,2,5,3,5004,0,0,0,,0,042,"JOHNSON AV","EAST F ST",0.00,,Y,A,-,N,,,,,,,,,,Y,2,0,2,2,A,-,01,23153,,N,C,C,A,A,H,-,A,A,0,,,,,Y,Y,A,01,1,1,0,0,0,0,0,0,0,"- ","- ",37.769851684570312,-120.83827972412109,STANISLAUS,OAKDALE,-120.83831024169922,37.769851684570312
82274656,2023,2024-01-01,5002,2023-12-18,1216,13513,,1,5,6,5002,0,0,0,,0,031,"HATCH RD","USTICK RD",202.00,W,N,C,-,N,,,,,,,,,,Y,2,0,1,3,A,-,06,21755,A,F,G,B,E,B,H,-,A,D,0,Y,,,,Y,,A,01,1,0,0,0,1,0,0,0,0,"- ","- ",37.606410980224609,-121.01255035400391,STANISLAUS,MODESTO,-121.012451171875,37.606296539306641
84813686,2024,2025-08-25,5002,2024-09-01,1128,11267,,7,5,6,5002,0,0,0,,0,071,"BRIGGSMORE AVE","ROSE AVE",270.00,E,N,A,-,N,,,,,,,,,,Y,1,1,0,1,A,-,01,23152,F,N,E,I,A,A,H,-,A,D,0,,,,,Y,,A,01,0,0,0,0,0,0,0,0,0,"- ","- ",37.666698455810547,-120.96697998046875,STANISLAUS,MODESTO,-120.96572875976562,37.666923522949219
90079402,2015,2015-12-21,9465,2015-12-05,2330,015398,,6,3,9,5000,0,3,5,,2,030,"LA GRANGE ROAD","STATE ROUTE 132",1050.00,S,N,B,-,N,,,,,,,,,,Y,2,0,1,1,A,-,08,22107,,F,F,A,A,A,H,-,D,D,0,,,,,Y,,A,07,1,0,0,0,0,0,0,0,0,"- ","- ",37.6601,-120.47194,STANISLAUS,UNINCORPORATED,-120.471836,37.660257000000001
90493774,2017,2017-07-05,9465,2017-03-17,2336,020952,,5,3,9,5000,0,3,5,,2,030,"KEYES ROAD","NUNES ROAD",0.00,,Y,A,-,N,,,,,,,,,,Y,1,1,1,2,A,-,01,23152,A,N,D,C,A,A,H,-,D,D,0,,,,,Y,Y,D,22,0,0,1,0,0,0,0,0,0,"- ","- ",37.551000000000002,-120.8985,STANISLAUS,UNINCORPORATED,-120.89836997,37.550989960000003
92110540,2023,2023-07-06,9465,2023-06-28,1930,019713,,3,2,9,5000,0,2,4,,2,058,"LAS PALMAS AVENUE","SYCAMORE AVENUE",283.00,W,N,A,-,N,,,,,,,,,,N,2,0,1,1,A,-,08,22107,,N,E,I,A,A,H,-,A,D,0,,,,,Y,,A,01,1,0,0,0,0,0,0,0,0,"- ","- ",37.479141235351562,-121.11327362060547,STANISLAUS,UNINCORPORATED,-121.11344146728516,37.479228973388672
92154600,2022,2023-08-25,9465,2022-12-13,2340,020012,,2,3,9,5000,0,3,5,,2,030,"SERVICE ROAD","ESMAR ROAD",898.00,E,N,A,-,N,,,,,,,,,,Y,1,1,0,2,A,-,11,21956,A,N,C,B,E,A,H,-,D,D,0,Y,,,,Y,,-,"- ",0,0,0,1,0,0,0,0,0,"- ","- ",37.580268859863281,-120.9263916015625,STANISLAUS,UNINCORPORATED,-120.92645263671875,37.580299377441406
6518098,2014,2014-08-13,5002,2014-06-03,1739,11236,035,2,5,6,5002,0,0,0,,0,063,"TULLY RD","WEST RUMBLE RD",0.00,,Y,A,-,N,,,,,,,,,,Y,2,0,2,2,A,-,12,21453,A,N,D,C,A,A,H,-,A,A,0,,,,,Y,,A,,1,0,1,0,0,0,0,0,0,"- ","- ",,,STANISLAUS,MODESTO,-121.01238986,37.68206996
6964424,2015,2015-07-11,9465,2015-06-15,1241,017477,,1,1,9,5000,0,3,5,,2,020,"COFFEE RD","VELLA WY",193.00,S,N,A,-,N,,,,,,,,,,Y,2,0,2,2,A,-,08,22107,,N,A,C,A,A,H,-,A,D,0,,,,,Y,,A,01,1,1,0,0,0,0,0,0,0,"- ","- ",37.706539999999997,-120.9765,STANISLAUS,UNINCORPORATED,-120.97651421,37.70656013
8203498,2016,2017-01-31,5002,2016-12-23,0347,11756,M558,5,5,6,5002,0,0,0,,0,031,"HATCH RD","USTICK RD",1000.00,W,N,B,-,N,,,,,,,,,,Y,2,0,1,2,A,-,01,23152,A,F,A,C,A,A,H,-,C,D,0,,,,,Y,Y,A,,1,0,0,0,0,0,0,0,0,"- ","- ",,,STANISLAUS,MODESTO,-121.01520078,37.606215679999998
8620633,2018,2018-05-24,5007,2018-05-12,1918,5770,,6,5,5,5007,0,0,0,,0,002,"MYRTLE ST","COLORADO AV",0.00,,Y,A,-,N,,,,,,,,,,N,2,0,1,2,A,-,09,21802,A,N,D,G,A,A,H,-,A,A,0,,Y,,,Y,,A,07,1,0,0,0,0,0,1,0,0,"- ","- ",,,STANISLAUS,TURLOCK,-120.83329772949219,37.493320465087891
8648238,2018,2018-10-09,5002,2018-05-08,1359,11226,,2,5,6,5002,0,0,0,,0,063,"STANDIFORD AV","CHANCELLOR AV",240.00,W,N,A,-,N,,,,,,,,,,Y,1,1,0,2,A,-,11,21954,A,N,G,B,D,A,H,-,A,D,0,Y,,,,Y,,N,60,0,0,0,1,0,0,0,0,0,"- ","- ",,,STANISLAUS,MODESTO,-121.01564788818359,37.68939208984375
81753130,2022,2022-04-21,5002,2022-04-03,1750,13287,,7,5,6,5002,0,0,0,,0,,"CARVER RD","CARVER CT",0.00,,Y,A,-,N,,,,,,,,,,N,2,0,2,1,A,-,08,22107,,N,E,I,A,A,H,-,A,D,0,,,Y,,Y,,C,02,1,1,0,0,0,0,0,0,2,"- ","- ",37.668540954589844,-121.02239990234375,STANISLAUS,MODESTO,-121.0220947265625,37.668529510498047
92125706,2023,2023-07-25,9465,2023-07-02,"554 ",018955,,7,3,9,5000,0,1,3,,2,011,"STATE ROUTE 99 (NORTHBOUND)","NORTH 9TH STREET",1680.00,S,N,A,-,Y,STA,,99," ",R,17.652,H,,R,Y,1,1,0,1,A,-,03,22350,,N,E,I,A,A,H,-,B,D,0,,,,,Y,,A,01,0,0,0,0,0,0,0,0,0,"- ","- ",37.655101776123047,-121.02584838867188,STANISLAUS,UNINCORPORATED,-121.02576446533203,37.655113220214844
92269672,2023,2023-12-22,9465,2023-12-12,1330,018363,,2,1,9,5000,0,1,3,,2,021,"STATE ROUTE 120","RIVER ROAD",187.00,W,N,A,-,Y,STA,,120," "," ",3.742,H,,R,Y,2,0,2,2,A,-,01,23152,A,N,C,C,A,A,H,-,A,D,0,,,,Y,Y,Y,A,01,1,1,0,0,0,0,0,0,0,"- ","- ",37.784259796142578,-120.85871887207031,STANISLAUS,UNINCORPORATED,-120.85867309570312,37.784297943115234
94716494,2025,2025-06-06,9465,2025-05-31,1605,022767,,6,2,9,5000,0,3,5,,2,020,"DUNN RANCH ROAD","26 MILE ROAD",20.00,W,N,A,-,N,,,,,,,,,,N,2,0,1,2,A,-,12,22450,A,F,D,G,A,A,H,-,A,A,0,,Y,,,Y,,A,08,1,0,0,0,0,0,1,0,0,"- ","- ",37.804439544677734,-120.8685302734375,STANISLAUS,UNINCORPORATED,-120.86849975585938,37.804458618164062
84565596,2025,2025-02-05,5006,2025-01-25,"441 ",S04631,,6,5,3,5006,0,0,0,,0,RPD,"CLARIBEL RD","ROSELLE AVE",1500.00,E,N,A,-,N,,,,,,,,,,Y,2,0,1,1,A,-,01,23152,A,N,E,J,A,A,H,-,D,D,0,,,,,Y,Y,D,22,1,0,0,0,0,0,0,0,0,"- ","- ",37.711078643798828,-120.9400634765625,STANISLAUS,RIVERBANK,-120.93489837646484,37.710926055908203
84659433,2025,2025-04-23,5002,2025-02-23,1436,13409,,7,5,6,5002,0,0,0,,0,032,"HAMMOND ST","ERIE AVE",120.00,N,N,A,-,N,,,,,,,,,,N,2,0,1,1,A,-,08,22107,,N,F,A,A,A,H,-,A,D,0,,,Y,,Y,,C,03,1,0,0,0,0,0,0,0,1,"- ","- ",37.615528106689453,-121.01869201660156,STANISLAUS,MODESTO,-121.01863861083984,37.615798950195312
90174578,2016,2016-05-06,9465,2016-04-25,1845,16320,,1,2,9,5000,0,3,5,,2,030,"SOUTH 7TH STREET","BLANKENBURG AVENUE",0.00,,Y,A,-,N,,,,,,,,,,N,2,0,1,2,A,-,09,21801,B,N,F,A,A,A,H,-,A,D,0,,,Y,,Y,,C,02,1,0,0,0,0,0,0,0,1,"- ","- ",37.621020000000001,-120.99093000000001,STANISLAUS,UNINCORPORATED,-120.99090996,37.621019990000001
91029147,2019,2019-07-11,9465,2019-06-29,1535,021337,,6,2,9,5000,0,1,3,,1,032,"SR-132 E/B","FIELDS ROAD",80.00,E,N,A,-,Y,,,132,,,,,,E,Y,2,0,1,1,A,-,01,23152,A,N,E,I,A,A,H,-,A,D,0,,,Y,,Y,Y,C,02,1,0,0,0,0,0,0,0,1,"- ","- ",37.637321472167969,-120.39306640625,STANISLAUS,UNINCORPORATED,-120.39306640625,37.637363433837891
91204579,2020,2020-03-09,9465,2020-02-28,2212,020642,,5,3,9,5000,0,3,5,,2,010,"PIRRONE ROAD","HAMMETT ROAD",50.00,S,N,A,-,N,,,,,,,,,,N,2,0,1,2,A,-,08,22107,,F,G,B,E,A,H,-,C,A,0,Y,,,,Y,,-,99,1,0,0,0,1,0,0,0,0,"- ","- ",37.726661682128906,-121.10121154785156,STANISLAUS,UNINCORPORATED,-121.10133361816406,37.726913452148438
91271894,2020,2020-07-21,9465,2020-01-20,0103,021636,,1,3,9,5000,0,1,3,,2,013,"STATE ROUTE 108 (MCHENRY AVENUE)","STATE ROUTE 219 (KIERNAN AVENUE)",197.00,E,N,A,-,Y,,,108,,,,,,,N,1,1,0,2,A,-,03,22350,,F,G,B,E,A,H,-,C,D,0,Y,,,,Y,Y,A,01,0,0,0,1,0,0,0,0,0,"- ","- ",37.711818695068359,-120.99504089355469,STANISLAUS,UNINCORPORATED,-120.99501037597656,37.711818695068359
8545193,2017,2018-02-09,5002,2017-01-20,1540,10507,537,5,5,6,5002,0,0,0,,0,063,"PELANDALE AV","HONEY CREEK RD",0.00,,Y,A,-,N,,,,,,,,,,Y,2,0,2,2,A,-,09,21802,A,N,D,C,A,A,H,-,A,A,0,,,,,Y,,A,,1,1,0,0,0,0,0,0,0,"- ","- ",,,STANISLAUS,MODESTO,-121.05457998,37.700229970000002
8820482,2019,2019-04-04,5002,2019-03-01,1432,11807,290,5,5,6,5002,0,0,0,,0,071,"COFFEE RD","LUCERN AV",250.00,N,N,B,-,N,,,,,,,,,,Y,2,0,1,2,A,-,17,23109,C,N,E,J,A,A,H,-,A,A,0,,,,,Y,,A,,1,0,0,0,0,0,0,0,0,"- ","- ",,,STANISLAUS,MODESTO,-120.97557067871094,37.653385162353516
8820522,2019,2019-04-04,5002,2019-03-18,1200,13127,M414,1,5,6,5002,0,0,0,,0,041,"J ST","11TH ST",0.00,,Y,A,-,N,,,,,,,,,,N,2,0,1,2,A,-,10,21950,A,N,B,B,B,A,H,-,A,A,0,Y,,,,Y,,-,,1,0,0,0,1,0,0,0,0,"- ","- ",,,STANISLAUS,MODESTO,-120.99932861328125,37.641231536865234
8973886,2019,2019-11-14,5002,2019-10-15,1242,13201,M026,2,5,6,5002,0,0,0,,0,083,"STANDIFORD AV","COLONIAL DR",0.00,,Y,A,-,N,,,,,,,,,,N,2,0,1,2,A,-,10,21950,A,F,G,B,B,A,H,-,A,A,0,Y,,,,Y,Y,-,,1,0,0,0,1,0,0,0,0,"- ","- ",,,STANISLAUS,MODESTO,-121.0089111328125,37.689308166503906
9119689,2020,2020-09-10,5007,2020-06-19,1550,5694,,5,5,5,5007,0,0,0,,0,002,"EAST LINWOOD AV","5TH AV",0.00,,Y,A,-,N,,,,,,,,,,Y,2,0,3,2,A,-,09,21800,C,N,D,C,A,A,H,-,A,A,0,,,,,Y,,A,01,1,1,1,0,0,0,0,0,0,"- ","- ",,,STANISLAUS,TURLOCK,-120.83603668212891,37.478118896484375
9153182,2020,2020-11-12,5002,2020-09-07,2154,706,A201,1,5,6,5002,0,0,0,,0,003,"EAST HATCH RD","WALLIN WY",184.00,W,N,A,-,N,,,,,,,,,,Y,2,0,1,2,A,-,03,22350,,N,D,C,A,A,H,-,D,D,0,,,,,Y,,A,01,1,0,0,0,0,0,0,0,0,"- ","- ",37.609291076660156,-120.94790649414062,STANISLAUS,MODESTO,-120.95369720458984,37.609268188476562
91594963,2021,2021-10-13,9465,2021-08-11,2151,018671,,3,2,9,5000,0,1,3,,2,021,"STATE ROUTE 120","VALLEY HOME ROAD",1892.00,W,N,A,-,Y,,,120,,,,,,,Y,1,1,0,2,A,-,06,21751,,N,A,C,A,A,H,-,D,D,0,,,Y,,Y,Y,A,01,0,0,0,0,0,0,0,1,0,"- ","- ",37.791240692138672,-120.87140655517578,STANISLAUS,UNINCORPORATED,-120.87141418457031,37.791221618652344
91641982,2021,2022-01-13,9465,2021-11-23,1156,015761,,2,1,9,5000,0,1,3,,2,021,"STATE ROUTE 120","CRACKERBOX ROAD",440.00,W,N,A,-,Y,,,120,,,,,,,Y,2,0,1,2,A,-,08,22107,,N,A,C,A,A,H,-,A,D,0,,,,Y,Y,,D,22,1,0,0,0,0,0,0,0,0,"- ","- ",37.791801452636719,-120.89257049560547,STANISLAUS,UNINCORPORATED,-120.89257049560547,37.791805267333984
91761213,2022,2022-04-29,9465,2022-04-19,2035,019713,,2,2,9,5000,0,1,1,,2,055,"INTERSTATE 5","SAN JOAQUIN COUNTY LINE",10560.00,S,N,A,-,Y,STA,,5,,,25.855,H,,R,N,2,0,2,3,A,-,01,23152,A,F,C,E,A,A,H,-,D,D,0,,,,Y,Y,Y,A,01,1,1,0,0,0,0,0,0,0,"- ","- ",37.568950653076172,-121.30484008789062,STANISLAUS,UNINCORPORATED,-121.30482482910156,37.568962097167969
91838998,2022,2022-08-12,9465,2022-06-14,1947,020475,,2,2,9,5000,0,1,3,,2,012,SR-132,"NORTH GATES ROAD",0.00,,Y,A,-,Y,STA,,132,,,6.351,H,,R,Y,1,1,1,2,A,-,01,23152,A,N,D,2,A,A,H,-,A,A,0,,,,,Y,Y,A,01,0,0,1,0,0,0,0,0,0,"- ","- ",37.637870788574219,-121.15892028808594,STANISLAUS,UNINCORPORATED,-121.15892028808594,37.637790679931641
90689301,2018,2018-03-26,9465,2018-03-14,1835,020575,,3,2,9,5000,0,2,4,,2,026,"CLARIBEL ROAD","ELEANOR ROAD",1742.00,W,N,A,-,N,,,,,,,,,,Y,2,0,3,2,A,-,01,23152,F,N,A,C,A,A,H,-,A,D,0,,,,,Y,,A,01,3,0,0,0,0,0,0,0,0,"- ","- ",37.710960388183594,-120.91397094726562,STANISLAUS,UNINCORPORATED,-120.91371154785156,37.710945129394531
91133249,2019,2019-12-02,9465,2019-11-13,1530,020833,,3,2,9,5000,0,3,5,,2,030,"WHITMORE AVENUE","EUCLID ROAD",85.00,E,N,A,-,N,,,,,,,,,,Y,2,0,2,3,A,-,12,22450,A,N,A,C,A,A,H,-,A,A,0,,,,,Y,,A,01,2,0,0,0,0,0,0,0,0,"- ","- ",37.594711303710938,-120.851318359375,STANISLAUS,UNINCORPORATED,-120.85150909423828,37.5947265625
91136179,2019,2019-12-04,9465,2019-11-26,2500,018671,,2,4,9,5000,0,3,5,,2,030,"WHITMORE AVENUE","CLINTON ROAD",485.00,E,N,B,C,N,,,,,,,,,,Y,2,0,1,1,A,-,01,23152,A,N,E,I,A,B,H,-,D,D,0,,,,,Y,Y,A,01,1,0,0,0,0,0,0,0,0,"- ","- ",37.594608306884766,-120.89556884765625,STANISLAUS,UNINCORPORATED,-120.89558410644531,37.594772338867188
91199911,2020,2020-03-02,9465,2020-03-01,2114,021226,,7,2,9,5000,0,3,5,,2,050,"STATE ROUTE 33","MARSHALL ROAD",0.00,,Y,A,-,Y,,,33,,,,,,,Y,2,0,3,2,A,-,01,23152,A,N,D,C,A,A,H,-,D,A,0,,,,,Y,Y,A,01,1,0,2,0,0,0,0,0,0,"- ","- ",37.435138702392578,-121.10193634033203,STANISLAUS,UNINCORPORATED,-121.10195159912109,37.435131072998047
91309236,2020,2020-09-22,9465,2020-09-12,1950,020833,,6,2,9,5000,0,3,5,,2,010,"BLUE GUM AVENUE","HART ROAD",750.00,W,N,A,-,N,,,,,,,,,,Y,2,0,2,2,A,-,08,22107,,N,A,E,A,A,H,-,D,D,0,,,,,Y,,A,01,2,0,0,0,0,0,0,0,0,"- ","- ",37.659698486328125,-121.125,STANISLAUS,UNINCORPORATED,-121.12511444091797,37.659671783447266
91430395,2021,2021-03-18,9465,2021-01-17,1124,019376,,7,1,9,5000,0,3,5,,2,050,"DEL PUERTO CANYON ROAD","FRANK RAINES PARK",3432.00,E,N,A,-,N,,,,,,,,,,Y,1,1,0,1,A,-,03,22350,,N,E,J,A,A,A,-,A,D,0,,,Y,,Y,,C,02,0,0,0,0,0,0,0,1,0,"- ","- ",37.423709869384766,-121.37001800537109,STANISLAUS,UNINCORPORATED,,
9424901,2022,2022-04-12,5002,2022-03-13,0023,864,B206,7,5,6,5002,0,0,0,,0,003,"EAST HATCH RD","MITCHELL RD",0.00,,Y,A,-,N,,,,,,,,,,N,2,0,1,2,A,-,03,22350,,F,G,B,B,A,H,-,C,A,0,Y,,,,Y,,A,07,1,0,0,0,1,0,0,0,0,"- ","- ",37.609298706054688,-120.93881225585938,STANISLAUS,MODESTO,-120.93875122070312,37.609317779541016
9477810,2022,2022-07-26,5001,2022-05-14,2358,858,B003,6,5,4,5001,0,0,0,,0,003,"MITCHELL RD","EAST WHITMORE AV",0.00,,Y,A,-,N,,,,,,,,,,Y,2,0,3,3,A,-,01,23152,A,N,D,C,A,A,H,-,C,A,0,,,,,Y,Y,A,01,1,2,0,0,0,0,0,0,0,"- ","- ",37.602001190185547,-120.938720703125,STANISLAUS,CERES,-120.93869781494141,37.594745635986328
9776127,2024,2025-01-29,5007,2024-12-27,"548 ",5819,TPD,5,5,5,5007,0,0,0,,0,PD2,"LANDER AV","RT 99",0.00,,Y,C,-,N,,,,,,,,,,Y,2,0,2,2,A,-,12,21453,A,N,D,C,A,B,H,-,C,A,0,,,,,Y,,A,01,1,1,0,0,0,0,0,0,0,"- ",SO,37.473110198974609,-120.84898376464844,STANISLAUS,TURLOCK,-120.84904479980469,37.473751068115234
81810779,2022,2022-07-06,5008,2022-01-27,1430,S01836,MODES,4,5,2,5008,0,0,0,,0,WPD,"YOSEMITE BLVD","SKYLINE BLVD",2640.00,E,N,A,-,Y,,,,,,,,,,Y,2,0,1,1,A,-,03,22350,,N,E,I,A,A,H,-,A,D,0,,,Y,,Y,,C,02,1,0,0,0,0,0,0,0,1,"- ","- ",37.639488220214844,-120.74047088623047,STANISLAUS,WATERFORD,-120.73142242431641,37.640708923339844
90331136,2016,2016-11-28,9465,2016-11-15,1747,018292,,2,2,9,5000,0,3,5,,2,040,"DOVER AVENUE","CHURCH LANE",175.00,E,N,C,-,N,,,,,,,,,,N,2,0,1,2,A,-,11,21954,A,N,G,B,D,B,H,-,E,D,0,Y,,,,Y,,N,60,1,0,0,0,1,0,0,0,0,"- ","- ",37.60763,-120.98045999999999,STANISLAUS,UNINCORPORATED,-120.98092591,37.607490009999999
90642464,2018,2018-01-18,9465,2018-01-10,2345,020457,,3,3,9,5000,0,3,5,,2,030,"SANTA FE AVENUE","SOUTH STREET",639.00,S,N,A,-,N,,,,,,,,,,Y,2,0,2,2,A,-,01,23152,F,N,A,C,A,A,H,-,D,D,0,,,,,Y,,A,01,2,0,0,0,0,0,0,0,0,"- ","- ",37.629341125488281,-120.90090942382812,STANISLAUS,UNINCORPORATED,-120.90097808837891,37.62939453125
6907641,2015,2015-05-08,9465,2015-04-17,1945,19073,,5,2,9,5000,0,3,5,,2,010,"OHIO AV","CALIFORNIA AV",1056.00,S,N,A,-,N,,,,,,,,,,N,2,0,1,2,A,-,11,21954,A,N,G,B,E,A,H,-,B,D,0,Y,,,,Y,,N,60,1,0,0,0,1,0,0,0,0,"- ","- ",37.628819999999997,-121.03525,STANISLAUS,UNINCORPORATED,-121.03518182000001,37.628450049999998