CASE_ID,ACCIDENT_YEAR,PROC_DATE,JURIS,COLLISION_DATE,COLLISION_TIME,OFFICER_ID,REPORTING_DISTRICT,DAY_OF_WEEK,CHP_SHIFT,POPULATION,CNTY_CITY_LOC,SPECIAL_COND,BEAT_TYPE,CHP_BEAT_TYPE,CITY_DIVISION_LAPD,CHP_BEAT_CLASS,BEAT_NUMBER,PRIMARY_RD,SECONDARY_RD,DISTANCE,DIRECTION,INTERSECTION,WEATHER_1,WEATHER_2,STATE_HWY_IND,CALTRANS_COUNTY,CALTRANS_DISTRICT,STATE_ROUTE,ROUTE_SUFFIX,POSTMILE_PREFIX,POSTMILE,LOCATION_TYPE,RAMP_INTERSECTION,SIDE_OF_HWY,TOW_AWAY,COLLISION_SEVERITY,NUMBER_KILLED,NUMBER_INJURED,PARTY_COUNT,PRIMARY_COLL_FACTOR,PCF_CODE_OF_VIOL,PCF_VIOL_CATEGORY,PCF_VIOLATION,PCF_VIOL_SUBSECTION,HIT_AND_RUN,TYPE_OF_COLLISION,MVIW,PED_ACTION,ROAD_SURFACE,ROAD_COND_1,ROAD_COND_2,LIGHTING,CONTROL_DEVICE,CHP_ROAD_TYPE,PEDESTRIAN_ACCIDENT,BICYCLE_ACCIDENT,MOTORCYCLE_ACCIDENT,TRUCK_ACCIDENT,NOT_PRIVATE_PROPERTY,ALCOHOL_INVOLVED,STWD_VEHTYPE_AT_FAULT,CHP_VEHTYPE_AT_FAULT,COUNT_SEVERE_INJ,COUNT_VISIBLE_INJ,COUNT_COMPLAINT_PAIN,COUNT_PED_KILLED,COUNT_PED_INJURED,COUNT_BICYCLIST_KILLED,COUNT_BICYCLIST_INJURED,COUNT_MC_KILLED,COUNT_MC_INJURED,PRIMARY_RAMP,SECONDARY_RAMP,LATITUDE,LONGITUDE,COUNTY,CITY,POINT_X,POINT_Y
8013778,2016,2016-04-14,5002,2016-03-31,1653,11741,134,4,5,6,5002,0,0,0,,0,073,"OAKDALE RD","MABLE AV",75.00,S,N,A,-,N,,,,,,,,,,Y,2,0,2,2,A,-,03,22350,,N,C,C,A,A,A,-,B,A,0,,,,,Y,,D,,1,1,0,0,0,0,0,0,0,"- ","- ",,,STANISLAUS,MODESTO,-120.95808759000001,37.696044049999998
8411295,2017,2017-07-27,5002,2017-07-04,2308,11026,605,2,5,6,5002,0,0,0,,0,071,"WYCLIFFE DR","SCENIC DR",180.00,S,N,A,-,N,,,,,,,,,,Y,2,0,1,1,A,-,08,22107,,N,F,I,A,A,H,-,C,D,0,,,,,Y,Y,M,,1,0,0,0,0,0,0,0,0,"- ","- ",,,STANISLAUS,MODESTO,-120.93755845,37.654824179999999
8711601,2018,2018-11-05,5001,2018-10-15,1715,541,D206,1,5,4,5001,0,0,0,,0,005,"MITCHELL RD","RHODE RD",0.00,,Y,A,-,N,,,,,,,,,,Y,2,0,1,2,A,-,09,21802,A,N,D,C,A,A,H,-,A,D,0,,,,,Y,,D,22,1,0,0,0,0,0,0,0,0,"- ","- ",37.580238342285156,-120.93872833251953,STANISLAUS,CERES,-120.93872,37.578490000000002
8911104,2019,2021-06-02,5001,2019-12-21,1817,704,D206,6,5,4,5001,0,0,0,,0,005,"MITCHELL RD","SERVICE RD",363.00,N,N,A,-,N,,,,,,,,,,N,1,1,0,2,A,-,11,21955,,F,G,B,D,A,H,-,C,D,0,Y,,,,Y,,N,60,0,0,0,1,0,0,0,0,0,"- ","- ",37.580238342285156,-120.93872833251953,STANISLAUS,CERES,-120.938731,37.581240999999999
9134836,2020,2020-10-26,5002,2020-08-10,1901,11740,M444,1,5,6,5002,0,0,0,,0,MP42,"SAN JUAN DR","MILLER AV",44.00,N,N,A,-,N,,,,,,,,,,Y,2,0,1,2,A,-,03,22350,,N,A,C,A,A,H,-,A,D,0,,,,,Y,,D,22,1,0,0,0,0,0,0,0,0,"- ","- ",,,STANISLAUS,MODESTO,-120.96347808837891,37.640201568603516
82188496,2023,2023-10-03,5005,2023-07-15,"117 ",S03772,PATTE,6,5,3,5005,0,0,0,,0,PPD,"FAWN LILY DR","BELLA FLORA LN",0.00,,Y,A,-,N,,,,,,,,,,Y,2,0,1,2,A,-,01,23152,A,N,B,E,A,A,H,-,C,D,0,,,,,Y,Y,A,01,1,0,0,0,0,0,0,0,0,"- ","- ",37.461681365966797,-121.15045166015625,STANISLAUS,PATTERSON,-121.14909362792969,37.462383270263672
91064398,2019,2019-08-30,9465,2019-08-17,2130,021136,,6,2,9,5000,0,3,5,,2,040,"POLAND ROAD","VIVIAN ROAD",540.00,W,N,A,-,N,,,,,,,,,,N,2,0,1,1,A,-,08,22107,,N,F,A,A,A,H,-,D,D,0,,,Y,,Y,,C,06,1,0,0,0,0,0,0,0,1,"- ","- ",37.604389190673828,-121.05048370361328,STANISLAUS,UNINCORPORATED,-121.05045318603516,37.604389190673828
91275436,2020,2020-07-30,9465,2020-07-25,0610,019730,,6,1,9,5000,0,3,5,,2,030,"ABBIE STREET","STATE ROUTE 132",581.00,S,N,A,-,N,,,,,,,,,,N,2,0,1,1,A,-,01,23152,A,N,H,A,A,A,H,-,B,D,0,,,,,Y,Y,A,01,1,0,0,0,0,0,0,0,0,"- ","- ",37.636619567871094,-120.89930725097656,STANISLAUS,UNINCORPORATED,-120.899316,37.636667000000003
92108124,2023,2023-07-03,9465,2023-05-26,2339,023200,,5,3,9,5000,0,3,5,,2,040,"SHILOH ROAD","PARADISE ROAD",4646.00,S,N,A,-,N,,,,,,,,,,Y,1,1,0,1,A,-,01,23152,G,N,E,I,A,A,H,-,D,D,0,,,Y,,Y,Y,C,02,0,0,0,0,0,0,0,1,0,"- ","- ",37.596240997314453,-121.13397979736328,STANISLAUS,UNINCORPORATED,-121.13406372070312,37.596614837646484
92315887,2024,2024-02-16,9465,2024-02-09,1857,021226,,5,2,9,5000,0,3,5,,2,030,"KEYES ROAD","GOLDEN STATE BOULEVARD",0.00,,Y,A,-,N,,,,,,,,,,N,2,0,1,2,A,-,12,21453,A,N,D,G,A,A,H,-,C,A,0,,Y,,,Y,,L,04,1,0,0,0,0,0,1,0,0,"- ","- ",37.548851013183594,-120.90180969238281,STANISLAUS,UNINCORPORATED,-120.90190887451172,37.548828125
6357110,2014,2014-06-26,9465,2014-01-20,2500,18382,,1,4,9,5000,0,3,5,,2,050,"EASTIN RD","RT 33",15840.00,S,N,A,-,N,,,,,,,,,,Y,2,0,1,1,A,-,08,22107,,N,F,A,A,A,H,-,D,D,0,,,,,Y,Y,A,01,1,0,0,0,0,0,0,0,0,"- ","- ",37.356140000000003,-121.06688,STANISLAUS,UNINCORPORATED,-121.06747540000001,37.344638580000002
6517510,2014,2014-08-12,9465,2014-06-17,2115,12351,,2,2,9,5000,0,3,5,,2,040,"GLACIER AV","CASCADE AV",372.00,W,N,A,-,N,,,,,,,,,,Y,2,0,1,2,A,-,03,22350,,N,C,E,A,A,H,-,D,D,0,,,Y,,Y,,C,06,1,0,0,0,0,0,0,0,1,"- ","- ",37.61036,-120.99605,STANISLAUS,UNINCORPORATED,-120.99704,37.610349999999997
8593142,2018,2018-04-09,5002,2018-03-23,0103,11773,M168,5,5,6,5002,0,0,0,,0,061,"ROSEMORE AV","ROSEMORE AV 1301",0.00,,Y,A,-,N,,,,,,,,,,Y,2,0,1,2,A,-,08,22107,,F,E,I,A,A,H,-,D,D,0,,,,,Y,,A,01,1,0,0,0,0,0,0,0,0,"- ","- ",,,STANISLAUS,MODESTO,-121.040223,37.653314999999999
8737219,2018,2019-01-08,5002,2018-09-21,0959,11621,M415,5,5,6,5002,0,0,0,,0,MP41,"RT 132","H ST",0.00,,Y,A,-,Y,STA,10,132,-,L,15.340,I,5,W,Y,2,0,1,2,A,-,17,21451,A,N,A,C,A,A,H,-,A,A,0,,,Y,,Y,,A,01,1,0,0,0,0,0,0,0,1,"- ","- ",,,STANISLAUS,MODESTO,-120.99959564208984,37.638393402099609
9046264,2020,2020-02-21,5007,2020-01-15,1806,5785,5007,3,5,5,5007,0,0,0,,0,005,"NORTH OLIVE AV","EAST CANAL DR",0.00,,Y,A,-,N,,,,,,,,,,N,2,0,1,2,A,-,11,21456,C,N,G,B,B,A,H,-,C,A,0,Y,,,,Y,,N,60,1,0,0,0,1,0,0,0,0,"- ","- ",,,STANISLAUS,TURLOCK,-120.83999633789062,37.500419616699219
9077858,2019,2020-08-19,5002,2019-11-12,2242,11267,,2,5,6,5002,0,0,0,,0,031,"RT 132","S WASHINGTON ST",94.00,W,N,A,-,Y,STA,10,132,-,-,14.660,H,-,W,Y,2,0,6,2,A,-,05,21651,A,N,A,C,A,A,H,-,C,D,0,,,,,Y,,A,01,4,0,2,0,0,0,0,0,0,"- ","- ",,,STANISLAUS,MODESTO,-121.00801086425781,37.63861083984375
84455702,2024,2024-11-04,5002,2024-09-04,2107,13180,,3,5,6,5002,0,0,0,,0,042,"YOSEMITE BLVD","SEVERIN AVE",65.00,E,N,A,-,Y,STA,,132," "," ",16.456,H,,R,N,2,0,1,2,A,-,11,21950,B,F,G,B,D,A,H,-,C,D,0,Y,,,,Y,,N,60,1,0,0,0,1,0,0,0,0,"- ","- ",37.638179779052734,-120.96980285644531,STANISLAUS,MODESTO,-120.96980285644531,37.638153076171875
91280780,2020,2020-08-05,9465,2020-07-25,0745,018623,,6,1,9,5000,0,3,5,,2,030,"SONORA AVENUE","PERFIDIA AVENUE",91.00,E,N,A,-,N,,,,,,,,,,Y,2,0,6,2,A,-,08,22107,,N,B,C,A,A,H,-,A,D,0,,,,,Y,,A,01,1,1,4,0,0,0,0,0,0,"- ","- ",37.620220184326172,-120.98079681396484,STANISLAUS,UNINCORPORATED,-120.98075866699219,37.620265960693359
91288670,2020,2020-08-19,9465,2020-08-15,2325,021062,,6,3,9,5000,0,1,3,,1,032,"STATE ROUTE 132","RESERVOIR ROAD",1584.00,E,N,B,-,Y,,,132,,,,,,,Y,2,0,1,1,A,-,08,22107,,N,F,A,A,A,H,-,C,D,0,,,Y,,Y,,C,02,1,0,0,0,0,0,0,0,1,"- ","- ",37.646591186523438,-120.67703247070312,STANISLAUS,UNINCORPORATED,-120.67703247070312,37.646579742431641
91874644,2022,2022-09-27,9465,2022-09-21,1107,018222,,3,1,9,5000,0,1,1,,2,056,"INTERSTATE 5 (SOUTHBOUND)","STUHR ROAD",103.00,S,N,A,-,Y,STA,,5,,,5.531,H,,L,N,2,0,1,1,A,-,13,22515,A,N,G,1,A,A,H,-,A,D,0,,,,,Y,,A,01,1,0,0,0,0,0,0,0,0,"- ","- ",37.325668334960938,-121.11057281494141,STANISLAUS,UNINCORPORATED,-121.11026763916016,37.325733184814453
91958668,2022,2023-01-03,9465,2022-11-11,1710,019182,,5,2,9,5000,0,3,5,,2,020,"VALLEY HOME ROAD","PLEASANT VALLEY ROAD",14.00,S,N,A,-,N,,,,,,,,,,Y,1,1,4,3,A,-,09,21802,A,N,D,C,A,A,H,-,B,A,0,,,,,Y,,-,"- ",1,0,3,0,0,0,0,0,0,"- ","- ",37.808338165283203,-120.88774108886719,STANISLAUS,UNINCORPORATED,-120.88768768310547,37.808341979980469
9112603,2020,2020-08-26,5002,2020-06-10,1308,10116,484,3,5,6,5002,0,0,0,,0,032,"ROUSE AV","MAMI LN",0.00,,Y,A,-,N,,,,,,,,,,Y,2,0,1,2,A,-,09,21802,A,N,D,C,A,A,H,-,A,A,0,,,,,Y,,-,,1,0,0,0,0,0,0,0,0,"- ","- ",,,STANISLAUS,MODESTO,-121.01687,37.620539999999998
9258926,2021,2021-05-13,5007,2021-04-08,1956,5702,TPD,4,5,5,5007,0,0,0,,0,PD2,"EAST AV","GOLDEN STATE BL",20.00,W,N,A,-,N,,,,,,,,,,Y,2,0,2,2,A,-,17,21451,A,N,D,C,A,A,H,-,C,A,0,,,,,Y,,A,01,1,0,1,0,0,0,0,0,0,"- ","- ",37.492641448974609,-120.84369659423828,STANISLAUS,TURLOCK,-120.84371185302734,37.492641448974609
9320396,2021,2022-02-16,5007,2021-11-17,1654,5800,TPD,3,5,5,5007,0,0,0,,0,PD2,"LANDER AV","BERNELL AV",0.00,,Y,A,-,N,,,,,,,,,,Y,1,1,0,2,A,-,10,21950,A,N,G,B,B,A,H,-,B,A,0,Y,,,,Y,,D,22,0,0,0,1,0,0,0,0,0,"- ","- ",37.4835205078125,-120.84896087646484,STANISLAUS,TURLOCK,-120.84896850585938,37.483551025390625
9518509,2022,2023-01-26,5004,2022-11-08,0000,236,RD64,2,5,3,5004,0,0,0,,0,041,"S MAAG AV","E G ST",158.00,N,N,C,-,N,,,,,,,,,,Y,2,0,1,2,A,-,09,21804,B,N,D,C,A,B,H,-,C,D,0,,,,Y,Y,,A,01,1,0,0,0,0,0,0,0,0,"- ","- ",37.770351409912109,-120.83177947998047,STANISLAUS,OAKDALE,-120.82965087890625,37.770378112792969
81517545,2021,2021-07-12,5002,2021-06-23,0855,11621,M060,3,5,6,5002,0,0,0,,0,MP82,"MC HENRY AVE","FLOYD AVE",0.00,,Y,A,-,Y,,,,,,,,,,Y,2,0,2,3,A,-,12,21453,A,N,D,C,A,A,H,-,A,A,0,,,,,Y,,A,01,1,0,1,0,0,0,0,0,0,"- ","- ",37.678188323974609,-120.99416351318359,STANISLAUS,MODESTO,-120.99412536621094,37.678165435791016
81557638,2021,2021-08-30,5002,2021-07-17,0637,11789,M456,6,5,6,5002,0,0,0,,0,MP42,"MILLER AVE","CAMELLIA WAY",15.00,W,N,A,-,N,,,,,,,,,,Y,2,0,5,1,A,-,08,22107,,F,E,I,A,A,H,-,A,D,0,,,,,Y,,A,07,1,4,0,0,0,0,0,0,0,"- ","- ",37.640079498291016,-120.970947265625,STANISLAUS,MODESTO,-120.97093200683594,37.640079498291016
8887602,2019,2019-07-16,5002,2019-06-21,1527,11026,024,5,5,6,5002,0,0,0,,0,062,"PRESCOTT RD","PLAZA PKWY",40.00,S,N,A,-,N,,,,,,,,,,Y,2,0,1,2,A,-,08,22102,,N,D,C,A,A,H,-,A,A,0,,,,,Y,,-,,1,0,0,0,0,0,0,0,0,"- ","- ",,,STANISLAUS,MODESTO,-121.03127288818359,37.671611785888672
81362786,2020,2020-12-10,5002,2020-12-05,0236,13095,M148,6,5,6,5002,0,0,0,,0,MP73,"FLOYD AVE","ORCHARD PARK WAY",148.00,W,N,A,-,N,,,,,,,,,,Y,2,0,1,1,A,-,01,23152,A,N,E,I,A,A,H,-,C,A,0,,,,,Y,Y,A,01,1,0,0,0,0,0,0,0,0,"- ","- ",,,STANISLAUS,MODESTO,-120.95451354980469,37.678199768066406
82275562,2023,2024-01-01,5002,2023-12-19,1715,13439,M409,2,5,6,5002,0,0,0,,0,041,"7TH ST","B ST",5.00,S,N,B,C,N,,,,,,,,,,N,2,0,1,2,C,-,18,,,N,A,C,A,B,H,-,C,A,0,,,,,Y,,-,"- ",1,0,0,0,0,0,0,0,0,"- ","- ",37.630180358886719,-120.99461364746094,STANISLAUS,MODESTO,-120.99462890625,37.630168914794922
90140137,2016,2016-03-28,9465,2016-03-15,0848,018767,,2,1,9,5000,0,3,5,,2,010,"ROBERTSON ROAD","CARPENTER ROAD",23.00,E,N,A,-,N,,,,,,,,,,Y,2,0,2,2,A,-,03,22350,,N,C,C,A,A,H,-,A,A,0,,,,,Y,,A,01,1,1,0,0,0,0,0,0,0,"- ","- ",37.613230000000001,-121.03036,STANISLAUS,UNINCORPORATED,-121.0303306,37.613230340000001
90321778,2016,2016-11-17,9465,2016-11-13,0658,018945,,7,1,9,5000,0,1,3,,1,032,"STATE ROUTE 132","CRABTREE ROAD",0.00,,Y,A,-,Y,,,132,,,,,,,Y,2,0,1,2,A,-,09,21801,A,N,D,C,A,A,H,-,A,A,0,,,Y,,Y,,D,22,1,0,0,0,0,0,0,0,1,"- ","- ",37.64452,-120.61314,STANISLAUS,UNINCORPORATED,-120.61313763,37.644513400000001
90416806,2017,2017-05-30,9465,2017-03-12,1710,020362,,7,2,9,5000,0,1,3,,2,012,"STATE ROUTE 132","HART ROAD",838.00,E,N,A,-,Y,,,132,,,,,,,Y,2,0,4,2,A,-,08,22107,,F,A,C,A,A,H,-,A,D,0,,,,,Y,,A,07,1,2,1,0,0,0,0,0,0,"- ","- ",37.637929999999997,-121.11955,STANISLAUS,UNINCORPORATED,-121.11954998,37.637926049999997
91670794,2021,2022-01-05,9465,2021-12-24,2315,021337,,5,3,5,5007,0,1,3,,2,041,"SR-99 N/B","FULKERTH ROAD",130.00,S,N,B,-,Y,,,99,,,,,,N,Y,2,0,1,2,A,-,01,23152,A,N,C,2,A,A,H,-,D,D,0,,,,Y,Y,Y,A,01,1,0,0,0,0,0,0,0,0,"- ","- ",37.506759643554688,-120.87734222412109,STANISLAUS,TURLOCK,-120.87736511230469,37.506748199462891
91745967,2022,2022-04-12,9465,2022-04-02,0100,021636,,6,3,9,5000,0,1,1,,2,055,"INTERSTATE 5 (NORTHBOUND)","STUHR ROAD",3696.00,S,N,A,-,Y,STA,,5,,,4.774,H,,R,N,2,0,1,1,A,-,01,23152,A,N,F,A,A,A,H,-,D,D,0,,,,,Y,Y,A,01,1,0,0,0,0,0,0,0,0,"- ","- ",37.315250396728516,-121.10645294189453,STANISLAUS,UNINCORPORATED,-121.1064453125,37.315250396728516
90669490,2018,2019-10-10,9465,2018-01-09,0425,020642,,2,3,9,5000,0,1,1,,2,055,"I-5 NORTHBOUND","THE STANISLAUS COUNTY LINE",175.00,S,N,B,C,Y,,,5,,,,,,N,Y,1,1,6,8,A,-,03,22350,,N,C,C,A,B,H,-,D,D,0,,,,Y,Y,,G,25,5,1,0,0,0,0,0,0,0,"- ","- ",37.591030120849609,-121.33342742919922,STANISLAUS,UNINCORPORATED,-121.33341217041016,37.591049194335938
90685404,2018,2018-03-20,9465,2018-03-09,1110,019517,,5,1,9,5000,0,3,5,,2,040,"WHITMORE AVENUE","POLAND ROAD",0.00,,Y,A,-,N,,,,,,,,,,Y,2,0,1,1,A,-,03,22350,,N,E,I,A,A,H,-,A,D,0,,,,,Y,,A,01,1,0,0,0,0,0,0,0,0,"- ","- ",37.595119476318359,-121.05567932128906,STANISLAUS,UNINCORPORATED,-121.05570983886719,37.595211029052734
90824486,2018,2018-09-28,9465,2018-08-16,1331,019553,,4,1,9,5000,0,3,5,,2,050,"RIVER ROAD","HILLS FERRY ROAD",0.00,,Y,A,-,N,,,,,,,,,,Y,1,1,1,2,A,-,09,21802,A,N,D,C,A,A,B,-,A,D,0,,,,Y,Y,,A,01,1,0,0,0,0,0,0,0,0,"- ","- ",37.346290588378906,-120.97808074951172,STANISLAUS,UNINCORPORATED,-120.97805023193359,37.346298217773438
91099067,2019,2019-10-16,9465,2019-10-04,0630,018259,,5,1,9,5000,0,3,5,,2,050,"DEL PUERTO CANYON ROAD","DIABLO GRANDE PARKWAY",20592.00,W,N,A,-,N,,,,,,,,,,Y,2,0,1,1,A,-,03,22350,,N,F,A,A,A,H,-,B,D,0,,,,,Y,,B,07,1,0,0,0,0,0,0,0,0,"- ","- ",37.472301483154297,-121.24054718017578,STANISLAUS,UNINCORPORATED,-121.24064636230469,37.472831726074219
91319476,2020,2020-10-07,9465,2020-09-28,1301,017558,,1,1,9,5000,0,3,5,,2,020,"CLARIBEL ROAD","ELEANOR AVENUE",955.00,W,N,A,-,N,,,,,,,,,,Y,2,0,1,2,A,-,03,22350,,N,E,I,A,A,B,D,A,A,0,,,,,Y,,A,01,1,0,0,0,0,0,0,0,0,"- ","- ",37.710910797119141,-120.91062927246094,STANISLAUS,UNINCORPORATED,-120.91098785400391,37.710956573486328
91628011,2021,2021-11-18,9465,2021-10-23,1915,021066,,6,2,9,5000,0,3,5,,2,030,"ROOT ROAD","GARST ROAD",1995.00,S,N,B,-,N,,,,,,,,,,Y,2,0,1,2,A,-,09,21801,A,N,B,C,A,A,H,-,D,D,0,,,Y,,Y,Y,D,22,1,0,0,0,0,0,0,0,1,"- ","- ",37.647518157958984,-120.89353179931641,STANISLAUS,UNINCORPORATED,-120.89350128173828,37.647533416748047
6291034,2014,2014-10-15,9465,2014-05-03,2030,18894,,6,2,9,5000,0,2,4,,2,044,"CARPENTER RD","WHITMORE AV",20.00,N,N,A,-,N,,,,,,,,,,Y,1,1,2,3,A,-,01,23152,A,F,C,C,A,A,H,-,D,A,0,,,,,Y,Y,A,01,1,1,0,0,0,0,0,0,0,"- ","- ",37.595289999999999,-121.03034,STANISLAUS,UNINCORPORATED,-121.03028999999999,37.595104929999998
6291470,2014,2015-12-29,5001,2014-06-13,0011,611,,5,5,4,5001,0,0,0,,0,005,"ROEDING RD","MITCHELL RD",118.00,W,N,A,-,N,,,,,,,,,,Y,1,1,0,1,A,-,03,22350,,N,F,A,A,A,H,-,C,A,0,,,,,Y,Y,-,,0,0,0,0,0,0,0,0,0,"- ","- ",,,STANISLAUS,CERES,-120.9391672,37.587467310000001
7199907,2017,2017-02-03,5002,2017-01-15,2149,11226,M146,7,5,6,5002,0,0,0,,0,072,"EAST BRIGGSMORE AV","COFFEE RD",800.00,W,N,A,-,N,,,,,,,,,,Y,1,1,1,1,A,-,03,22350,,N,E,I,A,A,H,-,C,D,0,,,,,Y,,A,01,0,1,0,0,0,0,0,0,0,"- ","- ",,,STANISLAUS,MODESTO,-120.97845395,37.666981589999999
8356272,2017,2017-05-17,5002,2017-04-22,0727,11413,027,6,5,6,5002,0,0,0,,0,083,"TULLY RD","STANDIFORD AV",495.00,N,N,A,-,N,,,,,,,,,,N,2,0,1,2,A,-,11,21954,A,N,G,B,D,A,H,-,A,D,0,Y,,,,Y,,N,,1,0,0,0,1,0,0,0,0,"- ","- ",,,STANISLAUS,MODESTO,-121.01253701,37.690689220000003
90130847,2015,2016-03-07,9465,2015-12-03,0540,015098,,4,3,9,5000,0,1,3,,2,053,"STATE ROUTE 33","BELL ROAD",1056.00,S,N,B,-,Y,,,33,,,,,,,Y,1,1,0,2,A,-,09,21804,A,F,D,C,A,A,H,-,D,D,0,,,,Y,Y,,G,25,0,0,0,0,0,0,0,0,0,"- ","- ",37.429780000000001,-121.09782,STANISLAUS,UNINCORPORATED,-121.09799305999999,37.429654980000002
90381592,2017,2017-02-28,9465,2017-01-20,1540,017787,,5,2,9,5000,0,3,5,,2,020,"CRANE ROAD","PATTERSON ROAD",100.00,N,N,B,C,N,,,,,,,,,,Y,2,0,2,2,A,-,01,23152,A,N,C,C,A,B,H,-,A,A,0,,,,,Y,Y,A,01,2,0,0,0,0,0,0,0,0,"- ","- ",37.732959999999999,-120.88126,STANISLAUS,UNINCORPORATED,-120.88124603,37.733074569999999
94556834,2025,2025-01-31,9465,2025-01-18,2247,023174,,6,3,6,5002,0,1,3,,2,011,"SR-99 S/B","N. 9TH STREET",538.00,N,N,A,-,Y,STA,,99," ",R,18.105,H,,L,Y,2,0,1,2,A,-,03,22350,,N,C,C,A,A,H,-,D,D,0,,,Y,,Y,,C,02,1,0,0,0,0,0,0,0,1,"- ","- ",37.661720275878906,-121.02639770507812,STANISLAUS,MODESTO,-121.02645111083984,37.661705017089844
90802058,2018,2018-08-30,9465,2018-08-18,1400,021549,,6,2,9,5000,0,1,3,,1,032,"STATE ROUTE 132","RUSHING ROAD",506.00,E,N,A,-,Y,,,132,,,,,,,Y,2,0,1,1,A,-,01,23152,A,N,E,I,A,A,H,-,A,D,0,,,Y,,Y,Y,C,02,1,0,0,0,0,0,0,0,1,"- ","- ",37.63616943359375,-120.55693054199219,STANISLAUS,UNINCORPORATED,-120.55692291259766,37.636207580566406
90965063,2019,2019-04-10,9465,2019-03-30,1325,018059,,6,1,9,5000,0,1,3,,2,022,"STATE ROUTE 108","SONORA ROAD",0.00,,Y,A,-,Y,,,,,,,,,,Y,2,0,1,2,A,-,09,21802,A,N,F,A,A,A,H,-,A,A,0,,,Y,,Y,Y,A,01,1,0,0,0,0,0,0,0,1,"- ","- ",37.814891815185547,-120.6563720703125,STANISLAUS,UNINCORPORATED,-120.65648651123047,37.81475830078125
91302836,2020,2020-09-11,9465,2020-08-30,0205,021136,,7,3,9,5000,0,1,3,,2,011,"SR-99 SOUTHBOUND","BECKWITH ROAD",3130.00,N,N,A,-,Y,,,99,,,,,,S,Y,2,0,2,2,A,-,03,22350,,N,C,C,A,A,H,-,C,D,0,,,,,Y,,A,01,2,0,0,0,0,0,0,0,0,"- ","- ",37.689441680908203,-121.0611572265625,STANISLAUS,UNINCORPORATED,-121.06117248535156,37.689422607421875
92014626,2023,2023-03-10,9465,2023-03-04,"105 ",021368,,6,3,9,5000,0,3,5,,2,050,"GRAYSON ROAD","COX ROAD",1314.00,E,N,B,-,N,,,,,,,,,,Y,2,0,1,1,A,-,01,23152,A,N,E,I,A,A,H,-,D,D,0,,,,,Y,Y,A,01,1,0,0,0,0,0,0,0,0,"- ","- ",37.563629150390625,-121.17424774169922,STANISLAUS,UNINCORPORATED,-121.17462921142578,37.563262939453125
92124617,2023,2023-07-24,9465,2023-02-02,2342,020833,,4,3,6,5002,0,1,3,,2,011,"STATE ROUTE 99 (NORTHBOUND)","STATE ROUTE 132",650.00,S,N,A,-,Y,STA,,99," ",R,16.518,H,,R,N,1,1,0,2,A,-,11,21954,A,N,G,B,E,A,H,-,D,D,0,Y,,,Y,Y,Y,N,60,0,0,0,1,0,0,0,0,0,"- ","- ",37.643089294433594,-121.01210021972656,STANISLAUS,MODESTO,-121.01205444335938,37.643135070800781
92444519,2024,2024-07-22,9465,2024-07-14,"236 ",021770,,7,3,9,5000,0,3,5,,2,030,"GILBERT RD.","EAST HATCH RD.",2640.00,S,N,A,-,N,,,,,,,,,,Y,2,0,2,1,A,-,01,23152,A,N,E,I,A,A,H,-,D,D,0,,,,,Y,Y,A,01,1,1,0,0,0,0,0,0,0,"- ","- ",37.602020263671875,-120.91558074951172,STANISLAUS,UNINCORPORATED,-120.91553497314453,37.602069854736328
6666919,2014,2014-10-22,5002,2014-09-15,1726,11159,M484,1,5,6,5002,0,0,0,,0,032,"ALLEY BETWEEN ANNI LN / JOSI LN","TONI LN",105.00,S,N,A,-,N,,,,,,,,,,N,2,0,1,2,A,-,11,21954,A,N,G,B,D,A,B,-,A,D,0,Y,,,,Y,,N,,1,0,0,0,1,0,0,0,0,"- ","- ",,,STANISLAUS,MODESTO,-121.015413,37.622259999999997
6984390,2015,2016-11-29,9465,2015-06-29,1740,019713,,1,2,9,5000,0,1,3,,2,011,"RT 99","RT 132",400.00,N,N,A,-,Y,STA,10,99,-,R,16.200,H,-,S,Y,2,0,3,2,A,-,03,22350,,N,C,C,A,A,H,-,A,D,1,,,,,Y,,D,22,1,0,2,0,0,0,0,0,0,"- ","- ",37.639899999999997,-121.00779,STANISLAUS,UNINCORPORATED,-121.00800396,37.639995220000003
7190625,2016,2016-11-29,5002,2016-09-30,2156,11226,M180,5,5,6,5002,0,0,0,,0,061,"WEST ORANGEBURG AV","EVERGREEN AV",738.00,S,N,A,-,N,,,,,,,,,,N,1,1,0,2,A,-,08,22107,,N,D,G,A,A,H,-,C,D,0,,Y,,,Y,,L,04,0,0,0,0,0,1,0,0,0,"- ","- ",,,STANISLAUS,MODESTO,-121.02922436999999,37.665703139999998