CASE_ID,ACCIDENT_YEAR,PROC_DATE,JURIS,COLLISION_DATE,COLLISION_TIME,OFFICER_ID,REPORTING_DISTRICT,DAY_OF_WEEK,CHP_SHIFT,POPULATION,CNTY_CITY_LOC,SPECIAL_COND,BEAT_TYPE,CHP_BEAT_TYPE,CITY_DIVISION_LAPD,CHP_BEAT_CLASS,BEAT_NUMBER,PRIMARY_RD,SECONDARY_RD,DISTANCE,DIRECTION,INTERSECTION,WEATHER_1,WEATHER_2,STATE_HWY_IND,CALTRANS_COUNTY,CALTRANS_DISTRICT,STATE_ROUTE,ROUTE_SUFFIX,POSTMILE_PREFIX,POSTMILE,LOCATION_TYPE,RAMP_INTERSECTION,SIDE_OF_HWY,TOW_AWAY,COLLISION_SEVERITY,NUMBER_KILLED,NUMBER_INJURED,PARTY_COUNT,PRIMARY_COLL_FACTOR,PCF_CODE_OF_VIOL,PCF_VIOL_CATEGORY,PCF_VIOLATION,PCF_VIOL_SUBSECTION,HIT_AND_RUN,TYPE_OF_COLLISION,MVIW,PED_ACTION,ROAD_SURFACE,ROAD_COND_1,ROAD_COND_2,LIGHTING,CONTROL_DEVICE,CHP_ROAD_TYPE,PEDESTRIAN_ACCIDENT,BICYCLE_ACCIDENT,MOTORCYCLE_ACCIDENT,TRUCK_ACCIDENT,NOT_PRIVATE_PROPERTY,ALCOHOL_INVOLVED,STWD_VEHTYPE_AT_FAULT,CHP_VEHTYPE_AT_FAULT,COUNT_SEVERE_INJ,COUNT_VISIBLE_INJ,COUNT_COMPLAINT_PAIN,COUNT_PED_KILLED,COUNT_PED_INJURED,COUNT_BICYCLIST_KILLED,COUNT_BICYCLIST_INJURED,COUNT_MC_KILLED,COUNT_MC_INJURED,PRIMARY_RAMP,SECONDARY_RAMP,LATITUDE,LONGITUDE,COUNTY,CITY,POINT_X,POINT_Y
8939320,2019,2021-05-28,5007,2019-07-25,2111,5740,TURLO,4,5,5,5007,0,0,0,,0,005,"EAST HAWKEYE AV","NORTH OLIVE AV",0.00,,Y,A,-,N,,,,,,,,,,,1,1,0,2,A,-,12,21453,A,N,D,G,A,A,H,-,C,A,0,,Y,,,Y,,L,04,0,0,0,0,0,1,0,0,0,"- ","- ",,,STANISLAUS,TURLOCK,-120.83985137939453,37.507289886474609
8939449,2019,2020-01-08,5002,2019-08-10,1710,11789,M166,6,5,6,5002,0,0,0,,0,072,"PARKER RD","DEWITT RD",450.00,E,N,A,-,N,,,,,,,,,,Y,1,1,3,1,A,-,01,23152,A,N,E,I,A,A,H,-,A,D,0,,,,,Y,Y,A,07,0,2,1,0,0,0,0,0,0,"- ","- ",,,STANISLAUS,MODESTO,-120.90566253662109,37.667213439941406
8961866,2019,2019-10-23,5002,2019-10-09,2150,13189,M714,3,5,6,5002,0,0,0,,0,032,"SIERRA DR","MERCED AV",27.00,E,N,A,-,N,,,,,,,,,,Y,2,0,1,1,A,-,03,22350,,N,E,I,A,A,H,-,C,D,0,,,,,Y,,-,,1,0,0,0,0,0,0,0,0,"- ","- ",,,STANISLAUS,MODESTO,-120.99873352050781,37.631008148193359
92132747,2023,2023-08-01,9465,2023-07-25,1215,018623,,2,1,9,5000,0,1,3,,2,011,"STATE ROUTE 99 (NORTHBOUND)","N. 9TH STREET",125.00,S,N,A,-,Y,STA,,99," ",R,17.946,H,,R,N,2,0,1,3,A,-,03,22350,,F,C,C,A,A,H,-,A,D,0,,,Y,,Y,,C,02,1,0,0,0,0,0,0,0,1,"- ","- ",37.6593017578125,-121.02593994140625,STANISLAUS,UNINCORPORATED,-121.02588653564453,37.6593017578125
91399326,2021,2021-02-01,9465,2021-01-10,0303,021226,,7,3,9,5000,0,3,5,,2,040,"SHILOH ROAD","DOS RIOS LANE",5280.00,N,N,A,E,N,,,,,,,,,,Y,2,0,2,1,A,-,03,22350,,F,E,I,A,A,H,-,D,D,0,,,,,Y,,D,22,1,0,1,0,0,0,0,0,0,"- ","- ",37.587741851806641,-121.13996124267578,STANISLAUS,UNINCORPORATED,-121.13992309570312,37.587661743164062
91457167,2021,2021-04-23,9465,2021-04-16,1530,019730,,5,2,9,5000,0,3,5,,2,020,"26 MILE ROAD","DODDS ROAD",6178.00,N,N,A,-,N,,,,,,,,,,Y,2,0,1,1,A,-,03,22350,,N,E,I,A,A,H,-,A,D,0,,,,,Y,,A,01,1,0,0,0,0,0,0,0,0,"- ","- ",37.873340606689453,-120.88176727294922,STANISLAUS,UNINCORPORATED,,
91480732,2021,2021-05-27,9465,2021-05-14,1745,021337,,5,2,9,5000,0,3,5,,2,040,"INYO AVE","FRAZIER STREET",235.00,W,N,A,-,N,,,,,,,,,,N,2,0,1,2,A,-,11,21954,A,N,G,B,D,A,H,-,A,D,0,Y,,,,Y,,N,60,1,0,0,0,1,0,0,0,0,"- ","- ",37.600009918212891,-121.00704956054688,STANISLAUS,UNINCORPORATED,-121.00694274902344,37.600006103515625
91857025,2022,2022-09-05,9465,2022-08-27,0345,021337,,6,3,9,5000,0,3,5,,2,050,"ELM AVENUE","LAS PALMAS AVENUE",1056.00,N,N,A,-,N,,,,,,,,,,N,2,0,1,1,A,-,08,22107,,N,E,I,A,A,H,-,D,D,0,,,,,Y,,A,01,1,0,0,0,0,0,0,0,0,"- ","- ",37.4898681640625,-121.09909057617188,STANISLAUS,UNINCORPORATED,-121.09864044189453,37.489372253417969
91874369,2022,2022-09-27,9465,2022-08-06,2140,020642,,6,2,9,5000,0,3,5,,2,010,"DONALD STREET","HAMMOND STREET",275.00,W,N,A,-,N,,,,,,,,,,N,2,0,1,2,A,-,00,21954,,F,G,B,D,A,H,-,C,D,0,Y,,,,Y,,N,60,1,0,0,0,1,0,0,0,0,"- ","- ",37.611740112304688,-121.01960754394531,STANISLAUS,UNINCORPORATED,-121.01956939697266,37.611721038818359
92007675,2023,2023-03-02,9465,2023-02-17,"110 ",020885,,5,3,9,5000,0,3,5,,2,010,"SALIDA BLVD","HOPE LANE",0.00,,Y,A,-,N,,,,,,,,,,Y,2,0,1,1,A,-,01,23152,A,N,E,8,A,A,H,-,C,D,0,,,,,Y,Y,A,01,1,0,0,0,0,0,0,0,0,"- ","- ",37.703479766845703,-121.0780029296875,STANISLAUS,UNINCORPORATED,-121.07806396484375,37.703456878662109
6292898,2017,2019-04-05,5002,2017-08-23,1349,11023,417,3,5,6,5002,0,0,0,,0,041,"RT 132","7TH ST",0.00,,Y,A,-,Y,STA,10,132,-,-,14.840,I,5,E,Y,1,1,0,2,A,-,12,21453,A,F,D,C,A,A,H,-,A,A,0,,,,,Y,Y,A,07,0,0,0,0,0,0,0,0,0,"- ","- ",,,STANISLAUS,MODESTO,-121.00550414,37.640239870000002
6324512,2014,2014-06-25,9465,2014-01-05,1005,12845,,7,1,9,5000,0,3,5,,2,020,"26 MILE RD","DODDS RD",1061.00,N,N,A,-,N,,,,,,,,,,Y,2,0,1,1,A,-,03,22350,,N,E,I,A,A,H,-,A,A,0,,,,,Y,,D,22,1,0,0,0,0,0,0,0,0,"- ","- ",37.859900000000003,-120.87947,STANISLAUS,UNINCORPORATED,-120.879926,37.859445000000001
6606022,2014,2014-08-23,9465,2014-03-18,2500,14737,,2,4,9,5000,0,2,4,,2,042,"CROWS LANDING RD","BRADBURY RD",232.00,S,N,A,-,N,,,,,,,,,,Y,1,1,0,1,A,-,01,23152,A,N,F,A,A,A,H,-,D,D,0,,,,,Y,Y,A,01,0,0,0,0,0,0,0,0,0,"- ","- ",37.448390000000003,-121.00364999999999,STANISLAUS,UNINCORPORATED,-121.00350668,37.448765350000002
6854238,2015,2015-04-16,5002,2015-02-13,2029,11252,M320,5,5,6,5002,0,0,0,,0,042,"RT 132","RIVERSIDE DR",260.00,E,N,A,-,Y,STA,10,132,-,-,17.700,H,-,W,Y,1,1,1,2,A,-,11,21954,A,N,G,B,D,A,H,-,C,D,0,Y,,,,Y,,N,60,0,1,0,1,0,0,0,0,0,"- ","- ",,,STANISLAUS,MODESTO,-120.94715502,37.638165899999997
8411299,2017,2017-07-27,5002,2017-07-05,1209,11773,M166,3,5,6,5002,0,0,0,,0,072,"CLAUS RD",BRIGGSMORE,241.00,N,N,A,-,N,,,,,,,,,,Y,2,0,2,2,A,-,05,21650,,N,A,C,A,A,H,-,A,D,0,,,,,Y,,A,,1,1,0,0,0,0,0,0,0,"- ","- ",,,STANISLAUS,MODESTO,-120.92130596,37.667561689999999
9637368,2023,2024-02-16,5004,2023-11-04,2304,341,RD15,6,5,3,5004,0,0,0,,0,032,"YOSEMITE AV","C ST",0.00,,Y,A,-,Y,STA,10,120,-,-,4.840,I,5,E,Y,2,0,4,2,A,-,01,23152,B,N,D,C,A,A,H,-,C,D,0,,,,,Y,Y,A,01,2,2,0,0,0,0,0,0,0,"- ","- ",37.770118713378906,-120.84935760498047,STANISLAUS,OAKDALE,-120.84940338134766,37.770168304443359
94671685,2025,2025-05-01,9465,2025-04-28,1805,019982,,1,2,6,5002,0,1,3,,2,011,"STATE ROUTE 99 (SOUTHBOUND)","L STREET",400.00,N,N,A,-,Y,STA,,99," ",R,16.209,H,,R,Y,2,0,3,3,A,-,03,22350,,N,C,C,A,A,H,-,A,D,0,,,,,Y,,D,22,1,1,1,0,0,0,0,0,0,"- ","- ",37.640098571777344,-121.008056640625,STANISLAUS,MODESTO,-121.00787353515625,37.640239715576172
90709478,2018,2018-04-19,9465,2018-03-07,0236,019982,,3,3,6,5002,0,1,3,,2,011,"STATE ROUTE 99 (NORTHBOUND)","PELANDALE AVENUE",1531.00,S,N,A,-,Y,,,99,,,,,,,Y,1,1,0,1,A,-,01,23152,G,N,E,J,A,A,H,-,C,D,0,,,,,Y,Y,A,01,0,0,0,0,0,0,0,0,0,"- ","- ",37.695571899414062,-121.06783294677734,STANISLAUS,MODESTO,-121.06774139404297,37.695648193359375
90934599,2019,2019-02-26,9465,2019-01-27,0802,018259,,7,1,9,5000,0,3,5,,2,050,"RIVER ROAD","AZEVEDO ROAD",1800.00,S,N,E,-,N,,,,,,,,,,Y,2,0,3,2,A,-,09,21804,A,N,A,C,A,A,H,-,A,D,0,,,,,Y,,A,07,3,0,0,0,0,0,0,0,0,"- ","- ",37.3560791015625,-120.98384094238281,STANISLAUS,UNINCORPORATED,-120.98387908935547,37.356101989746094
91060310,2019,2019-08-27,9465,2019-06-09,0132,020914,,7,3,9,5000,0,3,5,,2,030,"HOLM AVENUE","HERNDON ROAD",0.00,,Y,A,-,N,,,,,,,,,,Y,1,4,0,5,A,-,01,23152,A,N,E,I,A,A,H,-,C,A,0,,,,,Y,Y,A,07,0,0,0,0,0,0,0,0,0,"- ","- ",37.613899230957031,-120.97550964355469,STANISLAUS,UNINCORPORATED,-120.97534942626953,37.613918304443359
91169125,2020,2020-01-21,9465,2020-01-11,2357,021636,,6,3,9,5000,0,3,5,,2,020,"SANTA FE AVENUE","MILNES ROAD",0.00,,Y,A,-,N,,,,,,,,,,Y,2,0,4,2,A,-,12,22450,A,N,D,C,A,A,H,-,D,D,0,,,,,Y,,A,07,1,2,1,0,0,0,0,0,0,"- ","- ",37.681808471679688,-120.91710662841797,STANISLAUS,UNINCORPORATED,-120.91708374023438,37.681789398193359
91566047,2021,2021-09-09,9465,2021-06-18,2500,019730,,5,4,9,5000,0,1,3,,2,041,"STATE ROUTE 99 SOUTHBOUND","TAYLOR ROAD",2224.00,S,N,A,-,Y,,,99,,,,,,S,Y,1,1,0,1,A,-,08,22107,,N,E,I,A,A,H,-,D,D,0,,,,,Y,Y,A,01,0,0,0,0,0,0,0,0,0,"- ","- ",37.531200408935547,-120.89031982421875,STANISLAUS,UNINCORPORATED,-120.89023590087891,37.531219482421875
91572089,2021,2021-09-16,9465,2021-09-10,1553,020457,,5,2,9,5000,0,3,5,,2,010,"BECKWITH ROAD","FINNEY ROAD",1160.00,W,N,A,-,N,,,,,,,,,,Y,2,0,2,2,A,-,03,22350,,N,C,C,A,A,H,-,A,D,0,,,,,Y,,A,01,1,1,0,0,0,0,0,0,0,"- ","- ",37.681739807128906,-121.08970642089844,STANISLAUS,UNINCORPORATED,-121.09025573730469,37.681739807128906
6499002,2014,2014-07-21,5002,2014-04-19,1525,11209,M075,6,5,6,5002,0,0,0,,0,064,"WEST RUMBLE RD","PASO ROBLES DR",230.00,W,N,A,-,N,,,,,,,,,,N,2,0,1,2,A,-,05,21650,1,N,A,G,A,A,H,-,A,D,0,,Y,,,Y,Y,L,04,1,0,0,0,0,0,1,0,0,"- ","- ",,,STANISLAUS,MODESTO,-121.02768459000001,37.681863030000002
6548961,2014,2014-08-15,5007,2014-06-19,0709,5604,,4,5,5,5007,0,0,0,,0,001,"GEER RD","REGIS ST",0.00,,Y,A,-,N,,,,,,,,,,N,2,0,1,2,A,-,10,21950,A,N,G,B,B,A,H,-,A,A,0,Y,,,,Y,,D,22,1,0,0,0,1,0,0,0,0,"- ","- ",37.519440000000003,-120.84887999999999,STANISLAUS,TURLOCK,-120.8489699,37.519349929999997
7006674,2015,2015-10-26,5002,2015-10-10,1426,10151,M387,6,5,6,5002,0,0,0,,0,040,"H ST","12TH ST",200.00,E,N,A,-,N,,,,,,,,,,N,1,1,0,2,A,-,11,21950,B,N,G,B,E,A,H,-,A,A,0,Y,,,,Y,Y,N,,0,0,0,1,0,0,0,0,0,"- ","- ",,,STANISLAUS,MODESTO,-120.99557753000001,37.640386849999999
8465494,2018,2020-05-26,5001,2018-10-13,1729,818,C015,6,5,4,5001,0,0,0,,0,004,"USTICK RD","SERVICE RD",0.00,,Y,A,-,N,,,,,,,,,,Y,1,1,1,2,A,-,12,22450,A,N,D,C,A,A,H,-,A,A,0,,,,,Y,Y,A,01,1,0,0,0,0,0,0,0,0,"- ","- ",37.580501556396484,-121.01188659667969,STANISLAUS,CERES,-121.01192,37.580500000000001
8911047,2020,2022-06-13,5002,2020-03-24,1133,11267,409,2,5,6,5002,0,0,0,,0,041,"RT 132","9TH ST",0.00,,Y,A,-,Y,STA,10,132,-,-,14.893,I,5,W,N,1,1,0,2,A,-,11,21950,B,N,G,B,B,A,H,-,A,A,0,Y,,,Y,Y,,N,60,0,0,0,1,0,0,0,0,0,"- ","- ",,,STANISLAUS,MODESTO,-121.00482940673828,37.640750885009766
9457725,2022,2022-08-02,5004,2022-02-18,1212,326,RD15,5,5,3,5004,0,0,0,,0,032,"N YOSEMITE AV","E C ST",0.00,,Y,A,-,Y,STA,10,120,-,-,4.840,I,5,E,N,2,0,1,2,A,-,10,21950,A,N,D,G,A,A,H,-,A,D,0,,Y,,,Y,,A,01,1,0,0,0,0,0,1,0,0,NO,"- ",37.770118713378906,-120.84935760498047,STANISLAUS,OAKDALE,-120.84940338134766,37.770168304443359
81474083,2021,2021-05-17,5002,2021-04-26,0305,13342,,1,5,6,5002,0,0,0,,0,MP43,"YOSEMITE BLVD","LINCOLN AVE",0.00,,Y,B,-,Y,,,,,,,,,,Y,2,0,1,1,A,-,01,23152,A,N,E,I,A,A,H,-,C,A,0,,,,,Y,Y,A,01,1,0,0,0,0,0,0,0,0,"- ","- ",37.637821197509766,-120.93952178955078,STANISLAUS,MODESTO,-120.93895721435547,37.638153076171875
90645951,2017,2018-01-23,9465,2017-11-05,0124,021062,,7,3,6,5002,0,1,3,,2,011,"STATE ROUTE 99 (SOUTHBOUND)","PELANDALE AVENUE",125.00,N,N,B,-,Y,,,99,,,,,,,Y,1,1,0,2,A,-,11,21954,A,N,G,B,E,A,H,-,C,D,0,Y,,,,Y,Y,N,60,0,0,0,1,0,0,0,0,0,"- ","- ",37.699599999999997,-121.0712,STANISLAUS,MODESTO,-121.07117022,37.699622959999999
91253352,2020,2020-06-17,9465,2020-04-01,1830,019713,,3,2,9,5000,0,3,5,,2,050,"MARSHALL ROAD","TULIP AVENUE",131.00,E,N,A,-,N,,,,,,,,,,N,1,1,0,2,A,-,03,22350,,F,C,G,A,A,H,-,A,D,0,,Y,,,Y,,D,22,0,0,0,0,0,1,0,0,0,"- ","- ",37.43511962890625,-121.0440673828125,STANISLAUS,UNINCORPORATED,-121.04408264160156,37.435092926025391
92283080,2023,2024-01-09,9465,2023-12-06,1935,018363,,3,2,9,5000,0,2,4,,2,024,"ALBERS ROAD","MILNES ROAD",1584.00,S,N,B,-,N,,,,,,,,,,Y,1,1,1,1,A,-,01,23152,A,N,E,I,A,B,H,-,D,D,0,,,,,Y,Y,D,22,1,0,0,0,0,0,0,0,0,"- ","- ",37.677249908447266,-120.84822082519531,STANISLAUS,UNINCORPORATED,-120.84815979003906,37.677719116210938
8173539,2016,2016-11-21,5002,2016-11-03,1827,11789,M013,4,5,6,5002,0,0,0,,0,063,"PRESCOTT RD","STANDIFORD AV",300.00,S,N,A,-,N,,,,,,,,,,N,2,0,1,2,A,-,09,21804,A,F,D,G,A,A,H,-,C,D,0,,Y,,,Y,,L,,1,0,0,0,0,0,1,0,0,"- ","- ",,,STANISLAUS,MODESTO,-121.03154571,37.6888662
8491727,2017,2017-12-27,5002,2017-11-12,2323,11797,194,7,5,6,5002,0,0,0,,0,061,"ORANGEBURG AV","TULLY RD",0.00,,Y,A,-,N,,,,,,,,,,Y,2,0,4,2,A,-,12,21453,A,N,D,C,A,A,H,-,C,A,0,,,,,Y,,A,,1,2,1,0,0,0,0,0,0,"- ","- ",,,STANISLAUS,MODESTO,-121.01219988,37.664049990000002
9172015,2020,2021-01-11,5002,2020-10-26,2500,715,P-11,1,5,6,5002,0,0,0,,0,001,"CADILLAC DR","CULLEN AV",75.00,N,N,A,-,N,,,,,,,,,,Y,2,0,2,3,A,-,01,23152,A,N,A,E,A,A,H,-,C,D,0,,,,,Y,Y,A,08,1,1,0,0,0,0,0,0,0,"- ","- ",37.617801666259766,-120.96833801269531,STANISLAUS,MODESTO,-120.96807861328125,37.617645263671875
90829866,2018,2018-10-05,9465,2018-09-25,1222,018059,,2,1,9,5000,0,3,5,,2,030,"SANTA FE AVENUE","SOUTH AVENUE",200.00,N,N,A,-,N,,,,,,,,,,N,2,0,1,2,A,-,08,22107,,N,B,G,A,A,H,-,A,D,0,,Y,,,Y,Y,L,04,1,0,0,0,0,0,1,0,0,"- ","- ",37.631858825683594,-120.90151214599609,STANISLAUS,UNINCORPORATED,-120.90142059326172,37.631671905517578
91494219,2021,2021-06-10,9465,2021-05-21,1700,021066,,5,2,9,5000,0,3,5,,2,040,"GLENN AVENUE","RUTHERFORD STREET",295.00,W,N,A,-,N,,,,,,,,,,N,1,1,0,2,A,-,11,21954,A,F,G,B,E,A,H,-,A,D,0,Y,,,,Y,,N,60,0,0,0,1,0,0,0,0,0,"- ","- ",37.601730346679688,-121.00977325439453,STANISLAUS,UNINCORPORATED,-121.00968933105469,37.601665496826172
91676360,2021,2022-01-12,9465,2021-12-30,1016,020885,,4,1,6,5002,0,1,3,,2,011,"SR-99 S/B","SIERRA DR",242.00,S,N,A,-,Y,,,99,,,,,,S,N,2,0,3,4,A,-,03,22350,,F,C,C,A,A,H,-,A,D,0,,,,,Y,,D,22,1,0,2,0,0,0,0,0,0,"- ","- ",37.630241394042969,-120.99771881103516,STANISLAUS,MODESTO,-120.99774169921875,37.630229949951172
93536400,2024,2024-08-05,9465,2024-07-26,1420,021636,,5,2,9,5000,0,3,5,,2,030,"SERVICE RD","MOORE ROAD",0.00,,Y,A,-,N,,,,,,,,,,Y,2,0,5,2,A,-,12,22450,A,N,D,C,A,A,H,-,A,A,0,,,,,Y,Y,D,22,1,1,3,0,0,0,0,0,0,"- ","- ",37.580230712890625,-120.93611907958984,STANISLAUS,UNINCORPORATED,-120.93608856201172,37.580272674560547
91863601,2022,2022-09-13,9465,2022-08-23,0146,019152,,2,3,9,5000,0,3,5,,2,020,"LA COSTE LN.","FRAZINE ROAD",600.00,W,N,A,-,N,,,,,,,,,,N,2,0,2,2,A,-,05,21460,A,N,A,C,A,A,H,-,C,D,0,,,Y,,Y,,-,"- ",2,0,0,0,0,0,0,0,2,"- ","- ",37.654598236083984,-120.91400146484375,STANISLAUS,UNINCORPORATED,-120.91399383544922,37.654563903808594
91911237,2022,2022-11-07,9465,2022-10-21,2140,021235,,5,2,9,5000,0,3,5,,2,040,"TAYLOR ROAD","CROWS LANDING ROAD",50.00,E,N,A,-,N,,,,,,,,,,N,2,0,1,1,C,-,18,,,N,H,A,A,A,H,-,A,D,0,,,,,Y,,-,"- ",1,0,0,0,0,0,0,0,0,"- ","- ",37.536590576171875,-120.99369812011719,STANISLAUS,UNINCORPORATED,-120.99400329589844,37.536590576171875
6290240,2014,2014-04-04,9465,2014-01-28,1448,18216,,2,2,9,5000,0,2,4,,2,024,"ALBERS RD","RT 132",1320.00,N,N,B,-,N,,,,,,,,,,Y,1,1,2,2,A,-,01,23152,E,N,A,C,A,A,H,-,A,D,0,,,,,Y,,D,22,2,0,0,0,0,0,0,0,0,"- ","- ",37.646129999999999,-120.84793000000001,STANISLAUS,UNINCORPORATED,-120.84779899999999,37.642355000000002
6290647,2014,2014-06-04,5002,2014-03-17,1727,10320,095,1,5,6,5002,0,0,0,,0,074,"RT 108","CORALWOOD RD",0.00,,Y,A,-,Y,STA,10,108,-,-,26.510,I,5,E,Y,1,1,0,2,A,-,01,23152,A,N,D,C,A,A,H,-,A,A,0,,,Y,,Y,Y,C,02,0,0,0,0,0,0,0,1,0,"- ","- ",,,STANISLAUS,MODESTO,-120.99449933,37.695494889999999
6292776,2015,2016-04-15,5002,2015-08-16,0159,10320,M317,7,5,6,5002,0,0,0,,0,042,"EL VISTA AV","HADDON AV",0.00,,Y,A,-,N,,,,,,,,,,Y,1,1,1,2,A,-,01,23152,A,F,D,C,A,A,H,-,C,A,0,,,,,Y,Y,-,,0,1,0,0,0,0,0,0,0,"- ","- ",,,STANISLAUS,MODESTO,-120.95719994,37.641699969999998
6426127,2014,2014-07-08,9465,2014-03-15,1839,019073,,6,2,9,5000,0,3,5,,2,010,"WILD ROSE DR","ORCHARD HILLS DR",110.00,E,N,A,-,N,,,,,,,,,,N,2,0,1,2,A,-,01,23152,E,N,G,B,E,A,H,-,B,D,0,Y,,,,Y,,A,01,1,0,0,0,1,0,0,0,0,"- ","- ",37.700600000000001,-121.08467,STANISLAUS,UNINCORPORATED,-121.08561779,37.700361409999999
6459660,2014,2016-04-14,9465,2014-05-12,1400,015761,,1,2,9,5000,0,1,3,,2,021,"RT 120","JACKSON RD",528.00,E,N,A,-,Y,STA,10,120,-,-,16.310,H,-,E,N,2,0,1,2,A,-,11,21954,A,F,G,B,E,A,H,-,A,D,0,Y,,,,Y,Y,-,"- ",1,0,0,0,1,0,0,0,0,"- ","- ",37.773580000000003,-120.85336,STANISLAUS,UNINCORPORATED,-120.66704846,37.807935350000001
6509805,2014,2014-07-31,5002,2014-05-22,1712,11024,,4,5,6,5002,0,0,0,,0,042,"LA LOMA AV","MORTON WY",33.00,E,N,A,-,N,,,,,,,,,,N,2,0,1,2,A,-,03,22350,,N,C,C,A,A,H,-,A,D,0,,,Y,,Y,,C,,1,0,0,0,0,0,0,0,1,"- ","- ",,,STANISLAUS,MODESTO,-120.98529603,37.643549999999998
6595618,2014,2014-08-28,9465,2014-07-20,0258,018945,,7,3,9,5000,0,3,5,,2,030,"SANTA FE AV","BERKELEY RD",1028.00,N,N,A,-,N,,,,,,,,,,Y,2,0,1,2,C,-,18,,,N,C,C,A,A,H,-,D,D,0,,,,,Y,,-,"- ",1,0,0,0,0,0,0,0,0,"- ","- ",37.562489999999997,-120.83381,STANISLAUS,UNINCORPORATED,-120.83094139000001,37.559617549999999
6606173,2014,2015-12-29,9465,2014-05-22,1307,17288,,4,1,9,5000,0,1,1,,2,056,"RT 5","SALADO CREEK",2112.00,N,N,A,-,Y,STA,10,5,-,-,13.110,H,-,N,Y,1,1,0,1,A,-,08,22107,,N,E,I,A,A,H,-,A,D,1,,,,,Y,,A,07,0,0,0,0,0,0,0,0,0,"- ","- ",37.428759999999997,-121.1566,STANISLAUS,UNINCORPORATED,-121.15655984999999,37.428653320000002
6678149,2015,2016-02-19,5002,2015-12-21,1418,11252,537,1,5,6,5002,0,0,0,,0,063,"SISK RD","PELANDALE AV",1030.00,S,N,B,C,N,,,,,,,,,,Y,1,2,3,4,A,-,08,22107,,N,A,C,A,B,H,-,A,D,0,,,,,Y,,A,01,1,1,1,0,0,0,0,0,0,"- ","- ",,,STANISLAUS,MODESTO,-121.06850679999999,37.697297210000002
6701943,2014,2014-12-01,9465,2014-10-26,1805,017477,,7,2,9,5000,0,3,5,,2,040,"GRAYSON RD","MORGAN RD",810.00,W,N,A,-,N,,,,,,,,,,Y,2,0,2,2,A,-,08,22107,,N,C,C,A,A,H,-,A,D,0,,,Y,,Y,Y,C,02,2,0,0,0,0,0,0,0,2,"- ","- ",37.565869999999997,-120.97832,STANISLAUS,UNINCORPORATED,-120.97820451,37.56582624
6714584,2014,2015-01-13,9465,2014-11-11,1036,015398,,2,1,6,5002,0,1,3,,2,011,"RT 99","CARPENTER RD",1100.00,N,N,A,-,Y,,,99,,,,,,,Y,2,0,1,2,A,-,07,21658,A,N,D,C,A,A,H,-,A,D,0,,,,,Y,,A,07,1,0,0,0,0,0,0,0,0,"- ","- ",37.668599999999998,-121.03628999999999,STANISLAUS,MODESTO,-121.03630266,37.668583720000001
6718140,2014,2015-03-12,9465,2014-08-26,1430,15398,,2,2,9,5000,0,1,3,,2,022,"RT 120","KENNEDY RD",11880.00,W,N,A,-,Y,STA,10,120,-,-,14.030,H,-,E,Y,1,1,3,2,A,-,05,21460,A,N,A,C,A,A,H,-,A,D,0,,,,,Y,,A,01,3,0,0,0,0,0,0,0,0,"- ","- ",37.804989999999997,-120.70245,STANISLAUS,UNINCORPORATED,-120.70432194,37.804552000000001
6738871,2014,2015-01-30,9465,2014-12-07,1421,15761,,7,2,9,5000,0,3,5,,2,030,"SERVICE RD","ESMAR RD",336.00,W,N,B,-,N,,,,,,,,,,Y,2,0,2,1,A,-,08,22107,,N,E,I,A,A,H,-,A,A,0,,,,,Y,,D,22,1,1,0,0,0,0,0,0,0,"- ","- ",37.58032,-120.93075,STANISLAUS,UNINCORPORATED,-120.93071399999999,37.580272999999998
6740050,2015,2015-05-26,9465,2015-03-18,0300,018768,,3,3,9,5000,0,1,3,,2,041,"RT 99","FULKERTH RD",2020.00,N,N,A,-,Y,STA,10,99,-,R,5.060,H,-,S,Y,1,1,2,1,A,-,01,23152,A,N,E,I,A,A,H,-,C,D,1,,,,,Y,Y,A,01,0,2,0,0,0,0,0,0,0,"- ","- ",37.511499999999998,-120.88035000000001,STANISLAUS,UNINCORPORATED,-120.8815575,37.514051219999999
6802660,2015,2016-09-21,9465,2015-01-16,2315,018825,,5,3,9,5000,0,1,1,,2,055,"RT 5","INGRAM CREEK RD",0.00,,Y,A,-,Y,STA,10,5,-,-,22.852,R,4,N,Y,2,0,1,2,A,-,01,23152,A,N,D,C,A,A,H,-,D,A,1,,,,Y,Y,Y,A,01,1,0,0,0,0,0,0,0,0,TO,"- ",37.540399999999998,-121.2672,STANISLAUS,UNINCORPORATED,-121.26557835,37.53868524
6829152,2015,2015-07-09,9465,2015-02-21,1819,18998,,6,2,6,5002,0,3,5,,2,030,"9TH ST","WISENOR AV",119.00,S,N,A,-,N,,,,,,,,,,N,1,1,0,2,A,-,11,21954,A,N,G,B,D,A,H,-,D,D,0,Y,,,,Y,,N,60,0,0,0,1,0,0,0,0,0,"- ","- ",37.622549999999997,-120.98614000000001,STANISLAUS,MODESTO,-120.98646375,37.624130479999998