CASE_ID,ACCIDENT_YEAR,PROC_DATE,JURIS,COLLISION_DATE,COLLISION_TIME,OFFICER_ID,REPORTING_DISTRICT,DAY_OF_WEEK,CHP_SHIFT,POPULATION,CNTY_CITY_LOC,SPECIAL_COND,BEAT_TYPE,CHP_BEAT_TYPE,CITY_DIVISION_LAPD,CHP_BEAT_CLASS,BEAT_NUMBER,PRIMARY_RD,SECONDARY_RD,DISTANCE,DIRECTION,INTERSECTION,WEATHER_1,WEATHER_2,STATE_HWY_IND,CALTRANS_COUNTY,CALTRANS_DISTRICT,STATE_ROUTE,ROUTE_SUFFIX,POSTMILE_PREFIX,POSTMILE,LOCATION_TYPE,RAMP_INTERSECTION,SIDE_OF_HWY,TOW_AWAY,COLLISION_SEVERITY,NUMBER_KILLED,NUMBER_INJURED,PARTY_COUNT,PRIMARY_COLL_FACTOR,PCF_CODE_OF_VIOL,PCF_VIOL_CATEGORY,PCF_VIOLATION,PCF_VIOL_SUBSECTION,HIT_AND_RUN,TYPE_OF_COLLISION,MVIW,PED_ACTION,ROAD_SURFACE,ROAD_COND_1,ROAD_COND_2,LIGHTING,CONTROL_DEVICE,CHP_ROAD_TYPE,PEDESTRIAN_ACCIDENT,BICYCLE_ACCIDENT,MOTORCYCLE_ACCIDENT,TRUCK_ACCIDENT,NOT_PRIVATE_PROPERTY,ALCOHOL_INVOLVED,STWD_VEHTYPE_AT_FAULT,CHP_VEHTYPE_AT_FAULT,COUNT_SEVERE_INJ,COUNT_VISIBLE_INJ,COUNT_COMPLAINT_PAIN,COUNT_PED_KILLED,COUNT_PED_INJURED,COUNT_BICYCLIST_KILLED,COUNT_BICYCLIST_INJURED,COUNT_MC_KILLED,COUNT_MC_INJURED,PRIMARY_RAMP,SECONDARY_RAMP,LATITUDE,LONGITUDE,COUNTY,CITY,POINT_X,POINT_Y
6841790,2015,2015-03-24,9465,2015-03-04,1633,18800,,3,2,9,5000,0,3,5,,2,030,"EAST AV","JOHNSON RD",349.00,E,N,A,-,N,,,,,,,,,,Y,2,0,3,2,A,-,08,22107,,N,A,C,A,A,H,-,A,A,0,,,,,Y,,A,07,1,1,1,0,0,0,0,0,0,"- ","- ",37.492649999999998,-120.825,STANISLAUS,UNINCORPORATED,-120.82487721,37.492654799999997
6879809,2015,2015-06-04,5002,2015-04-01,1832,10145,M387,3,5,6,5002,0,0,0,,0,040,"J ST","13TH ST",10.00,E,N,A,-,N,,,,,,,,,,Y,2,0,1,2,A,-,09,21801,A,N,H,-,A,A,H,-,A,D,0,,,Y,,Y,,A,,1,0,0,0,0,0,0,0,1,"- ","- ",,,STANISLAUS,MODESTO,-120.99745457,37.642688579999998
6881497,2015,2015-04-24,5007,2015-03-21,1425,5737,,6,5,5,5007,0,0,0,,0,001,"NORTH OLIVE AV","TORNELL AV",0.00,,Y,A,-,N,,,,,,,,,,N,2,0,2,2,A,-,03,22350,,N,D,C,A,A,H,-,A,D,0,,,Y,,Y,,C,02,1,0,1,0,0,0,0,0,1,"- ","- ",,,STANISLAUS,TURLOCK,-120.83986991,37.517579900000001
7006460,2015,2016-01-14,5007,2015-10-30,1918,5697,,5,5,5,5007,0,0,0,,0,002,"LANDER AV","BERNELL AV",0.00,,Y,A,-,N,,,,,,,,,,N,1,1,0,2,A,-,10,21950,A,N,G,B,B,A,H,-,C,D,0,Y,,,,Y,,A,01,0,0,0,1,0,0,0,0,0,"- ","- ",,,STANISLAUS,TURLOCK,-120.84896997,37.483549930000002
7045872,2015,2015-09-16,5002,2015-08-28,0530,10542,334,5,5,6,5002,0,0,0,,0,043,"LINCOLN AV","JAPONICA WY",0.00,,Y,A,-,N,,,,,,,,,,Y,2,0,1,2,A,-,03,22350,,N,A,B,D,A,H,-,C,D,0,Y,,,,Y,,A,,1,0,0,0,1,0,0,0,0,"- ","- ",,,STANISLAUS,MODESTO,-120.93900994000001,37.640629969999999
7113334,2015,2015-11-12,5002,2015-10-24,1502,11342,M009,6,5,6,5002,0,0,0,,0,065,PELANDALE,PRESCOTT,18.00,E,N,A,-,N,,,,,,,,,,Y,2,0,1,3,A,-,03,22350,,N,C,C,A,A,H,-,A,A,0,,,,,Y,,A,,1,0,0,0,0,0,0,0,0,"- ","- ",,,STANISLAUS,MODESTO,-121.03170779,37.700629210000002
7118026,2015,2015-11-17,5002,2015-10-09,1422,10691,M558,5,5,6,5002,0,0,0,,0,MP31,"WEST HATCH RD","USTICK RD",475.00,W,N,A,-,N,,,,,,,,,,Y,2,0,4,3,A,-,01,23152,A,N,B,E,A,A,H,-,A,A,0,,,,,Y,Y,D,,1,0,3,0,0,0,0,0,0,"- ","- ",,,STANISLAUS,MODESTO,-121.0133895,37.606260409999997
7176877,2016,2016-02-08,5007,2016-01-20,1710,5743,5007,3,5,5,5007,0,0,0,,0,002,"OAK ST","LYONS AV",29.00,N,N,A,-,N,,,,,,,,,,N,2,0,1,2,A,-,21,22106,,N,G,B,D,B,H,-,B,D,0,Y,,,,Y,,A,01,1,0,0,0,1,0,0,0,0,"- ","- ",,,STANISLAUS,TURLOCK,-120.83677844,37.499239629999998
7185531,2016,2016-02-18,5002,2016-02-01,2226,10331,M99,1,5,6,5002,0,0,0,,0,041,"WEST HATCH RD","USTICK RD",100.00,W,N,A,-,N,,,,,,,,,,N,2,0,1,2,D,-,00,,,F,G,B,E,A,H,-,D,D,0,Y,,,,Y,,-,"- ",1,0,0,0,1,0,0,0,0,"- ","- ",,,STANISLAUS,MODESTO,-121.01210444,37.606351979999999
8036490,2016,2016-05-05,5002,2016-04-30,1803,11236,151,6,5,6,5002,0,0,0,,0,073,"CLAUS RD","SYLVAN AV",393.00,N,N,A,-,N,,,,,,,,,,Y,2,0,1,2,A,-,04,21703,,N,C,C,A,A,H,-,A,D,0,,,Y,,Y,,C,,1,0,0,0,0,0,0,0,1,"- ","- ",,,STANISLAUS,MODESTO,-120.92155757,37.69015899
8041892,2016,2016-06-15,5007,2016-04-23,0338,5766,STANU,6,5,5,5007,0,0,0,,0,004,"NORTH WALNUT RD","WEST MONTE VISTA AV",0.00,,Y,A,-,N,,,,,,,,,,Y,2,0,1,1,A,-,03,22350,,N,-,-,A,A,H,-,C,-,0,,,,,Y,,A,01,1,0,0,0,0,0,0,0,0,"- ","- ",,,STANISLAUS,TURLOCK,-120.86725987,37.521859919999997
8059633,2016,2017-02-11,5004,2016-03-25,2052,164,RD15,5,5,3,5004,0,0,0,,0,00N,"N 6TH AV","EAST F ST",27.00,N,N,A,-,Y,STA,10,120,-,-,5.320,I,5,E,N,2,0,1,2,A,-,10,21950,C,N,G,B,D,A,H,-,C,A,0,Y,,,,Y,,D,22,1,0,0,0,1,0,0,0,0,"- ","- ",37.768239999999999,-120.84397,STANISLAUS,OAKDALE,-120.84357894999999,37.768119280000001
8101023,2016,2016-08-16,5002,2016-08-07,1733,11236,158,7,5,6,5002,0,0,0,,0,072,"MERLE AV","LINCOLN OAK DR",0.00,,Y,A,-,N,,,,,,,,,,N,2,0,1,2,A,-,10,21950,A,F,G,B,E,A,H,-,A,D,0,Y,,,,Y,,A,,1,0,0,0,1,0,0,0,0,"- ","- ",,,STANISLAUS,MODESTO,-120.9481299,37.670819889999997
8109008,2016,2016-08-23,5002,2016-08-13,1850,11804,074,6,5,6,5002,0,0,0,,0,062,"PRESCOTT RD","RUMBLE RD",271.00,W,N,A,-,N,,,,,,,,,,N,2,0,1,2,A,-,08,22107,,N,D,G,A,A,H,-,A,A,0,,Y,,,Y,,L,,1,0,0,0,0,0,1,0,0,"- ","- ",,,STANISLAUS,MODESTO,-121.03145000000001,37.681899999999999
8127222,2016,2016-09-23,5002,2016-08-02,0752,10545,939,2,5,6,5002,0,0,0,,0,082,"WEST ORANGEBURG AV","ROOSEVELT DR",60.00,W,N,A,-,N,,,,,,,,,,Y,2,0,1,2,A,-,10,21950,A,N,G,B,C,A,H,-,A,D,0,Y,,,,Y,,A,,1,0,0,0,1,0,0,0,0,"- ","- ",,,STANISLAUS,MODESTO,-121.00264718,37.663844930000003
81318911,2020,2020-10-07,5002,2020-10-02,1049,13286,,5,5,6,5002,0,0,0,,0,MP31,"NICKERSON DR","WHITMORE AVE",342.00,N,N,B,-,N,,,,,,,,,,N,2,0,1,2,A,-,11,21954,A,N,G,B,E,A,H,-,A,D,0,Y,,,,Y,,N,60,1,0,0,0,1,0,0,0,0,"- ","- ",,,STANISLAUS,MODESTO,-120.98558807373047,37.595840454101562
81362543,2020,2020-12-10,5002,2020-10-16,1954,13300,RD04,5,5,6,5002,0,0,0,,0,MP31,"WHITMORE AVE","DALLAS ST",312.00,E,N,A,-,N,,,,,,,,,,Y,2,0,1,2,A,-,09,21801,A,N,D,C,A,A,H,-,C,D,0,,,Y,,Y,,A,01,1,0,0,0,0,0,0,0,1,"- ","- ",,,STANISLAUS,MODESTO,-121.00031280517578,37.594989776611328
81362690,2020,2020-12-10,5002,2020-11-12,1900,13068,,4,5,6,5002,0,0,0,,0,MP41,"YOSEMITE BLVD","GROVELAND ST",0.00,,Y,A,-,Y,,,,,,,,,,Y,2,0,1,1,A,-,03,22350,,N,F,A,A,A,B,-,C,D,0,,,Y,,Y,,C,02,1,0,0,0,0,0,0,0,1,"- ","- ",,,STANISLAUS,MODESTO,-120.98712921142578,37.6373291015625
81362774,2020,2020-12-10,5002,2020-11-30,1824,13303,M294,1,5,6,5002,0,0,0,,0,MP71,"SCENIC DR","ROSE AVE",0.00,,Y,A,-,N,,,,,,,,,,Y,2,0,1,2,A,-,09,21801,A,N,A,D,A,A,H,-,C,A,0,,,Y,,Y,,A,01,1,0,0,0,0,0,0,0,1,"- ","- ",,,STANISLAUS,MODESTO,-120.96646881103516,37.651401519775391
81401254,2021,2021-02-03,5002,2021-01-23,1614,13095,M156,6,5,6,5002,0,0,0,,0,MP73,"SYLVAN AVE","MC REYNOLDS AVE",0.00,,Y,A,-,N,,,,,,,,,,N,2,0,1,1,A,-,08,22107,,N,F,A,A,A,H,-,A,A,0,,,Y,,Y,,C,02,1,0,0,0,0,0,0,0,1,"- ","- ",,,STANISLAUS,MODESTO,-120.94438934326172,37.688949584960938
81401262,2021,2021-02-03,5002,2021-01-24,1841,11740,M005,7,5,6,5002,0,0,0,,0,MP63,"STANDIFORD AVE","CONANT AVE",9.00,E,N,C,-,N,,,,,,,,,,N,2,0,2,3,A,-,10,21950,A,N,G,B,B,B,H,-,C,A,0,Y,,,,Y,,A,01,1,0,1,0,2,0,0,0,0,"- ","- ",,,STANISLAUS,MODESTO,-121.04061889648438,37.685741424560547
81407309,2021,2021-02-12,5002,2021-02-03,0503,13025,M260,3,5,6,5002,0,0,0,,0,MP81,"DOWNEY AVE","MC HENRY AVE",105.00,E,N,A,-,N,,,,,,,,,,Y,2,0,1,2,A,-,11,21954,A,N,G,B,D,A,H,-,C,A,0,Y,,,,Y,,N,60,1,0,0,0,1,0,0,0,0,"- ","- ",37.645591735839844,-120.99369812011719,STANISLAUS,MODESTO,-120.99342346191406,37.645534515380859
81487158,2021,2021-06-02,5002,2021-05-29,1707,11023,M002,6,5,6,5002,0,0,0,,0,MP63,"PELANDALE AVE","AMERICAN AVE",976.00,W,N,A,-,N,,,,,,,,,,Y,2,0,3,2,A,-,04,21703,,N,C,C,A,A,C,-,A,D,0,,,,,Y,,A,01,1,0,2,0,0,0,0,0,0,"- ","- ",37.700588226318359,-121.04096221923828,STANISLAUS,MODESTO,-121.04090118408203,37.700668334960938
81510497,2021,2021-07-01,5002,2021-06-24,0200,11789,M304,4,5,6,5002,0,0,0,,0,MP71,"OAKDALE RD","SCENIC DR",20.00,N,N,A,-,N,,,,,,,,,,Y,1,1,2,2,A,-,01,23152,A,N,E,I,A,A,H,-,C,D,0,,,,,Y,Y,A,01,1,1,0,0,0,0,0,0,0,"- ","- ",37.653068542480469,-120.95741271972656,STANISLAUS,MODESTO,-120.95738983154297,37.653125762939453
81611591,2021,2021-11-01,5006,2021-10-18,1408,S987,MODES,1,5,3,5006,0,0,0,,0,,"ATCHISON ST","3RD ST (RIVERBANK)",0.00,,Y,-,-,Y,,,,,,,,,,Y,2,0,1,2,A,-,09,21802,A,N,D,C,A,A,H,-,A,A,0,,,,,Y,,D,22,1,0,0,0,0,0,0,0,0,"- ","- ",37.736251831054688,-120.93428039550781,STANISLAUS,RIVERBANK,-120.93575286865234,37.737964630126953
81613000,2021,2021-11-02,5002,2021-10-10,2241,13287,,7,5,6,5002,0,0,0,,0,MP62,"NORTHRIDGE DR","BROOKTREE LN",185.00,W,N,A,-,N,,,,,,,,,,Y,2,0,1,1,A,-,01,23152,A,N,H,A,A,A,H,-,C,D,0,,,Y,,Y,Y,C,02,1,0,0,0,0,0,0,0,1,"- ","- ",37.686359405517578,-121.03214263916016,STANISLAUS,MODESTO,-121.03273773193359,37.686347961425781
81618058,2021,2021-11-08,5002,2021-10-23,0101,13401,,6,5,6,5002,0,0,0,,0,MP43,"SR 132 (YOSEMITE BLVD)","RIVERSIDE DR",660.00,W,N,A,-,Y,,,132,,,,,,,Y,2,0,3,2,A,-,01,23152,A,N,D,C,A,A,H,-,D,D,0,,,,,Y,Y,D,22,1,0,2,0,0,0,0,0,0,"- ","- ",37.638099670410156,-120.94817352294922,STANISLAUS,MODESTO,-120.94817352294922,37.638172149658203
81653595,2021,2021-12-16,5002,2021-07-20,1648,11531,M008,2,5,6,5002,0,0,0,,0,MP63,"SISK RD","WHITCOMB WAY",0.00,,Y,A,-,N,,,,,,,,,,Y,1,1,0,2,A,-,09,21802,A,N,D,C,A,A,H,-,A,A,0,,,Y,,Y,,D,22,0,0,0,0,0,0,0,1,0,"- ","- ",37.674770355224609,-121.04290771484375,STANISLAUS,MODESTO,-121.0426025390625,37.674655914306641
8167164,2018,2018-06-06,5002,2018-02-12,0200,704,S8,1,5,6,5002,0,0,0,,0,001,"EAST HATCH RD","CENTRAL AV",216.00,W,N,A,-,N,,,,,,,,,,Y,1,2,0,2,A,-,01,23152,A,N,A,C,A,A,H,-,C,A,0,,,,,Y,Y,A,01,0,0,0,0,0,0,0,0,0,"- ","- ",37.609790802001953,-120.95790100097656,STANISLAUS,MODESTO,-120.95783233642578,37.609233856201172
81674260,2021,2022-01-10,5002,2021-07-04,2254,11267,M398,7,5,6,5002,0,0,0,,0,MP41,"BURNEY ST","KELLEY ST",75.00,N,N,A,-,N,,,,,,,,,,N,1,1,0,2,A,-,01,23152,A,F,G,B,E,A,H,-,C,D,0,Y,,,,Y,Y,A,01,0,0,0,1,0,0,0,0,0,"- ","- ",37.639610290527344,-120.98892211914062,STANISLAUS,MODESTO,-120.98896026611328,37.639877319335938
81679038,2022,2022-01-17,5002,2022-01-11,1853,11856,M117,2,5,6,5002,0,0,0,,0,MP81,"SUNRISE AVE","ORANGEBURG AVE",280.00,S,N,A,-,N,,,,,,,,,,N,2,0,1,2,A,-,09,21801,A,N,D,C,A,A,H,-,D,D,0,,,Y,,Y,,D,82,1,0,0,0,0,0,0,0,1,"- ","- ",37.663631439208984,-120.96669769287109,STANISLAUS,MODESTO,-120.98480224609375,37.662849426269531
81704770,2022,2022-02-21,5002,2022-01-10,1413,13067,,1,5,6,5002,0,0,0,,0,MP82,"COLLEGE AVE","GRANGER AVE",0.00,,Y,A,-,N,,,,,,,,,,Y,2,0,2,2,A,-,12,21453,A,N,D,C,A,A,H,-,A,A,0,,,,,Y,,A,01,1,0,1,0,0,0,0,0,0,"- ","- ",37.66754150390625,-121.00755310058594,STANISLAUS,MODESTO,-121.00765991210938,37.667537689208984
81710326,2022,2022-02-28,5002,2022-01-18,1750,13068,,2,5,6,5002,0,0,0,,0,MP43,"EL VISTA AVE","CAROL ST",0.00,,Y,A,-,N,,,,,,,,,,N,2,0,1,2,A,-,11,21954,A,N,G,B,D,A,H,-,C,D,0,Y,,,,Y,,N,60,1,0,0,0,1,0,0,0,0,"- ","- ",37.648948669433594,-120.95736694335938,STANISLAUS,MODESTO,-120.95730590820312,37.648960113525391
81730463,2022,2022-03-24,5002,2022-01-16,1954,13303,M430,7,5,6,5002,0,0,0,,0,MP32,"TUOLUMNE BLVD","MERCED AVE",574.00,E,N,A,-,N,,,,,,,,,,Y,2,0,1,1,A,-,01,23152,A,N,F,A,A,A,H,-,C,D,0,,,,,Y,Y,A,01,1,0,0,0,0,0,0,0,0,"- ","- ",,,STANISLAUS,MODESTO,-120.99839019775391,37.627788543701172
81730474,2022,2022-03-24,5002,2022-02-05,2033,13343,M484,6,5,6,5002,0,0,0,,0,MP33,"SUTTER AVE","ROUSE AVE",275.00,N,N,A,-,N,,,,,,,,,,N,2,0,1,2,A,-,10,21954,B,F,G,B,E,A,H,-,C,D,0,Y,,,,Y,,-,99,1,0,0,0,1,0,0,0,0,"- ","- ",37.620578765869141,-121.01180267333984,STANISLAUS,MODESTO,-121.01175689697266,37.621326446533203
81760636,2022,2022-04-29,5002,2022-04-02,1719,13287,RD03,6,5,6,5002,0,0,0,,0,MP61,"CARPENTER RD","HWY 99 (OFF RAMP) (S)",0.00,,Y,A,-,Y,,,,,,,,,,Y,2,0,8,7,A,-,01,23152,A,N,D,C,A,A,H,-,A,A,0,,,,,Y,Y,A,01,3,0,5,0,0,0,0,0,0,"- ","- ",37.665378570556641,-121.03132629394531,STANISLAUS,MODESTO,-121.03054809570312,37.631404876708984
81790591,2021,2022-06-08,5002,2021-12-11,1954,13053,,6,5,6,5002,0,0,0,,0,MP31,"CROWS LANDING RD","W WHITMORE AV",0.00,,Y,A,-,N,,,,,,,,,,Y,1,2,1,2,A,-,01,23152,A,N,D,C,A,A,H,-,C,A,0,,,,,Y,Y,D,22,0,1,0,0,0,0,0,0,0,"- ","- ",37.594871520996094,-120.99382781982422,STANISLAUS,MODESTO,-120.99359893798828,37.594890594482422
81792311,2022,2022-06-10,5002,2022-04-23,1824,13180,M237,6,5,6,5002,0,0,0,,0,MP81,"MORRIS AVE","MC HENRY AVE",0.00,,Y,A,-,Y,,,,,,,,,,Y,2,0,1,2,A,-,17,21451,A,N,A,C,A,A,H,-,A,A,0,,,Y,,Y,,A,01,1,0,0,0,0,0,0,0,1,"- ","- ",,,STANISLAUS,MODESTO,-120.99378204345703,37.650978088378906
81806427,2022,2022-06-30,5009,2022-05-22,1014,S03768,,7,5,2,5009,0,0,0,,0,,"HATCH RD","7TH ST (HUGHSON)",0.00,,Y,A,-,N,,,,,,,,,,N,2,0,1,2,A,-,04,21703,,N,C,C,A,A,H,-,A,D,0,,,,,Y,,A,01,1,0,0,0,0,0,0,0,0,"- ","- ",,,STANISLAUS,HUGHSON,-120.86077117919922,37.609272003173828
81811763,2022,2022-07-07,5002,2022-06-06,1942,11531,,1,5,6,5002,0,0,0,,0,062,"SISK RD","WHITCOMB WAY",0.00,,Y,A,-,N,,,,,,,,,,Y,2,0,2,2,A,-,01,23152,A,N,D,C,A,A,H,-,A,A,0,,,,,Y,Y,A,01,1,1,0,0,0,0,0,0,0,"- ","- ",37.674690246582031,-121.0426025390625,STANISLAUS,MODESTO,-121.0426025390625,37.674655914306641
81832731,2022,2022-08-04,5002,2022-07-15,1709,13244,M385,5,5,6,5002,0,0,0,,0,041,"13TH ST","SR 108 (K ST)",0.00,,Y,A,-,Y,STA,,108,,R,22.721,H,,R,Y,2,0,1,2,A,-,09,21802,A,N,D,C,A,A,H,-,A,A,0,,,,,Y,,D,22,1,0,0,0,0,0,0,0,0,"- ","- ",37.643650054931641,-120.99858856201172,STANISLAUS,MODESTO,-120.99861145019531,37.643669128417969
81905153,2022,2022-10-31,5002,2022-10-23,0224,13342,M134,7,5,6,5002,0,0,0,,0,073,"COFFEE RD","CLARATINA AVE",0.00,,Y,A,-,N,,,,,,,,,,Y,2,0,2,1,A,-,01,23152,A,N,E,I,A,A,H,-,C,D,0,,,,,Y,Y,A,07,1,1,0,0,0,0,0,0,0,"- ","- ",37.699668884277344,-120.97637176513672,STANISLAUS,MODESTO,-120.97647857666016,37.699779510498047
81908169,2022,2022-11-03,5002,2022-09-22,2100,13206,M029,4,5,6,5002,0,0,0,,0,083,"WOODROW AVE","JOHN LEE LN",12.00,W,N,A,-,N,,,,,,,,,,N,2,0,1,3,A,-,17,22517,,N,B,E,E,A,H,-,C,D,0,Y,,,,Y,,N,60,1,0,0,0,1,0,0,0,0,"- ","- ",37.685588836669922,-121.00489807128906,STANISLAUS,MODESTO,-121.00497436523438,37.685630798339844
81926043,2022,2022-11-24,5002,2022-10-16,2127,13075,377,7,5,6,5002,0,0,0,,0,033,"MARTIN LUTHER KING DR","MAPLE ST",0.00,,Y,A,-,N,,,,,,,,,,N,2,0,1,2,A,-,05,21650,1,F,D,G,A,A,H,-,C,D,0,,Y,,,Y,,L,04,1,0,0,0,0,0,1,0,0,"- ","- ",37.637580871582031,-121.01183319091797,STANISLAUS,MODESTO,-121.01184844970703,37.637641906738281
81933081,2022,2022-12-05,5002,2022-11-03,0720,11196,144,4,5,6,5002,0,0,0,,0,072,"FLOYD AVE","ROSE AVE",0.00,,Y,A,-,N,,,,,,,,,,N,2,0,1,2,A,-,09,21800,A,N,D,G,A,A,H,-,B,A,0,,Y,,,Y,,A,07,1,0,0,0,0,0,1,0,0,"- ","- ",37.677829742431641,-120.96707916259766,STANISLAUS,MODESTO,-120.96684265136719,37.678058624267578
8193934,2016,2016-12-20,5002,2016-12-08,1559,11795,MSS4,4,5,6,5002,0,0,0,,0,031,"HATCH RD","MONTICELLO LN",0.00,,Y,B,-,N,,,,,,,,,,Y,2,0,5,2,A,-,08,22107,,N,A,C,A,A,H,-,A,D,0,,,,,Y,,A,,1,1,3,0,0,0,0,0,0,"- ","- ",,,STANISLAUS,MODESTO,-121.02545988999999,37.606039899999999
81947678,2022,2022-12-21,5006,2022-11-04,1947,129,RIVER,5,5,3,5006,0,0,0,,0,,"SQUIRE WELLS WAY","CLARIBEL RD",500.00,N,N,A,-,N,,,,,,,,,,N,2,0,1,1,A,-,08,22107,,N,E,I,A,A,H,-,A,D,0,,,,,Y,,A,01,1,0,0,0,0,0,0,0,0,"- ","- ",37.711189270019531,-120.95162200927734,STANISLAUS,RIVERBANK,-120.95159149169922,37.712364196777344
81950916,2022,2022-12-23,5002,2022-12-19,0218,11697,,1,5,6,5002,0,0,0,,0,071,"SCENIC DR","COFFEE RD",893.00,W,N,A,-,N,,,,,,,,,,Y,2,0,1,1,A,-,01,23152,A,N,E,J,A,A,H,-,C,D,0,,,,,Y,Y,A,01,1,0,0,0,0,0,0,0,0,"- ","- ",37.648998260498047,-120.97554779052734,STANISLAUS,MODESTO,-120.97837066650391,37.648105621337891
81957152,2022,2023-01-02,5005,2022-12-09,1300,S01320,PATTE,5,5,3,5005,0,0,0,,0,3T2,"2ND ST (PATTERSON)","OLIVE AVE",0.00,,Y,A,B,Y,,,,,,,,,,N,2,0,1,2,A,-,08,22107,,N,D,C,A,A,H,-,A,D,0,,,Y,,Y,,C,02,1,0,0,0,0,0,0,0,1,"- ","- ",39.212741851806641,-121.17791748046875,STANISLAUS,PATTERSON,-122.05351257324219,39.017158508300781
81967408,2022,2023-01-13,5002,2022-12-09,1913,13452,M420,5,5,6,5002,0,0,0,,0,033,"I ST","3RD ST",6.00,E,N,A,-,N,,,,,,,,,,N,2,0,1,2,A,-,10,21950,A,F,G,B,B,A,H,-,D,D,0,Y,,,,Y,,D,22,1,0,0,0,1,0,0,0,0,"- ","- ",37.634548187255859,-121.00582122802734,STANISLAUS,MODESTO,-121.00579833984375,37.634510040283203
82021714,2022,2023-03-20,5006,2022-02-22,0428,S02448,RIVER,2,5,3,5006,0,0,0,,0,RPD,"PATTERSON RD","HOT SPRINGS LN",185.00,W,N,A,-,Y,STA,,108,,,30.594,H,,R,N,2,0,1,2,A,-,11,21954,A,N,G,B,D,A,H,-,C,D,0,Y,,,,Y,,N,60,1,0,0,0,1,0,0,0,0,"- ","- ",37.732959747314453,-120.96687316894531,STANISLAUS,RIVERBANK,-120.96687316894531,37.732719421386719
8203494,2016,2017-01-06,5002,2016-12-18,0318,11819,327,7,5,6,5002,0,0,0,,0,071,"SCENIC DR","LAKEWOOD AV",4.00,W,N,A,-,N,,,,,,,,,,Y,2,0,1,1,A,-,01,23152,A,N,E,I,A,A,H,-,C,D,0,,,,,Y,Y,A,,1,0,0,0,0,0,0,0,0,"- ","- ",,,STANISLAUS,MODESTO,-120.93923354,37.655027820000001
82062629,2022,2023-05-05,5005,2022-02-09,2020,SQ95,PATTE,3,5,3,5005,0,0,0,,0,3T4,"2ND ST (PATTERSON)","SPERRY AVE",0.00,,Y,A,-,Y,STA,,33,,,12.533,H,,R,Y,1,1,0,2,A,-,08,22107,,N,D,C,A,A,H,-,C,A,0,,,Y,,Y,,A,08,0,0,0,0,0,0,0,1,0,"- ","- ",37.463890075683594,-121.122802734375,STANISLAUS,PATTERSON,-121.122802734375,37.463886260986328
82062756,2022,2023-05-08,5006,2022-08-05,2035,S03494,RIVER,5,5,3,5006,0,0,0,,0,,"TERMINAL AVE","WISCONSIN CT",81.00,N,N,A,-,N,,,,,,,,,,Y,1,1,1,2,A,-,05,21650,,N,A,D,A,A,H,-,B,A,0,,,,,Y,,A,01,0,0,1,0,0,0,0,0,0,"- ","- ",37.723739624023438,-120.93106842041016,STANISLAUS,RIVERBANK,-120.93115997314453,37.723842620849609
82082885,2023,2023-06-05,5001,2023-04-02,"32  ",704,,7,5,4,5001,0,0,0,,0,005,"MITCHELL RD","COLLEEN WAY",125.00,N,N,A,-,N,,,,,,,,,,N,1,1,1,2,A,-,11,21955,,N,G,B,D,A,H,-,C,D,0,Y,,,,Y,Y,N,60,0,1,0,1,0,0,0,0,0,"- ","- ",,,STANISLAUS,CERES,-120.93877410888672,37.591892242431641
82090799,2023,2023-06-19,5006,2023-05-23,1020,S03497,RIVER,2,5,3,5006,0,0,0,,0,RPD,"CLAUS RD","MINNIEAR AVE",618.00,S,N,A,-,N,,,,,,,,,,Y,2,0,2,3,A,-,04,21703,,N,C,C,A,A,H,-,A,D,0,,,,,Y,,A,07,1,0,1,0,0,0,0,0,0,"- ","- ",37.716419219970703,-120.92192840576172,STANISLAUS,RIVERBANK,-120.92193603515625,37.714633941650391
82095452,2023,2023-06-19,5002,2023-05-27,"701 ",11196,237,6,5,6,5002,0,0,0,,0,081,"MC HENRY AVE","MORRIS AVE",0.00,,Y,A,-,Y,STA,,108," "," ",23.442,H,,R,Y,2,0,1,2,A,-,17,21451,A,N,D,C,A,A,H,-,A,A,0,,,Y,,Y,,A,01,1,0,0,0,0,0,0,0,1,"- ","- ",37.651008605957031,-120.99379730224609,STANISLAUS,MODESTO,-120.99375915527344,37.651008605957031
82100584,2023,2023-06-23,5002,2023-06-15,2155,13425,M409,4,5,6,5002,0,0,0,,0,041,"B ST","10TH ST",70.00,E,N,A,-,N,,,,,,,,,,Y,2,0,1,1,A,-,01,23152,A,N,F,A,A,A,G,-,C,A,0,,,Y,,Y,Y,C,02,1,0,0,0,0,0,0,0,1,"- ","- ",37.632778167724609,-120.99112701416016,STANISLAUS,MODESTO,-120.99095153808594,37.6329345703125
82136666,2023,2023-08-07,5008,2023-07-17,2115,S03836,WATER,1,5,2,5008,0,0,0,,0,WPD,"F ST (WATERFORD)","DORSEY ST",0.00,,Y,A,-,N,,,,,,,,,,N,2,0,1,1,A,-,03,22350,,N,F,A,A,A,D,-,C,A,0,,,Y,,Y,,C,02,1,0,0,0,0,0,0,0,1,"- ","- ",37.642429351806641,-120.76351165771484,STANISLAUS,WATERFORD,,
82159311,2023,2023-08-31,5002,2023-07-31,1358,13035,M357,1,5,6,5002,0,0,0,,0,063,"SR 99 N/B (OFF RAMP)","BECKWITH AVE",3.00,S,N,A,-,Y,,,,,,,,,,Y,2,0,1,3,A,-,01,23153,F,F,B,C,A,A,H,-,A,A,0,,,,,Y,,A,01,1,0,0,0,0,0,0,0,0,"- ","- ",,,STANISLAUS,MODESTO,-121.05342864990234,37.683311462402344