CASE_ID,ACCIDENT_YEAR,PROC_DATE,JURIS,COLLISION_DATE,COLLISION_TIME,OFFICER_ID,REPORTING_DISTRICT,DAY_OF_WEEK,CHP_SHIFT,POPULATION,CNTY_CITY_LOC,SPECIAL_COND,BEAT_TYPE,CHP_BEAT_TYPE,CITY_DIVISION_LAPD,CHP_BEAT_CLASS,BEAT_NUMBER,PRIMARY_RD,SECONDARY_RD,DISTANCE,DIRECTION,INTERSECTION,WEATHER_1,WEATHER_2,STATE_HWY_IND,CALTRANS_COUNTY,CALTRANS_DISTRICT,STATE_ROUTE,ROUTE_SUFFIX,POSTMILE_PREFIX,POSTMILE,LOCATION_TYPE,RAMP_INTERSECTION,SIDE_OF_HWY,TOW_AWAY,COLLISION_SEVERITY,NUMBER_KILLED,NUMBER_INJURED,PARTY_COUNT,PRIMARY_COLL_FACTOR,PCF_CODE_OF_VIOL,PCF_VIOL_CATEGORY,PCF_VIOLATION,PCF_VIOL_SUBSECTION,HIT_AND_RUN,TYPE_OF_COLLISION,MVIW,PED_ACTION,ROAD_SURFACE,ROAD_COND_1,ROAD_COND_2,LIGHTING,CONTROL_DEVICE,CHP_ROAD_TYPE,PEDESTRIAN_ACCIDENT,BICYCLE_ACCIDENT,MOTORCYCLE_ACCIDENT,TRUCK_ACCIDENT,NOT_PRIVATE_PROPERTY,ALCOHOL_INVOLVED,STWD_VEHTYPE_AT_FAULT,CHP_VEHTYPE_AT_FAULT,COUNT_SEVERE_INJ,COUNT_VISIBLE_INJ,COUNT_COMPLAINT_PAIN,COUNT_PED_KILLED,COUNT_PED_INJURED,COUNT_BICYCLIST_KILLED,COUNT_BICYCLIST_INJURED,COUNT_MC_KILLED,COUNT_MC_INJURED,PRIMARY_RAMP,SECONDARY_RAMP,LATITUDE,LONGITUDE,COUNTY,CITY,POINT_X,POINT_Y
82161275,2023,2023-09-04,5002,2023-08-26,"553 ",13151,,6,5,6,5002,0,0,0,,0,032,"5TH ST","E ST",45.00,S,N,A,-,N,,,,,,,,,,Y,2,0,1,1,A,-,01,23152,A,N,E,I,A,A,H,-,B,D,0,,,,,Y,Y,A,01,1,0,0,0,0,0,0,0,0,"- ","- ",37.632030487060547,-120.99989318847656,STANISLAUS,MODESTO,-120.99918365478516,37.631938934326172
82203033,2023,2023-10-19,5006,2023-02-22,"428 ",S02448,RIVER,3,5,3,5006,0,0,0,,0,RPD,"PATTERSON RD","HOT SPRINGS LN",185.00,W,N,A,-,Y,STA,,108," "," ",30.594,H,,R,N,2,0,1,2,A,-,11,21954,A,N,G,B,D,A,H,-,C,D,0,Y,,,,Y,,N,60,1,0,0,0,1,0,0,0,0,"- ","- ",37.732959747314453,-120.96687316894531,STANISLAUS,RIVERBANK,-120.96687316894531,37.732719421386719
82290005,2023,2024-02-02,5002,2023-12-10,2232,11267,,7,5,6,5002,0,0,0,,0,082,"TULLY RD","STANDIFORD AVE",150.00,S,N,A,-,N,,,,,,,,,,Y,2,0,1,2,A,-,10,21954,B,N,G,B,D,A,H,-,C,D,0,Y,,,,Y,,A,01,1,0,0,0,1,0,0,0,0,"- ","- ",37.689361572265625,-121.012451171875,STANISLAUS,MODESTO,-121.01250457763672,37.688919067382812
82309921,2023,2024-02-16,5002,2023-12-11,"238 ",11267,,1,5,6,5002,0,0,0,,0,063,"STANDIFORD AVE","DALE RD",185.00,W,N,A,-,N,,,,,,,,,,Y,1,1,0,1,A,-,01,23152,A,N,E,I,A,A,H,-,C,D,0,,,,,Y,Y,D,22,0,0,0,0,0,0,0,0,0,"- ","- ",37.685279846191406,-121.04988098144531,STANISLAUS,MODESTO,-121.05040740966797,37.685138702392578
82313507,2024,2024-02-14,5002,2024-02-09,2102,13300,,5,5,6,5002,0,0,0,,0,083,"STANDIFORD AVE","AGUA CT",57.00,W,N,A,-,N,,,,,,,,,,Y,2,0,2,2,A,-,01,23152,A,N,A,C,A,A,H,-,C,D,0,,,,,Y,Y,A,01,1,1,0,0,0,0,0,0,0,"- ","- ",37.68927001953125,-121.00772857666016,STANISLAUS,MODESTO,-121.00799560546875,37.689285278320312
8302612,2017,2017-03-16,5002,2017-02-07,1113,13043,179,2,5,6,5002,0,0,0,,0,061,"ORANGEBURG AV","MARTIN AV",40.00,,N,B,C,N,,,,,,,,,,Y,2,0,2,2,A,-,03,22350,,N,D,C,A,B,H,-,A,D,0,,,,,Y,,A,,1,1,0,0,0,0,0,0,0,"- ","- ",,,STANISLAUS,MODESTO,-121.02564993,37.664169979999997
8306240,2017,2017-03-02,5001,2017-02-11,0057,803,C100,6,5,4,5001,0,0,0,,0,004,"HACKETT RD","RAILROAD AV",0.00,,Y,B,-,N,,,,,,,,,,Y,2,0,3,1,A,-,01,23152,A,N,E,I,A,A,H,-,C,A,0,,,,,Y,Y,A,01,3,0,0,0,0,0,0,0,0,"- ","- ",37.588679999999997,-120.95455,STANISLAUS,CERES,-120.95459,37.588669950000003
8333289,2016,2017-05-13,5002,2016-07-26,2350,,,2,5,6,5002,0,0,0,,0,,"NEEDHAM ST","HACKBERRY AV",0.00,,Y,A,-,N,,,,,,,,,,Y,2,0,1,1,A,-,08,22107,,M,E,I,A,A,H,-,C,A,0,,,Y,,Y,,C,02,1,0,0,0,0,0,0,0,1,"- ","- ",37.645850000000003,-121.00145000000001,STANISLAUS,MODESTO,-121.00149992999999,37.645829980000002
83767513,2023,2024-08-07,5001,2023-11-02,1602,895,,4,5,4,5001,0,0,0,,0,003,"HATCH RD","FAITH HOME RD",0.00,,Y,A,-,N,,,,,,,,,,Y,1,1,1,2,A,-,12,22450,A,N,D,C,A,A,H,-,A,A,0,,,,,Y,Y,A,01,0,0,1,0,0,0,0,0,0,"- ","- ",,,STANISLAUS,CERES,-120.92050170898438,37.609306335449219
84472003,2024,2024-11-18,5006,2024-10-17,1630,129,,4,5,3,5006,0,0,0,,0,RPD,"ROSELLE AVE","GLOW RD",0.00,,Y,B,-,N,,,,,,,,,,N,2,0,1,2,A,-,03,22350,,N,B,C,A,A,H,-,A,D,0,,,Y,,Y,,C,02,1,0,0,0,0,0,0,0,1,"- ","- ",37.714710235595703,-120.94011688232422,STANISLAUS,RIVERBANK,-120.94012451171875,37.714561462402344
8452453,2017,2017-09-21,5002,2017-09-06,1740,11478,M309,3,5,6,5002,0,0,0,,0,042,"EL VISTA AV","SCENIC DR",51.00,S,N,A,-,N,,,,,,,,,,Y,2,0,2,5,A,-,01,23152,,F,D,C,A,A,H,-,A,A,0,,,,,Y,Y,A,,1,0,1,0,0,0,0,0,0,"- ","- ",,,STANISLAUS,MODESTO,-120.95738736,37.652929960000002
84560226,2024,2025-02-03,5006,2024-11-23,"520 ",S01836,,6,5,3,5006,0,0,0,,0,RPD,"TERMINAL AVE","TOWNSEND AVE",0.00,,Y,A,-,N,,,,,,,,,,N,2,0,1,2,A,-,08,22107,,F,G,B,E,A,H,-,C,D,0,Y,,,,Y,,-,99,1,0,0,0,1,0,0,0,0,"- ","- ",37.722831726074219,-120.93106079101562,STANISLAUS,RIVERBANK,-120.93114471435547,37.722709655761719
84567101,2024,2025-08-18,5002,2024-11-26,"617 ",13132,,2,5,6,5002,0,0,0,,0,042,"SR-132 (YOSEMITE BLVD)","S SANTA ANA AVE",12.00,W,N,B,-,Y,,,,,,,,,,N,1,1,0,2,A,-,10,21950,A,N,G,B,B,B,H,-,C,D,0,Y,,,,Y,Y,D,22,0,0,0,1,0,0,0,0,0,"- ","- ",,,STANISLAUS,MODESTO,-120.97659301757812,37.638217926025391
84581818,2025,2025-02-18,5001,2025-02-08,1657,936,,6,5,4,5001,0,0,0,,0,004,"MORGAN RD","HACKETT RD",0.00,,Y,A,-,N,,,,,,,,,,Y,2,0,2,2,A,-,09,21801,A,N,D,C,A,A,H,-,A,A,0,,,,,Y,,A,01,1,0,1,0,0,0,0,0,0,"- ","- ",,,STANISLAUS,CERES,-120.97528839111328,37.587619781494141
84635537,2025,2025-04-03,5002,2025-02-03,1937,13300,,1,5,6,5002,0,0,0,,0,082,"BRIGGSMORE AVE","SHERWOOD AVE",0.00,,Y,A,-,N,,,,,,,,,,N,2,0,1,2,A,-,10,21950,A,N,G,B,C,A,H,-,C,A,0,Y,,,,Y,,A,08,1,0,0,0,1,0,0,0,0,"- ","- ",37.670188903808594,-120.9986572265625,STANISLAUS,MODESTO,-120.99858093261719,37.670524597167969
8465653,2018,2020-05-26,5002,2018-12-10,1833,11621,280,1,5,6,5002,0,0,0,,0,071,"COFFEE RD","EAST COOLIDGE AV",171.00,S,N,A,-,N,,,,,,,,,,Y,1,1,0,2,A,-,11,21954,A,N,G,B,D,A,H,-,C,D,0,Y,,,,Y,Y,N,60,0,0,0,1,0,0,0,0,0,"- ","- ",,,STANISLAUS,MODESTO,-120.97570037841797,37.664871215820312
8465696,2018,2019-04-24,5008,2018-07-24,1841,SQ95,WSS,2,5,2,5008,0,0,0,,0,6T34,"RT 132","TIMBELL RD",0.00,,Y,A,-,Y,STA,10,132,-,-,28.242,I,5,W,Y,1,1,0,2,A,-,12,22450,A,N,B,G,A,A,H,-,A,A,0,,Y,,,Y,,L,04,0,0,0,0,0,1,0,0,0,"- ","- ",,,STANISLAUS,WATERFORD,-120.75556182861328,37.63934326171875
8470394,2017,2017-10-23,5007,2017-09-23,1659,5755,,6,5,5,5007,0,0,0,,0,003,"W LINWOOD AV","LANDER AV",828.00,W,N,A,-,N,,,,,,,,,,Y,2,0,3,2,A,-,03,22350,,N,D,C,A,A,H,-,A,D,0,,,,,Y,,A,01,1,0,2,0,0,0,0,0,0,"- ","- ",,,STANISLAUS,TURLOCK,-120.85184248,37.47816315
84708043,2025,2025-06-02,5006,2025-04-28,"609 ",S04028,,1,5,3,5006,0,0,0,,0,RPD,"PATTERSON RD","CALLANDER AVE",15.00,E,N,A,-,N,,,,,,,,,,Y,2,0,1,1,A,-,01,23152,A,N,E,I,A,A,H,-,A,A,0,,,,,Y,Y,A,01,1,0,0,0,0,0,0,0,0,"- ","- ",37.731189727783203,-120.94402313232422,STANISLAUS,RIVERBANK,-120.9451904296875,37.733028411865234
8471928,2017,2018-05-09,5002,2017-10-01,0307,13035,095,7,5,6,5002,0,0,0,,0,083,"CORALWOOD RD","TOWERY AV",524.00,,N,A,-,N,,,,,,,,,,Y,2,0,2,2,A,-,08,22107,,F,B,E,A,A,H,-,C,D,0,,,,,Y,Y,A,,1,0,1,0,0,0,0,0,0,"- ","- ",,,STANISLAUS,MODESTO,-120.98983998999999,37.69544999
84722903,2025,2025-06-12,5002,2025-04-04,"43  ",13443,,5,5,6,5002,0,0,0,,0,061,"GRAPHICS DR","KANSAS AVE",1515.00,N,N,A,-,N,,,,,,,,,,N,2,0,1,2,A,-,08,22107,,F,A,G,A,A,H,-,D,D,0,,Y,Y,,Y,,C,02,1,0,0,0,0,0,1,0,0,"- ","- ",37.645980834960938,-121.01580810546875,STANISLAUS,MODESTO,-121.01942443847656,37.648868560791016
84810107,2025,2025-09-08,5002,2025-03-03,"515 ",13268,,1,5,6,5002,0,0,0,,0,031,"WHITMORE AVE","TUCSON AVE",25.00,E,N,A,-,N,,,,,,,,,,Y,2,0,3,4,A,-,09,21802,A,N,A,C,A,A,H,-,C,A,0,,,,,Y,,A,07,1,1,1,0,0,0,0,0,0,"- ","- ",37.595039367675781,-121.01461791992188,STANISLAUS,MODESTO,-121.01431274414062,37.595027923583984
84813687,2024,2025-08-25,5002,2024-10-17,"105 ",11267,,4,5,6,5002,0,0,0,,0,073,"FLOYD AVE","ROSELLE AVE",0.00,,Y,A,-,N,,,,,,,,,,Y,1,1,0,3,A,-,01,23152,A,N,E,I,A,A,H,-,C,D,0,,,,,Y,Y,A,01,0,0,0,0,0,0,0,0,0,"- ","- ",37.678070068359375,-120.93949890136719,STANISLAUS,MODESTO,-120.93977355957031,37.678256988525391
84838366,2025,2025-09-10,5002,2025-04-09,1507,13526,,3,5,6,5002,0,0,0,,0,062,"STANDIFORD AVE","DALE RD",0.00,,Y,A,-,N,,,,,,,,,,Y,2,0,2,1,-,-,"- ",,,N,E,I,A,A,H,-,A,A,0,,,,,Y,,-,"- ",1,1,0,0,0,0,0,0,0,"- ","- ",37.685279846191406,-121.04988098144531,STANISLAUS,MODESTO,-121.04981231689453,37.685314178466797
8486296,2017,2018-06-05,5002,2017-10-13,1640,11765,M055,5,5,6,5002,0,0,0,,0,083,"MCHENRY AV","SYLVAN AV",650.00,S,N,A,-,Y,STA,10,108,-,-,25.940,H,-,E,Y,2,0,3,2,A,-,08,22107,,N,C,C,A,A,H,-,A,D,0,,,,,Y,,A,01,3,0,0,0,0,0,0,0,0,"- ","- ",,,STANISLAUS,MODESTO,-120.99437003,37.687147660000001
8493333,2017,2018-06-05,5004,2017-10-07,1859,209,RD11,6,5,3,5004,0,0,0,,0,00W,"WEST F ST","GILBERT AV",10.00,E,N,A,-,Y,STA,10,108,-,-,37.830,I,5,E,Y,2,0,1,2,A,-,10,21950,A,N,G,B,B,A,H,-,B,D,0,Y,,,,Y,Y,-,,1,0,0,0,1,0,0,0,0,"- ","- ",37.764429999999997,-120.85334,STANISLAUS,OAKDALE,-120.85366203,37.763876160000002
8509061,2017,2017-12-13,5002,2017-11-15,2113,13124,,3,5,6,5002,0,0,0,,0,062,"TULLY RD","BOWEN AV",0.00,,Y,A,-,N,,,,,,,,,,N,2,0,1,2,D,-,00,,,N,-,B,B,A,H,-,C,A,0,Y,,,,Y,,-,"- ",1,0,0,0,1,0,0,0,0,"- ","- ",,,STANISLAUS,MODESTO,-121.01230999000001,37.674859949999998
8524830,2017,2018-01-05,5002,2017-12-12,0158,13129,M204,2,5,6,5002,0,0,0,,0,082,"WEST GRANGER AV","CALLE DE FLORES",81.00,W,N,A,-,N,,,,,,,,,,Y,2,0,1,3,A,-,01,23152,A,N,B,E,A,A,H,-,C,D,0,,,,,Y,Y,-,,1,0,0,0,0,0,0,0,0,"- ","- ",,,STANISLAUS,MODESTO,-121.00288983999999,37.667479999999998
8544644,2017,2018-02-06,5005,2017-10-11,2022,S00625,PATTE,3,5,3,5005,0,0,0,,0,3B5,"DARPINO CT","DARPINO CT 448",0.00,,Y,A,-,N,,,,,,,,,,N,2,0,1,2,A,-,"- ",,,N,E,B,E,A,H,-,C,D,0,Y,,,,Y,,A,01,1,0,0,0,1,0,0,0,0,"- ","- ",,,STANISLAUS,PATTERSON,-121.127363,37.461326999999997
8567394,2018,2018-03-13,5002,2018-02-26,1138,13025,,1,5,6,5002,0,0,0,,0,099,"SUNSET AV","ROUSE AV",53.00,N,N,B,-,N,,,,,,,,,,Y,2,0,1,1,A,-,08,22107,,N,E,I,A,B,H,-,A,D,0,,,,,Y,,D,,1,0,0,0,0,0,0,0,0,"- ","- ",,,STANISLAUS,MODESTO,-121.00263214111328,37.620735168457031
8569719,2018,2018-03-23,5002,2018-03-06,1317,13157,279,2,5,6,5002,0,0,0,,0,081,"SCENIC DR","COFFEE RD",0.00,,Y,A,-,N,,,,,,,,,,Y,2,0,1,4,A,-,12,21453,A,N,D,C,A,A,H,-,A,A,0,,,,,Y,,A,,1,0,0,0,0,0,0,0,0,"- ","- ",,,STANISLAUS,MODESTO,-120.97550964355469,37.649021148681641
8589608,2017,2018-04-23,5006,2017-11-28,1707,S987,MODES,2,5,3,5006,0,0,0,,0,,"PATTERSON RD","SNEDIGAR RD",0.00,,Y,A,-,N,,,,,,,,,,Y,2,0,3,2,A,-,00,23104,A,F,D,C,A,A,H,-,D,A,0,,,,,Y,,D,22,1,0,2,0,0,0,0,0,0,"- ","- ",,,STANISLAUS,RIVERBANK,-120.91310998,37.73259994
8615623,2018,2018-08-09,5004,2018-03-15,0802,187,RD62,4,5,3,5004,0,0,0,,0,00E,"EAST F ST","E F ST 1800 BLK",0.00,,-,A,-,Y,STA,10,120,-,-,6.240,H,-,E,N,2,0,1,2,A,-,08,22107,,N,H,G,A,A,H,-,A,D,0,,Y,,,Y,,L,04,1,0,0,0,0,0,1,0,0,"- ","- ",37.773998260498047,-120.82803344726562,STANISLAUS,OAKDALE,-120.82808685302734,37.773834228515625
8648190,2018,2018-09-27,5002,2018-07-06,0959,11226,M003,5,5,6,5002,0,0,0,,0,063,"PELANDALE AV","NORTH POINT SHOPPING CENTER",0.00,,Y,A,-,N,,,,,,,,,,Y,1,1,1,2,A,-,12,21453,A,N,A,C,A,A,H,-,A,A,0,,,,,Y,,A,01,0,0,1,0,0,0,0,0,0,"- ","- ",,,STANISLAUS,MODESTO,-121.066013,37.700133999999998
8648240,2018,2018-10-09,5002,2018-07-27,1418,11621,255,5,5,6,5002,0,0,0,,0,082,"EAST ORANGEBURG AV","SUNRISE AV",17.00,E,N,A,-,N,,,,,,,,,,Y,1,1,0,1,A,-,08,22107,,N,E,I,A,A,H,-,A,A,0,,,,,Y,,A,07,0,0,0,0,0,0,0,0,0,"- ","- ",,,STANISLAUS,MODESTO,-120.98476409912109,37.663619995117188
8655054,2018,2018-07-20,5007,2018-06-26,0355,5711,,2,5,5,5007,0,0,0,,0,001,"NORTH OLIVE AV","MONTE VISTA AV",20.00,N,N,A,-,N,,,,,,,,,,Y,2,0,1,1,D,-,00,,,N,E,I,A,A,H,-,C,A,0,,,,,Y,,-,"- ",1,0,0,0,0,0,0,0,0,"- ","- ",,,STANISLAUS,TURLOCK,-120.83987426757812,37.521923065185547
8672398,2018,2018-08-17,5002,2018-07-21,1812,13015,M153,6,5,6,5002,0,0,0,,0,073,"CLAUS RD","TERMINAL AV",75.00,S,N,A,-,N,,,,,,,,,,Y,2,0,4,2,A,-,01,23153,,N,D,C,A,A,H,-,A,D,0,,,,,Y,Y,A,,1,2,1,0,0,0,0,0,0,"- ","- ",,,STANISLAUS,MODESTO,-120.92157745361328,37.692035675048828
8715949,2018,2018-10-15,5002,2018-09-25,1312,10352,M145,2,5,6,5002,0,0,0,,0,072,"FLOYD AV","COFFEE RD",37.00,W,N,A,-,N,,,,,,,,,,N,2,0,4,3,A,-,03,22350,,N,C,C,A,A,H,-,A,A,0,,,,,Y,,-,,1,3,0,0,0,0,0,0,0,"- ","- ",,,STANISLAUS,MODESTO,-120.97595977783203,37.678012847900391
8748824,2018,2019-01-24,5001,2018-11-09,2137,801,D003,5,5,4,5001,0,0,0,,0,005,"EAST WHITMORE AV","CHARLOTTE AV",42.00,W,N,A,-,N,,,,,,,,,,N,2,0,1,2,A,-,11,21954,A,F,G,B,E,A,H,-,C,D,0,Y,,,,Y,Y,N,60,1,0,0,0,1,0,0,0,0,"- ","- ",,,STANISLAUS,CERES,-120.94523620605469,37.594749450683594
8752381,2018,2018-12-17,5002,2018-11-18,0150,11813,M420,7,5,6,5002,0,0,0,,0,033,"5TH ST","L ST",0.00,,Y,A,-,N,,,,,,,,,,Y,2,0,1,1,A,-,01,23152,A,N,E,I,A,A,H,-,C,A,0,,,,,Y,Y,-,,1,0,0,0,0,0,0,0,0,"- ","- ",,,STANISLAUS,MODESTO,-121.13671875,37.476131439208984
8786949,2018,2019-02-08,5001,2018-12-15,1911,755,D003,6,5,4,5001,0,0,0,,0,005,"MITCHELL RD","WHITMORE AV",38.00,N,N,A,-,N,,,,,,,,,,N,2,0,1,2,A,-,03,22350,,F,C,C,A,A,H,-,C,A,0,,,,,Y,,A,01,1,0,0,0,0,0,0,0,0,"- ","- ",37.594730377197266,-120.93868255615234,STANISLAUS,CERES,-120.93869781494141,37.594856262207031
8799594,2019,2019-02-25,5002,2019-02-02,1942,11026,107,6,5,6,5002,0,0,0,,0,082,"EDWARD AV","KAVANAGH AV",220.00,S,N,C,-,N,,,,,,,,,,Y,2,0,1,1,A,-,01,23152,A,N,E,I,A,B,H,-,D,D,0,,,,,Y,Y,-,,1,0,0,0,0,0,0,0,0,"- ","- ",,,STANISLAUS,MODESTO,-120.98732757568359,37.679355621337891
8807714,2019,2019-03-07,5002,2019-01-30,0916,11621,068,3,5,6,5002,0,0,0,,0,063,"SNYDER AV","WILD POPPY CT",0.00,,Y,A,-,N,,,,,,,,,,Y,2,0,1,3,A,-,08,22107,,N,B,E,A,A,H,-,A,D,0,,,,,Y,,D,22,1,0,0,0,0,0,0,0,0,"- ","- ",,,STANISLAUS,MODESTO,-121.01985168457031,37.698188781738281
8808193,2019,2019-06-07,5002,2019-02-22,0648,11023,M055,5,5,6,5002,0,0,0,,0,083,"STANDIFORD AV","RT 108",460.00,W,N,A,-,N,,,,,,,,,,Y,1,1,0,1,A,-,01,23152,A,N,E,I,A,A,H,-,B,D,0,,,,,Y,Y,A,01,0,0,0,0,0,0,0,0,0,"- ","- ",,,STANISLAUS,MODESTO,,
8832260,2019,2019-04-22,5004,2019-03-03,1647,312,CO,7,5,3,5004,0,0,0,,0,0CO,"N STEARNS AV","EAST F ST",80.00,S,N,A,-,N,,,,,,,,,,Y,2,0,1,2,A,-,03,22350,A,N,B,C,A,B,H,-,A,D,0,,,,,Y,,A,07,1,0,0,0,0,0,0,0,0,"- ","- ",37.776111602783203,-120.81704711914062,STANISLAUS,OAKDALE,-120.81707000732422,37.776100158691406
8854693,2019,2019-05-14,5002,2019-04-25,0956,11196,M301,4,5,6,5002,0,0,0,,0,071,"TALISON WY","RIEDEL WY",10.00,S,N,A,-,N,,,,,,,,,,Y,2,0,1,1,A,-,01,23152,A,N,E,I,A,A,H,-,A,A,0,,,,,Y,,A,,1,0,0,0,0,0,0,0,0,"- ","- ",,,STANISLAUS,MODESTO,-120.94931030273438,37.658908843994141
8864543,2019,2019-06-03,5007,2019-05-19,1626,5608,,7,5,5,5007,0,0,0,,0,004,"FULKERTH RD","DIANNE DR",0.00,,Y,A,-,N,,,,,,,,,,N,2,0,1,2,A,-,09,21801,A,F,D,C,A,A,H,-,A,A,0,,,Y,,Y,,A,07,1,0,0,0,0,0,0,0,1,"- ","- ",,,STANISLAUS,TURLOCK,-120.88088989257812,37.507251739501953
8892279,2019,2019-07-15,5001,2019-06-23,1050,948,C205,7,5,4,5001,0,0,0,,0,004,"MORGAN RD","TRANQUIL LN",12.00,N,N,A,-,N,,,,,,,,,,Y,2,0,1,1,A,-,08,22107,,N,H,A,A,A,H,-,A,D,0,,,Y,,Y,,C,06,1,0,0,0,0,0,0,0,1,"- ","- ",37.581001281738281,-120.97519683837891,STANISLAUS,CERES,-120.97531127929688,37.581691741943359
8911940,2020,2021-01-07,5002,2020-05-30,0647,704,A301,6,5,6,5002,0,0,0,,0,001,"CENTRAL AV","HATCH RD",0.00,,Y,A,-,N,,,,,,,,,,Y,1,1,1,2,A,-,12,21453,A,N,D,C,A,A,H,-,A,A,0,,,,,Y,Y,D,22,0,1,0,0,0,0,0,0,0,"- ","- ",37.609241485595703,-120.95704650878906,STANISLAUS,MODESTO,-120.95709228515625,37.609241485595703
8931046,2019,2019-09-19,5002,2019-08-10,1604,755,A308,6,5,6,5002,0,0,0,,0,001,"HERNDON AV","HATCH RD",46.00,N,N,A,-,N,,,,,,,,,,Y,2,0,1,1,A,-,03,22350,,N,F,A,A,A,H,-,A,A,0,,,Y,,Y,,C,02,1,0,0,0,0,0,0,0,1,"- ","- ",37.611080169677734,-120.97499847412109,STANISLAUS,MODESTO,-120.97422790527344,37.609424591064453
8944923,2019,2020-02-04,5002,2019-09-18,1356,11136,M334,3,5,6,5002,0,0,0,,0,043,"RT 132","NORTH RIVERSIDE DR",200.00,E,N,B,-,Y,STA,10,132,-,-,17.690,H,-,W,Y,2,0,1,2,C,-,18,,,N,C,C,A,A,H,-,A,A,0,,,,,Y,,-,"- ",1,0,0,0,0,0,0,0,0,"- ","- ",,,STANISLAUS,MODESTO,-120.94734191894531,37.638168334960938
8957985,2019,2019-10-15,5001,2019-10-01,1508,528,D203,2,5,4,5001,0,0,0,,0,005,"ROEDING RD","MITCHELL RD",80.00,E,N,A,-,N,,,,,,,,,,Y,2,0,1,2,A,-,09,21804,A,N,B,C,A,A,H,-,A,D,0,,,Y,,Y,,C,02,1,0,0,0,0,0,0,0,1,"- ","- ",37.587471008300781,-120.93876647949219,STANISLAUS,CERES,-120.93848419189453,37.587471008300781
8979391,2019,2020-01-24,5002,2019-11-21,1303,13229,M284,4,5,6,5002,0,0,0,,0,071,"BRIGHTON AV","KRUGER DR",0.00,,Y,A,-,N,,,,,,,,,,Y,2,0,1,2,A,-,09,21801,A,N,A,C,A,A,H,-,A,D,0,,,Y,,Y,,A,,1,0,0,0,0,0,0,0,1,"- ","- ",,,STANISLAUS,MODESTO,-120.97312927246094,37.660320281982422
90012869,2015,2015-10-19,9465,2015-08-17,1415,015290,,1,2,9,5000,0,3,5,,2,050,"OLD LAS PALMAS AVENUE","POPLAR AVENUE",2112.00,E,N,A,-,N,,,,,,,,,,N,2,0,1,1,A,-,08,22107,,N,H,A,A,A,H,-,A,D,0,,,Y,,Y,,C,06,1,0,0,0,0,0,0,0,1,"- ","- ",37.496319999999997,-121.08423999999999,STANISLAUS,UNINCORPORATED,-121.08498233,37.495620600000002
90044804,2015,2015-11-04,9465,2015-08-16,0105,018410,,7,3,5,5007,0,1,3,,2,041,"STATE ROUTE 99 (SOUTHBOUND)","FULKERTH ROAD",1400.00,S,N,A,-,Y,,,99,,,,,,,Y,1,1,5,3,C,-,18,,,N,D,C,E,A,H,-,D,D,0,Y,,,,Y,Y,-,"- ",1,1,3,1,0,0,0,0,0,"- ","- ",37.503230000000002,-120.87585,STANISLAUS,TURLOCK,-120.87581012,37.503251229999996
90085683,2015,2015-12-30,9465,2015-12-20,1508,018274,,7,2,9,5000,0,1,1,,2,056,"INTERSTATE 5 (SOUTHBOUND)","CROW CREEK",2640.00,S,N,B,-,Y,,,5,,,,,,,Y,2,0,1,1,A,-,07,21658,A,N,F,A,A,A,H,-,A,D,0,,,,,Y,,B,07,1,0,0,0,0,0,0,0,0,"- ","- ",37.365839999999999,-121.12327000000001,STANISLAUS,UNINCORPORATED,-121.12335926999999,37.365810799999998
90090327,2015,2016-01-07,9465,2015-12-27,1235,016917,,7,1,9,5000,0,1,1,,2,055,"INTESTATE 5 (SOUTHBOUND)","KERN CREEK",50.00,S,N,B,-,Y,,,,,,,,,,Y,2,0,3,3,A,-,03,22350,,N,C,C,A,A,H,-,A,D,0,,,,,Y,,A,01,1,1,1,0,0,0,0,0,0,"- ","- ",37.515099999999997,-121.23779999999999,STANISLAUS,UNINCORPORATED,,
90106728,2016,2016-02-01,9465,2016-01-18,1017,018216,,1,1,9,5000,0,1,3,,2,015,"SR-219 (KIERNAN AVENUE) E/B","STODDARD ROAD",289.00,W,N,B,-,Y,,,219,,,,,,E,Y,2,0,2,2,A,-,01,23152,F,N,E,I,F,A,H,-,A,D,0,Y,,,,Y,Y,D,22,1,1,0,0,1,0,0,0,0,"- ","- ",37.711039999999997,-121.06841,STANISLAUS,UNINCORPORATED,-121.06841015000001,37.711053509999999
90113226,2015,2016-02-11,9465,2015-08-31,2010,018768,,1,2,9,5000,0,1,1,,2,055,"INTERSTATE 5 (SOUTHBOUND)","KHALSA ROAD",8448.00,N,N,A,-,Y,,,5,,,,,,,Y,1,1,0,3,A,-,01,23152,A,N,B,C,A,A,D,-,C,D,0,,,,Y,Y,Y,A,01,0,0,0,0,0,0,0,0,0,"- ","- ",37.580550000000002,-121.32037,STANISLAUS,UNINCORPORATED,-121.32039268,37.580520649999997
90122026,2016,2016-02-23,9465,2016-02-13,0001,018768,,6,3,9,5000,0,3,5,,2,020,"PATTERSON ROAD","ELEANOR ROAD",1202.00,E,N,A,-,N,,,,,,,,,,Y,2,0,2,3,A,-,05,21650,,N,B,C,A,A,H,-,D,D,0,,,,,Y,,D,22,1,1,0,0,0,0,0,0,0,"- ","- ",37.732680000000002,-120.90402,STANISLAUS,UNINCORPORATED,-120.90389453,37.7327078
90153280,2016,2016-04-07,9465,2016-03-31,1250,016320,,4,1,9,5000,0,1,3,,2,015,"STATE ROUTE 219 (KIERNAN AVENUE)","STODDARD ROAD",0.00,,Y,A,-,Y,,,219,,,,,,,Y,2,0,1,2,A,-,12,21453,A,N,D,C,A,A,H,-,A,A,0,,,,,Y,,A,07,1,0,0,0,0,0,0,0,0,"- ","- ",37.71123,-121.0684,STANISLAUS,UNINCORPORATED,-121.06839804000001,37.711053649999997