CASE_ID,ACCIDENT_YEAR,PROC_DATE,JURIS,COLLISION_DATE,COLLISION_TIME,OFFICER_ID,REPORTING_DISTRICT,DAY_OF_WEEK,CHP_SHIFT,POPULATION,CNTY_CITY_LOC,SPECIAL_COND,BEAT_TYPE,CHP_BEAT_TYPE,CITY_DIVISION_LAPD,CHP_BEAT_CLASS,BEAT_NUMBER,PRIMARY_RD,SECONDARY_RD,DISTANCE,DIRECTION,INTERSECTION,WEATHER_1,WEATHER_2,STATE_HWY_IND,CALTRANS_COUNTY,CALTRANS_DISTRICT,STATE_ROUTE,ROUTE_SUFFIX,POSTMILE_PREFIX,POSTMILE,LOCATION_TYPE,RAMP_INTERSECTION,SIDE_OF_HWY,TOW_AWAY,COLLISION_SEVERITY,NUMBER_KILLED,NUMBER_INJURED,PARTY_COUNT,PRIMARY_COLL_FACTOR,PCF_CODE_OF_VIOL,PCF_VIOL_CATEGORY,PCF_VIOLATION,PCF_VIOL_SUBSECTION,HIT_AND_RUN,TYPE_OF_COLLISION,MVIW,PED_ACTION,ROAD_SURFACE,ROAD_COND_1,ROAD_COND_2,LIGHTING,CONTROL_DEVICE,CHP_ROAD_TYPE,PEDESTRIAN_ACCIDENT,BICYCLE_ACCIDENT,MOTORCYCLE_ACCIDENT,TRUCK_ACCIDENT,NOT_PRIVATE_PROPERTY,ALCOHOL_INVOLVED,STWD_VEHTYPE_AT_FAULT,CHP_VEHTYPE_AT_FAULT,COUNT_SEVERE_INJ,COUNT_VISIBLE_INJ,COUNT_COMPLAINT_PAIN,COUNT_PED_KILLED,COUNT_PED_INJURED,COUNT_BICYCLIST_KILLED,COUNT_BICYCLIST_INJURED,COUNT_MC_KILLED,COUNT_MC_INJURED,PRIMARY_RAMP,SECONDARY_RAMP,LATITUDE,LONGITUDE,COUNTY,CITY,POINT_X,POINT_Y
90164525,2016,2016-04-25,9465,2016-03-25,0315,015247,,5,3,9,5000,0,1,3,,2,013,"STATE ROUTE 108 (PATTERSON ROAD)","COFFEE ROAD",0.00,,Y,A,-,Y,,,108,,,,,,,Y,2,0,2,1,A,-,01,23153,A,N,E,I,A,A,H,-,C,A,0,,,,,Y,Y,A,01,1,0,1,0,0,0,0,0,0,"- ","- ",37.733130000000003,-120.97702,STANISLAUS,UNINCORPORATED,-120.97702089000001,37.732748540000003
90181483,2016,2016-05-19,9465,2016-05-08,0200,018825,,7,3,9,5000,0,1,3,,2,041,"SR-99 SOUTHBOUND","FAITH HOME ROAD",1584.00,N,N,B,-,Y,,,99,,,,,,S,Y,2,0,1,1,A,-,08,22107,,N,E,I,A,A,H,-,D,D,0,,,,,Y,,A,01,1,0,0,0,0,0,0,0,0,"- ","- ",37.562399999999997,-120.9243,STANISLAUS,UNINCORPORATED,-120.92406036,37.562672739999996
9020892,2019,2020-07-03,5004,2019-12-03,1326,268,RD35,2,5,3,5004,0,0,0,,0,021,"RT 108","LAUREL AV",0.00,,Y,B,-,Y,STA,10,108,-,-,37.830,I,5,E,N,2,0,1,2,A,-,05,21650,1,N,H,G,A,A,H,-,A,A,0,,Y,,,Y,,L,04,1,0,0,0,0,0,1,0,0,"- ","- ",37.764541625976562,-120.85324859619141,STANISLAUS,OAKDALE,-120.85366058349609,37.763877868652344
90216659,2016,2016-07-06,9465,2016-06-26,1930,019553,,7,2,9,5000,0,1,3,,1,032,"STATE ROUTE 132","RESERVOIR ROAD",380.00,W,N,A,-,Y,,,132,,,,,,,Y,2,0,2,2,A,-,01,23152,A,N,A,C,A,A,H,-,B,D,0,,,,,Y,Y,A,07,2,0,0,0,0,0,0,0,0,"- ","- ",37.646540000000002,-120.68355,STANISLAUS,UNINCORPORATED,-120.6835523,37.646470569999998
9023170,2019,2020-01-24,5002,2019-09-14,0132,13075,714,6,5,6,5002,0,0,0,,0,032,"SIERRA DR","5TH ST",27.00,,N,A,-,N,,,,,,,,,,N,2,0,1,2,D,-,00,,,F,G,B,D,A,H,-,C,A,0,Y,,,,Y,Y,-,"- ",1,0,0,0,1,0,0,0,0,"- ","- ",,,STANISLAUS,MODESTO,-120.99883270263672,37.631008148193359
90265438,2016,2016-09-12,9465,2016-08-27,1654,018767,,6,2,9,5000,0,3,5,,2,050,"STUHR ROAD","HALE ROAD",62.00,W,N,A,-,N,,,,,,,,,,Y,2,0,2,1,A,-,08,22107,,N,E,I,A,A,H,-,A,D,0,,,,,Y,,A,01,2,0,0,0,0,0,0,0,0,"- ","- ",37.33323,-121.04777,STANISLAUS,UNINCORPORATED,-121.04634324,37.33323068
90273796,2016,2016-09-22,9465,2016-09-10,2007,018381,,6,2,9,5000,0,2,4,,2,034,"FOX ROAD","GEER ROAD",0.00,,Y,A,-,N,,,,,,,,,,Y,2,0,5,2,A,-,12,22450,A,N,D,C,A,A,H,-,D,A,0,,,,,Y,,A,01,1,0,4,0,0,0,0,0,0,"- ","- ",,,STANISLAUS,UNINCORPORATED,-120.84731986,37.601899979999999
90330818,2016,2016-12-28,9465,2016-10-19,0622,018259,,3,1,9,5000,0,2,4,,2,044,"CARPENTER ROAD","RUBLE ROAD",2112.00,S,N,A,-,N,,,,,,,,,,Y,1,1,1,2,A,-,06,21751,,N,A,C,A,A,H,-,D,D,0,,,,,Y,,A,01,1,0,0,0,0,0,0,0,0,"- ","- ",37.480600000000003,-121.0308,STANISLAUS,UNINCORPORATED,-121.03089469,37.480249710000002
90336729,2016,2016-12-05,9465,2016-11-22,1725,015247,,2,2,9,5000,0,1,3,,1,032,"STATE ROUTE 132","TRIANGLE RANCH ROAD",685.00,W,N,A,-,Y,,,132,,,,,,,Y,2,0,1,3,A,-,05,21650,,N,B,C,A,A,H,-,D,D,0,,,Y,,Y,,C,02,1,0,0,0,0,0,0,0,1,"- ","- ",37.638660000000002,-120.85612999999999,STANISLAUS,UNINCORPORATED,-120.85613008,37.63872121
90368362,2016,2017-11-29,9465,2016-08-07,0235,020099,,7,3,9,5000,0,2,4,,2,044,"S. CARPENTER RD.","W. MAIN ST",0.00,,Y,A,-,N,,,,,,,,,,Y,1,1,2,2,A,-,01,23152,A,N,D,C,A,A,H,-,D,A,0,,,,,Y,Y,A,01,1,1,0,0,0,0,0,0,0,"- ","- ",37.49297,-121.03097,STANISLAUS,UNINCORPORATED,-121.03087997999999,37.493289990000001
9038272,2020,2020-03-17,5002,2020-01-15,0403,11793,M595,3,5,6,5002,0,0,0,,0,071,"SCENIC DR","SPRINGCREEK DR",337.00,W,N,A,-,N,,,,,,,,,,Y,2,0,1,1,A,-,03,22350,,N,E,I,A,A,H,-,C,D,0,,,,,Y,,-,,1,0,0,0,0,0,0,0,0,"- ","- ",,,STANISLAUS,MODESTO,-120.9287109375,37.657394409179688
9039616,2020,2020-02-28,5001,2020-01-30,1437,859,B103,4,5,4,5001,0,0,0,,0,003,"FOWLER RD","MITCHELL RD",0.00,,Y,A,-,N,,,,,,,,,,N,2,0,3,2,A,-,17,21451,A,N,A,C,A,A,H,-,A,A,0,,,,,Y,,A,01,2,1,0,0,0,0,0,0,0,"- ","- ",37.602001190185547,-120.93869781494141,STANISLAUS,CERES,-120.938720703125,37.602008819580078
9042954,2019,2020-06-25,5006,2019-11-15,1520,S02582,RPD,5,5,3,5006,0,0,0,,0,2T8,"RT 219","SQUIRE WELLS WY",791.00,W,N,A,-,N,,,,,,,,,,Y,2,0,2,2,A,-,09,21801,A,N,D,C,A,A,H,-,A,D,0,,,,,Y,,A,01,1,0,1,0,0,0,0,0,0,"- ","- ",,,STANISLAUS,RIVERBANK,,
9043825,2020,2020-06-03,5002,2020-02-03,1919,13118,M005,1,5,6,5002,0,0,0,,0,063,"STANDFORD AV","HAHN DR",6.00,E,N,A,-,N,,,,,,,,,,N,2,0,1,2,A,-,10,21950,A,N,G,B,B,A,H,-,C,A,0,Y,,,,Y,,-,,1,0,0,0,1,0,0,0,0,"- ","- ",,,STANISLAUS,MODESTO,-121.04521179199219,37.685581207275391
90449278,2017,2017-05-04,9465,2017-04-29,1810,019553,,6,2,9,5000,0,3,5,,2,030,"LAKE ROAD","ROBERTS FERRY ROAD",9504.00,E,N,A,-,N,,,,,,,,,,Y,2,0,2,1,A,-,01,23152,A,N,E,I,A,A,H,-,B,D,0,,,Y,,Y,Y,C,02,2,0,0,0,0,0,0,0,2,"- ","- ",37.629150000000003,-120.58522000000001,STANISLAUS,UNINCORPORATED,-120.58570635,37.628793649999999
90490094,2017,2017-06-28,9465,2017-06-17,1237,018767,,6,1,9,5000,0,1,1,,2,055,"INTERSTATE 5",SR-140,12672.00,N,N,A,-,Y,,,5,,,,,,,Y,2,0,1,1,A,-,01,23152,F,N,E,I,A,A,H,-,A,D,0,,,,,Y,,A,01,1,0,0,0,0,0,0,0,0,"- ","- ",37.294289999999997,-121.10138000000001,STANISLAUS,UNINCORPORATED,-121.10142630999999,37.29427819
90491615,2017,2017-06-30,9465,2017-06-17,1642,019553,,6,2,9,5000,0,3,5,,2,020,"SONORA ROAD","ORANGE BLOSSOM ROAD",850.00,N,N,A,-,N,,,,,,,,,,Y,2,0,1,1,A,-,01,23152,A,N,E,I,A,A,H,-,A,D,0,,,Y,,Y,Y,C,02,1,0,0,0,0,0,0,0,1,"- ","- ",37.838160000000002,-120.70923000000001,STANISLAUS,UNINCORPORATED,-120.68725689,37.827238940000001
90499241,2017,2017-07-12,9465,2017-06-24,1600,019517,,6,2,5,5007,0,1,3,,2,041,SR-99,"W. MAIN STREET",3696.00,S,N,B,-,Y,,,99,,,,,,,Y,1,1,0,1,A,-,08,22107,,N,E,I,A,A,H,-,A,D,0,,,,,Y,,A,07,0,0,0,0,0,0,0,0,0,"- ","- ",37.482329999999997,-120.86462,STANISLAUS,TURLOCK,-120.86453027,37.48239719
90554053,2017,2017-09-22,9465,2017-09-13,2045,020575,,3,2,9,5000,0,1,3,,1,032,"STATE ROUTE 132","DIENSTAG ROAD",367.00,E,N,A,-,Y,,,132,,,,,,,Y,2,0,2,1,A,-,01,23152,A,N,E,I,A,A,H,-,D,D,0,,,,,Y,Y,A,07,2,0,0,0,0,0,0,0,0,"- ","- ",37.6419,-120.6446,STANISLAUS,UNINCORPORATED,-120.64456466999999,37.642093789999997
9059625,2020,2020-03-24,5002,2020-03-02,1120,13288,M280,1,5,6,5002,0,0,0,,0,071,"EAST ORANGEBURG AV","ROSE AV",69.00,E,N,A,-,N,,,,,,,,,,N,2,0,1,2,A,-,06,21755,A,N,B,C,A,A,H,-,A,A,0,,,,,Y,,-,,1,0,0,0,0,0,0,0,0,"- ","- ",,,STANISLAUS,MODESTO,-120.96639251708984,37.663661956787109
90631032,2017,2018-09-12,9465,2017-10-22,0659,015398,,7,1,9,5000,0,2,4,,2,043,"WEST MAIN AVENUE","CARPENTER ROAD",38.00,W,N,A,-,N,,,,,,,,,,Y,1,1,2,2,A,-,01,23152,A,N,C,C,A,A,H,-,B,A,0,,,,,Y,Y,A,01,1,0,1,0,0,0,0,0,0,"- ","- ",37.493279999999999,-121.03106,STANISLAUS,UNINCORPORATED,-121.03101098,37.493290180000002
90632342,2017,2018-01-03,9465,2017-12-22,1110,018998,,5,1,9,5000,0,3,5,,2,040,"WALNUT AVENUE","HARDING ROAD",0.00,,Y,A,-,N,,,,,,,,,,Y,2,0,2,1,A,-,03,22350,,N,E,I,A,A,H,-,A,D,0,,,,,Y,,A,01,2,0,0,0,0,0,0,0,0,"- ","- ",37.463360000000002,-120.86718999999999,STANISLAUS,UNINCORPORATED,-120.86723993,37.463739940000004
90678870,2018,2018-12-26,9465,2018-02-25,2116,021066,,7,2,9,5000,0,3,5,,2,040,"KEYES ROAD","CENTRAL AVENUE",0.00,,Y,A,-,N,,,,,,,,,,Y,2,0,1,2,A,-,12,22450,A,F,C,C,A,A,H,-,D,A,0,,,,,Y,,A,01,1,0,0,0,0,0,0,0,0,"- ","- ",37.55133056640625,-120.95693206787109,STANISLAUS,UNINCORPORATED,-120.95706939697266,37.551300048828125
90726812,2018,2018-05-15,9465,2018-04-19,2316,021549,,4,3,9,5000,0,3,5,,2,030,"LAKE ROAD","ROBERTS FERRY ROAD",7920.00,E,N,A,-,N,,,,,,,,,,Y,1,1,0,1,A,-,08,22107,,N,E,I,A,A,H,-,D,D,0,,,,,Y,Y,A,07,0,0,0,0,0,0,0,0,0,"- ","- ",37.628650665283203,-120.58592224121094,STANISLAUS,UNINCORPORATED,-120.59074401855469,37.627758026123047
90728894,2018,2018-05-17,9465,2018-05-07,1630,021239,,1,2,6,5002,0,3,5,,2,010,"COFFEE ROAD","CLARIBEL ROAD",500.00,S,N,A,-,N,,,,,,,,,,Y,2,0,3,2,A,-,08,22107,,N,B,C,A,A,H,-,A,D,0,,,,,Y,,A,01,1,1,1,0,0,0,0,0,0,"- ","- ",37.708709716796875,-120.97663116455078,STANISLAUS,MODESTO,-120.97660064697266,37.70965576171875
90751189,2018,2018-06-19,9465,2018-02-12,2055,021066,,1,2,9,5000,0,1,3,,2,045,"SR-165 S/B","CLAUSEN ROAD",275.00,S,N,A,-,Y,,,165,,,,,,S,Y,1,1,1,2,A,-,17,21200,,N,C,G,A,A,H,-,D,D,0,,Y,,,Y,,L,04,0,1,0,0,0,1,0,0,0,"- ","- ",37.455188751220703,-120.84913635253906,STANISLAUS,UNINCORPORATED,-120.84906768798828,37.455188751220703
9075513,2020,2020-06-24,5002,2020-03-13,1049,11826,404,5,5,6,5002,0,0,0,,0,041,"14TH ST","F ST",0.00,,Y,A,-,N,,,,,,,,,,Y,2,0,1,2,A,-,09,21802,A,N,D,C,A,A,H,-,A,A,0,,,,,Y,,-,,1,0,0,0,0,0,0,0,0,"- ","- ",,,STANISLAUS,MODESTO,-120.99186706542969,37.639518737792969
90807778,2018,2018-09-07,9465,2018-08-25,2145,021226,,6,2,9,5000,0,3,5,,2,030,"N. WALNUT ROAD","TAYLOR ROAD",425.00,N,N,A,-,N,,,,,,,,,,Y,2,0,1,1,A,-,01,23152,F,N,E,I,A,A,H,-,D,D,0,,,,,Y,,D,22,1,0,0,0,0,0,0,0,0,"- ","- ",37.538211822509766,-120.86528778076172,STANISLAUS,UNINCORPORATED,-120.86672973632812,37.536678314208984
90818767,2018,2018-09-21,9465,2018-09-11,1450,019730,,2,2,9,5000,0,2,4,,2,016,"CLARIBEL ROAD","TERMINAL AVENUE",180.00,W,N,A,-,N,,,,,,,,,,Y,2,0,1,1,A,-,08,22107,,N,E,I,A,A,H,-,A,A,0,,,Y,,Y,Y,C,02,1,0,0,0,0,0,0,0,1,"- ","- ",37.710891723632812,-120.93002319335938,STANISLAUS,UNINCORPORATED,-120.92998504638672,37.710903167724609
90832648,2018,2018-10-10,9465,2018-09-27,1030,014658,,4,1,9,5000,0,1,3,,2,023,"STATE ROUTE 108/120","WAMBLE ROAD",0.00,,Y,A,-,Y,,,,,,,,,,Y,2,0,2,2,A,-,09,21802,A,N,D,C,A,A,H,-,A,A,0,,,,,Y,,A,01,1,1,0,0,0,0,0,0,0,"- ","- ",37.776649475097656,-120.77471160888672,STANISLAUS,UNINCORPORATED,,
90846358,2018,2018-10-26,9465,2018-08-20,1835,020395,,1,2,9,5000,0,3,5,,2,020,"RODDEN ROAD","GRAY FOX COURT",1320.00,E,N,A,-,N,,,,,,,,,,Y,1,1,2,2,A,-,01,23152,A,N,F,A,A,A,H,-,A,D,0,,,Y,,Y,Y,C,02,0,0,2,0,0,0,0,1,0,"- ","- ",37.791721343994141,-120.81159210205078,STANISLAUS,UNINCORPORATED,-120.81026458740234,37.791118621826172
90855900,2018,2018-11-08,9465,2018-09-07,1150,018259,,5,1,9,5000,0,3,5,,2,050,"RIVER ROAD","GAFFERY RD.",2000.00,S,N,A,-,N,,,,,,,,,,Y,2,0,1,2,A,-,08,22107,,N,C,C,A,A,H,-,A,D,0,,,,,Y,,M,46,1,0,0,0,0,0,0,0,0,"- ","- ",37.595661163330078,-121.22090148925781,STANISLAUS,UNINCORPORATED,,
90886882,2018,2018-12-20,9465,2018-12-11,1920,020374,,2,2,9,5000,0,3,5,,2,010,"PARADISE ROAD","ILLINOIS AVENUE",261.00,W,N,A,-,N,,,,,,,,,,N,2,0,1,2,A,-,11,21954,A,N,G,B,E,A,H,-,D,A,0,Y,,,,Y,Y,N,60,1,0,0,0,1,0,0,0,0,"- ","- ",37.609210968017578,-121.06826782226562,STANISLAUS,UNINCORPORATED,-121.06786346435547,37.609203338623047
90897879,2018,2019-01-08,9465,2018-10-21,0138,021235,,7,3,9,5000,0,1,3,,2,041,"STATE ROUTE 99 (SOUTHBOUND)","TAYLOR ROAD",2376.00,S,N,A,-,Y,,,99,,,,,,,Y,1,1,0,1,A,-,01,23152,A,N,F,A,A,A,H,-,D,D,0,,,,,Y,Y,D,22,0,0,0,0,0,0,0,0,0,"- ","- ",37.529518127441406,-120.88999938964844,STANISLAUS,UNINCORPORATED,-120.88975524902344,37.529628753662109
90906022,2019,2019-01-16,9465,2019-01-07,0048,021783,,1,3,9,5000,0,1,3,,2,045,"STATE ROUTE 165","GREENWAY AVENUE",310.00,N,N,C,-,Y,,,165,,,,,,,N,2,0,1,2,A,-,11,21954,A,N,G,B,E,B,F,-,D,D,0,Y,,,Y,Y,Y,N,60,1,0,0,0,1,0,0,0,0,"- ","- ",37.468299865722656,-120.84908294677734,STANISLAUS,UNINCORPORATED,-120.84903717041016,37.468299865722656
90919650,2019,2019-02-05,9465,2019-01-25,1415,020985,,5,2,6,5002,0,1,3,,2,011,"STATE ROUTE 99 (SOUTHBOUND)","L STREET",1300.00,N,N,A,-,Y,,,99,,,,,,,Y,2,0,4,4,A,-,03,22350,,N,C,C,A,A,H,-,A,D,0,,,,Y,Y,,A,07,1,0,3,0,0,0,0,0,0,"- ","- ",37.641750335693359,-121.01020050048828,STANISLAUS,MODESTO,-121.01021575927734,37.641727447509766
90919688,2019,2019-02-05,9465,2019-01-27,0120,021239,,7,3,6,5002,0,1,3,,2,011,"STATE ROUTE 99 (NORTHBOUND)","KANSAS AVENUE",1250.00,S,N,A,-,Y,,,99,,,,,,,Y,2,0,1,1,A,-,01,23152,A,N,E,I,A,A,H,-,D,D,0,,,,,Y,Y,A,01,1,0,0,0,0,0,0,0,0,"- ","- ",37.643638610839844,-121.01278686523438,STANISLAUS,MODESTO,-121.0128173828125,37.643596649169922
90933678,2018,2019-12-04,9465,2018-12-28,2245,021239,,5,3,9,5000,0,1,3,,1,031,"SR-132 (YOSEMITE BLVD)","SANTA FE AVENUE",120.00,W,N,A,-,Y,,,132,,,,,,,Y,1,1,0,2,A,-,01,23152,A,N,H,F,A,A,H,-,C,A,0,,,,,Y,Y,A,01,0,0,0,0,0,0,0,0,0,"- ","- ",37.638210296630859,-120.90355682373047,STANISLAUS,UNINCORPORATED,-120.90355682373047,37.638263702392578
90943820,2019,2019-03-11,9465,2019-03-04,0355,020874,,1,3,9,5000,0,1,3,,2,041,"STATE ROUTE 99 (NORTHBOUND)","HATCH ROAD",1650.00,S,N,B,-,Y,,,99,,,,,,,Y,2,0,4,5,A,-,03,22350,,N,C,C,A,A,D,-,C,A,0,,,,Y,Y,,E,22,1,1,2,0,0,0,0,0,0,"- ","- ",37.606071472167969,-120.97331237792969,STANISLAUS,UNINCORPORATED,-120.97328186035156,37.606101989746094
90955981,2019,2019-03-29,9465,2019-02-11,2500,018222,,1,4,9,5000,0,2,4,,2,057,"CROWS LANDING ROAD","MORRIS ROAD",1305.00,W,N,A,-,N,,,,,,,,,,Y,1,1,1,1,A,-,01,23152,A,N,E,I,A,A,H,-,D,D,0,,,,,Y,Y,A,07,1,0,0,0,0,0,0,0,0,"- ","- ",37.391609191894531,-121.05213165283203,STANISLAUS,UNINCORPORATED,-121.05227661132812,37.391605377197266
90980960,2019,2019-05-02,9465,2019-04-23,1750,021321,,2,2,9,5000,0,3,5,,2,040,"CENTRAL AVENUE","SERVICE ROAD",300.00,N,N,A,-,N,,,,,,,,,,N,2,0,1,1,A,-,13,22515,A,N,G,B,A,A,H,-,A,D,0,,,,,Y,,D,22,1,0,0,0,0,0,0,0,0,"- ","- ",37.581089019775391,-120.95680999755859,STANISLAUS,UNINCORPORATED,-120.95692699999999,37.581099999999999
91016891,2019,2019-06-25,9465,2019-06-13,1650,021337,,4,2,9,5000,0,1,3,,2,041,"SR-99 SB OFF-RAMP TO CROWS LANDING","CROWS LANDING ROAD",7.00,W,N,A,-,Y,,,99,,,,R,,S,Y,2,0,1,1,A,-,08,22107,,N,E,I,A,A,H,-,A,D,0,,,Y,,Y,,C,02,1,0,0,0,0,0,0,0,1,"- ","- ",37.617919921875,-120.99369812011719,STANISLAUS,UNINCORPORATED,-120.99369812011719,37.617919921875
91021626,2019,2019-07-01,9465,2019-06-23,2138,020642,,7,2,9,5000,0,1,3,,1,032,"STATE ROUTE 132","BENT ROAD",100.00,W,N,A,-,N,,,132,,,,,,,Y,2,0,1,2,A,-,06,21751,,F,B,C,A,A,H,-,D,D,0,,,Y,,Y,Y,-,99,1,0,0,0,0,0,0,0,1,"- ","- ",37.638420104980469,-120.88495635986328,STANISLAUS,UNINCORPORATED,-120.88496398925781,37.638458251953125
91023581,2019,2019-07-03,9465,2019-06-27,0340,019982,,4,3,9,5000,0,2,4,,2,024,"ALBERS ROAD","VALK ROAD SOUTH",990.00,N,N,A,-,N,,,,,,,,,,Y,2,0,1,2,A,-,11,21956,,N,G,B,E,A,H,-,D,D,0,Y,,,,Y,,N,60,1,0,0,0,1,0,0,0,0,"- ","- ",37.721111297607422,-120.84593963623047,STANISLAUS,UNINCORPORATED,-120.84650421142578,37.720737457275391
91024959,2019,2019-07-05,9465,2019-06-29,1630,018844,,6,2,9,5000,0,3,5,,2,030,"S. JOHNSON ROAD","E. LINEWOOD AVE",481.00,N,N,A,-,N,,,,,,,,,,Y,2,0,1,2,A,-,21,22106,,N,H,C,A,A,H,-,A,A,0,,,,,Y,,A,01,1,0,0,0,0,0,0,0,0,"- ","- ",37.479530334472656,-120.8260498046875,STANISLAUS,UNINCORPORATED,-120.82603454589844,37.4793701171875
9107230,2020,2020-08-31,5006,2020-05-08,1614,S01836,MODES,5,5,3,5006,0,0,0,,0,RPD1,"RT 108","SIERRA ST",210.00,S,N,A,-,Y,STA,10,108,-,-,31.810,H,-,E,N,2,0,1,2,A,-,09,21804,A,N,D,G,A,A,H,-,A,D,0,,Y,,,Y,,L,04,1,0,0,0,0,0,1,0,0,"- ","- ",,,STANISLAUS,RIVERBANK,-120.94554901123047,37.732803344726562
9107502,2020,2020-08-20,5002,2020-06-01,2033,13018,M049,1,5,6,5002,0,0,0,,0,083,"WEST UNION AV","POINSETTIA DR",54.00,W,N,A,-,N,,,,,,,,,,Y,2,0,1,2,A,-,01,23152,A,N,C,E,A,A,H,-,A,D,0,,,,,Y,Y,-,,1,0,0,0,0,0,0,0,0,"- ","- ",,,STANISLAUS,MODESTO,-121.00311279296875,37.693305969238281
91081340,2019,2019-09-24,9465,2019-09-09,0235,021136,,1,3,9,5000,0,3,5,,2,040,"PARKDALE DRIVE","W. HATCH ROAD",225.00,N,N,A,-,N,,,,,,,,,,Y,2,0,1,4,A,-,01,23152,A,N,E,I,A,A,H,-,C,D,0,,,,,Y,Y,A,01,1,0,0,0,0,0,0,0,0,"- ","- ",37.610141754150391,-121.03414154052734,STANISLAUS,UNINCORPORATED,-121.04280090332031,37.609920501708984
91087515,2019,2019-10-01,9465,2019-09-29,1843,021066,,7,2,9,5000,0,1,3,,2,052,SR-132,"RIVER ROAD",3960.00,E,N,A,-,Y,,,132,,,,,,,Y,2,0,2,1,A,-,01,23152,A,N,F,A,A,A,H,-,A,D,0,,,,,Y,Y,D,22,1,0,1,0,0,0,0,0,0,"- ","- ",37.640781402587891,-121.23377990722656,STANISLAUS,UNINCORPORATED,-121.23377227783203,37.640750885009766
91087541,2019,2019-11-18,9465,2019-09-24,0249,021636,,2,3,9,5000,0,1,1,,2,055,"INTERSTATE 5 N/B","INGRAM CREEK ROAD",1056.00,N,N,A,-,Y,,,5,,,,,,N,Y,1,1,1,1,A,-,08,22107,,N,F,A,A,A,H,-,D,D,0,,,,,Y,,A,07,0,1,0,0,0,0,0,0,0,"- ","- ",37.542110443115234,-121.27010345458984,STANISLAUS,UNINCORPORATED,-121.27006530761719,37.542148590087891
91118559,2019,2019-11-12,9465,2019-11-05,0745,018259,,2,1,9,5000,0,3,5,,2,040,"MONTE VISTA AVENUE","MITCHELL ROAD",0.00,,Y,A,-,N,,,,,,,,,,Y,2,0,2,2,A,-,09,21802,A,N,D,C,A,A,H,-,A,A,0,,,,,Y,,D,22,1,0,1,0,0,0,0,0,0,"- ","- ",37.521831512451172,-120.94065093994141,STANISLAUS,UNINCORPORATED,-120.94062042236328,37.521820068359375
91157630,2019,2020-01-02,9465,2019-12-17,1020,019155,,2,1,9,5000,0,3,5,,2,030,"MONTE VISTA AVENUE","WARING ROAD",500.00,E,N,A,-,N,,,,,,,,,,Y,2,0,1,2,A,-,09,21801,A,N,D,C,A,A,H,-,A,D,0,,,,Y,Y,,F,25,1,0,0,0,0,0,0,0,0,"- ","- ",37.521659851074219,-120.81011962890625,STANISLAUS,UNINCORPORATED,-120.81033325195312,37.521682739257812
91158881,2019,2020-01-03,9465,2019-12-26,2235,019982,,4,3,6,5002,0,1,3,,2,011,"STATE ROUTE 99 (NORTHBOUND)","BECKWITH ROAD",1848.00,N,N,A,-,Y,,,99,,,,,,,Y,2,0,1,1,A,-,01,23152,A,N,E,I,A,A,H,-,C,D,0,,,,,Y,Y,A,01,1,0,0,0,0,0,0,0,0,"- ","- ",37.687290191650391,-121.05779266357422,STANISLAUS,MODESTO,-121.057861328125,37.687191009521484
91159725,2018,2020-01-07,9465,2018-11-25,2155,020190,,7,2,9,5000,0,2,4,,2,026,"CLARIBEL ROAD","TERMINAL AVENUE",239.00,W,N,A,-,N,,,,,,,,,,Y,1,1,0,1,B,-,22,,,N,E,I,A,A,H,-,C,A,0,,,,,Y,,J,48,0,0,0,0,0,0,0,0,0,"- ","- ",37.710910797119141,-120.93023681640625,STANISLAUS,UNINCORPORATED,-120.93018341064453,37.710903167724609
91164140,2020,2020-01-13,9465,2020-01-01,1753,020833,,3,2,9,5000,0,3,5,,2,040,"FULKERTH ROAD","VIVIAN ROAD",0.00,,Y,A,-,N,,,,,,,,,,Y,2,0,1,1,A,-,03,22350,,F,F,A,A,A,H,-,D,A,0,,,,,Y,,A,01,1,0,0,0,0,0,0,0,0,"- ","- ",37.507900238037109,-121.04910278320312,STANISLAUS,UNINCORPORATED,-121.04914093017578,37.507820129394531
9116417,2020,2020-08-25,5001,2020-06-11,1145,849,D003,4,5,4,5001,0,0,0,,0,005,"WHITMORE AV","CHARLOTTE AV",8.00,,N,A,-,N,,,,,,,,,,Y,2,0,2,2,A,-,09,21804,A,N,D,C,A,A,H,-,A,D,0,,,,,Y,,A,01,2,0,0,0,0,0,0,0,0,"- ","- ",37.594791412353516,-120.94037628173828,STANISLAUS,CERES,-120.94509124755859,37.594749450683594
91195097,2020,2020-02-27,9465,2020-01-22,1855,020260,,3,2,9,5000,0,1,3,,2,041,"STATE ROUTE 99 S/B","FAITH HOME ROAD",5.00,S,N,A,-,Y,,,99,,,,,,S,Y,1,1,4,1,A,-,08,22107,,N,E,I,A,A,H,-,D,D,0,,,,,Y,,A,01,3,0,1,0,0,0,0,0,0,"- ","- ",37.559711456298828,-120.92082214355469,STANISLAUS,UNINCORPORATED,-120.92076110839844,37.559780120849609