CASE_ID,ACCIDENT_YEAR,PROC_DATE,JURIS,COLLISION_DATE,COLLISION_TIME,OFFICER_ID,REPORTING_DISTRICT,DAY_OF_WEEK,CHP_SHIFT,POPULATION,CNTY_CITY_LOC,SPECIAL_COND,BEAT_TYPE,CHP_BEAT_TYPE,CITY_DIVISION_LAPD,CHP_BEAT_CLASS,BEAT_NUMBER,PRIMARY_RD,SECONDARY_RD,DISTANCE,DIRECTION,INTERSECTION,WEATHER_1,WEATHER_2,STATE_HWY_IND,CALTRANS_COUNTY,CALTRANS_DISTRICT,STATE_ROUTE,ROUTE_SUFFIX,POSTMILE_PREFIX,POSTMILE,LOCATION_TYPE,RAMP_INTERSECTION,SIDE_OF_HWY,TOW_AWAY,COLLISION_SEVERITY,NUMBER_KILLED,NUMBER_INJURED,PARTY_COUNT,PRIMARY_COLL_FACTOR,PCF_CODE_OF_VIOL,PCF_VIOL_CATEGORY,PCF_VIOLATION,PCF_VIOL_SUBSECTION,HIT_AND_RUN,TYPE_OF_COLLISION,MVIW,PED_ACTION,ROAD_SURFACE,ROAD_COND_1,ROAD_COND_2,LIGHTING,CONTROL_DEVICE,CHP_ROAD_TYPE,PEDESTRIAN_ACCIDENT,BICYCLE_ACCIDENT,MOTORCYCLE_ACCIDENT,TRUCK_ACCIDENT,NOT_PRIVATE_PROPERTY,ALCOHOL_INVOLVED,STWD_VEHTYPE_AT_FAULT,CHP_VEHTYPE_AT_FAULT,COUNT_SEVERE_INJ,COUNT_VISIBLE_INJ,COUNT_COMPLAINT_PAIN,COUNT_PED_KILLED,COUNT_PED_INJURED,COUNT_BICYCLIST_KILLED,COUNT_BICYCLIST_INJURED,COUNT_MC_KILLED,COUNT_MC_INJURED,PRIMARY_RAMP,SECONDARY_RAMP,LATITUDE,LONGITUDE,COUNTY,CITY,POINT_X,POINT_Y
91198480,2020,2020-02-28,9465,2020-02-11,1330,019713,,2,1,9,5000,0,3,5,,2,050,"HILLS FERRY ROAD","STUHR ROAD",2640.00,E,N,A,-,N,,,,,,,,,,Y,1,1,1,2,A,-,05,21650,,N,B,C,A,A,H,-,A,D,0,,,,Y,Y,,A,01,1,0,0,0,0,0,0,0,0,"- ","- ",37.339088439941406,-120.98480224609375,STANISLAUS,UNINCORPORATED,-120.98580169677734,37.338172912597656
91204685,2020,2020-03-09,9465,2020-02-29,0355,020457,,6,3,9,5000,0,3,5,,2,020,"WARNERVILLE ROAD","CRABTREE ROAD",15312.00,W,N,A,-,N,,,,,,,,,,Y,2,0,4,1,A,-,08,22107,,N,E,I,A,A,H,-,D,D,0,,,,,Y,,A,07,1,1,2,0,0,0,0,0,0,"- ","- ",37.724369049072266,-120.62558746337891,STANISLAUS,UNINCORPORATED,-120.63979339599609,37.732326507568359
91205648,2019,2020-03-12,9465,2019-12-20,1920,018767,,5,2,9,5000,0,1,1,,2,055,"INTERSTATE 5 SOUTHBOUND","DEL PUERTO CANYON ROAD",12144.00,N,N,A,-,Y,,,5,,,,,,S,Y,1,1,1,2,A,-,03,22350,,N,C,C,A,A,H,-,D,D,0,,,,,Y,,A,07,0,0,1,0,0,0,0,0,0,"- ","- ",37.502498626708984,-121.22251892089844,STANISLAUS,UNINCORPORATED,-121.22258758544922,37.502414703369141
91215669,2020,2020-03-25,9465,2020-02-07,1405,021783,,5,2,9,5000,0,3,5,,2,030,"7TH STREET","LUCINDA AVENUE",25.00,N,N,A,-,N,,,,,,,,,,N,2,0,1,2,A,-,08,22107,,N,A,C,A,A,H,-,A,A,0,,,Y,,Y,,C,03,1,0,0,0,0,0,0,0,1,"- ","- ",37.558208465576172,-120.91551208496094,STANISLAUS,UNINCORPORATED,-120.91548156738281,37.558620452880859
91226973,2020,2020-04-17,9465,2020-04-13,1955,021337,,1,2,9,5000,0,1,3,,1,032,SR-132,"JOHANSEN ROAD",164.00,E,N,A,-,Y,,,132,,,,,,,Y,2,0,2,2,A,-,09,21801,A,N,D,C,A,A,H,-,D,D,0,,,Y,,Y,,A,01,1,0,1,0,0,0,0,0,1,"- ","- ",37.638710021972656,-120.86367797851562,STANISLAUS,UNINCORPORATED,-120.86367797851562,37.638694763183594
91264727,2020,2020-07-28,9465,2020-06-27,1639,020885,,6,2,9,5000,0,1,3,,2,012,"EMERALD AVENUE","WOODLAND AVENUE",72.00,E,N,A,-,N,,,,,,,,,,Y,1,1,0,1,A,-,01,23152,A,N,E,I,A,A,H,-,A,D,0,,,,,Y,Y,A,08,0,0,0,0,0,0,0,0,0,"- ","- ",37.652961730957031,-121.02535247802734,STANISLAUS,UNINCORPORATED,-121.02719879150391,37.653221130371094
91265123,2020,2020-07-08,9465,2020-07-05,0555,018623,,7,3,9,5000,0,3,5,,2,020,"CLARIBEL ROAD","ALBERS ROAD",317.00,W,N,A,-,N,,,,,,,,,,Y,2,0,1,1,A,-,01,23152,F,M,E,I,A,A,H,-,A,D,0,,,,,Y,,A,01,1,0,0,0,0,0,0,0,0,"- ","- ",37.7110595703125,-120.85951232910156,STANISLAUS,UNINCORPORATED,-120.84943389892578,37.711055755615234
91283911,2020,2020-08-11,9465,2020-07-31,0814,019155,,5,1,9,5000,0,3,5,,2,040,"HATCH ROAD","CARPENTER ROAD",615.00,W,N,A,-,N,,,,,,,,,,N,2,0,1,2,C,-,18,,,N,A,G,A,A,H,-,A,D,0,,Y,,,Y,,-,"- ",1,0,0,0,0,0,1,0,0,"- ","- ",37.608989715576172,-121.03249359130859,STANISLAUS,UNINCORPORATED,-121.03146362304688,37.608554840087891
91288218,2020,2020-08-18,9465,2020-08-09,1050,018671,,7,1,9,5000,0,3,5,,2,020,"MILTON ROAD","DUNTON ROAD",4752.00,E,N,A,-,N,,,,,,,,,,Y,2,0,1,1,C,-,18,,,N,E,I,A,A,H,-,A,D,0,,,Y,,Y,,-,"- ",1,0,0,0,0,0,0,0,1,"- ","- ",37.928199768066406,-120.84458923339844,STANISLAUS,UNINCORPORATED,-120.84387969970703,37.9156494140625
91292929,2020,2020-08-26,9465,2020-08-09,0824,019155,,7,1,9,5000,0,1,3,,1,031,"STATE ROUTE 132","SANTA FE AVENUE",0.00,,Y,A,-,Y,,,132,,,,,,,Y,2,0,2,3,A,-,03,22350,,N,D,C,A,A,H,-,A,D,0,,,,Y,Y,,A,01,1,0,1,0,0,0,0,0,0,"- ","- ",37.638221740722656,-120.90312957763672,STANISLAUS,UNINCORPORATED,-120.90312957763672,37.638263702392578
9130845,2020,2020-10-05,5007,2020-07-13,2059,5797,,1,5,5,5007,0,0,0,,0,001,"NORTH OLIVE AV","DELBON AV",155.00,N,N,A,-,N,,,,,,,,,,Y,2,0,1,2,A,-,09,21804,A,N,D,D,A,A,H,-,C,A,0,,,,,Y,,A,01,1,0,0,0,0,0,0,0,0,"- ","- ",,,STANISLAUS,TURLOCK,-120.83987426757812,37.510894775390625
91327669,2020,2020-10-20,9465,2020-10-10,1020,019376,,6,1,9,5000,0,3,5,,2,020,"OAKDALE-WATERFORD HIGHWAY","DRY CREEK",366.00,S,N,A,-,N,,,,,,,,,,Y,2,0,1,2,A,-,05,21460,A,N,B,C,A,A,H,-,A,D,0,,,,Y,Y,,A,01,1,0,0,0,0,0,0,0,0,"- ","- ",37.657810211181641,-120.77825927734375,STANISLAUS,UNINCORPORATED,,
91336951,2020,2020-11-02,9465,2020-09-07,1600,021066,,1,2,9,5000,0,1,3,,2,052,"STATE ROUTE 132 (MAZE BOULEVARD)","KASSON ROAD",1755.00,W,N,A,-,Y,,,132,,,,,,,Y,1,2,4,2,A,-,08,22107,,N,D,C,A,A,H,-,A,D,0,,,,,Y,,A,01,3,0,1,0,0,0,0,0,0,"- ","- ",37.639278411865234,-121.25379943847656,STANISLAUS,UNINCORPORATED,-121.25379943847656,37.639301300048828
91360528,2020,2020-12-07,9465,2020-11-26,1204,017558,,4,1,9,5000,0,3,5,,2,020,"OAKDALE WATERFORD HIGHWAY","MILNES ROAD",3749.00,S,N,A,-,N,,,,,,,,,,Y,2,0,1,1,A,-,08,22107,,N,E,I,A,A,H,-,A,D,0,,,,,Y,,A,01,1,0,0,0,0,0,0,0,0,"- ","- ",37.665851593017578,-120.78877258300781,STANISLAUS,UNINCORPORATED,-120.79749298095703,37.673347473144531
91362122,2020,2020-12-09,9465,2020-12-07,0931,018222,,1,1,9,5000,0,3,5,,2,030,"RIVER ROAD","BYSTRUM ROAD",205.00,E,N,A,-,N,,,,,,,,,,Y,2,0,1,2,A,-,09,21801,A,N,D,C,A,A,H,-,A,D,0,,,Y,,Y,,D,22,1,0,0,0,0,0,0,0,1,"- ","- ",37.626029968261719,-120.98372650146484,STANISLAUS,UNINCORPORATED,-120.98375701904297,37.626007080078125
91363061,2020,2020-12-10,9465,2020-11-01,1945,019713,,7,2,9,5000,0,1,1,,2,055,"INTERSTATE 5 (SOUTHBOUND)","DIABLO GRANDE PARKWAY",1632.00,N,N,A,-,Y,,,5,,,,,,,Y,1,2,0,1,A,-,01,23152,A,N,E,I,A,A,H,-,D,D,0,,,,,Y,Y,A,07,0,0,0,0,0,0,0,0,0,"- ","- ",37.480190277099609,-121.19728088378906,STANISLAUS,UNINCORPORATED,-121.19724273681641,37.480224609375
91379915,2020,2021-01-04,9465,2020-12-19,0200,021770,,6,3,9,5000,0,1,3,,2,041,"STATE ROUTE 99 (NORTHBOUND)","WEST MAIN STREET",4.00,N,N,A,-,Y,,,,,,,,,,Y,2,0,1,1,A,-,08,22107,,N,E,I,A,A,H,-,C,D,0,,,,,Y,,A,07,1,0,0,0,0,0,0,0,0,"- ","- ",37.492961883544922,-120.87035369873047,STANISLAUS,UNINCORPORATED,-120.87021636962891,37.492729187011719
91384224,2020,2021-01-08,9465,2020-11-17,1900,018623,,2,2,9,5000,0,1,3,,2,015,"SR-108 (MCHENRY AVENUE)","CLARIBEL ROAD",0.00,,Y,B,-,Y,,,108,,,,,,,Y,1,2,1,5,A,-,01,23152,F,N,D,C,A,B,H,-,C,A,0,,,,,Y,,A,01,1,0,0,0,0,0,0,0,0,"- ","- ",37.711200714111328,-120.99491119384766,STANISLAUS,UNINCORPORATED,-120.99491119384766,37.711200714111328
91389085,2021,2021-01-18,9465,2021-01-03,0352,020642,,7,3,9,5000,0,3,5,,2,050,"LAIRD STREET","GRAYSON ROAD",238.00,N,N,B,-,N,,,,,,,,,,Y,2,0,2,1,A,-,01,23152,A,N,E,I,A,A,H,-,C,A,0,,,,,Y,Y,A,01,1,1,0,0,0,0,0,0,0,"- ","- ",37.561210632324219,-121.17845153808594,STANISLAUS,UNINCORPORATED,-121.17845916748047,37.561172485351562
91405706,2021,2021-02-15,9465,2021-02-01,0130,018623,,1,3,9,5000,0,3,5,,2,020,"CLAUS ROAD","PLAINVIEW ROAD",474.00,N,N,A,-,N,,,,,,,,,,Y,2,0,4,2,A,-,01,23152,A,N,A,C,A,A,H,-,A,D,0,,,,,Y,Y,A,01,1,0,3,0,0,0,0,0,0,"- ","- ",37.704948425292969,-120.92173767089844,STANISLAUS,UNINCORPORATED,-120.92173004150391,37.704921722412109
91406783,2021,2021-02-11,9465,2021-02-04,1340,020833,,4,1,9,5000,0,1,1,,2,055,"INTERSTATE 5 N/B","INGRAM CREEK ROAD",150.00,S,N,A,-,Y,,,5,,,,,,N,Y,2,0,1,2,A,-,07,21658,A,N,B,C,A,A,H,-,A,D,0,,,,Y,Y,,G,25,1,0,0,0,0,0,0,0,0,"- ","- ",37.5400390625,-121.26731109619141,STANISLAUS,UNINCORPORATED,-121.26732635498047,37.540023803710938
91409644,2021,2021-02-17,9465,2021-02-10,0405,018623,,3,3,9,5000,0,1,3,,2,011,"SISK ROAD","SR-99 (N/B) TO PELANDALE AVENUE",5.00,S,N,A,-,Y,,,,,,,,,,N,2,0,1,3,A,-,05,21651,B,N,A,G,A,A,H,-,C,D,0,,Y,,,Y,,L,04,1,0,0,0,0,0,1,0,0,"- ","- ",37.70111083984375,-121.07074737548828,STANISLAUS,UNINCORPORATED,-121.06893920898438,37.700035095214844
91413245,2021,2021-02-23,9465,2021-02-15,2210,018623,,1,3,9,5000,0,1,3,,2,011,"SR-99 SOUTHBOUND","STANDIFORD AVENUE",1000.00,N,N,A,-,Y,,,99,,,,,,S,Y,2,0,1,2,A,-,03,22350,,N,C,C,A,A,H,-,A,D,0,,,,,Y,,A,01,1,0,0,0,0,0,0,0,0,"- ","- ",37.692779541015625,-121.06533050537109,STANISLAUS,UNINCORPORATED,-121.06526184082031,37.692859649658203
91417866,2021,2021-03-01,9465,2021-02-14,1321,018955,,7,1,9,5000,0,3,5,,2,010,"SISK ROAD","STATE ROUTE 219 (KIERNAN AVENUE)",89.00,S,N,A,-,N,,,,,,,,,,N,2,0,1,2,A,-,13,22515,A,N,G,B,A,A,H,-,A,D,0,,,,,Y,,A,07,1,0,0,0,0,0,0,0,0,"- ","- ",37.710548400878906,-121.07749938964844,STANISLAUS,UNINCORPORATED,-121.07757568359375,37.710674285888672
91440860,2021,2021-04-01,9465,2021-03-29,0215,021226,,1,3,9,5000,0,2,4,,2,014,"OAKDALE ROAD","CLARATINA AVENUE",500.00,N,N,A,-,N,,,,,,,,,,Y,2,0,1,1,A,-,01,23152,A,N,E,I,A,A,H,-,D,D,0,,,,,Y,Y,A,01,1,0,0,0,0,0,0,0,0,"- ","- ",37.701499938964844,-120.95826721191406,STANISLAUS,UNINCORPORATED,-120.95818328857422,37.701190948486328
91466384,2021,2021-05-05,9465,2021-04-26,1845,019713,,1,2,9,5000,0,3,5,,2,030,"SANTA FE AVENUE","SOUTH AVENUE",2269.00,S,N,A,-,N,,,,,,,,,,Y,2,0,2,1,A,-,08,22107,,N,E,I,A,A,H,-,A,D,0,,,,,Y,,A,07,1,1,0,0,0,0,0,0,0,"- ","- ",37.625038146972656,-120.89994049072266,STANISLAUS,UNINCORPORATED,-120.89981842041016,37.625015258789062
91481704,2021,2021-05-26,9465,2021-04-10,1925,020885,,6,2,9,5000,0,3,5,,2,030,"LAKE RD","ROBERTS FERRY RD",162.00,E,N,A,-,N,,,,,,,,,,N,2,0,2,2,A,-,05,21460,A,N,B,C,A,A,H,-,B,D,0,,,Y,,Y,,C,02,2,0,0,0,0,0,0,0,2,"- ","- ",37.623958587646484,-120.61470794677734,STANISLAUS,UNINCORPORATED,-120.61478424072266,37.623973846435547
91485083,2021,2021-05-28,9465,2021-02-24,2500,021783,,3,4,9,5000,0,3,5,,2,050,"DEL PUERTO CANYON ROAD","DIABLO GRANDE PARKWAY",54912.00,N,N,A,-,N,,,,,,,,,,Y,1,1,0,1,A,-,01,23152,A,N,E,I,A,A,H,-,D,D,0,,,,,Y,Y,A,01,0,0,0,0,0,0,0,0,0,"- ","- ",37.441860198974609,-121.31278991699219,STANISLAUS,UNINCORPORATED,-121.30635833740234,37.439922332763672
91491167,2021,2021-06-07,9465,2021-04-16,2058,018274,,5,2,9,5000,0,1,3,,2,011,"STATE ROUTE 99 (SOUTHBOUND)","NORTH 9TH STREET",894.00,S,N,A,-,Y,,,99,,,,,,,N,1,1,0,2,A,-,03,22350,,F,G,B,D,A,H,-,D,D,0,Y,,,,Y,,-,99,0,0,0,1,0,0,0,0,0,"- ","- ",37.6573486328125,-121.02613830566406,STANISLAUS,UNINCORPORATED,-121.02610015869141,37.6573486328125
91491717,2021,2021-06-08,9465,2021-05-25,0430,021062,,2,3,9,5000,0,3,5,,2,030,"KEYES ROAD","GOLDEN STATE BLVD",720.00,E,N,A,-,N,,,,,,,,,,Y,2,0,1,2,A,-,05,21460,A,N,A,C,A,A,H,-,B,D,0,,,,Y,Y,,G,27,1,0,0,0,0,0,0,0,0,"- ","- ",37.550281524658203,-120.89990997314453,STANISLAUS,UNINCORPORATED,-120.90006256103516,37.550148010253906
91499602,2021,2021-06-17,9465,2021-06-09,0927,018955,,3,1,9,5000,0,3,5,,2,030,"KEYES ROAD","MOUNTAIN VIEW ROAD",1192.00,W,N,A,-,N,,,,,,,,,,Y,2,0,2,2,A,-,09,21801,A,N,D,C,A,A,H,-,A,D,0,,,,,Y,,A,01,1,1,0,0,0,0,0,0,0,"- ","- ",37.551261901855469,-120.88330078125,STANISLAUS,UNINCORPORATED,-120.88320159912109,37.551242828369141
91505872,2021,2021-06-24,9465,2021-06-12,1730,020985,,6,2,9,5000,0,3,5,,2,030,"1ST STREET","H STREET",20.00,W,N,A,-,N,,,,,,,,,,N,2,0,1,1,A,-,01,23152,A,N,E,I,A,A,H,-,A,D,0,,,Y,,Y,Y,C,02,1,0,0,0,0,0,0,0,1,"- ","- ",37.639568328857422,-120.90006256103516,STANISLAUS,UNINCORPORATED,-121.00661468505859,37.632148742675781
9157148,2020,2020-10-07,5007,2020-07-26,1519,5796,TPD,7,5,5,5007,0,0,0,,0,PD1,"GEER RD","E TAYLOR RD",0.00,,Y,A,-,N,,,,,,,,,,Y,2,0,5,2,A,-,17,21451,A,N,D,C,A,A,H,-,A,A,0,,,,,Y,,A,01,1,0,4,0,0,0,0,0,0,"- ","- ",37.536731719970703,-120.8480224609375,STANISLAUS,TURLOCK,-120.84799957275391,37.536731719970703
91572910,2021,2021-09-17,9465,2021-04-16,1510,020575,,5,2,9,5000,0,3,5,,2,040,"FAITH HOME ROAD","EAST TAYLOR ROAD",4.00,S,N,A,-,N,,,,,,,,,,Y,1,1,1,2,A,-,09,21801,A,N,A,C,A,A,H,-,A,D,0,,,Y,,Y,,D,22,0,0,1,0,0,0,0,1,0,"- ","- ",37.532901763916016,-120.92141723632812,STANISLAUS,UNINCORPORATED,-120.92141723632812,37.532909393310547
91583376,2021,2021-09-30,9465,2021-09-17,0055,020885,,5,3,5,5007,0,1,3,,2,041,"SR-99 S/B","LANDER AVENUE",20.00,N,N,A,-,Y,,,99,,,,,,S,Y,2,0,5,2,A,-,07,21658,A,N,B,C,A,A,H,-,D,D,0,,,,,Y,,A,01,1,0,4,0,0,0,0,0,0,"- ","- ",37.473831176757812,-120.8492431640625,STANISLAUS,TURLOCK,-120.84923553466797,37.473838806152344
91601739,2021,2021-10-20,9465,2021-10-08,1337,018274,,5,1,9,5000,0,3,5,,2,020,"DIXON ROAD","FOX BOROUGH DRIVE",36.00,W,N,B,-,N,,,,,,,,,,Y,2,0,1,1,A,-,01,23152,A,N,E,I,A,A,H,-,A,D,0,,,,,Y,Y,M,96,1,0,0,0,0,0,0,0,0,"- ","- ",37.780158996582031,-120.80290985107422,STANISLAUS,UNINCORPORATED,-120.80280303955078,37.780048370361328
91602919,2021,2021-10-21,9465,2021-10-12,1243,018955,,2,1,5,5007,0,1,3,,2,041,"STATE ROUTE 99 (NORTHBOUND)","W. LINWOOD AVENUE",200.00,S,N,A,-,Y,,,99,,,,,,,Y,2,0,1,2,A,-,01,23152,A,N,B,C,A,A,H,-,A,D,0,,,,,Y,Y,A,01,1,0,0,0,0,0,0,0,0,"- ","- ",37.478191375732422,-120.85939788818359,STANISLAUS,TURLOCK,-120.85935974121094,37.478260040283203
91622341,2021,2021-11-11,9465,2021-10-08,1503,019730,,5,2,9,5000,0,3,5,,2,030,"MITCHELL ROAD","STATE ROUTE 132",46.00,S,N,A,-,Y,,,,,,,,,,Y,2,0,1,2,A,-,08,22107,,N,D,C,A,A,H,-,A,A,0,,,Y,Y,Y,,C,02,1,0,0,0,0,0,0,0,1,"- ","- ",37.637950897216797,-120.95720672607422,STANISLAUS,UNINCORPORATED,-120.95719909667969,37.638042449951172
91633568,2021,2021-11-23,9465,2021-08-03,0254,021337,,2,3,5,5007,0,1,3,,2,041,"STATE ROUTE 99","W MAIN STREET",1056.00,N,N,A,-,Y,,,99,,,,,,,N,1,1,0,2,A,-,11,21954,A,F,G,B,E,A,H,-,D,D,0,Y,,,,Y,,N,60,0,0,0,1,0,0,0,0,0,"- ","- ",37.495998382568359,-120.87200164794922,STANISLAUS,TURLOCK,-120.87195587158203,37.496021270751953
91637860,2021,2021-11-30,9465,2021-11-07,1715,019713,,7,2,9,5000,0,3,5,,2,050,"DEL PUERTO CANYON ROAD","DIABLO GRANDE PARKWAY",12144.00,N,N,A,-,N,,,,,,,,,,Y,2,0,2,2,A,-,01,23152,A,M,A,C,A,A,H,-,D,D,0,,,,,Y,Y,A,01,1,1,0,0,0,0,0,0,0,"- ","- ",37.478111267089844,-121.21708679199219,STANISLAUS,UNINCORPORATED,-121.21549987792969,37.477901458740234
91644869,2021,2021-12-07,9465,2021-11-21,1340,020914,,7,1,9,5000,0,1,3,,2,041,"STATE ROUTE 99 (SOUTHBOUND)","KEYES ROAD",2335.00,N,N,A,-,Y,,,99,,,,,,,N,1,1,0,2,A,-,11,21954,A,N,G,B,E,A,H,-,A,D,0,Y,,,,Y,,N,60,0,0,0,1,0,0,0,0,0,"- ","- ",37.552398681640625,-120.9122314453125,STANISLAUS,UNINCORPORATED,-120.91226196289062,37.552364349365234
9165659,2020,2020-12-02,5004,2020-08-04,2026,236,RD2,2,5,3,5004,0,0,0,,0,022,"RT 120","E NORTH ST",691.00,N,N,A,-,Y,STA,10,120,-,-,4.440,H,-,E,Y,2,0,5,1,A,-,01,23152,,N,E,I,A,A,H,-,C,D,0,,,,,Y,Y,A,01,1,2,2,0,0,0,0,0,0,"- ","- ",37.775070190429688,-120.85301208496094,STANISLAUS,OAKDALE,-120.85235595703125,37.775535583496094
91679971,2021,2022-01-18,9465,2021-08-13,0320,021783,,5,3,9,5000,0,1,3,,2,041,"STATE ROUTE 99 (NORTHBOUND)","FAITH HOME ROAD",1795.00,N,N,A,-,Y,,,99,,,,,,,Y,1,1,0,3,A,-,01,23152,F,N,B,4,A,A,H,-,D,D,0,,,,Y,Y,,G,27,0,0,0,0,0,0,0,0,0,"- ","- ",37.564140319824219,-120.92514038085938,STANISLAUS,UNINCORPORATED,-120.92520141601562,37.564071655273438
91693418,2022,2022-02-04,9465,2022-01-23,0220,021235,,7,3,9,5000,0,3,5,,2,010,"CLARIBEL ROAD","BENTLEY ROAD",750.00,W,N,B,E,Y,,,,,,,,,,Y,2,0,3,1,A,-,08,22107,,N,E,I,A,A,H,-,D,D,0,,,,,Y,,A,01,1,1,1,0,0,0,0,0,0,"- ","- ",37.711040496826172,-120.86749267578125,STANISLAUS,UNINCORPORATED,-120.86920166015625,37.711036682128906
91697867,2021,2022-02-10,9465,2021-03-17,1950,020885,,3,2,9,5000,0,1,3,,2,012,"STATE ROUTE 132","GATES RD",12936.00,W,N,A,-,Y,,,132,,,,,,,Y,1,1,0,1,A,-,08,22107,,F,E,I,A,A,H,-,D,D,0,,,,,Y,,A,01,0,0,0,0,0,0,0,0,0,"- ","- ",37.638069152832031,-121.20391082763672,STANISLAUS,UNINCORPORATED,-121.20391082763672,37.638080596923828
91700524,2022,2022-02-14,9465,2022-01-28,1107,018259,,5,1,9,5000,0,3,5,,2,050,"ELM AVENUE","WALNUT AVENUE",960.00,N,N,B,-,N,,,,,,,,,,Y,2,0,1,1,A,-,01,23152,A,N,E,I,A,A,H,-,A,D,0,,,,,Y,Y,A,01,1,0,0,0,0,0,0,0,0,"- ","- ",37.495460510253906,-121.10308837890625,STANISLAUS,UNINCORPORATED,-121.10301971435547,37.495433807373047
91701980,2021,2022-02-16,9465,2021-12-14,0940,018998,,2,1,9,5000,0,1,3,,2,023,"STATE ROUTE 108 (PATTERSON ROAD)","SKITTONE ROAD",0.00,,Y,A,-,Y,,,108,,,,,,,Y,1,1,4,3,A,-,03,22350,,N,C,C,A,A,H,-,A,D,0,,,,,Y,,A,07,1,0,3,0,0,0,0,0,0,"- ","- ",37.732749938964844,-120.98484039306641,STANISLAUS,UNINCORPORATED,-120.98484039306641,37.732734680175781
91715529,2021,2022-03-04,9465,2021-10-20,0718,019376,,3,1,9,5000,0,3,5,,2,020,"PARKER ROAD","WELLSFORD ROAD",706.00,W,N,B,-,N,,,,,,,,,,Y,1,1,1,2,A,-,08,22107,,N,A,C,A,A,H,-,A,D,0,,,,,Y,,D,22,0,1,0,0,0,0,0,0,0,"- ","- ",37.667461395263672,-120.87796783447266,STANISLAUS,UNINCORPORATED,-120.87787628173828,37.667472839355469
91754249,2021,2022-04-22,9465,2021-02-13,1155,021235,,6,1,9,5000,0,3,5,,2,040,"KEYES ROAD","FAITH HOME ROAD",0.00,,Y,A,-,N,,,,,,,,,,Y,1,1,1,2,A,-,12,21453,A,N,D,C,A,A,H,-,A,A,0,,,,,Y,,A,01,1,0,0,0,0,0,0,0,0,"- ","- ",37.551231384277344,-120.92037963867188,STANISLAUS,UNINCORPORATED,-120.92040252685547,37.551177978515625
91774793,2022,2022-05-18,9465,2022-05-10,1425,020885,,2,2,6,5002,0,1,3,,2,011,"SR-99 S/B","SIERRA DRIVE",528.00,N,N,A,-,Y,STA,,99,,R,15.484,H,,L,N,2,0,1,2,A,-,07,21658,A,N,B,C,A,A,H,-,A,D,0,,,Y,,Y,,A,01,1,0,0,0,0,0,0,0,1,"- ","- ",37.632450103759766,-120.99909210205078,STANISLAUS,MODESTO,-120.99907684326172,37.632457733154297
91777473,2022,2022-05-23,9465,2022-05-05,1510,020475,,4,2,6,5002,0,1,3,,2,012,"SR-132 E/B","SPENCER AVENUE",0.00,,Y,A,-,Y,STA,,132,,,14.210,H,,R,Y,2,0,1,2,A,-,06,21755,,N,D,C,A,A,H,-,A,A,0,,,Y,,Y,,C,02,1,0,0,0,0,0,0,0,1,"- ","- ",37.638591766357422,-121.0164794921875,STANISLAUS,MODESTO,-121.0164794921875,37.638645172119141
91782961,2022,2022-05-27,9465,2022-05-15,0200,021368,,7,3,9,5000,0,3,5,,2,030,"CRABTREE ROAD","WARNERVILLE ROAD",2270.00,S,N,A,-,N,,,,,,,,,,Y,2,0,1,1,A,-,08,22107,,N,E,I,A,A,H,-,D,D,0,,,,,Y,,D,22,1,0,0,0,0,0,0,0,0,"- ","- ",37.726158142089844,-120.59629058837891,STANISLAUS,UNINCORPORATED,-120.59626007080078,37.726200103759766
91783518,2022,2022-05-27,9465,2022-03-14,1035,017966,,1,1,9,5000,0,1,3,,2,011,"STATE ROUTE 99 (NORTHBOUND)","BECKWITH ROAD",1162.00,N,N,A,-,Y,STA,,99,,R,20.451,H,,R,Y,1,1,0,2,A,-,07,21658,A,N,B,C,A,A,H,-,A,D,0,,,,Y,Y,,A,01,0,0,0,0,0,0,0,0,0,"- ","- ",37.685951232910156,-121.05597686767578,STANISLAUS,UNINCORPORATED,-121.05601501464844,37.685916900634766
91802009,2022,2022-06-23,9465,2022-06-13,1329,017966,,1,1,9,5000,0,3,5,,2,010,"HART ROAD","WOODLAND AVENUE",300.00,S,N,A,-,N,,,,,,,,,,Y,2,0,2,2,A,-,08,22107,,N,E,I,A,A,H,-,A,D,0,,,,,Y,,A,07,1,0,1,0,0,0,0,0,0,"- ","- ",37.651500701904297,-121.12241363525391,STANISLAUS,UNINCORPORATED,-121.12236785888672,37.651615142822266