CASE_ID,ACCIDENT_YEAR,PROC_DATE,JURIS,COLLISION_DATE,COLLISION_TIME,OFFICER_ID,REPORTING_DISTRICT,DAY_OF_WEEK,CHP_SHIFT,POPULATION,CNTY_CITY_LOC,SPECIAL_COND,BEAT_TYPE,CHP_BEAT_TYPE,CITY_DIVISION_LAPD,CHP_BEAT_CLASS,BEAT_NUMBER,PRIMARY_RD,SECONDARY_RD,DISTANCE,DIRECTION,INTERSECTION,WEATHER_1,WEATHER_2,STATE_HWY_IND,CALTRANS_COUNTY,CALTRANS_DISTRICT,STATE_ROUTE,ROUTE_SUFFIX,POSTMILE_PREFIX,POSTMILE,LOCATION_TYPE,RAMP_INTERSECTION,SIDE_OF_HWY,TOW_AWAY,COLLISION_SEVERITY,NUMBER_KILLED,NUMBER_INJURED,PARTY_COUNT,PRIMARY_COLL_FACTOR,PCF_CODE_OF_VIOL,PCF_VIOL_CATEGORY,PCF_VIOLATION,PCF_VIOL_SUBSECTION,HIT_AND_RUN,TYPE_OF_COLLISION,MVIW,PED_ACTION,ROAD_SURFACE,ROAD_COND_1,ROAD_COND_2,LIGHTING,CONTROL_DEVICE,CHP_ROAD_TYPE,PEDESTRIAN_ACCIDENT,BICYCLE_ACCIDENT,MOTORCYCLE_ACCIDENT,TRUCK_ACCIDENT,NOT_PRIVATE_PROPERTY,ALCOHOL_INVOLVED,STWD_VEHTYPE_AT_FAULT,CHP_VEHTYPE_AT_FAULT,COUNT_SEVERE_INJ,COUNT_VISIBLE_INJ,COUNT_COMPLAINT_PAIN,COUNT_PED_KILLED,COUNT_PED_INJURED,COUNT_BICYCLIST_KILLED,COUNT_BICYCLIST_INJURED,COUNT_MC_KILLED,COUNT_MC_INJURED,PRIMARY_RAMP,SECONDARY_RAMP,LATITUDE,LONGITUDE,COUNTY,CITY,POINT_X,POINT_Y
91804663,2022,2022-06-28,9465,2022-05-27,1200,019155,,5,1,9,5000,0,3,5,,2,030,"ZEFF ROAD","BYSTRUM ROAD",20.00,W,N,A,-,N,,,,,,,,,,N,2,0,1,2,A,-,08,22100,B,F,D,G,A,A,H,-,A,D,0,,Y,,,Y,,L,04,1,0,0,0,0,0,1,0,0,"- ","- ",37.626041412353516,-120.99343109130859,STANISLAUS,UNINCORPORATED,,
91823933,2022,2022-07-25,9465,2022-07-09,1135,019155,,6,1,9,5000,0,3,5,,2,020,"SONORA ROAD","28 MILE ROAD",9768.00,E,N,A,-,N,,,,,,,,,,N,2,0,1,1,A,-,08,22107,,N,F,A,A,A,H,-,A,D,0,,,Y,,Y,,C,02,1,0,0,0,0,0,0,0,1,"- ","- ",37.878089904785156,-120.80896759033203,STANISLAUS,UNINCORPORATED,-120.80956268310547,37.878318786621094
91832177,2022,2022-08-03,9465,2022-06-27,1710,021066,,1,2,9,5000,0,3,5,,2,020,"26 MILE ROAD","DUNN RANCH ROAD",810.00,S,N,A,-,N,,,,,,,,,,Y,1,1,0,1,A,-,01,23152,A,N,F,A,A,A,H,-,A,D,0,,,Y,,Y,Y,C,02,0,0,0,0,0,0,0,1,0,"- ","- ",37.802230834960938,-120.86814117431641,STANISLAUS,UNINCORPORATED,-120.86809539794922,37.80224609375
91832549,2022,2022-08-03,9465,2022-06-25,2248,021022,,6,3,9,5000,0,3,5,,2,050,"FRANK COX ROAD","HOWARD ROAD",10.00,E,N,A,-,N,,,,,,,,,,Y,1,2,0,1,A,-,03,22350,,N,E,I,A,A,H,-,D,D,0,,,,,Y,,A,01,0,0,0,0,0,0,0,0,0,"- ","- ",37.536720275878906,-121.20439910888672,STANISLAUS,UNINCORPORATED,-121.20450592041016,37.536689758300781
91903997,2022,2022-12-16,9465,2022-09-10,1613,020475,,6,2,4,5001,0,1,3,,2,041,"SR-99 NORTHBOUND","HATCH ROAD",3168.00,S,N,A,-,Y,STA,,99,,R,12.644,H,,R,N,1,1,0,2,A,-,11,21954,A,N,G,B,E,A,H,-,A,D,0,Y,,,Y,Y,,N,60,0,0,0,1,0,0,0,0,0,"- ","- ",37.602531433105469,-120.96916198730469,STANISLAUS,CERES,-120.96920013427734,37.602504730224609
91909063,2022,2022-11-03,9465,2022-09-28,0830,021368,,3,1,9,5000,0,3,5,,2,040,"MITCHELL ROAD","HARDING ROAD",9.00,N,N,A,-,N,,,,,,,,,,Y,1,1,0,2,A,-,09,21801,A,N,D,C,A,A,H,-,A,A,0,,,,,Y,,-,"- ",0,0,0,0,0,0,0,0,0,"- ","- ",37.463710784912109,-120.93998718261719,STANISLAUS,UNINCORPORATED,-120.94001770019531,37.463676452636719
91911523,2022,2022-11-07,9465,2022-10-29,0042,021368,,6,3,9,5000,0,1,3,,2,023,"STATE ROUTE 108","LANCASTER ROAD",1954.00,E,N,A,-,Y,STA,,120,,,11.782,H,,R,Y,2,0,1,1,A,-,01,23152,A,N,E,8,A,A,H,-,D,D,0,,,,,Y,Y,A,01,1,0,0,0,0,0,0,0,0,"- ","- ",37.787429809570312,-120.73068237304688,STANISLAUS,UNINCORPORATED,-120.73065185546875,37.787368774414062
91918979,2022,2022-11-16,9465,2022-11-13,1815,019713,,7,2,9,5000,0,1,1,,2,056,"INTERSTATE 5","SHIELLS ROAD UNDERCROSSING",1411.00,S,N,A,-,Y,STA,,5,,,3.734,H,,L,N,2,0,2,1,A,-,08,22107,,N,F,A,A,A,H,-,D,D,0,,,,,Y,,D,22,2,0,0,0,0,0,0,0,0,"- ","- ",37.300430297851562,-121.10295104980469,STANISLAUS,UNINCORPORATED,-121.10295867919922,37.300430297851562
91923720,2022,2022-11-21,9465,2022-08-04,0124,019152,,4,3,9,5000,0,1,1,,2,055,"INTERSTATE 5 (SOUTHBOUND)","INGRAM CREEK ROAD",7920.00,N,N,A,-,Y,STA,,5,,,24.475,H,,L,Y,1,1,0,2,A,-,03,22350,,N,C,C,A,A,H,-,D,D,0,,,,Y,Y,Y,F,25,0,0,0,0,0,0,0,0,0,"- ","- ",37.5548095703125,-121.28708648681641,STANISLAUS,UNINCORPORATED,-121.28707885742188,37.554817199707031
91925213,2022,2022-11-23,9465,2022-11-16,1305,019152,,3,1,9,5000,0,3,5,,2,010,"SISK RD.","WALLASEY WAY",11.00,S,N,A,-,N,,,,,,,,,,N,2,0,1,1,A,-,03,22350,,N,F,A,A,A,H,-,A,A,0,,,Y,,Y,,C,02,1,0,0,0,0,0,0,0,1,"- ","- ",37.714130401611328,-121.07772064208984,STANISLAUS,UNINCORPORATED,-121.07766723632812,37.714191436767578
91948180,2022,2022-12-21,9465,2022-12-12,0552,021235,,1,3,9,5000,0,1,3,,1,031,"SR-99 (S/B) TO HATCH ROAD","HATCH ROAD",50.00,S,N,C,-,Y,,,,,,,,,,Y,2,0,1,1,A,-,01,23152,A,M,E,I,A,B,H,-,C,D,0,,,,,Y,Y,A,01,1,0,0,0,0,0,0,0,0,"- ","- ",37.609420776367188,-120.97734069824219,STANISLAUS,UNINCORPORATED,-120.97734069824219,37.609420776367188
91994843,2023,2023-02-15,9465,2023-01-19,"615 ",017966,,4,1,9,5000,0,1,3,,2,012,"STATE ROUTE 132","GATES ROAD",0.00,,Y,B,-,Y,STA,,132," "," ",6.350,H,,R,N,2,0,6,3,A,-,09,21802,A,N,D,C,A,B,H,-,D,A,0,,,,,Y,,A,01,1,0,5,0,0,0,0,0,0,"- ","- ",37.637798309326172,-121.15892791748047,STANISLAUS,UNINCORPORATED,-121.15892791748047,37.637790679931641
92001587,2023,2023-02-23,9465,2023-02-11,1915,021226,,6,2,9,5000,0,3,5,,2,040,"CENTRAL AVENUE","KEYES ROAD",30.00,S,N,A,-,N,,,,,,,,,,Y,2,0,1,1,A,-,01,23152,A,M,E,I,A,A,H,-,D,A,0,,,,,Y,Y,A,01,1,0,0,0,0,0,0,0,0,"- ","- ",37.551200866699219,-120.95699310302734,STANISLAUS,UNINCORPORATED,-120.95706939697266,37.551216125488281
92029106,2023,2023-03-27,9465,2023-03-18,"50  ",021770,,6,3,9,5000,0,3,5,,2,050,"RIVER ROAD","AZEVEDO RD.",1100.00,S,N,A,-,N,,,,,,,,,,Y,2,0,1,1,A,-,03,22350,,N,E,I,A,A,C,-,D,A,0,,,,,Y,,D,22,1,0,0,0,0,0,0,0,0,"- ","- ",37.357780456542969,-120.98484039306641,STANISLAUS,UNINCORPORATED,-120.98486328125,37.357856750488281
92030296,2023,2023-03-28,9465,2023-03-18,"130 ",021636,,6,3,9,5000,0,1,3,,2,013,"SR-108 (MCHENRY AVENUE)","STATE ROUTE 219",155.00,W,N,A,-,Y,STA,,108," "," ",27.571,H,,R,N,2,0,1,1,A,-,08,22107,,N,F,A,A,A,H,-,C,D,0,,,Y,,Y,,C,02,1,0,0,0,0,0,0,0,1,"- ","- ",37.710460662841797,-120.99508666992188,STANISLAUS,UNINCORPORATED,-120.99479675292969,37.710464477539062
92032063,2023,2023-03-29,9465,2023-02-27,"638 ",015761,,1,1,9,5000,0,1,3,,2,028,"STATE ROUTE 4","DUNTON ROAD",1901.00,W,N,B,-,Y,STA,,4," "," ",6.365,H,,R,Y,1,2,0,2,A,-,01,23152,A,N,A,C,A,B,H,-,A,D,0,,,,,Y,Y,A,01,0,0,0,0,0,0,0,0,0,"- ","- ",37.937858581542969,-120.81282043457031,STANISLAUS,UNINCORPORATED,-120.81283569335938,37.937831878662109
92048041,2023,2023-04-19,9465,2023-04-08,1525,019730,,6,2,9,5000,0,3,5,,2,030,"TENAYA DRIVE","DALY AVENUE",274.00,E,N,B,-,N,,,,,,,,,,Y,2,0,1,1,A,-,03,22350,,N,F,A,A,A,H,-,A,D,0,,,Y,,Y,,C,02,1,0,0,0,0,0,0,0,1,"- ","- ",37.632450103759766,-120.96240234375,STANISLAUS,UNINCORPORATED,-120.96241760253906,37.632518768310547
92064731,2023,2023-05-09,9465,2023-05-06,1209,018671,,6,1,9,5000,0,3,5,,2,010,"MCHENRY ROAD AT LADD ROAD","LADD ROAD",0.00,,Y,B,-,Y,,,,,,,,,,Y,2,0,1,3,A,-,12,21453,A,N,D,C,A,A,H,-,A,A,0,,,Y,,Y,,A,01,1,0,0,0,0,0,0,0,1,"- ","- ",37.732761383056641,-120.99537658691406,STANISLAUS,UNINCORPORATED,-120.9952392578125,37.732780456542969
92070688,2023,2023-05-17,9465,2023-05-05,1945,021783,,5,2,9,5000,0,3,5,,2,050,"DIABLO GRANDE PARKWAY","OAK FLAT ROAD",7392.00,W,N,C,-,N,,,,,,,,,,Y,2,0,2,2,A,-,01,23152,A,N,A,C,A,B,H,-,B,D,0,,,,,Y,Y,D,22,2,0,0,0,0,0,0,0,0,"- ","- ",37.424781799316406,-121.21253967285156,STANISLAUS,UNINCORPORATED,-121.21038055419922,37.425216674804688
92084323,2023,2023-06-02,9465,2023-05-21,2005,020985,,7,2,9,5000,0,1,3,,1,031,"STATE ROUTE 132","MART AVENUE",739.00,E,N,A,-,Y,STA,,132," "," ",25.550,H,,R,Y,2,0,3,2,A,-,01,23152,A,N,A,C,A,A,H,-,D,D,0,,,,,Y,Y,A,01,1,2,0,0,0,0,0,0,0,"- ","- ",37.63861083984375,-120.80384063720703,STANISLAUS,UNINCORPORATED,-120.80384063720703,37.638603210449219
92092241,2023,2023-06-13,9465,2023-06-04,2242,019152,,7,3,9,5000,0,1,1,,2,055,"INTERSTATE 5","OAK FLAT RD.",5914.00,N,N,A,-,Y,STA,,5," "," ",13.659,H,,R,Y,2,0,1,1,A,-,08,22107,,N,E,I,A,A,H,-,D,D,0,,,,,Y,,A,07,1,0,0,0,0,0,0,0,0,"- ","- ",37.436008453369141,-121.16031646728516,STANISLAUS,UNINCORPORATED,-121.16029357910156,37.436019897460938
92108180,2023,2023-07-03,9465,2023-06-24,"150 ",020985,,6,3,4,5001,0,1,3,,2,041,"STATE ROUTE 99 (SOUTHBOUND)","HATCH ROAD",1750.00,S,N,A,-,Y,STA,,99," ",R,12.950,H,,L,Y,2,0,1,1,A,-,01,23152,A,N,E,8,A,A,H,-,C,D,0,,,,,Y,Y,D,22,1,0,0,0,0,0,0,0,0,"- ","- ",37.605678558349609,-120.97335815429688,STANISLAUS,CERES,-120.97325897216797,37.605751037597656
92121575,2023,2023-07-20,9465,2023-07-10,"200 ",021549,,1,3,9,5000,0,1,3,,2,041,"STATE ROUTE 99 (SOUTHBOUND)","TAYLOR ROAD",2816.00,N,N,A,-,Y,STA,,99," ",R,7.338,H,,L,Y,2,0,1,1,A,-,01,23152,A,N,F,A,A,A,H,-,C,D,0,,,,,Y,Y,A,07,1,0,0,0,0,0,0,0,0,"- ","- ",37.543060302734375,-120.89961242675781,STANISLAUS,UNINCORPORATED,-120.89952087402344,37.543132781982422
92146392,2023,2023-08-17,9465,2023-08-01,1620,019730,,2,2,9,5000,0,3,5,,2,020,"28 MILE ROAD","WOODWARD LAKE DRIVE",1901.00,N,N,A,-,N,,,,,,,,,,N,2,0,1,1,A,-,08,22107,,M,F,A,A,A,H,-,A,D,0,,,,,Y,,-,99,1,0,0,0,0,0,0,0,0,"- ","- ",37.842201232910156,-120.84214019775391,STANISLAUS,UNINCORPORATED,,
9215513,2020,2021-02-02,5007,2020-11-08,1722,5776,TPD,7,5,5,5007,0,0,0,,0,PD2,"LANDER AV","EAST LINWOOD AV",325.00,S,N,A,-,N,,,,,,,,,,Y,2,0,1,2,A,-,03,22350,,F,B,C,A,A,H,-,C,D,0,,,Y,,Y,,A,07,1,0,0,0,0,0,0,0,1,"- ","- ",37.478168487548828,-120.84896087646484,STANISLAUS,TURLOCK,-120.84900665283203,37.477287292480469
92159585,2023,2023-08-31,9465,2023-06-20,"317 ",021337,,2,3,5,5007,0,1,3,,2,041,"STATE ROUTE 99 (SR-99) NORTHBOUND (N/B)","LANDER AVENUE",1056.00,N,N,A,-,Y,STA,,99," ",R,1.994,H,,R,Y,1,1,2,2,A,-,01,23152,A,N,A,C,A,A,H,-,C,D,0,,,,,Y,Y,A,01,2,0,0,0,0,0,0,0,0,"- ","- ",37.476188659667969,-120.85469818115234,STANISLAUS,TURLOCK,-120.85467529296875,37.476222991943359
92189965,2023,2023-10-04,9465,2023-09-28,1535,020985,,4,2,9,5000,0,1,3,,2,012,"STATE ROUTE 132","GATES ROAD",7920.00,W,N,A,-,Y,STA,,132," "," ",4.866,H,,R,Y,2,0,1,1,A,-,08,22107,,N,F,A,A,A,G,-,A,D,0,,,,,Y,,M,93,1,0,0,0,0,0,0,0,0,"- ","- ",37.637748718261719,-121.18612670898438,STANISLAUS,UNINCORPORATED,-121.18612670898438,37.637802124023438
92221913,2023,2023-10-27,9465,2023-10-25,2325,020985,,3,3,6,5002,0,1,3,,2,011,"STATE ROUTE 99 (NORTHBOUND)","L STREET",188.00,S,N,A,-,Y,STA,,99," ",R,16.077,H,,R,Y,2,0,2,2,A,-,01,23152,A,F,B,2,A,A,H,-,C,D,0,,,,,Y,Y,A,01,1,1,0,0,0,0,0,0,0,"- ","- ",37.638858795166016,-121.00621795654297,STANISLAUS,MODESTO,-121.00623321533203,37.638851165771484
92227386,2023,2023-11-03,9465,2023-10-27,1239,018222,,5,1,9,5000,0,1,3,,2,013,"STATE ROUTE 108","ST. FRANCIS AVENUE",888.00,N,N,A,-,Y,STA,,108," "," ",28.514,H,,R,Y,2,0,3,3,A,-,01,23152,F,N,C,C,A,A,H,-,A,D,0,,,,,Y,,A,01,1,1,1,0,0,0,0,0,0,"- ","- ",37.724330902099609,-120.9951171875,STANISLAUS,UNINCORPORATED,-120.99515533447266,37.724330902099609
92235550,2023,2023-11-14,9465,2023-11-07,"558 ",018222,,2,3,9,5000,0,3,5,,2,010,"BECKWITH ROAD","HAMMETT ROAD",2478.00,W,N,A,-,N,,,,,,,,,,Y,2,0,2,3,A,-,09,21801,A,N,A,C,A,A,H,-,D,D,0,,,,,Y,,A,07,1,0,1,0,0,0,0,0,0,"- ","- ",37.68157958984375,-121.11312866210938,STANISLAUS,UNINCORPORATED,-121.11312103271484,37.681594848632812
92240414,2023,2023-11-20,9465,2023-10-16,2131,020642,,1,2,9,5000,0,2,4,,2,044,"CARPENTER ROAD","GRAYSON ROAD",1411.00,N,N,A,-,N,,,,,,,,,,Y,1,1,0,2,A,-,11,21954,A,N,G,B,E,A,H,-,D,D,0,Y,,,,Y,,N,60,0,0,0,1,0,0,0,0,0,"- ","- ",37.569839477539062,-121.03018188476562,STANISLAUS,UNINCORPORATED,-121.03018951416016,37.569816589355469
92258255,2023,2023-12-11,9465,2023-12-01,2023,022938,,5,2,9,5000,0,3,5,,2,040,"S. 9TH STREET","HATCH ROAD",1319.00,N,N,A,-,N,,,,,,,,,,Y,2,0,1,1,A,-,08,22107,,N,F,A,A,A,H,-,D,D,0,,,Y,,Y,,C,02,1,0,0,0,0,0,0,0,1,"- ","- ",37.612148284912109,-120.9805908203125,STANISLAUS,UNINCORPORATED,,
92284217,2023,2024-02-22,9465,2023-12-08,1815,021022,,5,2,9,5000,0,3,5,,2,030,"SOUTH 9TH STREET","HOSMER AVENUE",528.00,N,N,B,-,N,,,,,,,,,,N,1,2,0,4,A,-,11,21954,A,N,G,B,D,A,H,-,D,D,0,Y,,,,Y,,N,60,0,0,0,2,0,0,0,0,0,"- ","- ",37.623741149902344,-120.9864501953125,STANISLAUS,UNINCORPORATED,-120.98648834228516,37.624237060546875
92285823,2023,2024-01-12,9465,2023-12-31,1645,021226,,7,2,9,5000,0,3,5,,2,020,"ELEANOR AVENUE","SANTA FE STREET",1000.00,S,N,A,-,N,,,,,,,,,,Y,2,0,1,1,A,-,03,22350,,N,E,I,A,A,H,-,A,D,0,,,Y,,Y,,C,02,1,0,0,0,0,0,0,0,1,"- ","- ",37.733119964599609,-120.90805053710938,STANISLAUS,UNINCORPORATED,-120.90804290771484,37.733253479003906
92306752,2024,2024-02-06,9465,2024-02-01,1704,021235,,4,2,9,5000,0,3,5,,2,040,"FAITH HOME ROAD","LEVINE ROAD",690.00,N,N,B,-,N,,,,,,,,,,N,2,0,2,2,A,-,09,21804,A,N,D,C,A,A,H,-,B,D,0,,,,,Y,,A,01,1,1,0,0,0,0,0,0,0,"- ","- ",37.474540710449219,-120.92169189453125,STANISLAUS,UNINCORPORATED,-120.92163848876953,37.474544525146484
92324353,2023,2024-02-27,9465,2023-12-22,2114,020642,,5,2,9,5000,0,3,5,,2,050,"DEL PUERTO CANYON ROAD","DIABLO GRANDE PARKWAY",55440.00,W,N,A,-,N,,,,,,,,,,Y,1,2,0,1,A,-,08,22107,,N,E,I,A,A,H,-,D,D,0,,,,,Y,,A,01,0,0,0,0,0,0,0,0,0,"- ","- ",37.442211151123047,-121.31352996826172,STANISLAUS,UNINCORPORATED,-121.30766296386719,37.440895080566406
92329935,2024,2024-06-12,9465,2024-02-25,1330,022868,,7,1,9,5000,0,3,5,,2,030,"CANAL STREET","KERR AVENUE",117.00,W,N,A,-,N,,,,,,,,,,N,2,0,1,2,A,-,03,22350,,N,A,C,A,A,H,-,A,D,0,,,Y,,Y,,C,02,1,0,0,0,0,0,0,0,1,"- ","- ",37.632518768310547,-120.97203063964844,STANISLAUS,UNINCORPORATED,-120.97200012207031,37.632492065429688
92360298,2023,2024-04-09,9465,2023-12-20,1740,018767,,3,2,9,5000,0,1,3,,2,012,"STATE ROUTE 132 (SR-132)(MAZE BOULEVARD)","GATES ROAD",7920.00,W,N,B,C,Y,STA,,132," "," ",4.831,H,,R,Y,1,3,1,4,A,-,01,23152,A,N,A,C,A,B,H,-,D,D,0,,,,,Y,Y,A,01,1,0,0,0,0,0,0,0,0,"- ","- ",37.63787841796875,-121.18675994873047,STANISLAUS,UNINCORPORATED,-121.18675994873047,37.637840270996094
92360302,2024,2024-04-09,9465,2024-02-09,1038,023200,,5,1,9,5000,0,1,3,,1,031,"STATE ROUTE 132 (YOSEMITE BOULEVARD)","SOUTH BLOSSOM ROAD",658.00,E,N,A,-,Y,STA,,132," "," ",26.067,H,,R,Y,1,1,0,2,A,-,03,22350,,N,D,C,A,A,H,-,A,D,0,,,Y,Y,Y,,C,02,0,0,0,0,0,0,0,1,0,"- ","- ",37.638378143310547,-120.79443359375,STANISLAUS,UNINCORPORATED,-120.79442596435547,37.638412475585938
92369028,2024,2024-04-19,9465,2024-04-17,"128 ",021062,,3,3,9,5000,0,3,5,,2,020,"CLARIBEL ROAD","TERMINAL AVENUE",343.00,W,N,A,-,N,,,,,,,,,,Y,2,0,1,1,A,-,01,23152,A,N,E,I,A,A,H,-,D,D,0,,,,,Y,Y,A,07,1,0,0,0,0,0,0,0,0,"- ","- ",37.710948944091797,-120.93058776855469,STANISLAUS,UNINCORPORATED,-120.9305419921875,37.710906982421875
92389779,2024,2024-05-14,9465,2024-03-22,2025,021368,,5,2,9,5000,0,1,1,,2,055,"INTERSTATE 5 (NORTHBOUND)","PETE MILLER ROAD",862.00,S,N,B,-,Y,STA,,5," "," ",0.736,H,,R,Y,1,1,0,1,A,-,01,23152,A,N,F,0,A,A,H,-,D,D,0,,,,Y,Y,Y,G,25,0,0,0,0,0,0,0,0,0,"- ","- ",37.257728576660156,-121.09162902832031,STANISLAUS,UNINCORPORATED,-121.0916748046875,37.257724761962891
92402205,2024,2024-08-22,9465,2024-05-07,"935 ",018178,,2,1,5,5007,0,1,3,,2,041,"SR-99 SOUTHBOUND","WEST LINWOOD AVENUE",2112.00,N,N,A,-,Y,STA,,99," ",R,2.801,H,,L,Y,1,1,0,2,A,-,01,23152,A,N,C,2,A,A,H,-,A,D,0,,,,,Y,Y,A,01,0,0,0,0,0,0,0,0,0,"- ","- ",37.483898162841797,-120.86541748046875,STANISLAUS,TURLOCK,-120.86547088623047,37.483882904052734
9280342,2021,2021-06-28,5007,2021-05-18,1410,5810,TPD,2,5,5,5007,0,0,0,,0,PD5,"NORTH GOLDEN STATE BL","FULKERTH RD",0.00,,Y,A,-,N,,,,,,,,,,Y,2,0,3,2,A,-,08,22107,,N,A,C,A,A,H,-,A,A,0,,,,,Y,,A,01,3,0,0,0,0,0,0,0,0,"- ","- ",37.507301330566406,-120.86106872558594,STANISLAUS,TURLOCK,-120.86131286621094,37.507419586181641
9337736,2021,2021-10-23,5006,2021-07-24,2240,503115,RPD,6,5,3,5006,0,0,0,,0,RP1,"8TH ST","PATTERSON RD",70.00,N,N,A,-,Y,,,,,,,,,,N,2,0,1,2,C,-,18,,,N,G,B,E,A,H,-,C,D,0,Y,,,,Y,Y,-,"- ",1,0,0,0,1,0,0,0,0,"- ","- ",,,STANISLAUS,RIVERBANK,-120.92684936523438,37.732872009277344
9382201,2021,2021-12-23,5007,2021-10-15,1739,5810,,5,5,5,5007,0,0,0,,0,,"S WASHINGTON RD","WEST MAIN ST",1183.00,S,N,A,-,N,,,,,,,,,,Y,2,0,9,4,A,-,03,22350,,N,G,B,E,A,H,-,A,D,0,Y,,,,Y,,D,22,1,1,7,0,2,0,0,0,0,"- ","- ",,,STANISLAUS,TURLOCK,-120.90359497070312,37.489410400390625
9408577,2022,2022-03-01,5007,2022-01-14,0504,5803,TPD,5,5,5,5007,0,0,0,,0,PD5,"WEST MAIN ST","N ORANGE ST",24.00,W,N,E,-,N,,,,,,,,,,Y,2,0,1,1,A,-,08,22107,,N,E,I,A,A,H,-,C,D,0,,,,,Y,,A,01,1,0,0,0,0,0,0,0,0,"- ","- ",37.492748260498047,-120.85265350341797,STANISLAUS,TURLOCK,-120.85271453857422,37.492748260498047
94405595,2024,2024-09-24,9465,2024-09-17,"635 ",018222,,2,1,9,5000,0,3,5,,2,010,"PARADISE ROAD","STONE ROAD",250.00,W,N,B,-,N,,,,,,,,,,Y,2,0,1,2,A,-,08,22107,,N,E,I,A,A,H,-,B,D,0,,,,,Y,,A,01,1,0,0,0,0,0,0,0,0,"- ","- ",37.609050750732422,-121.08619689941406,STANISLAUS,UNINCORPORATED,-121.08614349365234,37.609081268310547
94431042,2024,2025-06-17,9465,2024-08-03,1925,022784,,6,2,9,5000,0,2,4,,2,016,"CLARIBEL RD","TERMINAL AVE",1000.00,E,N,A,-,N,,,,,,,,,,N,1,1,1,4,A,-,03,22350,,N,C,C,A,A,H,-,A,A,0,,,,,Y,,A,07,0,1,0,0,0,0,0,0,0,"- ","- ",37.710910797119141,-120.92568969726562,STANISLAUS,UNINCORPORATED,-120.9259033203125,37.710895538330078
94445625,2024,2024-10-25,9465,2024-10-24,1255,021226,,4,1,9,5000,0,1,3,,1,032,"STATE ROUTE 132","RESERVOIR ROAD",1584.00,E,N,A,-,Y,STA,,132," "," ",32.743,H,,R,N,2,0,1,1,A,-,08,22107,,N,F,A,A,A,H,-,A,D,0,,,Y,,Y,,C,02,1,0,0,0,0,0,0,0,1,"- ","- ",37.646579742431641,-120.67661285400391,STANISLAUS,UNINCORPORATED,-120.67662048339844,37.646621704101562
94497299,2024,2024-12-13,9465,2024-11-27,1939,021549,,3,2,9,5000,0,3,5,,2,030,"S. 7TH STREET","STATE ROUTE 99 (NORTHBOUND)",898.00,N,N,A,-,N,,,,,,,,,,Y,2,0,1,2,A,-,03,22350,,N,C,G,A,A,H,-,C,D,0,,Y,,,Y,,D,22,1,0,0,0,0,0,1,0,0,"- ","- ",37.618911743164062,-120.98905181884766,STANISLAUS,UNINCORPORATED,-120.98829650878906,37.618206024169922
94552536,2025,2025-01-28,9465,2025-01-23,1600,022767,,4,2,9,5000,0,2,4,,2,044,"S CARPENTER ROAD","HARDING ROAD",950.00,S,N,A,-,N,,,,,,,,,,N,2,0,1,2,A,-,08,22107,,N,F,0,A,A,H,-,A,A,0,,,Y,,Y,,C,02,1,0,0,0,0,0,0,0,1,"- ","- ",37.461669921875,-121.03150939941406,STANISLAUS,UNINCORPORATED,-121.031494140625,37.461566925048828
94557802,2024,2025-01-31,9465,2024-10-25,"445 ",018457,,5,3,6,5002,0,1,3,,2,011,"STATE ROUTE 99 (NORTHBOUND)","SIERRA DRIVE",196.00,S,N,A,-,Y,STA,,99," ",R,15.321,H,,R,N,1,1,0,2,A,-,11,21954,A,F,G,B,D,A,H,-,C,A,0,Y,,,,Y,,N,60,0,0,0,1,0,0,0,0,0,"- ","- ",37.63037109375,-120.99755096435547,STANISLAUS,MODESTO,-120.99748229980469,37.630386352539062
9464459,2021,2023-06-17,5007,2021-11-08,1622,5810,,1,5,5,5007,0,0,0,,0,004,"NORTH GOLDEN STATE BL","PEDRAS RD",18.00,S,N,A,-,N,,,,,,,,,,Y,1,1,1,2,A,-,09,21802,A,N,D,D,A,A,H,-,A,A,0,,,Y,,Y,,A,01,0,0,1,0,0,0,0,1,0,"- ","- ",,,STANISLAUS,TURLOCK,-120.86300659179688,37.509254455566406
94711643,2025,2025-06-03,9465,2025-02-12,2150,021239,,3,2,9,5000,0,2,4,,2,043,"WEST MAIN AVENUE","CARPENTER ROAD",1745.00,W,N,C,-,N,,,,,,,,,,N,1,1,0,2,A,-,11,21954,A,N,G,B,D,B,H,-,D,D,0,Y,,,,Y,Y,N,60,0,0,0,1,0,0,0,0,0,"- ","- ",37.493270874023438,-121.03707122802734,STANISLAUS,UNINCORPORATED,-121.03689575195312,37.493297576904297