CASE_ID,ACCIDENT_YEAR,PROC_DATE,JURIS,COLLISION_DATE,COLLISION_TIME,OFFICER_ID,REPORTING_DISTRICT,DAY_OF_WEEK,CHP_SHIFT,POPULATION,CNTY_CITY_LOC,SPECIAL_COND,BEAT_TYPE,CHP_BEAT_TYPE,CITY_DIVISION_LAPD,CHP_BEAT_CLASS,BEAT_NUMBER,PRIMARY_RD,SECONDARY_RD,DISTANCE,DIRECTION,INTERSECTION,WEATHER_1,WEATHER_2,STATE_HWY_IND,CALTRANS_COUNTY,CALTRANS_DISTRICT,STATE_ROUTE,ROUTE_SUFFIX,POSTMILE_PREFIX,POSTMILE,LOCATION_TYPE,RAMP_INTERSECTION,SIDE_OF_HWY,TOW_AWAY,COLLISION_SEVERITY,NUMBER_KILLED,NUMBER_INJURED,PARTY_COUNT,PRIMARY_COLL_FACTOR,PCF_CODE_OF_VIOL,PCF_VIOL_CATEGORY,PCF_VIOLATION,PCF_VIOL_SUBSECTION,HIT_AND_RUN,TYPE_OF_COLLISION,MVIW,PED_ACTION,ROAD_SURFACE,ROAD_COND_1,ROAD_COND_2,LIGHTING,CONTROL_DEVICE,CHP_ROAD_TYPE,PEDESTRIAN_ACCIDENT,BICYCLE_ACCIDENT,MOTORCYCLE_ACCIDENT,TRUCK_ACCIDENT,NOT_PRIVATE_PROPERTY,ALCOHOL_INVOLVED,STWD_VEHTYPE_AT_FAULT,CHP_VEHTYPE_AT_FAULT,COUNT_SEVERE_INJ,COUNT_VISIBLE_INJ,COUNT_COMPLAINT_PAIN,COUNT_PED_KILLED,COUNT_PED_INJURED,COUNT_BICYCLIST_KILLED,COUNT_BICYCLIST_INJURED,COUNT_MC_KILLED,COUNT_MC_INJURED,PRIMARY_RAMP,SECONDARY_RAMP,LATITUDE,LONGITUDE,COUNTY,CITY,POINT_X,POINT_Y
94714143,2025,2025-06-05,9465,2025-05-30,1705,022767,,5,2,9,5000,0,3,5,,2,030,"ZEFF ROAD","BYSTRUM ROAD",0.00,,Y,A,-,N,,,,,,,,,,N,2,0,1,2,A,-,12,22450,A,N,D,G,A,A,H,-,A,A,0,,Y,,,Y,,L,04,1,0,0,0,0,0,1,0,0,"- ","- ",37.626060485839844,-120.99334716796875,STANISLAUS,UNINCORPORATED,,
9480706,2022,2022-07-29,5003,2022-06-26,1620,N321,RDNM,7,5,2,5003,0,0,0,,0,NPD,"MAIN ST",STANISLAUS,77.00,N,N,A,-,N,,,,,,,,,,N,2,0,1,1,A,-,07,21658,A,N,E,I,A,A,H,-,A,D,0,,,,,Y,,-,,1,0,0,0,0,0,0,0,0,"- ","- ",37.312160491943359,-121.02200317382812,STANISLAUS,NEWMAN,-121.02152252197266,37.312313079833984
9530828,2022,2022-12-12,5007,2022-09-22,1907,5769,TPD,4,5,5,5007,0,0,0,,0,PD2,"WEST F ST","7TH ST",0.00,,Y,A,-,N,,,,,,,,,,N,2,0,1,2,A,-,12,22450,A,F,D,G,A,A,H,-,C,A,0,,Y,Y,,Y,,C,02,1,0,0,0,0,0,1,0,0,"- ","- ",37.484169006347656,-120.84815979003906,STANISLAUS,TURLOCK,-120.84615325927734,37.484199523925781
9531327,2022,2022-12-22,5001,2022-11-04,0749,821,A200,5,5,4,5001,0,0,0,,0,001,"MOFFETT RD","MAUNA KEA DR",4.00,N,N,A,-,N,,,,,,,,,,N,2,0,1,2,A,-,10,21950,,N,G,B,B,A,H,-,A,A,0,Y,,,,Y,,A,01,1,0,0,0,1,0,0,0,0,"- ","- ",37.604408264160156,-120.94789123535156,STANISLAUS,CERES,-120.94789886474609,37.604412078857422
9553611,2023,2023-03-10,5001,2023-02-20,"941 ",849,C001,1,5,4,5001,0,0,0,,0,005,"W WHITMORE AV","5TH ST",0.00,,Y,A,-,N,,,,,,,,,,Y,2,0,2,2,A,-,01,23152,A,N,D,C,A,A,H,-,A,A,0,,,,,Y,Y,A,01,1,1,0,0,0,0,0,0,0,"- ","- ",37.594749450683594,-120.95220184326172,STANISLAUS,CERES,-120.95223999023438,37.594772338867188
9563077,2023,2023-04-08,5007,2023-03-11,2201,6973,TPD,6,5,5,5007,0,0,0,,0,PD2,"E OLIVE AVE","NORTH GOLDEN STATE BL",0.00,,Y,A,-,N,,,,,,,,,,Y,2,0,3,2,A,-,12,21453,,N,D,C,A,A,H,-,C,A,0,,,,,Y,,A,01,1,2,0,0,0,0,0,0,0,"- ","- ",37.495410919189453,-120.84686279296875,STANISLAUS,TURLOCK,-120.84686279296875,37.495403289794922
9624161,2022,2023-11-09,5002,2022-03-23,2136,11788,,3,5,6,5002,0,0,0,,0,MP43,"CLAUS RD","RT 132",1307.00,,N,A,-,N,,,,,,,,,,Y,1,1,0,1,A,-,03,22350,,N,E,I,A,A,H,-,C,D,0,,,,,Y,,A,01,0,0,0,0,0,0,0,0,0,"- ","- ",37.638271331787109,-120.92349243164062,STANISLAUS,MODESTO,-120.92331695556641,37.638259887695312
9684636,2024,2024-05-02,5007,2024-02-22,1656,5785,TPD,4,5,5,5007,0,0,0,,0,PD2,"PECAN WAY","JULEP WAY",83.00,W,N,A,-,N,,,,,,,,,,N,2,0,1,2,A,-,03,22350,,N,A,C,A,A,H,-,A,D,0,,,Y,,Y,,C,03,1,0,0,0,0,0,0,0,1,"- ","- ",37.475429534912109,-120.83394622802734,STANISLAUS,TURLOCK,-120.83377838134766,37.475189208984375
9745997,2024,2024-11-18,5004,2024-09-09,1548,376,RD38,1,5,3,5004,0,0,0,,0,041,"F ST","JOHNSON AV",0.00,,Y,A,-,N,,,,,,,,,,Y,2,0,2,2,A,-,12,21453,,N,D,C,A,A,H,-,A,A,0,,,,,Y,,A,01,1,1,0,0,0,0,0,0,0,"- ","- ",37.769851684570312,-120.83827972412109,STANISLAUS,OAKDALE,-120.83831024169922,37.769851684570312
9751316,2024,2025-01-15,5007,2024-07-15,1210,5769,TPD,1,5,5,5007,0,0,0,,0,PD2,"LANDER AV","SIMMONS RD",71.00,N,N,A,-,Y,STA,10,165,-,-,1.250,H,-,N,Y,1,1,1,2,A,-,01,23152,G,N,A,C,A,A,H,-,A,D,0,,,,Y,Y,Y,A,01,0,0,1,0,0,0,0,0,0,"- ","- ",37.470890045166016,-120.84900665283203,STANISLAUS,TURLOCK,-120.8489990234375,37.47100830078125
9782294,2025,2025-02-18,5007,2025-01-05,"936 ",5783,TPD,7,5,5,5007,0,0,0,,0,PD2,"5TH ST","EAST LINWOOD AV",0.00,,Y,A,-,N,,,,,,,,,,N,2,0,1,2,A,-,12,22450,A,N,D,G,A,A,H,-,A,D,0,,Y,,,Y,,L,04,1,0,0,0,0,0,1,0,0,"- ","- ",37.478111267089844,-120.83580780029297,STANISLAUS,TURLOCK,-120.83603668212891,37.478122711181641
9815329,2025,2025-06-04,5003,2025-04-19,2155,N203,RDNM,6,5,2,5003,0,0,0,,0,NPD,"N ST","N ST 1632",0.00,,N,A,-,N,,,,,,,,,,N,2,0,1,2,A,-,00,21945,,N,G,B,D,A,H,-,C,D,0,Y,,,,Y,Y,N,60,1,0,0,0,1,0,0,0,0,"- ","- ",37.312000274658203,-121.01899719238281,STANISLAUS,NEWMAN,,
6290630,2014,2014-06-09,9465,2014-03-26,1205,18251,,3,1,9,5000,0,3,5,,2,030,"HERNDON AV","LUCCHESI LN",34.00,S,N,B,-,N,,,,,,,,,,N,1,1,0,2,A,-,11,21954,A,N,G,B,D,B,H,-,A,D,0,Y,,,,Y,,N,60,0,0,0,1,0,0,0,0,0,"- ","- ",37.619450000000001,-120.97538,STANISLAUS,UNINCORPORATED,-120.97533937,37.619766630000001
6291547,2014,2014-11-25,5007,2014-09-06,1944,5697,,6,5,5,5007,0,0,0,,0,002,"ROCKWOOD AV","BOXWOOD WY",0.00,,Y,A,-,N,,,,,,,,,,Y,1,3,1,4,A,-,01,23152,A,F,G,B,F,A,H,-,C,D,0,Y,,,,Y,Y,A,01,0,1,0,3,0,0,0,0,0,"- ","- ",,,STANISLAUS,TURLOCK,-120.84417993,37.480889949999998
6291719,2014,2014-12-18,5002,2014-10-19,1410,10320,M417,7,5,6,5002,0,0,0,,0,040,"RT 132","8TH ST",0.00,,Y,A,-,Y,STA,10,132,-,-,14.910,I,5,W,Y,1,1,1,2,A,-,01,23152,A,N,D,C,A,A,H,-,A,A,0,,,,,Y,Y,A,01,1,0,0,0,0,0,0,0,0,"- ","- ",,,STANISLAUS,MODESTO,-121.00460784000001,37.640913529999999
6292057,2014,2015-04-03,9465,2014-08-03,2125,15247,,7,2,9,5000,0,3,5,,2,010,"BECKWITH RD","BECKWITH CT",35.00,E,N,A,-,N,,,,,,,,,,Y,1,1,0,2,A,-,01,23152,A,N,C,C,A,A,H,-,D,A,0,,,,Y,Y,Y,A,08,0,0,0,0,0,0,0,0,0,"- ","- ",37.681870000000004,-121.05694,STANISLAUS,UNINCORPORATED,-121.05699912,37.681963099999997
6292506,2015,2017-04-04,5002,2015-05-24,0205,11252,M153,7,5,6,5002,0,0,0,,0,076,"ROSELLE AV","SYLVAN AV",1500.00,N,N,A,-,N,,,,,,,,,,Y,1,1,0,1,A,-,01,23152,A,N,F,I,A,A,H,-,D,D,0,,,,,Y,Y,-,,0,0,0,0,0,0,0,0,0,"- ","- ",,,STANISLAUS,MODESTO,,
6376687,2014,2014-06-19,9465,2014-02-03,1510,18216,,1,2,9,5000,0,3,5,,2,030,"7TH ST","SANTA FE AV",0.00,,Y,A,-,N,,,,,,,,,,Y,2,0,2,2,A,-,09,21802,A,N,D,C,A,A,H,-,A,A,0,,,,,Y,,A,01,1,1,0,0,0,0,0,0,0,"- ","- ",37.588509999999999,-120.86038000000001,STANISLAUS,UNINCORPORATED,-120.86095994,37.588949909999997
6377613,2014,2014-07-21,5002,2014-01-14,1235,11242,M857,2,5,6,5002,0,0,0,,0,061,"COLDWELL AV","CAMPUS WY",313.00,W,N,A,-,N,,,,,,,,,,Y,2,0,2,6,C,-,18,,,N,C,C,-,A,H,-,A,D,0,Y,,,,Y,,-,"- ",1,1,0,0,1,0,0,0,0,"- ","- ",,,STANISLAUS,MODESTO,,
6402699,2014,2016-06-07,9465,2014-02-22,1720,18894,,6,2,9,5000,0,1,3,,2,023,"RT 108","LANGWORTH RD",1000.00,E,N,A,-,Y,STA,10,108,-,R,35.030,H,-,E,Y,2,0,1,2,A,-,03,22350,,N,C,C,A,A,H,-,A,D,0,,,Y,,Y,,C,02,1,0,0,0,0,0,0,0,1,"- ","- ",37.754399999999997,-120.89538,STANISLAUS,UNINCORPORATED,-120.90049687,37.752749590000001
6410423,2014,2016-01-07,5004,2014-01-09,1335,139,RD63,4,5,3,5004,0,0,0,,0,00S,"RT 108","STEARNS RD",25.00,E,N,A,-,Y,STA,10,120,-,-,6.870,H,-,W,Y,1,1,2,3,A,-,08,22107,,N,C,C,A,A,H,-,A,D,0,,,,,Y,Y,A,01,0,0,2,0,0,0,0,0,0,"- ","- ",,,STANISLAUS,OAKDALE,-120.8179895,37.775915359999999
6410427,2014,2016-02-24,5004,2014-01-29,1817,187,RD26,3,5,3,5004,0,0,0,,0,00N,"RT 108","LEE AV",0.00,,Y,B,-,Y,STA,10,108,-,-,37.090,I,5,W,N,2,0,1,2,A,-,10,21950,A,N,G,B,B,A,H,-,C,A,0,Y,,,,Y,,A,08,1,0,0,0,1,0,0,0,0,"- ","- ",,,STANISLAUS,OAKDALE,-120.86567454999999,37.758764169999999
6426139,2014,2014-07-08,9465,2014-03-16,1940,015816,,7,2,9,5000,0,3,5,,2,030,"MITCHELL RD","FINCH RD",244.00,N,N,A,-,N,,,,,,,,,,Y,2,0,1,2,A,-,07,21658,A,N,C,C,A,A,H,-,C,-,0,,,Y,,Y,,C,02,1,0,0,0,0,0,0,0,1,"- ","- ",37.624549999999999,-120.94598999999999,STANISLAUS,UNINCORPORATED,-120.94472777999999,37.623784729999997
6469580,2014,2014-07-28,9465,2014-04-05,1815,018767,,6,2,9,5000,0,3,5,,2,020,"WILLMS RD","RT 108",7920.00,S,N,A,-,N,,,,,,,,,,Y,2,0,2,1,A,-,01,23152,A,N,E,I,A,A,H,-,A,D,0,,,Y,,Y,Y,C,02,1,1,0,0,0,0,0,0,2,"- ","- ",37.799759999999999,-120.64113999999999,STANISLAUS,UNINCORPORATED,-120.64191328,37.799972279999999
6501617,2014,2014-08-26,9465,2014-05-26,0118,016440,,1,3,9,5000,0,3,5,,2,040,"CENTRAL AV","KEYES RD",2640.00,S,N,A,-,N,,,,,,,,,,Y,2,0,1,1,A,-,08,22107,,F,E,I,A,A,H,-,D,D,0,,,,,Y,,A,01,1,0,0,0,0,0,0,0,0,"- ","- ",37.543840000000003,-120.95696,STANISLAUS,UNINCORPORATED,-120.95700196999999,37.544050130000002
6504984,2014,2014-08-22,9465,2014-05-16,1330,14889,,5,1,9,5000,0,3,5,,2,020,"RODDEN RD","TIMMERMAN LN",330.00,E,N,A,-,N,,,,,,,,,,N,2,0,1,1,A,-,08,22107,,N,E,I,A,-,A,H,A,A,0,,,Y,,Y,,C,02,1,0,0,0,0,0,0,0,1,"- ","- ",37.786810000000003,-120.84047,STANISLAUS,UNINCORPORATED,-120.84054286,37.786813330000001
6514853,2014,2016-04-09,9465,2014-05-22,1125,018452,,4,1,9,5000,0,1,3,,2,041,"HATCH RD","RT 99",0.00,,Y,A,-,Y,STA,10,99,-,R,13.498,R,4,S,N,2,0,1,2,A,-,05,21202,A,N,D,G,A,A,H,-,A,A,1,,Y,,,Y,,L,04,1,0,0,0,0,0,1,0,0,"- ",SF,37.609349999999999,-120.9774,STANISLAUS,UNINCORPORATED,-120.97927482,37.611965359999999
6532108,2014,2016-04-09,9465,2014-06-06,0900,017288,,5,1,9,5000,0,1,1,,2,055,"RT 5","HOWARD RD",5280.00,N,N,A,-,Y,STA,10,5,-,-,24.010,H,-,N,Y,2,0,2,2,A,-,03,22350,,N,C,C,A,A,H,-,A,D,1,,,,,Y,,A,01,1,1,0,0,0,0,0,0,0,"- ","- ",37.552439999999997,-121.28372,STANISLAUS,UNINCORPORATED,-121.28070662,37.550365200000002
6537441,2014,2014-07-22,5002,2014-04-19,2220,11252,M134,6,5,6,5002,0,0,0,,0,075,"SYLVAN AV","KELLER ST",150.00,E,N,A,-,N,,,,,,,,,,Y,2,0,1,2,A,-,17,21208,B,N,D,G,A,A,-,-,D,A,0,,Y,,,Y,Y,L,04,1,0,0,0,0,0,1,0,0,"- ","- ",,,STANISLAUS,MODESTO,-120.96979164,37.68891
6573166,2014,2014-08-29,5002,2014-07-20,1904,10096,M609,7,5,6,5002,0,0,0,,0,043,"MCCLURE RD","JARENA DR",150.00,S,N,A,-,N,,,,,,,,,,Y,2,0,1,3,A,-,08,22107,,N,D,E,A,A,H,-,B,D,0,,,,,Y,,D,,1,0,0,0,0,0,0,0,0,"- ","- ",,,STANISLAUS,MODESTO,-120.93003369,37.641348100000002
6581220,2014,2016-01-15,9465,2014-07-25,2245,018825,,5,3,9,5000,0,3,5,,2,050,"EASTIN RD","RT 33",1489.00,W,N,A,-,N,,,,,,,,,,Y,2,0,1,1,A,-,08,22107,,N,E,I,A,A,H,-,D,D,0,,,,,Y,,A,01,1,0,0,0,0,0,0,0,0,"- ","- ",37.383699999999997,-121.0672,STANISLAUS,UNINCORPORATED,-121.06731489000001,37.383944739999997
6581280,2014,2014-09-02,9465,2014-07-14,1220,019713,,1,1,9,5000,0,3,5,,2,010,"FINNEY RD","BECKWITH RD",2640.00,N,N,A,-,N,,,,,,,,,,Y,2,0,1,1,A,-,08,22107,,N,F,I,A,A,H,-,A,D,0,,,,,Y,,A,01,1,0,0,0,0,0,0,0,0,"- ","- ",,,STANISLAUS,UNINCORPORATED,-121.08642327,37.68899562
6589044,2014,2016-01-15,5001,2014-08-04,1833,486,,1,5,4,5001,0,0,0,,0,004,"CROWS LANDING RD",SERVICE,62.00,S,N,A,-,N,,,,,,,,,,,2,0,1,3,A,-,12,21453,A,N,D,C,A,A,H,-,A,A,0,,,,,Y,,-,,1,0,0,0,0,0,0,0,0,"- ","- ",,,STANISLAUS,CERES,,
6595639,2014,2016-01-15,9465,2014-07-30,0635,016917,,3,1,9,5000,0,3,5,,2,030,"RIOPEL AV","ZEERING RD",331.00,N,N,B,-,N,,,,,,,,,,Y,2,0,1,1,A,-,08,22107,,N,E,I,A,A,H,-,A,D,0,,,,,Y,,A,01,1,0,0,0,0,0,0,0,0,"- ","- ",37.530110000000001,-120.79025,STANISLAUS,UNINCORPORATED,-120.78938719999999,37.529888890000002
6606208,2014,2014-10-02,5002,2014-06-05,0049,11186,M097,4,5,6,5002,0,0,0,,0,063,"RT 108","STANDIFORD AV",0.00,,Y,A,-,Y,STA,10,108,-,-,26.060,I,5,W,Y,1,1,1,2,A,-,01,23152,A,N,D,C,A,A,H,-,C,A,0,,,,,Y,Y,A,01,0,0,1,0,0,0,0,0,0,"- ","- ",,,STANISLAUS,MODESTO,-120.99429999,37.688912999999999
6606385,2015,2016-02-05,5002,2015-11-06,1952,10320,M026,5,5,6,5002,0,0,0,,0,053,"TULLY RD","PALMILLA DR",324.00,N,N,A,-,N,,,,,,,,,,N,1,1,0,2,D,-,00,,,F,G,B,E,A,H,-,C,D,0,Y,,,,Y,Y,-,"- ",0,0,0,1,0,0,0,0,0,"- ","- ",,,STANISLAUS,MODESTO,-121.01263474,37.696809600000002
6606488,2014,2014-09-29,9465,2014-08-10,1127,014588,,7,1,9,5000,0,3,5,,2,050,"DEL PUERTO CANYON RD","DIABLO GRANDE PKWY",10560.00,W,N,A,-,N,,,,,,,,,,N,2,0,1,1,A,-,08,22107,,N,E,I,A,A,H,-,A,D,0,,,Y,,Y,,C,02,1,0,0,0,0,0,0,0,1,"- ","- ",37.48019,-121.2114,STANISLAUS,UNINCORPORATED,-121.21110366000001,37.480097929999999
6617082,2014,2016-04-28,9465,2014-08-24,0612,015398,,7,1,5,5007,0,1,3,,2,041,"RT 99","MONTE VISTA AV",3432.00,N,N,A,-,Y,STA,10,99,-,R,6.310,H,-,S,Y,2,0,2,1,A,-,01,23152,A,N,E,I,A,A,H,-,A,D,1,,,,,Y,Y,A,01,1,0,1,0,0,0,0,0,0,"- ","- ",37.530389999999997,-120.88994,STANISLAUS,TURLOCK,-120.89017334,37.530951940000001
6619491,2014,2014-10-03,5001,2014-09-01,1355,663,,1,5,4,5001,0,0,0,,0,004,"HACKETT RD","MORGAN RD",140.00,E,N,A,-,N,,,,,,,,,,N,2,0,2,2,A,-,05,21650,1,N,A,G,A,A,H,-,A,D,0,,Y,,,Y,,L,04,1,0,1,0,0,0,1,0,0,"- ","- ",,,STANISLAUS,CERES,-120.97480686,37.587618120000002
6622015,2014,2016-04-28,9465,2014-09-05,0529,017542,,5,3,9,5000,0,1,3,,2,053,"RT 33","ROGERS RD",306.00,S,N,A,-,Y,STA,10,33,-,-,17.920,H,-,S,Y,2,0,2,2,A,-,05,21460,A,N,A,C,A,A,H,-,D,A,0,,,,,Y,,A,01,1,0,1,0,0,0,0,0,0,"- ","- ",37.528640000000003,-121.17581,STANISLAUS,UNINCORPORATED,-121.17633978000001,37.528923339999999
6622788,2014,2014-11-04,9465,2014-09-02,1020,018216,,2,1,9,5000,0,3,5,,2,030,"BARNHART RD","SANTA FE AV",69.00,W,N,A,-,N,,,,,,,,,,Y,2,0,1,2,A,-,12,22451,B,N,D,F,A,A,H,-,A,A,0,,,,,Y,,D,22,1,0,0,0,0,0,0,0,0,"- ","- ",37.543799999999997,-120.81476000000001,STANISLAUS,UNINCORPORATED,-120.81507781000001,37.543886800000003
6652927,2014,2014-10-24,9465,2014-09-11,1505,016917,,4,2,9,5000,0,3,5,,2,010,"GRIMES AV","W CALIFORNIA AV",1792.00,N,N,A,-,N,,,,,,,,,,Y,2,0,2,1,A,-,08,22107,,N,E,I,A,A,H,-,A,A,0,,,,,Y,,A,07,2,0,0,0,0,0,0,0,0,"- ","- ",37.62959,-121.0442,STANISLAUS,UNINCORPORATED,-121.04443778,37.636181069999999
6666976,2014,2014-11-26,5002,2014-10-11,1858,10152,608,6,5,6,5002,0,0,0,,0,042,"EL PASADO DR","NORTH RIVERSIDE DR",0.00,,Y,A,-,N,,,,,,,,,,N,2,0,1,2,D,-,00,,,N,G,B,E,A,H,-,B,D,0,Y,,,,Y,,-,"- ",1,0,0,0,1,0,0,0,0,"- ","- ",,,STANISLAUS,MODESTO,-120.94812996,37.644409940000003
6678215,2017,2019-04-05,5007,2017-11-15,2300,5694,5007,3,5,5,5007,0,0,0,,0,002,"LANDER AV","LINWOOD AV",169.00,S,N,B,-,N,,,,,,,,,,N,1,1,0,2,A,-,01,21200,5,N,D,G,A,A,H,-,C,D,0,,Y,,,Y,Y,L,04,0,0,0,0,0,1,0,0,0,"- ","- ",,,STANISLAUS,TURLOCK,-120.84899967,37.477715959999998
6683555,2014,2014-12-19,5002,2014-10-11,0603,10660,039,6,5,6,5002,0,0,0,,0,064,"TULLY RD","BOWEN AV",370.00,N,N,A,-,N,,,,,,,,,,N,2,0,1,2,A,-,11,21954,A,N,G,B,D,A,H,-,C,D,0,Y,,,,Y,,N,,1,0,0,0,1,0,0,0,0,"- ","- ",,,STANISLAUS,MODESTO,-121.01232314000001,37.67587606
6691691,2014,2014-11-21,5002,2014-09-07,0707,11317,M384,7,5,6,5002,0,0,0,,0,061,"9TH ST","NELLIE AV",0.00,,Y,A,-,N,,,,,,,,,,Y,2,0,4,1,A,-,03,22350,,N,E,I,A,A,H,-,A,D,0,,,,,Y,Y,-,,3,1,0,0,0,0,0,0,0,"- ","- ",,,STANISLAUS,MODESTO,-121.00839992,37.64575988
6696863,2014,2015-01-02,5007,2014-10-08,1817,5711,,3,5,5,5007,0,0,0,,0,005,"GOLDEN STATE BL","GEER RD",0.00,,Y,A,-,N,,,,,,,,,,Y,2,0,3,2,A,-,01,23152,E,N,-,C,A,A,H,-,A,A,0,,,,,Y,,A,01,2,0,1,0,0,0,0,0,0,"- ","- ",,,STANISLAUS,TURLOCK,-120.84905994,37.498759980000003
6697290,2014,2015-01-08,5002,2014-11-01,0651,10306,415,6,5,6,5002,0,0,0,,0,040,"9TH ST","H ST",0.00,,Y,B,C,N,,,,,,,,,,N,2,0,1,2,A,-,10,21950,A,F,G,B,B,B,H,-,C,A,0,Y,,,,Y,,A,,1,0,0,0,1,0,0,0,0,"- ","- ",,,STANISLAUS,MODESTO,-120.99898995,37.63780989
6703595,2014,2015-01-09,5002,2014-11-13,1718,11668,M384,4,5,6,5002,0,0,0,,0,040,"9TH ST","O ST",0.00,,Y,A,-,N,,,,,,,,,,N,2,0,3,3,A,-,12,21453,A,N,D,C,A,A,H,-,B,D,0,,,,,Y,,-,,1,0,2,0,0,0,0,0,0,"- ","- ",,,STANISLAUS,MODESTO,-121.00697700000001,37.644570000000002
6718359,2015,2015-03-19,5005,2015-01-09,1930,,,5,5,3,5005,0,0,0,,0,,"SALADO AV","RT 33",78.00,W,N,A,-,Y,STA,10,33,-,-,13.100,I,6,S,Y,1,1,0,1,A,-,12,21453,A,N,E,I,A,A,H,-,D,D,0,,,Y,,Y,Y,C,02,0,0,0,0,0,0,0,1,0,"- ","- ",37.470999999999997,-121.1284,STANISLAUS,PATTERSON,-121.12823994999999,37.471064910000003
6724373,2014,2015-01-15,5002,2014-11-27,2222,11756,153,4,5,6,5002,0,0,0,,0,076,"SYLVAN AV","JEFFREY DR",138.00,W,N,A,-,N,,,,,,,,,,Y,2,0,1,1,A,-,01,23152,,N,A,I,A,A,H,-,C,D,0,,,,,Y,Y,A,,1,0,0,0,0,0,0,0,0,"- ","- ",,,STANISLAUS,MODESTO,-120.95219689,37.688960000000002
6755035,2014,2015-02-05,9465,2014-12-09,1400,15398,,2,2,9,5000,0,2,4,,2,016,"CLARIBEL RD","COFFEE RD",1750.00,E,N,B,-,N,,,,,,,,,,Y,2,0,4,2,A,-,05,21460,A,N,A,C,A,A,D,H,A,D,0,,,,,Y,,A,07,1,2,1,0,0,0,0,0,0,"- ","- ",37.711150000000004,-120.97071,STANISLAUS,UNINCORPORATED,-120.97059084,37.711046179999997
6755994,2014,2015-05-19,5004,2014-12-18,1805,236,,4,5,3,5004,0,0,0,,0,00N,"WEST F ST","LAUREL AV",10.00,S,N,B,-,Y,,,,,,,,,,N,2,0,2,3,A,-,10,21950,A,N,G,B,B,A,H,-,C,D,0,Y,,,,Y,,A,81,1,0,1,0,2,0,0,0,0,"- ","- ",,,STANISLAUS,OAKDALE,-120.85376063,37.763787239999999
6779478,2014,2015-02-11,5002,2014-12-29,1930,11271,M217,1,5,6,5002,0,0,0,,0,061,"TULLY RD","ROSEBURG AV",150.00,N,N,A,-,N,,,,,,,,,,N,2,0,1,2,A,-,11,21954,A,N,G,B,D,A,H,-,C,A,0,Y,,,,Y,,N,,1,0,0,0,1,0,0,0,0,"- ","- ",,,STANISLAUS,MODESTO,-121.01214,37.660831940000001
6785444,2015,2015-03-02,5002,2015-01-07,1312,11209,M077,3,5,6,5002,0,0,0,,0,064,"PRESCOTT RD","PLAZA PKWY",271.00,S,N,A,-,N,,,,,,,,,,Y,2,0,1,2,A,-,08,22107,,N,B,C,A,A,H,-,A,A,0,,,Y,,Y,,C,,1,0,0,0,0,0,0,0,1,"- ","- ",,,STANISLAUS,MODESTO,-121.03127000000001,37.670975759999997
6787602,2015,2015-02-19,9465,2015-01-07,1758,15604,,3,2,9,5000,0,3,5,,2,050,"VILLA MANUCHA RD","LUNDY RD",1056.00,S,N,A,-,N,,,,,,,,,,Y,2,0,2,2,A,-,03,22350,,N,C,C,A,A,H,-,D,D,0,,,,,Y,,D,22,1,0,1,0,0,0,0,0,0,"- ","- ",37.341729999999998,-121.02639000000001,STANISLAUS,UNINCORPORATED,-121.02634405000001,37.344570009999998
6803013,2015,2016-09-21,9465,2015-01-26,0751,014588,,1,1,9,5000,0,1,1,,2,056,"RT 5","PETE MILLER RD",1752.00,N,N,E,-,Y,STA,10,5,-,-,1.220,H,-,S,Y,2,0,2,1,A,-,08,22107,,N,F,A,A,A,H,-,A,D,1,,,,,Y,,A,07,1,1,0,0,0,0,0,0,0,"- ","- ",37.264420000000001,-121.09383,STANISLAUS,UNINCORPORATED,-121.09383012000001,37.264679700000002
6809524,2015,2016-09-20,9465,2015-01-29,0330,18894,,4,3,4,5001,0,1,3,,2,041,"RT 99","HATCH RD",2640.00,S,N,E,-,Y,STA,10,99,-,R,12.680,H,-,N,Y,2,0,2,1,A,-,01,23152,A,F,E,I,A,A,H,-,D,D,1,,,,,Y,Y,A,01,1,1,0,0,0,0,0,0,0,"- ","- ",37.603560000000002,-120.97038000000001,STANISLAUS,CERES,-120.96961786,37.602871839999999
6821419,2015,2015-03-06,5002,2015-02-12,1126,11606,M012,4,5,6,5002,0,0,0,,0,065,"DALE RD","VENEMAN AV",0.00,,Y,A,-,N,,,,,,,,,,Y,2,0,2,2,A,-,17,21451,A,N,A,C,A,A,H,-,A,A,0,,,,,Y,,A,,1,1,0,0,0,0,0,0,0,"- ","- ",,,STANISLAUS,MODESTO,-121.04986984999999,37.689349980000003
6824000,2015,2015-03-17,5002,2015-01-19,1858,11302,858,1,5,6,5002,0,0,0,,0,034,"CARPENTER RD","BLUE GUM AV",136.00,N,N,A,-,N,,,,,,,,,,Y,2,0,1,2,A,-,07,21658,A,N,B,C,A,A,H,-,C,A,0,,,Y,,Y,,D,,1,0,0,0,0,0,0,0,0,"- ","- ",,,STANISLAUS,MODESTO,-121.03113,37.660903490000003
6836174,2015,2015-03-11,5002,2015-02-18,0731,11317,M586,3,5,6,5002,0,0,0,,0,073,"EAST ORANGEBURG AV","SATARIANO LN",0.00,,Y,A,-,N,,,,,,,,,,N,2,0,1,2,A,-,12,22450,A,N,D,G,A,A,H,-,A,A,0,,Y,,,Y,,L,04,1,0,0,0,0,0,1,0,0,"- ","- ",,,STANISLAUS,MODESTO,-120.93772998,37.663559929999998
6854175,2015,2015-09-01,9465,2015-01-12,1350,15761,,1,1,9,5000,0,3,5,,2,030,"TUOLUMNE RD","GRATTON RD",0.00,,Y,A,-,N,,,,,,,,,,Y,1,1,0,1,A,-,12,22450,A,N,E,I,A,A,H,-,A,A,0,,,,,Y,,D,22,0,0,0,0,0,0,0,0,0,"- ","- ",37.51484,-120.79416999999999,STANISLAUS,UNINCORPORATED,-120.79413993,37.514429939999999