CASE_ID,ACCIDENT_YEAR,PROC_DATE,JURIS,COLLISION_DATE,COLLISION_TIME,OFFICER_ID,REPORTING_DISTRICT,DAY_OF_WEEK,CHP_SHIFT,POPULATION,CNTY_CITY_LOC,SPECIAL_COND,BEAT_TYPE,CHP_BEAT_TYPE,CITY_DIVISION_LAPD,CHP_BEAT_CLASS,BEAT_NUMBER,PRIMARY_RD,SECONDARY_RD,DISTANCE,DIRECTION,INTERSECTION,WEATHER_1,WEATHER_2,STATE_HWY_IND,CALTRANS_COUNTY,CALTRANS_DISTRICT,STATE_ROUTE,ROUTE_SUFFIX,POSTMILE_PREFIX,POSTMILE,LOCATION_TYPE,RAMP_INTERSECTION,SIDE_OF_HWY,TOW_AWAY,COLLISION_SEVERITY,NUMBER_KILLED,NUMBER_INJURED,PARTY_COUNT,PRIMARY_COLL_FACTOR,PCF_CODE_OF_VIOL,PCF_VIOL_CATEGORY,PCF_VIOLATION,PCF_VIOL_SUBSECTION,HIT_AND_RUN,TYPE_OF_COLLISION,MVIW,PED_ACTION,ROAD_SURFACE,ROAD_COND_1,ROAD_COND_2,LIGHTING,CONTROL_DEVICE,CHP_ROAD_TYPE,PEDESTRIAN_ACCIDENT,BICYCLE_ACCIDENT,MOTORCYCLE_ACCIDENT,TRUCK_ACCIDENT,NOT_PRIVATE_PROPERTY,ALCOHOL_INVOLVED,STWD_VEHTYPE_AT_FAULT,CHP_VEHTYPE_AT_FAULT,COUNT_SEVERE_INJ,COUNT_VISIBLE_INJ,COUNT_COMPLAINT_PAIN,COUNT_PED_KILLED,COUNT_PED_INJURED,COUNT_BICYCLIST_KILLED,COUNT_BICYCLIST_INJURED,COUNT_MC_KILLED,COUNT_MC_INJURED,PRIMARY_RAMP,SECONDARY_RAMP,LATITUDE,LONGITUDE,COUNTY,CITY,POINT_X,POINT_Y
6864479,2015,2016-09-20,9465,2015-03-04,1445,016799,,3,2,9,5000,0,1,3,,2,041,"RT 99","FAITH HOME RD",1056.00,N,N,A,-,Y,STA,10,99,-,-,9.030,H,-,S,Y,2,0,1,2,A,-,07,21658,A,F,H,I,A,A,H,-,A,D,1,,,,Y,Y,,A,01,1,0,0,0,0,0,0,0,0,"- ","- ",37.561039999999998,-120.92234999999999,STANISLAUS,UNINCORPORATED,-120.92502302,37.56351858
6866746,2015,2017-04-25,9465,2015-03-02,2258,012351,,1,3,6,5002,0,1,3,,2,011,"RT 99","BECKWITH RD",0.00,N,N,A,-,Y,STA,10,99,-,R,20.380,H,-,S,Y,1,1,1,2,-,-,"- ",,,N,G,B,E,A,H,-,D,D,1,Y,,,,Y,,-,"- ",0,1,0,1,0,0,0,0,0,"- ","- ",37.685200000000002,-121.05535999999999,STANISLAUS,MODESTO,-121.05528485000001,37.685060710000002
6869869,2015,2016-04-18,5007,2015-02-12,0414,5731,5007,4,5,5,5007,0,0,0,,0,001,"WEST MONTE VISTA AV","GEER RD",0.00,,Y,A,-,N,,,,,,,,,,Y,2,0,1,2,A,-,"- ",,,N,G,G,A,A,H,-,C,A,0,,Y,,,Y,,L,04,1,0,0,0,0,0,1,0,0,"- ","- ",,,STANISLAUS,TURLOCK,-120.84887995,37.521949929999998
6872367,2015,2015-04-08,9465,2015-03-24,0732,014588,,2,1,9,5000,0,3,5,,2,020,"MILNES RD","LANGWORTH RD",0.00,,Y,B,-,N,,,,,,,,,,Y,2,0,3,3,A,-,01,23152,A,N,A,C,A,A,H,-,A,A,0,,,,,Y,Y,A,01,3,0,0,0,0,0,0,0,0,"- ","- ",37.681950000000001,-120.89452,STANISLAUS,UNINCORPORATED,-120.89388989,37.681829919999998
6872375,2015,2015-04-08,9465,2015-03-14,0405,018452,,6,3,9,5000,0,3,5,,2,010,"NORTH AV","BRINK AV",0.00,,Y,A,-,N,,,,,,,,,,Y,2,0,3,1,A,-,01,23152,A,N,E,I,A,A,H,-,D,A,0,,,,,Y,Y,A,01,1,2,0,0,0,0,0,0,0,"- ","- ",37.674680000000002,-121.04451,STANISLAUS,UNINCORPORATED,-121.04475988,37.67488994
6879062,2015,2016-11-15,5002,2015-04-06,1628,11741,407,1,5,6,5002,0,0,0,,0,040,"11TH ST","D ST",0.00,,Y,A,-,Y,STA,10,132,-,-,15.130,I,5,E,Y,2,0,5,2,A,-,12,21453,A,N,D,C,A,A,H,-,A,A,0,,,,,Y,,A,,1,0,4,0,0,0,0,0,0,"- ","- ",,,STANISLAUS,MODESTO,-120.99249055999999,37.635430679999999
6921762,2015,2015-05-21,9465,2015-04-29,2115,17167,,3,2,9,5000,0,3,5,,2,030,"RIVER RD","SOUTH 9TH ST",0.00,,Y,A,-,N,,,,,,,,,,N,2,0,1,2,A,-,09,21802,A,F,G,G,A,A,H,-,C,A,0,,Y,,,Y,,A,01,1,0,0,0,0,0,1,0,0,"- ","- ",37.626080000000002,-120.98728,STANISLAUS,UNINCORPORATED,-120.98721997,37.626679930000002
6921765,2015,2015-05-21,9465,2015-04-29,1700,15604,,3,2,9,5000,0,3,5,,2,020,"SANTA FE ST","RICHARDSON RD",33.00,W,N,A,-,N,,,,,,,,,,N,2,0,1,1,A,-,08,22107,,N,F,A,A,A,H,-,A,D,0,,,Y,,Y,,C,02,1,0,0,0,0,0,0,0,1,"- ","- ",37.735950000000003,-120.89934,STANISLAUS,UNINCORPORATED,-120.89920411,37.735990000000001
6932882,2015,2015-06-17,9465,2015-05-11,2005,018292,,1,2,9,5000,0,3,5,,2,030,"BRIANNA AV","ROSELENA WY",0.00,,Y,A,-,N,,,,,,,,,,N,2,0,1,1,A,-,08,22107,,N,F,A,A,A,H,-,B,D,0,,,Y,,Y,,C,06,1,0,0,0,0,0,0,0,1,"- ","- ",37.557259999999999,-120.9076,STANISLAUS,UNINCORPORATED,-120.90757999,37.557259930000001
6932885,2015,2016-11-19,9465,2015-05-09,1620,018363,,6,2,6,5002,0,1,3,,2,011,"RT 99","BRIGGSMORE AV",1320.00,N,N,A,-,Y,STA,10,99,-,M,18.650,H,-,S,Y,2,0,1,2,A,-,03,22350,,N,C,C,A,A,H,-,A,D,1,,,Y,,Y,,C,02,1,0,0,0,0,0,0,0,1,"- ","- ",37.667740000000002,-121.03518,STANISLAUS,MODESTO,-121.03327573,37.666894759999998
6932889,2015,2015-06-12,9465,2015-05-16,0348,018457,,6,3,9,5000,0,3,5,,2,020,"SAWYER AV","PLEASANT VALLEY RD",2112.00,N,N,A,-,N,,,,,,,,,,Y,2,0,1,1,A,-,01,23152,F,N,E,I,A,A,H,-,D,A,0,,,,,Y,Y,A,01,1,0,0,0,0,0,0,0,0,"- ","- ",37.8127,-120.9055,STANISLAUS,UNINCORPORATED,-120.90528062,37.811538300000002
6935638,2015,2015-06-08,9465,2015-05-15,2255,020362,,5,3,9,5000,0,3,5,,2,040,"1ST ST","F ST",0.00,,Y,A,-,N,,,,,,,,,,Y,2,0,3,2,A,-,01,23152,A,N,D,C,A,A,H,-,C,A,0,,,,,Y,Y,D,22,1,2,0,0,0,0,0,0,0,"- ","- ",37.488639999999997,-120.84052,STANISLAUS,UNINCORPORATED,-120.84033998,37.488389949999998
6975684,2015,2015-07-15,9465,2015-06-20,0004,019201,,6,3,9,5000,0,3,5,,2,040,"HATCH RD","DALLAS RD",283.00,E,N,A,-,N,,,,,,,,,,Y,2,0,2,2,A,-,01,23152,A,N,A,C,A,A,H,-,C,D,0,,,,,Y,Y,A,01,1,0,1,0,0,0,0,0,0,"- ","- ",37.609290000000001,-121.00127000000001,STANISLAUS,UNINCORPORATED,-121.00056745000001,37.609410279999999
7006566,2015,2016-04-14,5005,2015-05-16,0145,,,6,5,3,5005,0,0,0,,0,,"SPERRY AV","WARD AV",365.00,E,N,A,-,N,,,,,,,,,,Y,1,1,0,1,A,-,01,23152,A,N,E,I,A,A,H,-,C,D,0,,,,,Y,Y,A,01,0,0,0,0,0,0,0,0,0,"- ","- ",37.464869999999998,-121.14055,STANISLAUS,PATTERSON,-121.13973244,37.46444632
7023954,2015,2015-10-13,5005,2015-07-20,1242,S01233,STAN,1,5,3,5005,0,0,0,,0,,"WARD AV","LAS PALMAS AV",0.00,,Y,A,-,N,,,,,,,,,,Y,2,0,2,2,-,-,"- ",,,N,-,C,A,A,H,-,A,-,0,,,,,Y,,-,"- ",1,0,1,0,0,0,0,0,0,"- ","- ",,,STANISLAUS,PATTERSON,-121.14098986,37.466749919999998
7027002,2015,2017-01-27,9465,2015-07-30,0110,14737,,4,3,9,5000,0,1,3,,2,011,"RT 99","CARPENTER RD",675.00,N,N,A,-,Y,STA,10,99,-,M,18.650,H,-,N,Y,2,0,3,1,A,-,08,22107,,N,E,I,A,A,H,-,D,D,1,,,,,Y,,A,01,1,2,0,0,0,0,0,0,0,"- ","- ",37.667189999999998,-121.03371,STANISLAUS,UNINCORPORATED,-121.03324412000001,37.667210269999998
7039081,2015,2017-01-27,9465,2015-07-28,1837,14853,,2,2,9,5000,0,1,3,,2,011,"RT 99","PELANDALE AV",109.00,S,N,A,-,Y,STA,10,99,-,R,21.720,H,-,N,Y,2,0,2,3,A,-,08,22107,,N,E,I,A,A,D,-,A,D,1,,,,Y,Y,,G,26,1,1,0,0,0,0,0,0,0,"- ","- ",37.699129999999997,-121.0706,STANISLAUS,UNINCORPORATED,-121.07095674999999,37.699782990000003
7039374,2015,2017-01-10,9465,2015-08-01,1125,018671,,6,1,9,5000,0,1,3,,2,028,"RT 4","DUNTON RD",2112.00,E,N,A,-,Y,STA,10,4,-,-,7.110,H,-,E,Y,2,0,1,1,A,-,01,23152,A,N,E,I,A,A,H,-,A,D,0,,,,,Y,Y,A,07,1,0,0,0,0,0,0,0,0,"- ","- ",37.9373,-120.8005,STANISLAUS,UNINCORPORATED,-120.79926175,37.93730309
7040407,2015,2015-09-28,5006,2015-06-01,1040,5987,MODES,1,5,3,5006,0,0,0,,0,,"ROSELLE AV","WARD AV",162.00,S,N,A,-,N,,,,,,,,,,Y,2,0,1,2,A,-,03,22350,,N,A,C,A,A,H,-,A,A,0,,,,,Y,,A,01,1,0,0,0,0,0,0,0,0,"- ","- ",,,STANISLAUS,RIVERBANK,-120.94043549,37.730465410000001
7059869,2015,2015-10-10,5006,2015-08-29,1729,S907,MODES,6,5,3,5006,0,0,0,,0,,"JACKSON AV","COURTNEY CT",41.00,N,N,A,-,N,,,,,,,,,,Y,2,0,1,2,A,-,00,23103,,N,A,C,A,A,H,-,A,A,0,,,Y,,Y,,C,02,1,0,0,0,0,0,0,0,1,"- ","- ",,,STANISLAUS,RIVERBANK,-120.94955235,37.731382580000002
7113348,2015,2015-11-12,5002,2015-10-31,2201,11565,M479,6,5,6,5002,0,0,0,,0,033,"CARPENTER RD",CHICAGO,0.00,,Y,A,-,N,,,,,,,,,,Y,2,0,6,2,A,-,01,23152,A,N,D,C,A,A,H,-,D,A,0,,,,,Y,Y,D,,2,2,2,0,0,0,0,0,0,"- ","- ",,,STANISLAUS,MODESTO,-121.03043986,37.62432999
7136076,2015,2015-12-14,5002,2015-12-05,2034,11478,M390,6,5,6,5002,0,0,0,,0,044,"H ST","15TH ST",0.00,,Y,A,-,N,,,,,,,,,,N,2,0,1,2,A,-,10,21950,A,F,G,B,B,A,H,-,C,D,0,Y,,,,Y,,-,,1,0,0,0,1,0,0,0,0,"- ","- ",,,STANISLAUS,MODESTO,-120.99319997000001,37.642179910000003
7140533,2015,2016-08-12,5001,2015-12-12,0515,799,,6,5,4,5001,0,0,0,,0,003,"MITCHELL RD","GARRISON ST",0.00,,Y,A,-,N,,,,,,,,,,N,2,0,1,2,A,-,11,21954,A,N,G,B,E,A,H,-,C,A,0,Y,,,,Y,Y,N,60,1,0,0,0,1,0,0,0,0,"- ","- ",,,STANISLAUS,CERES,-120.9387,37.59833991
7147413,2015,2016-01-05,5002,2015-12-14,1733,11790,M484,1,5,6,5002,0,0,0,,0,042,"PARADISE RD","FLORETTE RD",0.00,,Y,A,-,N,,,,,,,,,,N,2,0,1,2,A,-,10,21950,A,N,-,B,B,A,H,-,C,D,0,Y,,,,Y,Y,A,,1,0,0,0,1,0,0,0,0,"- ","- ",,,STANISLAUS,MODESTO,-121.01681994,37.624479880000003
7167255,2015,2016-08-12,5002,2015-12-09,1519,11186,120,3,5,6,5002,0,0,0,,0,053,"EAST BRIGGSMORE AV","RT 108",720.00,E,N,A,-,N,,,,,,,,,,Y,2,0,1,3,A,-,09,21802,A,N,D,C,A,A,H,-,A,A,0,,,Y,,Y,,A,01,1,0,0,0,0,0,0,0,1,"- ","- ",,,STANISLAUS,MODESTO,-120.991563,37.670064000000004
7183962,2016,2017-02-11,5004,2016-01-14,1706,258,RD3,4,5,3,5004,0,0,0,,0,00N,"N YOSEMITE AV","A ST",20.00,N,N,B,C,Y,STA,10,120,-,-,4.660,I,5,W,Y,2,0,1,2,A,-,09,21453,C,N,D,C,A,B,G,-,C,A,0,,,,,Y,,A,01,1,0,0,0,0,0,0,0,0,"- ","- ",37.772480000000002,-120.85093999999999,STANISLAUS,OAKDALE,-120.85096098,37.772464059999997
7190537,2016,2016-11-08,5002,2016-06-13,1120,11023,M510,1,5,6,5002,0,0,0,,0,041,"B ST","7TH ST",44.00,E,N,A,-,N,,,,,,,,,,N,1,1,0,2,A,-,12,22451,B,N,H,F,A,A,H,-,A,A,0,,Y,,,Y,,L,04,0,0,0,0,0,1,0,0,0,"- ","- ",,,STANISLAUS,MODESTO,-120.99455619,37.630238230000003
7190637,2016,2016-12-05,5002,2016-10-26,0919,11023,M035,3,5,6,5002,0,0,0,,0,083,"TULLY RD","WEST RUMBLE RD",30.00,S,N,A,-,N,,,,,,,,,,Y,1,1,1,2,A,-,03,22350,,N,C,C,A,A,H,-,A,A,0,,,,,Y,,A,01,0,1,0,0,0,0,0,0,0,"- ","- ",,,STANISLAUS,MODESTO,-121.01238814,37.681987630000002
7199898,2017,2019-04-08,5002,2017-01-06,2214,11023,385,5,5,6,5002,0,0,0,,0,041,"RT 108","14TH ST",0.00,,Y,B,-,Y,STA,10,108,-,R,22.788,I,5,E,Y,1,1,2,4,A,-,12,21453,A,F,D,C,A,A,H,-,C,A,0,,,Y,,Y,Y,C,02,0,1,1,0,0,0,0,1,1,"- ","- ",,,STANISLAUS,MODESTO,-120.99769092,37.644382290000003
8011232,2016,2016-04-12,5007,2016-03-26,2313,5743,5007,6,5,5,5007,0,0,0,,0,002,"LANDER AV","D ST",396.00,S,N,A,-,N,,,,,,,,,,Y,2,0,2,2,A,-,01,23152,A,F,E,I,A,A,H,-,C,D,0,,,,,Y,Y,D,22,1,1,0,0,0,0,0,0,0,"- ","- ",,,STANISLAUS,TURLOCK,-120.84897893,37.484442530000003
8040954,2016,2017-02-11,5002,2016-02-08,1623,11226,M055,1,5,6,5002,0,0,0,,0,053,"RT 108","SYLVAN AV",278.00,S,N,A,-,Y,STA,10,108,-,-,26.010,H,-,W,N,2,0,1,2,A,-,11,21954,A,N,G,B,D,A,H,-,A,A,0,Y,,,,Y,,N,60,1,0,0,0,1,0,0,0,0,"- ","- ",,,STANISLAUS,MODESTO,-120.99428948000001,37.68817713
8051068,2016,2016-06-01,5007,2016-04-30,0907,5710,5007,6,5,5,5007,0,0,0,,0,004,"TAYLOR RD","NORTH GOLDEN STATE BL",6.00,W,N,A,-,N,,,,,,,,,,Y,2,0,2,1,A,-,03,22350,,N,A,I,A,A,H,-,A,A,0,,,,,Y,,A,07,2,0,0,0,0,0,0,0,0,"- ","- ",,,STANISLAUS,TURLOCK,-120.88985049999999,37.536912239999999
8052045,2016,2016-08-29,5002,2016-05-14,1243,11296,M026,6,5,6,5002,0,0,0,,0,083,"TULLY RD","PELANDALE AV",0.00,,Y,A,-,N,,,,,,,,,,Y,2,0,2,2,A,-,12,21453,A,N,D,C,A,A,H,-,A,A,0,,,,,Y,,A,,1,0,1,0,0,0,0,0,0,"- ","- ",,,STANISLAUS,MODESTO,-121.01277997,37.700679950000001
8058264,2016,2016-06-13,5007,2016-05-16,1402,5694,5007,1,5,5,5007,0,0,0,,0,001,"GEER RD","E TAYLOR RD",0.00,,Y,A,-,N,,,,,,,,,,Y,2,0,3,2,A,-,12,21453,A,N,A,C,A,A,H,-,A,A,0,,,,,Y,,D,22,1,1,1,0,0,0,0,0,0,"- ","- ",,,STANISLAUS,TURLOCK,-120.84799999000001,37.536729960000002
8066225,2016,2017-05-17,5009,2016-05-28,0122,,,6,5,2,5009,0,0,0,,0,,"TULLY RD","WHITMORE AV",30.00,N,N,A,-,N,,,,,,,,,,Y,2,0,1,2,A,-,01,23152,A,N,G,B,F,A,H,-,C,D,0,Y,,,,Y,Y,D,22,1,0,0,0,1,0,0,0,0,"- ","- ",37.594839999999998,-120.87002,STANISLAUS,HUGHSON,-120.87000063000001,37.594862380000002
8076698,2016,2017-02-15,5002,2016-06-15,1210,13018,M99,3,5,6,5002,0,0,0,,0,042,"YOSEMITE BL","WILSON AV",98.00,E,N,A,-,Y,STA,10,132,-,-,16.030,H,-,E,N,2,0,1,2,A,-,11,21954,A,F,G,B,D,A,H,-,A,D,0,Y,,,,Y,,N,60,1,0,0,0,1,0,0,0,0,"- ","- ",,,STANISLAUS,MODESTO,-120.97733792,37.638216100000001
8086790,2016,2016-07-14,5002,2016-07-06,1438,11530,M99,3,5,6,5002,0,0,0,,0,041,"9TH ST","B ST",250.00,S,N,A,-,N,,,,,,,,,,N,2,0,1,2,A,-,11,21954,A,N,A,B,A,A,H,-,A,D,0,,Y,,,Y,,L,,1,0,0,0,0,0,1,0,0,"- ","- ",,,STANISLAUS,MODESTO,-120.99140242,37.631640279999999
8093386,2016,2016-08-05,5001,2016-07-24,2108,803,B001,7,5,4,5001,0,0,0,,0,003,"MOFFETT RD","WHITMORE AV",200.00,N,N,A,-,N,,,,,,,,,,Y,2,0,1,2,A,-,08,22107,,N,F,E,A,A,H,-,A,D,0,,,,,Y,Y,A,01,1,0,0,0,0,0,0,0,0,"- ","- ",37.597729999999999,-120.94784,STANISLAUS,CERES,-120.94783747,37.595309210000003
8101019,2016,2016-08-16,5002,2016-08-05,0201,11765,M024,5,5,6,5002,0,0,0,,0,062,"ST CHARLES PL","BUDD ST",18.00,N,N,A,-,N,,,,,,,,,,Y,2,0,1,1,A,-,08,22107,,F,E,I,A,A,H,-,C,D,0,,,,,Y,,A,,1,0,0,0,0,0,0,0,0,"- ","- ",,,STANISLAUS,MODESTO,-121.03949105,37.677929429999999
8129990,2016,2017-03-03,5002,2016-08-25,0057,11226,M257,4,5,6,5002,0,0,0,,0,081,"MCHENRY AV",FRANCES,115.00,S,N,A,-,Y,STA,10,108,-,-,23.600,H,-,E,Y,2,0,2,2,A,-,08,22107,,N,B,C,A,A,H,-,C,D,0,,,,,Y,,A,01,1,1,0,0,0,0,0,0,0,"- ","- ",,,STANISLAUS,MODESTO,-120.99390373,37.653258039999997
81316147,2020,2020-10-02,5002,2020-09-01,2041,11267,M417,2,5,6,5002,0,0,0,,0,MP41,"L ST","8TH ST",0.00,,Y,A,-,Y,,,,,,,,,,N,1,1,0,2,A,-,06,21951,,F,G,B,B,A,H,-,C,D,0,Y,,,,Y,,D,22,0,0,0,1,0,0,0,0,0,"- ","- ",,,STANISLAUS,MODESTO,-121.00447845458984,37.640979766845703
81316159,2020,2020-10-02,5002,2020-09-25,1911,11621,,5,5,6,5002,0,0,0,,0,MP83,"SONOMA AVE","WESTBURY LN",69.00,S,N,A,-,N,,,,,,,,,,N,2,0,1,2,A,-,11,21954,A,N,G,B,D,A,H,-,D,D,0,Y,,,,Y,,N,60,1,0,0,0,1,0,0,0,0,"- ","- ",,,STANISLAUS,MODESTO,-120.94835662841797,37.657508850097656
81323232,2020,2020-10-14,5002,2020-10-04,1154,13303,,7,5,6,5002,0,0,0,,0,MP83,"MC HENRY AVE","STANDIFORD AVE",55.00,S,N,A,-,Y,,,,,,,,,,N,2,0,1,2,A,-,12,21453,A,N,D,G,A,A,H,-,A,A,0,,Y,,,Y,,L,04,1,0,0,0,0,0,1,0,0,"- ","- ",,,STANISLAUS,MODESTO,-120.99430847167969,37.688949584960938
81368930,2020,2020-12-17,5002,2020-12-10,1132,11740,M567,4,5,6,5002,0,0,0,,0,MP31,"WHITMORE AVE","USTICK RD",167.00,E,N,A,-,N,,,,,,,,,,Y,2,0,1,1,A,-,01,23152,F,N,E,I,A,A,H,-,A,D,0,,,,,Y,Y,A,01,1,0,0,0,0,0,0,0,0,"- ","- ",,,STANISLAUS,MODESTO,-121.01127624511719,37.595020294189453
81376506,2020,2020-12-29,5002,2020-10-29,0113,11098,,4,5,6,5002,0,0,0,,0,MP83,"TULLY RD","STANDIFORD AVE",403.00,S,N,A,-,N,,,,,,,,,,Y,2,0,1,4,A,-,01,23152,A,N,C,E,A,A,H,-,C,D,0,,,,,Y,Y,A,01,1,0,0,0,0,0,0,0,0,"- ","- ",,,STANISLAUS,MODESTO,-121.01248931884766,37.688224792480469
81387874,2020,2021-01-15,5002,2020-04-11,2227,11267,,6,5,6,5002,0,0,0,,0,MP61,"N. 9TH ST","WOODLAND AVE",95.00,N,N,A,-,N,,,,,,,,,,Y,1,1,2,1,A,-,01,23152,A,N,E,I,A,A,H,-,C,A,0,,,,,Y,Y,A,01,0,0,2,0,0,0,0,0,0,"- ","- ",,,STANISLAUS,MODESTO,,
81401240,2020,2021-02-03,5002,2020-11-20,1856,11530,RD01,5,5,6,5002,0,0,0,,0,MP61,"RENO AVE","DOKER DR",150.00,S,N,A,-,N,,,,,,,,,,Y,2,0,1,1,A,-,01,23152,A,N,F,A,A,A,H,-,D,D,0,,,Y,,Y,Y,C,02,1,0,0,0,0,0,0,0,1,"- ","- ",,,STANISLAUS,MODESTO,-121.02797698974609,37.647842407226562
81446702,2021,2021-04-09,5002,2021-03-21,0007,13288,M008,7,5,6,5002,0,0,0,,0,MP62,"SISK RD","WHITCOMB WAY",225.00,N,N,A,-,N,,,,,,,,,,Y,2,0,2,2,A,-,00,21760,D,N,C,G,A,A,H,-,C,D,0,,Y,,,Y,,A,01,1,0,1,0,0,0,1,0,0,"- ","- ",37.674690246582031,-121.0426025390625,STANISLAUS,MODESTO,-121.04312896728516,37.67510986328125
81450839,2021,2021-04-15,5002,2021-04-03,0935,13042,,6,5,6,5002,0,0,0,,0,,"MOUNT VERNON DR","CARVER RD",0.00,,Y,-,-,N,,,,,,,,,,Y,2,0,2,1,A,-,12,22450,A,N,E,I,A,A,H,-,A,A,0,,,,,Y,,-,99,1,0,1,0,0,0,0,0,0,"- ","- ",37.676780700683594,-121.02224731445312,STANISLAUS,MODESTO,-121.02222442626953,37.676734924316406
81462889,2021,2021-04-30,5002,2021-04-22,2112,11531,M199,4,5,6,5002,0,0,0,,0,MP61,"WOODLAND AVE","LONE PALM AVE",90.00,E,N,A,-,N,,,,,,,,,,Y,1,1,1,3,A,-,01,23152,A,F,G,B,E,A,H,-,C,D,0,Y,,,,Y,Y,D,22,0,1,0,1,0,0,0,0,0,"- ","- ",37.653221130371094,-121.02374267578125,STANISLAUS,MODESTO,-121.02313995361328,37.653209686279297
81528023,2021,2021-07-26,5002,2021-06-10,1342,13066,,4,5,6,5002,0,0,0,,0,MP62,"CARVER RD","BRIGGSMORE AVE",0.00,,Y,A,-,N,,,,,,,,,,Y,2,0,2,2,A,-,12,21453,A,N,D,C,A,A,H,-,A,A,0,,,,,Y,,A,07,1,0,1,0,0,0,0,0,0,"- ","- ",37.670978546142578,-121.02211761474609,STANISLAUS,MODESTO,-121.02214050292969,37.671028137207031
81533237,2020,2021-07-30,5002,2020-11-21,0016,11267,,6,5,6,5002,0,0,0,,0,MP81,"EL VECINO AVE","EDINBURGH DR",18.00,S,N,A,-,N,,,,,,,,,,Y,1,1,0,3,A,-,01,23152,F,N,E,I,A,A,H,-,C,D,0,,,Y,,Y,,C,02,0,0,0,0,0,0,0,1,0,"- ","- ",,,STANISLAUS,MODESTO,-120.98021697998047,37.660251617431641
8156039,2016,2016-10-28,5002,2016-10-17,1111,10899,134,1,5,6,5002,0,0,0,,0,073,"COFFEE RD","SYLVAN MEADOWS DR",0.00,,Y,A,-,N,,,,,,,,,,Y,2,0,4,2,A,-,09,21801,A,N,D,C,A,A,H,-,A,A,0,,,,,Y,,D,,1,1,2,0,0,0,0,0,0,"- ","- ",,,STANISLAUS,MODESTO,-120.97611995,37.691319970000002
81562882,2021,2021-09-06,5002,2021-08-20,2138,13157,M013,5,5,6,5002,0,0,0,,0,MP62,"STANDIFORD AVE","CARVER RD",10.00,E,N,A,-,N,,,,,,,,,,Y,2,0,2,2,A,-,03,22350,,N,C,C,A,A,H,-,A,A,0,,,,,Y,,A,01,1,0,1,0,0,0,0,0,0,"- ","- ",37.689411163330078,-121.02245330810547,STANISLAUS,MODESTO,-121.02239227294922,37.689437866210938
81562884,2021,2021-09-06,5002,2021-08-21,0319,13253,M537,6,5,6,5002,0,0,0,,0,MP63,"PELANDALE AVE","SALIDA BLVD",0.00,,Y,A,-,N,,,,,,,,,,Y,2,0,1,1,A,-,01,23152,A,N,E,I,A,A,H,-,C,A,0,,,,,Y,Y,A,01,1,0,0,0,0,0,0,0,0,"- ","- ",37.700248718261719,-121.07376861572266,STANISLAUS,MODESTO,-121.072021484375,37.698490142822266
81571589,2021,2021-09-16,5002,2021-08-25,0036,13323,,3,5,6,5002,0,0,0,,0,MP72,"BRIGGSMORE AVE","COFFEE RD",1089.00,E,N,A,-,N,,,,,,,,,,Y,2,0,2,1,A,-,08,22107,,N,E,I,A,A,H,-,C,D,0,,,,,Y,,A,01,1,1,0,0,0,0,0,0,0,"- ","- ",37.667110443115234,-120.95755767822266,STANISLAUS,MODESTO,-120.97197723388672,37.666919708251953
81571591,2021,2021-09-16,5002,2021-08-26,1410,11621,M134,4,5,6,5002,0,0,0,,0,MP73,"SYLVAN AVE","KELLER ST",0.00,,Y,A,-,N,,,,,,,,,,N,2,0,1,2,A,-,12,21453,A,F,H,B,B,A,H,-,A,A,0,Y,Y,,,Y,,L,04,1,0,0,0,1,0,0,0,0,"- ","- ",37.688888549804688,-120.97030639648438,STANISLAUS,MODESTO,-120.97030639648438,37.688911437988281
81617990,2021,2021-11-08,5002,2021-06-08,0230,13200,,2,5,6,5002,0,0,0,,0,MP42,"CONEJO AVE","TENAYA DR",115.00,S,Y,A,-,N,,,,,,,,,,Y,2,0,2,1,A,-,03,22350,,N,E,I,A,A,H,-,D,D,0,,,,,Y,,A,01,2,0,0,0,0,0,0,0,0,"- ","- ",37.633949279785156,-120.96717834472656,STANISLAUS,MODESTO,-120.96720886230469,37.633743286132812
81618017,2021,2021-11-08,5002,2021-09-26,1445,13303,M320,7,5,6,5002,0,0,0,,0,MP43,"YOSEMITE BLVD","RIVERSIDE DR",0.00,,Y,A,-,Y,,,,,,,,,,N,2,0,1,2,A,-,12,21453,A,N,D,G,A,A,H,-,A,A,0,,Y,,,Y,,L,04,1,0,0,0,0,0,1,0,0,"- ","- ",37.638099670410156,-120.94817352294922,STANISLAUS,MODESTO,-120.94808197021484,37.638145446777344
81618027,2021,2021-11-08,5002,2021-10-14,1255,13138,M021,4,5,6,5002,0,0,0,,0,MP62,"STANDIFORD AVE","DALE RD",560.00,E,N,A,-,N,,,,,,,,,,Y,2,0,1,2,A,-,09,21804,A,N,D,C,A,A,H,-,A,A,0,,,Y,,Y,Y,D,22,1,0,0,0,0,0,0,0,1,"- ","- ",37.685279846191406,-121.04988098144531,STANISLAUS,MODESTO,-121.04788208007812,37.685420989990234
8166728,2016,2018-09-27,5009,2016-11-30,2000,SQ95,HSS,3,5,2,5009,0,0,0,,0,MAIT,"WHITMORE AV","7TH ST",334.00,E,N,E,-,N,,,,,,,,,,Y,1,1,0,2,A,-,11,21954,A,N,G,B,D,A,H,-,D,D,0,Y,,,,Y,,N,60,0,0,0,1,0,0,0,0,0,"- ","- ",,,STANISLAUS,HUGHSON,-120.85976737,37.594779840000001