CASE_ID,ACCIDENT_YEAR,PROC_DATE,JURIS,COLLISION_DATE,COLLISION_TIME,OFFICER_ID,REPORTING_DISTRICT,DAY_OF_WEEK,CHP_SHIFT,POPULATION,CNTY_CITY_LOC,SPECIAL_COND,BEAT_TYPE,CHP_BEAT_TYPE,CITY_DIVISION_LAPD,CHP_BEAT_CLASS,BEAT_NUMBER,PRIMARY_RD,SECONDARY_RD,DISTANCE,DIRECTION,INTERSECTION,WEATHER_1,WEATHER_2,STATE_HWY_IND,CALTRANS_COUNTY,CALTRANS_DISTRICT,STATE_ROUTE,ROUTE_SUFFIX,POSTMILE_PREFIX,POSTMILE,LOCATION_TYPE,RAMP_INTERSECTION,SIDE_OF_HWY,TOW_AWAY,COLLISION_SEVERITY,NUMBER_KILLED,NUMBER_INJURED,PARTY_COUNT,PRIMARY_COLL_FACTOR,PCF_CODE_OF_VIOL,PCF_VIOL_CATEGORY,PCF_VIOLATION,PCF_VIOL_SUBSECTION,HIT_AND_RUN,TYPE_OF_COLLISION,MVIW,PED_ACTION,ROAD_SURFACE,ROAD_COND_1,ROAD_COND_2,LIGHTING,CONTROL_DEVICE,CHP_ROAD_TYPE,PEDESTRIAN_ACCIDENT,BICYCLE_ACCIDENT,MOTORCYCLE_ACCIDENT,TRUCK_ACCIDENT,NOT_PRIVATE_PROPERTY,ALCOHOL_INVOLVED,STWD_VEHTYPE_AT_FAULT,CHP_VEHTYPE_AT_FAULT,COUNT_SEVERE_INJ,COUNT_VISIBLE_INJ,COUNT_COMPLAINT_PAIN,COUNT_PED_KILLED,COUNT_PED_INJURED,COUNT_BICYCLIST_KILLED,COUNT_BICYCLIST_INJURED,COUNT_MC_KILLED,COUNT_MC_INJURED,PRIMARY_RAMP,SECONDARY_RAMP,LATITUDE,LONGITUDE,COUNTY,CITY,POINT_X,POINT_Y
8167182,2018,2018-06-12,5002,2018-02-22,0029,11023,M097,4,5,6,5002,0,0,0,,0,083,"SYLVAN AV","RT 108",243.00,E,N,A,-,Y,STA,10,108,-,-,26.060,I,6,E,Y,1,2,1,8,A,-,01,23152,A,N,E,J,A,A,H,-,C,D,0,,,,,Y,Y,D,22,0,1,0,0,0,0,0,0,0,"- ","- ",37.689060211181641,-120.99143218994141,STANISLAUS,MODESTO,-120.99439239501953,37.688915252685547
8167258,2018,2018-08-15,5002,2018-07-09,0102,11621,515,1,5,6,5002,0,0,0,,0,031,"DALLAS ST","WEST HATCH RD",64.00,S,N,A,-,N,,,,,,,,,,Y,1,1,0,1,A,-,01,23152,F,N,E,I,A,A,H,-,C,D,0,,,Y,,Y,,C,02,0,0,0,0,0,0,0,1,0,"- ","- ",,,STANISLAUS,MODESTO,-121.00144195556641,37.609050750732422
8168181,2017,2019-04-09,5006,2017-12-10,1731,S987,MODES,7,5,3,5006,0,0,0,,0,,"RT 33","LAS PALMAS",0.00,S,-,A,-,Y,STA,10,33,-,-,13.180,I,5,N,Y,1,1,0,2,A,-,11,21954,A,N,G,B,D,A,H,-,D,A,0,Y,,,,Y,Y,N,60,0,0,0,1,0,0,0,0,0,"- ","- ",,,STANISLAUS,RIVERBANK,-121.12897178999999,37.47206078
81683297,2022,2022-01-24,5002,2022-01-16,0034,11862,,7,5,6,5002,0,0,0,,0,MP62,"BRIGGSMORE AVE","CARVER RD",0.00,,Y,A,-,N,,,,,,,,,,Y,2,0,2,2,A,-,01,23152,B,N,D,C,A,A,H,-,C,A,0,,,,,Y,Y,A,01,2,0,0,0,0,0,0,0,0,"- ","- ",37.670978546142578,-121.02211761474609,STANISLAUS,MODESTO,-121.02214050292969,37.671028137207031
81689077,2020,2022-01-31,5002,2020-10-23,2114,11267,M103,5,5,6,5002,0,0,0,,0,063,"STANDIFORD AVE","CARVER RD",47.00,W,N,A,-,N,,,,,,,,,,Y,1,1,2,2,A,-,01,23152,A,N,D,C,A,A,H,-,C,A,0,,,,,Y,Y,A,01,1,0,1,0,0,0,0,0,0,"- ","- ",,,STANISLAUS,MODESTO,-121.02259063720703,37.689441680908203
81694044,2021,2022-02-07,5002,2021-12-04,2209,11196,209,6,5,6,5002,0,0,0,,0,MP82,"ORANGEBURG AVE","BRONSON AVE",0.00,,Y,E,-,N,,,,,,,,,,N,2,0,1,2,A,-,11,21954,A,N,G,B,B,D,H,-,C,D,0,Y,,,,Y,,N,60,1,0,0,0,1,0,0,0,0,"- ","- ",37.663829803466797,-121.0057373046875,STANISLAUS,MODESTO,-121.00537109375,37.663909912109375
81695474,2022,2022-02-08,5001,2022-01-29,1347,755,1,6,5,4,5001,0,0,0,,0,001,"HATCH RD","RICHLAND AVE",722.00,W,N,A,-,N,,,,,,,,,,N,2,0,1,2,A,-,12,21453,A,N,G,B,B,A,H,-,A,A,0,Y,,,,Y,Y,A,01,1,0,0,0,1,0,0,0,0,"- ","- ",,,STANISLAUS,CERES,-120.96868896484375,37.609230041503906
81704800,2022,2022-02-21,5002,2022-02-17,1346,13342,M280,4,5,6,5002,0,0,0,,0,MP71,"COFFEE RD","COOLIDGE AVE",153.00,S,N,A,-,N,,,,,,,,,,Y,2,0,3,3,A,-,09,21804,A,N,B,C,A,A,H,-,A,D,0,,,,,Y,,A,01,1,0,2,0,0,0,0,0,0,"- ","- ",37.665328979492188,-120.95762634277344,STANISLAUS,MODESTO,-120.97570037841797,37.664928436279297
81709444,2021,2022-02-25,5002,2021-11-06,0123,13194,M430,6,5,6,5002,0,0,0,,0,MP32,"TUOLUMNE BLVD","SUNSET BLVD",75.00,E,N,A,-,N,,,,,,,,,,Y,2,0,1,2,A,-,05,21202,A,N,C,G,A,A,H,-,C,A,0,,Y,,,Y,,L,04,1,0,0,0,0,0,1,0,0,"- ","- ",37.627769470214844,-121.00321197509766,STANISLAUS,MODESTO,-121.00233459472656,37.627815246582031
81727528,2022,2022-03-21,5002,2022-03-14,2331,13154,M180,1,5,6,5002,0,0,0,,0,MP61,"CARVER RD","ROSEBURG AVE",34.00,S,N,A,-,N,,,,,,,,,,Y,2,0,2,2,A,-,01,23152,A,N,A,E,A,A,H,-,C,D,0,,,,,Y,Y,A,01,2,0,0,0,0,0,0,0,0,"- ","- ",,,STANISLAUS,MODESTO,-121.02198028564453,37.660438537597656
8173710,2016,2017-03-02,5002,2016-09-15,2308,11226,M180,4,5,6,5002,0,0,0,,0,061,"CARPENTER RD","RT 99",0.00,,Y,A,-,Y,STA,10,99,-,M,18.647,R,4,N,Y,2,0,1,2,A,-,01,23152,B,N,D,C,A,A,H,-,C,A,0,,,,,Y,Y,A,08,1,0,0,0,0,0,0,0,0,"- ",NO,,,STANISLAUS,MODESTO,-121.0331983,37.667190400000003
81739331,2022,2022-04-04,5002,2022-03-24,0652,11531,,4,5,6,5002,0,0,0,,0,041,"SR-132 (9TH ST)","SR-108 (K ST)",0.00,,Y,A,-,Y,STA,,132,,L,15.061,H,,L,Y,2,0,2,2,A,-,09,21801,B,N,D,C,A,A,H,-,B,A,0,,,Y,,Y,,C,02,1,0,1,0,0,0,0,0,1,"- ","- ",37.640758514404297,-121.00241088867188,STANISLAUS,MODESTO,-121.00240325927734,37.640762329101562
81770260,2022,2022-05-12,5002,2022-04-04,1608,11531,,1,5,6,5002,0,0,0,,0,MP41,"SR-132 (YOSEMITE BLVD)","RUFFINO AVE",12.00,W,N,A,-,Y,,,,,,,,,,N,2,0,1,2,A,-,06,21951,,N,G,B,B,A,H,-,A,D,0,Y,,,,Y,,A,01,1,0,0,0,1,0,0,0,0,"- ","- ",,,STANISLAUS,MODESTO,-120.97321319580078,37.638191223144531
81776518,2022,2022-05-20,5002,2022-05-03,1652,11236,M134,2,5,6,5002,0,0,0,,0,MP73,"MABLE AVE","SPRING OAK DR",0.00,,Y,A,-,N,,,,,,,,,,N,2,0,1,2,A,-,09,21802,A,N,D,G,A,A,H,-,A,D,0,,Y,,,Y,,A,07,1,0,0,0,0,0,1,0,0,"- ","- ",37.696220397949219,-120.95989227294922,STANISLAUS,MODESTO,-120.95992279052734,37.696231842041016
81805538,2022,2022-06-29,5002,2022-05-29,0320,13200,,7,5,6,5002,0,0,0,,0,MP32,"ROUSE AVE","SUNSET AVE",150.00,W,N,A,-,N,,,,,,,,,,Y,2,0,1,1,A,-,08,22107,,F,E,I,A,A,H,-,C,D,0,,,,,Y,,A,01,1,0,0,0,0,0,0,0,0,"- ","- ",37.620540618896484,-121.00269317626953,STANISLAUS,MODESTO,-121.00315093994141,37.620578765869141
81806497,2022,2022-06-30,5006,2022-03-18,1359,S03177,RIVER,5,5,3,5006,0,0,0,,0,RPD,"PATTERSON RD","JACKSON AVE",442.00,E,N,A,-,N,,,,,,,,,,N,2,0,1,2,A,-,03,22350,,N,C,C,A,A,H,-,A,D,0,,,Y,,Y,,C,02,1,0,0,0,0,0,0,0,1,"- ","- ",37.732879638671875,-120.94947052001953,STANISLAUS,RIVERBANK,-120.94947052001953,37.732704162597656
81809495,2022,2022-07-04,5002,2022-06-01,1623,13422,,3,5,6,5002,0,0,0,,0,MP31,"JIM WAY","OLIVERO RD",105.00,S,N,A,-,N,,,,,,,,,,Y,2,0,1,1,A,-,13,22515,A,N,H,A,A,A,H,-,A,D,0,,,,,Y,,A,07,1,0,0,0,0,0,0,0,0,"- ","- ",37.608020782470703,-120.98570251464844,STANISLAUS,MODESTO,-120.98493957519531,37.607902526855469
81818598,2022,2022-07-18,5002,2022-07-06,1508,13400,M166,3,5,6,5002,0,0,0,,0,072,"CLAUS RD","BRIGGSMORE AVE",239.00,N,N,A,-,N,,,,,,,,,,Y,2,0,1,2,A,-,09,21804,A,N,D,C,A,A,H,-,A,D,0,,,Y,,Y,,A,07,1,0,0,0,0,0,0,0,1,"- ","- ",37.666881561279297,-120.92128753662109,STANISLAUS,MODESTO,-120.92130279541016,37.667556762695312
8181929,2016,2016-12-07,5002,2016-11-05,0130,13036,M248,6,5,6,5002,0,0,0,,0,081,"12TH ST","NEEDHAM AV",0.00,,Y,A,-,N,,,,,,,,,,Y,2,0,1,2,A,-,01,23152,A,N,E,I,A,A,H,-,C,A,0,,,,Y,Y,Y,F,,1,0,0,0,0,0,0,0,0,"- ","- ",,,STANISLAUS,MODESTO,-121.00278,37.645859969999997
8181961,2016,2016-12-07,5002,2016-11-24,1207,11758,567,4,5,6,5002,0,0,0,,0,031,"W WHITMORE AV","DALLAS ST",0.00,,Y,A,-,N,,,,,,,,,,Y,2,0,4,2,A,-,09,21802,A,N,D,C,A,A,H,-,A,D,0,,,,,Y,,A,,1,0,3,0,0,0,0,0,0,"- ","- ",,,STANISLAUS,MODESTO,-121.00138996,37.594999979999997
81871630,2022,2022-09-23,5002,2022-08-29,2338,11697,,1,5,6,5002,0,0,0,,0,,"CARVER RD","ROSEBURG AVE",310.00,S,N,A,-,N,,,,,,,,,,N,2,0,2,2,A,-,03,22350,,N,C,C,A,A,H,-,C,D,0,,,,,Y,,A,01,1,0,1,0,0,0,0,0,0,"- ","- ",37.660511016845703,-121.02236175537109,STANISLAUS,MODESTO,-121.02196502685547,37.659679412841797
81871641,2022,2022-09-23,5002,2022-09-01,2131,13017,RD210,4,5,6,5002,0,0,0,,0,071,"OAKDALE RD","COUNTY CENTER 3 CT",381.00,S,N,A,-,N,,,,,,,,,,N,2,0,1,2,A,-,11,21955,,N,G,B,D,A,H,-,C,D,0,Y,,,Y,Y,,N,60,1,0,0,0,1,0,0,0,0,"- ","- ",37.655570983886719,-120.95742797851562,STANISLAUS,MODESTO,-120.95742797851562,37.654525756835938
81872551,2022,2022-09-26,5002,2022-09-22,1504,13363,,4,5,6,5002,0,0,0,,0,033,"MORGAN RD","WHITMORE AVE",65.00,N,N,A,-,Y,,,,,,,,,,Y,2,0,2,3,A,-,01,23152,A,N,C,C,A,A,H,-,A,A,0,,,,,Y,Y,A,01,1,0,1,0,0,0,0,0,0,"- ","- ",37.594661712646484,-120.97611236572266,STANISLAUS,MODESTO,-120.97525787353516,37.595008850097656
81875121,2022,2022-09-28,5002,2022-09-04,2142,13300,RD01,7,5,6,5002,0,0,0,,0,042,"MILLER AVE","EL VISTA AVE",108.00,W,N,A,-,N,,,,,,,,,,Y,2,0,1,2,A,-,11,21954,A,N,G,B,D,A,H,-,C,D,0,Y,,,,Y,,N,60,1,0,0,0,1,0,0,0,0,"- ","- ",37.639789581298828,-120.95774078369141,STANISLAUS,MODESTO,-120.95758056640625,37.640068054199219
81931059,2022,2022-12-01,5002,2022-11-18,2013,13225,M169,5,5,6,5002,0,0,0,,0,061,"CARPENTER RD","BLUE GUM AVE",0.00,,Y,A,-,N,,,,,,,,,,Y,2,0,2,2,A,-,01,23152,A,N,C,C,A,A,H,-,C,A,0,,,,,Y,Y,A,01,1,1,0,0,0,0,0,0,0,"- ","- ",37.660499572753906,-121.03119659423828,STANISLAUS,MODESTO,-121.03115844726562,37.660526275634766
8193199,2016,2017-01-03,5002,2016-12-13,1737,11530,,2,5,6,5002,0,0,0,,0,032,"SUTTER AV",FAUSTINA,40.00,S,N,A,-,N,,,,,,,,,,N,2,0,1,2,A,-,11,21954,A,N,G,B,D,A,H,-,D,D,0,Y,,,,Y,,N,,1,0,0,0,1,0,0,0,0,"- ","- ",,,STANISLAUS,MODESTO,-121.01178725,37.615520170000003
8193252,2016,2017-03-06,5002,2016-11-08,1758,11226,M465,2,5,6,5002,0,0,0,,0,042,"RT 132","SOUTH SANTA CRUZ AV",12.00,W,N,A,-,Y,STA,10,132,-,-,16.190,H,-,W,Y,2,0,1,2,A,-,11,21954,A,N,G,B,D,A,H,-,C,A,0,Y,,,,Y,,N,60,1,0,0,0,1,0,0,0,0,"- ","- ",,,STANISLAUS,MODESTO,-120.97441408,37.638209539999998
8200258,2017,2017-03-14,5007,2017-01-27,1800,5757,,5,5,5,5007,0,0,0,,0,002,"EAST AV","N QUINCY",0.00,,Y,A,-,N,,,,,,,,,,Y,2,0,1,2,A,-,09,21801,A,N,D,C,A,-,H,-,D,D,0,,,Y,,Y,,E,22,1,0,0,0,0,0,0,0,0,"- ","- ",,,STANISLAUS,TURLOCK,-120.82146985999999,37.492639930000003
82021991,2022,2023-03-21,5002,2022-12-08,2010,13307,,4,5,6,5002,0,0,0,,0,073,"OAKDALE RD","SYLVAN AVE",0.00,,Y,B,-,N,,,,,,,,,,Y,2,0,3,4,A,-,12,21453,A,N,D,C,A,A,H,-,C,A,0,,,,,Y,,A,01,1,0,2,0,0,0,0,0,0,"- ","- ",37.688949584960938,-120.95799255371094,STANISLAUS,MODESTO,-120.95797729492188,37.688968658447266
82112330,2023,2023-07-10,5006,2023-06-11,1731,S02448,,7,5,3,5006,0,0,0,,0,,"PATTERSON RD","CALLANDER AVE",0.00,,Y,A,-,Y,STA,,108," "," ",31.785,H,,R,Y,2,0,1,2,A,-,08,22107,,N,A,C,A,A,H,-,A,A,0,,,Y,,Y,Y,C,02,1,0,0,0,0,0,0,0,1,"- ","- ",37.733039855957031,-120.94529724121094,STANISLAUS,RIVERBANK,-120.94521331787109,37.732975006103516
82123570,2023,2023-07-24,5002,2023-07-04,"251 ",13342,M175,2,5,6,5002,0,0,0,,0,061,"ORANGEBURG AVE","CARPENTER RD",580.00,E,N,A,-,N,,,,,,,,,,Y,2,0,3,2,A,-,09,21804,A,N,B,C,A,A,H,-,C,D,0,,,,,Y,Y,A,01,2,0,1,0,0,0,0,0,0,"- ","- ",,,STANISLAUS,MODESTO,-121.03010559082031,37.666839599609375
82138095,2023,2023-08-08,5001,2023-07-27,1750,930,,4,5,4,5001,0,0,0,,0,003,"HATCH RD","ANGIE AVE",57.00,W,N,A,-,N,,,,,,,,,,N,2,0,1,2,A,-,03,22350,,N,B,C,A,A,H,-,A,D,0,,,Y,,Y,,C,02,1,0,0,0,0,0,0,0,1,"- ","- ",,,STANISLAUS,CERES,-120.94033813476562,37.609321594238281
82159296,2023,2023-09-04,5002,2023-05-21,1814,13426,,7,5,6,5002,0,0,0,,0,061,"COLDWELL AVE","9TH ST",0.00,,Y,A,-,N,,,,,,,,,,Y,2,0,3,3,A,-,01,23152,A,N,D,C,A,A,H,-,A,A,0,,,,,Y,Y,D,22,1,1,1,0,0,0,0,0,0,"- ","- ",37.653209686279297,-121.01798248291016,STANISLAUS,MODESTO,-121.01809692382812,37.653202056884766
82159303,2023,2023-09-01,5002,2023-06-24,2125,13343,,6,5,6,5002,0,0,0,,0,071,"COFFEE RD","ORANGEBURG AVE",18.00,N,N,A,-,N,,,,,,,,,,Y,2,0,2,3,A,-,12,21453,A,N,D,J,F,A,H,-,C,A,0,Y,,,,Y,,A,01,1,1,0,0,1,0,0,0,0,"- ","- ",37.663520812988281,-120.95757293701172,STANISLAUS,MODESTO,-120.97567749023438,37.663600921630859
82185378,2023,2023-10-02,5002,2023-07-31,"225 ",13425,RD01,1,5,6,5002,0,0,0,,0,073,"SYLVAN AVE","COFFEE RD",165.00,E,N,A,-,N,,,,,,,,,,Y,2,0,1,1,A,-,08,22107,,N,E,I,A,A,H,-,C,A,0,,,,,Y,Y,A,01,1,0,0,0,0,0,0,0,0,"- ","- ",37.688690185546875,-120.97622680664062,STANISLAUS,MODESTO,-120.97551727294922,37.688892364501953
82185381,2023,2023-10-02,5002,2023-08-10,1801,13132,M327,4,5,6,5002,0,0,0,,0,071,"SCENIC DR","LAKEWOOD AVE",0.00,,Y,A,-,N,,,,,,,,,,Y,2,0,1,2,A,-,05,21650,,N,A,C,A,A,H,-,A,D,0,,,Y,,Y,,C,02,1,0,0,0,0,0,0,0,1,"- ","- ",37.654720306396484,-120.93965911865234,STANISLAUS,MODESTO,-120.93921661376953,37.655029296875
82198218,2023,2023-10-13,5002,2023-09-28,1534,13136,M286,4,5,6,5002,0,0,0,,0,071,"BRIGHTON AVE","WYLIE DR",2.00,S,N,A,-,N,,,,,,,,,,N,2,0,1,2,A,-,10,21950,A,N,G,B,B,A,H,-,A,D,0,Y,,,,Y,,D,22,1,0,0,0,1,0,0,0,0,"- ","- ",37.657508850097656,-120.97099304199219,STANISLAUS,MODESTO,-120.97102355957031,37.657505035400391
82226204,2023,2023-11-02,5002,2023-10-27,1610,13300,,5,5,6,5002,0,0,0,,0,042,"EL VISTA AVE","SR-132 (YOSEMITE BLVD)",90.00,N,N,A,-,Y,STA,,132," "," ",17.112,H,,R,Y,2,0,1,2,A,-,03,22350,,N,C,C,A,A,H,-,A,A,0,,,Y,,Y,,C,02,1,0,0,0,0,0,0,0,1,"- ","- ",37.637889862060547,-120.95774078369141,STANISLAUS,MODESTO,-120.95774078369141,37.63812255859375
82231801,2023,2023-11-09,5002,2023-09-13,1254,13439,,3,5,6,5002,0,0,0,,0,082,"ORANGEBURG AVE","COLLEGE AVE",0.00,,Y,A,-,N,,,,,,,,,,Y,2,0,2,2,A,-,17,21451,B,N,D,C,A,A,H,-,A,A,0,,,,,Y,,A,01,1,0,1,0,0,0,0,0,0,"- ","- ",37.66387939453125,-121.00795745849609,STANISLAUS,MODESTO,-121.00760650634766,37.663936614990234
82247469,2023,2023-11-29,5002,2023-11-22,"549 ",13400,M515,3,5,6,5002,0,0,0,,0,031,"HATCH RD","DALLAS ST",0.00,,Y,A,-,N,,,,,,,,,,Y,2,0,1,1,A,-,08,22107,,N,E,I,A,A,H,-,B,A,0,,,,,Y,,A,01,1,0,0,0,0,0,0,0,0,"- ","- ",37.609138488769531,-121.00225830078125,STANISLAUS,MODESTO,-121.00151062011719,37.609218597412109
82250664,2023,2023-12-04,5002,2023-11-16,1549,13132,,4,5,6,5002,0,0,0,,0,071,"E ORANGEBURG AVE","SHARONWOOD DR",0.00,,Y,A,-,N,,,,,,,,,,N,2,0,1,1,A,-,03,22350,,N,F,A,A,A,H,-,A,D,0,,,Y,,Y,,C,02,1,0,0,0,0,0,0,0,1,"- ","- ",37.663311004638672,-120.96199035644531,STANISLAUS,MODESTO,-120.96165466308594,37.663551330566406
82262891,2023,2023-12-28,5002,2023-01-17,2138,13053,,2,5,6,5002,0,0,0,,0,062,"PRESCOTT RD","STANDIFORD AV",490.00,S,N,A,-,N,,,,,,,,,,N,1,1,0,2,A,-,01,23152,A,F,G,B,D,A,H,-,C,D,0,Y,,,,Y,Y,A,07,0,0,0,1,0,0,0,0,0,"- ","- ",37.689689636230469,-121.03156280517578,STANISLAUS,MODESTO,-121.03153228759766,37.688343048095703
82262892,2023,2024-11-07,5002,2023-02-08,"653 ",11789,,3,5,6,5002,0,0,0,,0,042,"SR-132 (YOSEMITE BLVD)","S. SANTA ANA AVE",0.00,,Y,A,-,Y,,,,,,,,,,N,1,1,0,2,A,-,10,21950,A,N,G,B,B,A,H,-,B,D,0,Y,,,,Y,,D,22,0,0,0,1,0,0,0,0,0,"- ","- ",,,STANISLAUS,MODESTO,-120.97654724121094,37.638214111328125
82292929,2023,2024-01-25,5009,2023-12-17,1726,S03768,,7,5,2,5009,0,0,0,,0,HPD,"HATCH RD","MOUNTAIN VIEW RD",314.00,E,N,C,-,N,,,,,,,,,,Y,1,1,1,2,A,-,08,22107,,N,A,C,A,B,G,-,C,D,0,,,,,Y,Y,D,22,1,0,0,0,0,0,0,0,0,"- ","- ",37.607368469238281,-120.87914276123047,STANISLAUS,HUGHSON,-120.87814331054688,37.609260559082031
82301521,2024,2024-01-31,5002,2024-01-24,"505 ",13157,M013,3,5,6,5002,0,0,0,,0,063,"STANDIFORD AVE","PRESCOTT RD",1100.00,W,N,A,C,N,,,,,,,,,,Y,2,0,1,1,A,-,01,23152,A,N,E,I,A,B,H,-,C,D,0,,,,,Y,Y,A,01,1,0,0,0,0,0,0,0,0,"- ","- ",37.689689636230469,-121.03156280517578,STANISLAUS,MODESTO,-121.03514099121094,37.689132690429688
82320005,2024,2024-02-26,5002,2024-01-16,1811,13303,M005,2,5,6,5002,0,0,0,,0,063,"STANDIFORD AVE","HAHN DR",86.00,W,N,A,-,N,,,,,,,,,,Y,2,0,2,1,A,-,01,23152,A,N,E,I,A,B,H,-,C,A,0,,,,,Y,Y,A,07,1,0,1,0,0,0,0,0,0,"- ","- ",37.685638427734375,-121.0452880859375,STANISLAUS,MODESTO,-121.04552459716797,37.685436248779297
82345327,2024,2024-03-25,5002,2024-03-07,1621,13424,M060,4,5,6,5002,0,0,0,,0,082,"MC HENRY AVE (SR-108)","FLOYD AVE",0.00,,Y,A,-,Y,STA,,108," "," ",25.320,H,,R,N,2,0,1,2,A,-,10,21950,A,N,G,B,B,A,H,-,A,A,0,Y,,,,Y,,A,07,1,0,0,0,1,0,0,0,0,"- ","- ",37.678188323974609,-120.99416351318359,STANISLAUS,MODESTO,-120.99404907226562,37.678188323974609
82366186,2023,2024-04-17,5002,2023-11-07,1720,13053,,2,5,6,5002,0,0,0,,0,083,"MCHENRY AV (SR-108)","WEST UNION AV",380.00,S,N,A,-,Y,,,,,,,,,,Y,1,1,0,2,A,-,01,23152,A,F,H,G,A,A,H,-,B,D,0,,Y,,,Y,,L,04,0,0,0,0,0,1,0,0,0,"- ","- ",,,STANISLAUS,MODESTO,-120.99435424804688,37.692127227783203
82406323,2024,2024-07-08,5002,2024-05-04,1627,13478,,6,5,6,5002,0,0,0,,0,042,"SR-132 (YOSEMITE BLVD)","SANTA BARBARA AVE",82.00,E,N,A,-,Y,,,,,,,,,,Y,2,0,2,2,A,-,03,22350,,N,G,B,F,B,F,-,A,A,0,Y,,,,Y,,D,22,1,1,0,0,1,0,0,0,0,"- ","- ",,,STANISLAUS,MODESTO,-120.97512054443359,37.638195037841797
8286086,2017,2017-01-26,5002,2017-01-22,0216,11776,,7,5,6,5002,0,0,0,,0,063,"PELANDALE OVERPASS","SALIDA BL",0.00,,Y,C,-,N,,,,,,,,,,Y,2,0,3,1,A,-,01,23152,A,N,E,I,A,B,H,-,C,A,0,,,,,Y,Y,A,,1,1,1,0,0,0,0,0,0,"- ","- ",,,STANISLAUS,MODESTO,-121.07196988,37.698539920000002
8313512,2017,2017-03-02,5002,2017-02-09,2236,11098,M188,4,5,6,5002,0,0,0,,0,061,"ORANGEBURG AV","DEL VALE AV",0.00,,Y,C,-,N,,,,,,,,,,N,2,0,1,2,A,-,09,21802,A,F,D,G,A,B,H,-,C,A,0,,Y,,,Y,,-,,1,0,0,0,0,0,1,0,0,"- ","- ",,,STANISLAUS,MODESTO,-121.01932992,37.664119909999997
8313521,2017,2017-03-02,5002,2017-02-06,1913,11110,427,1,5,6,5002,0,0,0,,0,032,"SUTTER AV","WESTERN WY",115.00,N,N,C,-,N,,,,,,,,,,Y,2,0,1,2,A,-,01,23152,A,N,C,E,A,B,H,-,C,D,0,,,,,Y,Y,A,,1,0,0,0,0,0,0,0,0,"- ","- ",,,STANISLAUS,MODESTO,-121.01180877,37.626335740000002
8343551,2017,2017-04-11,5007,2017-03-03,1749,5770,,5,5,5,5007,0,0,0,,0,001,"FULKERTH RD",SODERQUIST,12.00,W,N,A,-,N,,,,,,,,,,N,2,0,1,2,A,-,09,21801,A,N,D,G,A,A,H,-,A,A,0,,Y,,,Y,,L,04,1,0,0,0,0,0,1,0,0,"- ","- ",,,STANISLAUS,TURLOCK,-120.86242137000001,37.507300000000001
8378691,2017,2018-07-20,5007,2017-05-01,2210,5764,,1,5,5,5007,0,0,0,,0,002,"LANDER AV","VERMONT AV",0.00,,N,A,-,N,,,,,,,,,,N,2,0,1,2,A,-,11,21954,A,F,G,B,D,A,H,-,D,D,0,Y,,,,Y,,N,60,1,0,0,0,1,0,0,0,0,"- ","- ",,,STANISLAUS,TURLOCK,-120.84897986999999,37.487989970000001
8387245,2017,2018-04-10,5002,2017-04-01,1400,13085,,6,5,6,5002,0,0,0,,0,041,"9TH ST","G ST",0.00,,Y,A,-,Y,STA,10,132,-,L,15.440,I,5,E,N,2,0,1,2,D,-,00,,,F,D,B,B,A,H,-,A,A,0,Y,,,Y,Y,,-,"- ",1,0,0,0,1,0,0,0,0,"- ","- ",,,STANISLAUS,MODESTO,-120.9981781,37.637211399999998
8397404,2017,2017-06-28,5002,2017-06-02,2158,11742,M101,5,5,6,5002,0,0,0,,0,073,"SYLVAN AV","HASHEM DR",20.00,E,N,A,-,N,,,,,,,,,,N,2,0,1,2,A,-,11,21954,A,N,G,B,-,A,H,-,D,D,0,Y,,,,Y,,-,,1,0,0,0,1,0,0,0,0,"- ","- ",,,STANISLAUS,MODESTO,-120.96020089,37.688969999999998
8400204,2017,2017-07-14,5002,2017-06-09,0208,11521,534,5,5,6,5002,0,0,0,,0,031,"HATCH RD","RANCHO ENCANTADO",100.00,E,N,A,-,N,,,,,,,,,,Y,2,0,2,3,A,-,13,22500,,N,C,B,E,A,H,-,C,D,0,Y,,,,Y,,-,,1,0,1,0,1,0,0,0,0,"- ","- ",,,STANISLAUS,MODESTO,-121.01954503,37.606119800000002
8404713,2017,2018-08-28,5005,2017-05-09,1209,S01665,PATTE,2,5,3,5005,0,0,0,,0,6T33,"SYCAMORE AV","EUCALYPTUS AV",0.00,,Y,A,-,,,,,,,,,,,Y,1,1,1,2,A,-,12,22450,A,N,D,C,A,A,H,-,A,A,0,,,,,Y,,A,07,0,0,1,0,0,0,0,0,0,"- ","- ",,,STANISLAUS,PATTERSON,-121.12622996,37.498469970000002
8407066,2017,2018-05-16,5002,2017-07-06,1611,11854,334,4,5,6,5002,0,0,0,,0,043,"RT 132","RIVERSIDE DR",100.00,W,N,A,-,Y,STA,10,132,-,-,17.630,H,-,E,Y,2,0,3,3,A,-,08,22107,,N,A,C,A,A,H,-,A,A,0,,,,,Y,,D,,1,1,1,0,0,0,0,0,0,"- ","- ",,,STANISLAUS,MODESTO,-120.94843268,37.638170979999998
8411319,2017,2017-07-27,5002,2017-07-09,2136,11530,STANI,7,5,6,5002,0,0,0,,0,041,"14TH ST","F ST",120.00,S,N,A,-,N,,,,,,,,,,Y,2,0,1,3,A,-,01,23152,,M,B,C,A,A,H,-,C,D,0,,,,,Y,Y,A,,1,0,0,0,0,0,0,0,0,"- ","- ",,,STANISLAUS,MODESTO,-120.99158632,37.639279770000002