CASE_ID,ACCIDENT_YEAR,PROC_DATE,JURIS,COLLISION_DATE,COLLISION_TIME,OFFICER_ID,REPORTING_DISTRICT,DAY_OF_WEEK,CHP_SHIFT,POPULATION,CNTY_CITY_LOC,SPECIAL_COND,BEAT_TYPE,CHP_BEAT_TYPE,CITY_DIVISION_LAPD,CHP_BEAT_CLASS,BEAT_NUMBER,PRIMARY_RD,SECONDARY_RD,DISTANCE,DIRECTION,INTERSECTION,WEATHER_1,WEATHER_2,STATE_HWY_IND,CALTRANS_COUNTY,CALTRANS_DISTRICT,STATE_ROUTE,ROUTE_SUFFIX,POSTMILE_PREFIX,POSTMILE,LOCATION_TYPE,RAMP_INTERSECTION,SIDE_OF_HWY,TOW_AWAY,COLLISION_SEVERITY,NUMBER_KILLED,NUMBER_INJURED,PARTY_COUNT,PRIMARY_COLL_FACTOR,PCF_CODE_OF_VIOL,PCF_VIOL_CATEGORY,PCF_VIOLATION,PCF_VIOL_SUBSECTION,HIT_AND_RUN,TYPE_OF_COLLISION,MVIW,PED_ACTION,ROAD_SURFACE,ROAD_COND_1,ROAD_COND_2,LIGHTING,CONTROL_DEVICE,CHP_ROAD_TYPE,PEDESTRIAN_ACCIDENT,BICYCLE_ACCIDENT,MOTORCYCLE_ACCIDENT,TRUCK_ACCIDENT,NOT_PRIVATE_PROPERTY,ALCOHOL_INVOLVED,STWD_VEHTYPE_AT_FAULT,CHP_VEHTYPE_AT_FAULT,COUNT_SEVERE_INJ,COUNT_VISIBLE_INJ,COUNT_COMPLAINT_PAIN,COUNT_PED_KILLED,COUNT_PED_INJURED,COUNT_BICYCLIST_KILLED,COUNT_BICYCLIST_INJURED,COUNT_MC_KILLED,COUNT_MC_INJURED,PRIMARY_RAMP,SECONDARY_RAMP,LATITUDE,LONGITUDE,COUNTY,CITY,POINT_X,POINT_Y
8428047,2017,2017-08-15,5007,2017-07-17,1618,5778,TURLO,1,5,5,5007,0,0,0,,0,2A21,"PIONEER AV",WAYSIDE,51.00,S,N,A,-,N,,,,,,,,,,N,2,0,1,2,A,-,10,21950,A,N,G,B,D,A,H,-,A,D,0,Y,,,,Y,,A,01,1,0,0,0,1,0,0,0,0,"- ","- ",,,STANISLAUS,TURLOCK,-120.8375533,37.503959969999997
8431924,2017,2017-08-18,5002,2017-07-31,2012,13066,,1,5,6,5002,0,0,0,,0,041,"I ST","16TH ST",0.00,,Y,A,-,N,,,,,,,,,,Y,2,0,1,2,A,-,10,21950,A,N,G,B,B,A,H,-,A,D,0,Y,,,,Y,,A,,1,0,0,0,1,0,0,0,0,"- ","- ",,,STANISLAUS,MODESTO,-120.99351996,37.643879900000002
84361279,2024,2024-08-20,5002,2024-08-08,1830,13402,,4,5,6,5002,0,0,0,,0,031,"CARPENTER RD","WHITMORE AVE",57.00,N,N,A,-,N,,,,,,,,,,Y,2,0,2,2,A,-,03,22350,,N,C,C,A,A,H,-,A,A,0,,,Y,,Y,,C,02,1,0,1,0,0,0,0,0,1,"- ","- ",37.59503173828125,-121.03054809570312,STANISLAUS,MODESTO,-121.03028869628906,37.595207214355469
84415652,2024,2024-10-02,5001,2024-09-20,1856,917,,5,5,4,5001,0,0,0,,0,004,"BUENAVENTURA DR","TULAROSA CT",35.00,N,N,A,-,N,,,,,,,,,,N,2,0,1,2,A,-,09,21804,A,N,D,G,A,A,H,-,A,D,0,,Y,,,Y,,L,04,1,0,0,0,0,0,1,0,0,"- ","- ",,,STANISLAUS,CERES,-120.98256683349609,37.586894989013672
84428682,2024,2024-10-14,5002,2024-09-15,2253,11267,,7,5,6,5002,0,0,0,,0,072,"BRIGGSMORE AVE","OAKDALE RD",915.00,E,N,A,-,N,,,,,,,,,,Y,2,0,2,1,A,-,01,23152,A,N,F,A,A,A,H,-,C,D,0,,,Y,,Y,Y,C,02,2,0,0,0,0,0,0,0,2,"- ","- ",37.667110443115234,-120.95755767822266,STANISLAUS,MODESTO,-120.95445251464844,37.667404174804688
84428781,2024,2024-10-14,5006,2024-08-13,2207,129,,2,5,3,5006,0,0,0,,0,RPD,"SIERRA ST","8TH ST (RIVERBANK)",700.00,E,N,A,-,N,,,,,,,,,,N,2,0,1,2,A,-,11,21954,A,N,G,B,E,A,H,-,C,D,0,Y,,Y,,Y,,N,60,1,0,0,0,1,0,0,0,0,"- ","- ",37.734169006347656,-120.92671203613281,STANISLAUS,RIVERBANK,-120.92442321777344,37.734050750732422
8447947,2017,2018-05-22,5002,2017-08-29,0926,13151,M405,2,5,6,5002,0,0,0,,0,041,"RT 132","14TH ST",0.00,,Y,A,-,Y,STA,10,132,-,-,15.340,I,5,W,N,2,0,1,2,A,-,11,21950,B,N,G,B,B,A,H,-,A,A,0,Y,,,,Y,,N,,1,0,0,0,1,0,0,0,0,"- ","- ",,,STANISLAUS,MODESTO,-120.98978898,37.637414370000002
84485276,2024,2025-01-08,5002,2024-02-02,1854,11789,,5,5,6,5002,0,0,0,,0,072,"COFFEE RD","FLOYD AVE",252.00,S,N,A,-,N,,,,,,,,,,N,1,1,0,2,A,-,00,21954,,N,G,B,D,A,H,-,D,D,0,Y,,,,Y,,-,"- ",0,0,0,1,0,0,0,0,0,"- ","- ",37.678009033203125,-120.95762634277344,STANISLAUS,MODESTO,-120.97581481933594,37.677318572998047
84485289,2024,2024-11-29,5002,2024-09-03,1427,13053,,2,5,6,5002,0,0,0,,0,061,"NORTH CARPENTER RD","BLUE GUM AV",964.00,N,N,A,-,Y,,,,,,,,,,Y,1,1,1,2,A,-,05,21460,A,N,A,C,A,A,H,-,A,D,0,,,,,Y,,A,07,0,1,0,0,0,0,0,0,0,"- ","- ",37.660499572753906,-121.03119659423828,STANISLAUS,MODESTO,-121.03121948242188,37.663173675537109
84529428,2024,2025-01-08,5002,2024-11-27,1352,13292,,3,5,6,5002,0,0,0,,0,072,"WALNUT GROVE WAY","WOODHILL WAY",0.00,,Y,A,-,N,,,,,,,,,,Y,2,0,1,1,A,-,03,22350,,N,E,J,A,A,H,-,A,D,0,,,Y,,Y,,C,02,1,0,0,0,0,0,0,0,1,"- ","- ",37.6728515625,-120.94989776611328,STANISLAUS,MODESTO,-120.94992065429688,37.672756195068359
84529460,2024,2025-01-17,5002,2024-12-06,1812,13300,,5,5,6,5002,0,0,0,,0,061,"KANSAS AVE","RENO AVE",24.00,W,N,A,-,N,,,,,,,,,,N,2,0,1,2,A,-,11,21954,A,N,G,B,D,A,H,-,C,D,0,Y,,,,Y,,N,60,1,0,0,0,1,0,0,0,0,"- ","- ",37.645999908447266,-121.0281982421875,STANISLAUS,MODESTO,-121.02828216552734,37.645999908447266
84559959,2024,2025-02-03,5001,2024-12-25,"123 ",917,,3,5,4,5001,0,0,0,,0,001,"HATCH RD","CENTRAL AVE",1.00,W,N,A,-,N,,,,,,,,,,Y,2,0,1,2,A,-,11,21950,B,N,G,B,B,A,H,-,C,A,0,Y,,,,Y,Y,N,60,1,0,0,0,1,0,0,0,0,"- ","- ",,,STANISLAUS,CERES,-120.95709228515625,37.609241485595703
84574762,2023,2025-02-13,5001,2023-12-12,2019,895,,2,5,4,5001,0,0,0,,0,003,"HATCH RD","BOOTHE RD",428.00,E,N,A,-,N,,,,,,,,,,Y,1,2,1,2,A,-,01,23152,F,N,A,C,A,A,H,-,D,A,0,,,,,Y,,A,01,1,0,0,0,0,0,0,0,0,"- ","- ",,,STANISLAUS,CERES,-120.92993927001953,37.609272003173828
8465671,2018,2019-03-21,5005,2018-06-19,2107,S02447,PATTE,2,5,3,5005,0,0,0,,0,3Q8,"N 2ND ST","W LAS PALMAS AV",0.00,,Y,A,-,Y,STA,10,33,-,-,13.180,I,5,S,N,1,1,0,2,A,-,11,21456,B,N,G,B,B,A,H,-,C,A,0,Y,,,,Y,Y,N,60,0,0,0,1,0,0,0,0,0,"- ","- ",,,STANISLAUS,PATTERSON,-121.12897491455078,37.472061157226562
8465766,2018,2019-05-03,5007,2018-12-02,0229,5749,,7,5,5,5007,0,0,0,,0,005,"NORTH GOLDEN STATE BL","GEER RD",280.00,S,N,B,-,N,,,,,,,,,,Y,1,3,0,1,A,-,01,23152,A,N,E,I,A,B,H,-,C,A,0,,,,,Y,Y,A,01,0,0,0,0,0,0,0,0,0,"- ","- ",,,STANISLAUS,TURLOCK,-120.84854888916016,37.49810791015625
8466124,2017,2017-10-05,5002,2017-09-26,0741,11742,M146,2,5,6,5002,0,0,0,,0,072,"EAST BRIGGSMORE AV","ROSE AV",300.00,E,N,A,-,N,,,,,,,,,,Y,2,0,1,2,A,-,03,22350,,N,C,C,A,A,H,-,A,D,0,,,Y,,Y,,C,,1,0,0,0,0,0,0,0,1,"- ","- ",,,STANISLAUS,MODESTO,-120.96562359000001,37.667470000000002
84689594,2025,2025-05-16,5001,2025-05-12,1601,930,,1,5,4,5001,0,0,0,,0,004,"WHITMORE AVE","FAIRVIEW DR",135.00,W,N,A,-,N,,,,,,,,,,N,2,0,1,2,A,-,03,22350,,N,G,B,D,A,H,-,A,D,0,Y,,,,Y,,A,07,1,0,0,0,1,0,0,0,0,"- ","- ",,,STANISLAUS,CERES,-120.96875762939453,37.5948486328125
84722872,2024,2025-08-20,5002,2024-11-11,"216 ",11196,,1,5,6,5002,0,0,0,,0,083,"PELANDALE AVE","TULLY RD",0.00,,Y,A,-,N,,,,,,,,,,Y,1,1,0,1,A,-,01,23152,A,N,E,I,A,A,H,-,C,A,0,,,,,Y,Y,A,07,0,0,0,0,0,0,0,0,0,"- ","- ",37.700759887695312,-121.01274871826172,STANISLAUS,MODESTO,-121.01277923583984,37.700675964355469
84749962,2025,2025-07-07,5001,2025-06-28,"638 ",946,,6,5,4,5001,0,0,0,,0,004,"KINSER RD","BLAKER RD",7.00,W,N,A,-,N,,,,,,,,,,N,2,0,1,2,A,-,12,22450,A,N,D,G,A,A,H,-,A,D,0,,Y,,,Y,,D,22,1,0,0,0,0,0,1,0,0,"- ","- ",,,STANISLAUS,CERES,-120.96610260009766,37.591190338134766
8479433,2017,2017-11-02,5002,2017-09-19,0812,515,C015,2,5,6,5002,0,0,0,,0,004,"CROWS LANDING RD","SERVICE RD",712.00,S,N,A,-,N,,,,,,,,,,Y,2,0,1,2,A,-,09,21801,A,N,D,C,A,A,H,-,A,D,0,,,,Y,Y,,G,26,1,0,0,0,0,0,0,0,0,"- ","- ",,,STANISLAUS,MODESTO,-120.99367599999999,37.578429999999997
84800448,2025,2025-08-13,5002,2025-06-13,"223 ",13482,,5,5,6,5002,0,0,0,,0,061,"BRIGGSMORE AVE","TULLY RD",7.00,E,N,A,-,N,,,,,,,,,,Y,2,0,1,1,A,-,01,23152,A,N,E,I,A,A,H,-,C,A,0,,,Y,,Y,Y,C,02,1,0,0,0,0,0,0,0,1,"- ","- ",37.670291900634766,-121.01255035400391,STANISLAUS,MODESTO,-121.01222229003906,37.670322418212891
8513664,2018,2018-08-09,5002,2018-01-16,0114,11226,M537,2,5,6,5002,0,0,0,,0,042,"N SANTA ANA AV","RT 132",0.00,,Y,B,-,Y,STA,10,132,-,-,16.090,I,5,W,Y,2,0,2,2,A,-,01,23152,A,N,D,C,A,A,H,-,C,A,0,,,,,Y,Y,D,22,1,0,1,0,0,0,0,0,0,"- ","- ",,,STANISLAUS,MODESTO,-120.97624206542969,37.638214111328125
8523282,2017,2018-01-08,5002,2017-12-06,1810,11478,M159,3,5,6,5002,0,0,0,,0,072,"EAST BRIGGSMORE AV","LAKEWOOD AV",100.00,W,N,A,-,N,,,,,,,,,,Y,2,0,1,2,A,-,08,22107,,N,B,C,A,A,H,-,C,A,0,,,Y,,Y,,B,,1,0,0,0,0,0,0,0,1,"- ","- ",,,STANISLAUS,MODESTO,-120.93976546,37.666910000000001
8524858,2017,2018-01-05,5002,2017-12-11,1652,13151,,1,5,6,5002,0,0,0,,0,MP73,"CLAUS RD","SYLVAN AV",2325.00,S,N,A,-,N,,,,,,,,,,Y,2,0,1,1,A,-,01,23152,A,N,F,A,A,A,H,-,B,D,0,,,Y,,Y,Y,C,,1,0,0,0,0,0,0,0,1,"- ","- ",,,STANISLAUS,MODESTO,-120.92149737,37.682695379999998
8563266,2018,2018-08-09,5007,2018-02-13,2114,5770,,2,5,5,5007,0,0,0,,0,003,"FULKERTH RD","RT 99",0.00,,Y,A,-,Y,STA,10,99,-,R,4.744,R,4,S,Y,2,0,2,2,A,-,01,23153,A,F,D,C,A,A,H,-,C,A,0,,,,,Y,Y,A,01,2,0,0,0,0,0,0,0,0,"- ",SF,,,STANISLAUS,TURLOCK,-120.87931823730469,37.509838104248047
8567405,2018,2018-03-22,5002,2018-02-04,1147,13049,,7,5,6,5002,0,0,0,,0,071,"OAKDALE RD","COUNTY CENTER 3",0.00,,Y,A,-,N,,,,,,,,,,Y,2,0,2,2,A,-,12,21453,A,N,D,D,A,A,H,-,A,A,0,,,,,Y,,-,"- ",1,0,1,0,0,0,0,0,0,"- ","- ",,,STANISLAUS,MODESTO,-120.95746,37.655569999999997
8581852,2018,2018-03-30,5002,2018-03-04,1217,13018,399,7,5,6,5002,0,0,0,,0,033,"EMERALD AV","KANSAS AV",0.00,,Y,A,-,N,,,,,,,,,,Y,2,0,5,2,A,-,01,23153,,F,D,C,A,A,H,-,A,A,0,,,,,Y,,A,,1,4,0,0,0,0,0,0,0,"- ","- ",,,STANISLAUS,MODESTO,-121.02105712890625,37.645988464355469
8581915,2018,2018-03-29,5007,2018-03-12,2149,5727,,1,5,5,5007,0,0,0,,0,005,"GEER RD","STARR AV",69.00,S,N,C,-,N,,,,,,,,,,N,2,0,1,2,A,-,11,21950,B,N,G,B,D,B,H,-,D,D,0,Y,,,,Y,Y,N,60,1,0,0,0,1,0,0,0,0,"- ","- ",,,STANISLAUS,TURLOCK,-120.84896087646484,37.502250671386719
8593952,2018,2018-05-04,5002,2018-04-01,1448,11110,051,7,5,6,5002,0,0,0,,0,061,"TORRID AV","SHASTA AV",0.00,,Y,A,-,N,,,,,,,,,,N,2,0,1,2,A,-,12,22450,,N,D,D,A,A,H,-,A,A,0,,,Y,,Y,,C,,1,0,0,0,0,0,0,0,1,"- ","- ",,,STANISLAUS,MODESTO,-121.03550720214844,37.649490356445312
8615526,2018,2018-05-10,5002,2018-04-15,1248,13132,014,7,5,6,5002,0,0,0,,0,063,"SNYDER AV","MARSALA WY",21.00,E,N,A,-,N,,,,,,,,,,N,2,0,3,2,A,-,03,22350,,N,C,C,A,A,H,-,A,A,0,,,,,Y,,D,,1,2,0,0,0,0,0,0,0,"- ","- ",,,STANISLAUS,MODESTO,-121.04072570800781,37.696781158447266
8648339,2018,2020-05-21,5002,2018-08-25,2031,,,6,5,6,5002,0,0,0,,0,,"PELANDALE AV","DETROIT LN",1859.00,W,N,A,-,N,,,,,,,,,,Y,1,1,0,3,A,-,11,21954,A,N,G,B,D,A,H,-,D,D,0,Y,,,,Y,,N,60,0,0,0,1,0,0,0,0,0,"- ","- ",37.700599670410156,-121.00492095947266,STANISLAUS,MODESTO,-121.00385284423828,37.700592041015625
8648364,2018,2020-05-22,5002,2018-09-25,1650,11621,M609,2,5,6,5002,0,0,0,,0,043,"CREEKWOOD DR","LEAVENWORTH WY",336.00,W,N,A,-,N,,,,,,,,,,Y,1,1,1,2,A,-,05,21651,B,N,A,C,A,A,H,-,A,D,0,,,,,Y,,A,01,1,0,0,0,0,0,0,0,0,"- ","- ",,,STANISLAUS,MODESTO,-120.92430877685547,37.64984130859375
8648695,2018,2020-05-26,5002,2018-11-28,0246,11267,554,3,5,6,5002,0,0,0,,0,031,"WEST HATCH RD","RANCHO ENCANTADO LN",0.00,,Y,A,-,N,,,,,,,,,,Y,1,1,3,1,A,-,08,22107,,N,E,I,A,A,H,-,C,D,0,,,,,Y,Y,A,01,2,1,0,0,0,0,0,0,0,"- ","- ",,,STANISLAUS,MODESTO,-121.01988983154297,37.606109619140625
8648697,2018,2019-03-12,5002,2018-12-14,1823,11621,024,5,5,6,5002,0,0,0,,0,062,"SISK RD","PLAZA PKWY",1097.00,S,N,A,-,N,,,,,,,,,,Y,1,1,0,3,A,-,09,21804,A,N,A,C,A,A,H,-,C,D,0,,,Y,,Y,,A,07,0,0,0,0,0,0,0,1,0,"- ","- ",,,STANISLAUS,MODESTO,-121.03572845458984,37.668914794921875
8654153,2018,2018-08-14,5007,2018-06-21,2105,5701,,4,5,5,5007,0,0,0,,0,002,"EAST LINWOOD AV","5TH ST",0.00,,Y,A,-,N,,,,,,,,,,Y,2,0,2,2,A,-,01,23152,A,F,D,C,A,A,H,-,C,D,0,,,,,Y,Y,A,01,2,0,0,0,0,0,0,0,0,"- ","- ",,,STANISLAUS,TURLOCK,-120.83603668212891,37.478118896484375
8678887,2018,2018-10-04,5007,2018-07-28,2158,5745,TURLO,6,5,5,5007,0,0,0,,0,002,"LANDER AV","W GLENWOOD AV",0.00,,Y,A,-,N,,,,,,,,,,N,2,0,1,2,A,-,09,21804,A,N,D,G,A,A,H,-,C,A,0,,Y,,,Y,,L,04,1,0,0,0,0,0,1,0,0,"- ","- ",,,STANISLAUS,TURLOCK,-120.84902191162109,37.475559234619141
8683660,2018,2018-10-09,5002,2018-08-14,1640,11267,M516,2,5,6,5002,0,0,0,,0,MP31,"CROWS LANDING AV","SCHOOL AV",0.00,,Y,A,-,N,,,,,,,,,,Y,2,0,1,2,A,-,12,21453,A,N,G,B,B,A,H,-,A,A,0,Y,,Y,,Y,,C,02,1,0,0,0,1,0,0,0,0,"- ","- ",,,STANISLAUS,MODESTO,-120.99368286132812,37.612171173095703
8686454,2018,2018-09-07,5005,2018-04-21,0901,S01836,MODES,6,5,3,5005,0,0,0,,0,RPD1,"EAST LAS PALMAS AV","HARTLEY ST",430.00,W,N,A,-,N,,,,,,,,,,Y,2,0,2,2,A,-,04,21703,,N,C,D,A,A,H,-,A,D,0,,,,,Y,,D,22,2,0,0,0,0,0,0,0,0,"- ","- ",,,STANISLAUS,PATTERSON,-121.12286376953125,37.474891662597656
8700733,2018,2018-10-29,5004,2018-09-10,0000,236,RD21,1,5,3,5004,0,0,0,,0,00W,"WEST F ST","REED RD",500.00,W,N,A,-,Y,STA,10,108,-,-,36.470,H,-,E,Y,2,0,1,1,A,-,07,21658,,N,E,I,A,A,H,-,C,D,0,,,,,Y,,A,07,1,0,0,0,0,0,0,0,0,"- ","- ",37.756160736083984,-120.87422180175781,STANISLAUS,OAKDALE,-120.87615966796875,37.755790710449219
8773641,2018,2019-01-31,5002,2018-12-18,1523,13197,434,2,5,6,5002,0,0,0,,0,032,"TUOLUMNE BL","RT 99",440.00,E,N,A,-,N,,,,,,,,,,N,2,0,1,2,A,-,11,21954,A,N,G,B,D,A,H,-,A,D,0,Y,,,,Y,,-,"- ",1,0,0,0,1,0,0,0,0,"- ",SO,,,STANISLAUS,MODESTO,-120.99678802490234,37.627498626708984
8808194,2019,2019-05-29,5002,2019-03-22,2251,11621,027,5,5,6,5002,0,0,0,,0,083,"TULLY RD","MONTCLAIR DR",167.00,N,N,B,C,N,,,,,,,,,,Y,1,1,0,2,A,I,"- ",,,N,G,B,D,B,H,-,D,D,0,Y,,,,Y,Y,N,60,0,0,0,1,0,0,0,0,0,"- ","- ",,,STANISLAUS,MODESTO,-121.01246643066406,37.687248229980469
8827602,2019,2019-04-26,5002,2019-02-10,1530,13086,M009,7,5,6,5002,0,0,0,,0,063,"LIGHT HOUSE AV","STEINBECK DR",0.00,,Y,B,-,N,,,,,,,,,,N,2,0,1,2,A,-,11,21950,B,N,A,B,D,A,H,-,A,D,0,Y,,,,Y,,N,60,1,0,0,0,1,0,0,0,0,"- ","- ",,,STANISLAUS,MODESTO,-121.03565216064453,37.703018188476562
8838062,2019,2019-05-07,5007,2019-03-14,1616,5749,5007,4,5,5,5007,0,0,0,,0,004,"WEST MONTE VISTA AV","RT 99",0.00,,Y,A,-,Y,STA,10,99,-,R,5.485,R,4,S,Y,2,0,2,2,A,-,12,21453,A,N,D,C,A,A,H,-,A,A,0,,,Y,,Y,,C,02,1,0,1,0,0,0,0,0,1,"- ",SF,,,STANISLAUS,TURLOCK,-120.88458251953125,37.519710540771484
8845240,2019,2019-08-28,5002,2019-04-05,2008,13018,145,5,5,6,5002,0,0,0,,0,072,"COFFEE RD","PROFESSIONAL CT",50.00,N,N,A,-,N,,,,,,,,,,Y,2,0,5,4,A,-,11,21954,A,N,G,C,E,A,H,-,C,D,0,Y,,,,Y,,N,60,1,2,2,0,1,0,0,0,0,"- ","- ",,,STANISLAUS,MODESTO,,
8854634,2019,2019-05-14,5002,2019-04-30,2158,11110,535,2,5,6,5002,0,0,0,,0,031,"MORGAN RD","EAST WHITMORE AV",340.00,N,N,A,-,N,,,,,,,,,,N,2,0,1,2,A,-,11,21953,,N,G,B,E,A,H,-,C,D,0,Y,,,,Y,,N,,1,0,0,0,1,0,0,0,0,"- ","- ",,,STANISLAUS,MODESTO,-120.97525787353516,37.59576416015625
8863743,2019,2019-05-22,5002,2019-05-03,2348,13012,M026,5,5,6,5002,0,0,0,,0,MP83,"PELANDALE AV","TULLY RD",0.00,,Y,A,-,N,,,,,,,,,,Y,2,0,1,1,A,-,01,23152,A,N,E,I,A,A,H,-,C,A,0,,,,,Y,Y,A,,1,0,0,0,0,0,0,0,0,"- ","- ",,,STANISLAUS,MODESTO,-121.01277923583984,37.700679779052734
8872881,2019,2019-06-10,5002,2019-04-30,0558,11773,,2,5,6,5002,0,0,0,,0,083,"WEST UNION AV","COLONIAL DR",0.00,,Y,A,-,N,,,,,,,,,,Y,2,0,1,2,A,-,11,21954,A,N,G,B,D,A,H,-,A,D,0,Y,,,,Y,,N,60,1,0,0,0,1,0,0,0,0,"- ","- ",,,STANISLAUS,MODESTO,-121.00921630859375,37.692829132080078
8883403,2019,2019-07-03,5002,2019-06-12,1015,13116,M276,3,5,6,5002,0,0,0,,0,081,"EL VECINO AV","BETTY LN",27.00,S,N,A,-,N,,,,,,,,,,Y,2,0,1,2,A,-,08,22107,,N,A,E,A,A,H,-,A,D,0,,,,,Y,,A,01,1,0,0,0,0,0,0,0,0,"- ","- ",,,STANISLAUS,MODESTO,-120.98023223876953,37.660816192626953
8889619,2019,2019-07-17,5002,2019-06-16,1907,11812,,7,5,6,5002,0,0,0,,0,032,"COLORADO AV","SOUTH AV",0.00,,Y,A,-,N,,,,,,,,,,Y,2,0,3,2,A,-,12,22450,A,N,B,C,A,A,H,-,A,D,0,,,,,Y,,-,,2,1,0,0,0,0,0,0,0,"- ","- ",,,STANISLAUS,MODESTO,-121.00718688964844,37.624240875244141
8895637,2019,2019-07-24,5007,2019-06-24,1259,5731,5007,1,5,5,5007,0,0,0,,0,005,"SOUTH GOLDEN STATE BL","MARSHALL ST",75.00,N,N,A,-,N,,,,,,,,,,N,2,0,1,3,A,-,21,22106,,F,H,C,F,A,H,-,A,D,0,Y,,,,Y,Y,A,07,1,0,0,0,1,0,0,0,0,"- ","- ",,,STANISLAUS,TURLOCK,-120.84440612792969,37.493244171142578
8914196,2019,2019-08-08,5002,2019-07-04,2330,13155,M554,4,5,6,5002,0,0,0,,0,031,"ST SALAZAR CT","EL SORENO ST",130.00,W,N,A,-,N,,,,,,,,,,N,2,0,1,1,A,-,08,22107,,N,H,A,A,A,H,-,C,D,0,,,,,Y,,-,,1,0,0,0,0,0,0,0,0,"- ","- ",,,STANISLAUS,MODESTO,-121.02340698242188,37.603240966796875
8939495,2019,2020-01-16,5007,2019-10-12,1707,5767,5007,6,5,5,5007,0,0,0,,0,008,"WEST AV SOUTH","ANGELUS ST",0.00,,Y,A,-,N,,,,,,,,,,Y,1,1,1,2,A,-,03,22350,,N,D,C,A,A,H,-,A,D,0,,,,,Y,,A,07,1,0,0,0,0,0,0,0,0,"- ","- ",,,STANISLAUS,TURLOCK,-120.85807037353516,37.486721038818359
8939638,2019,2020-03-18,5002,2019-10-25,2014,11267,257,5,5,6,5002,0,0,0,,0,081,"RT 108","EAST FAIRMONT AV",0.00,,Y,A,-,Y,STA,10,108,-,-,23.890,I,5,E,Y,1,1,0,2,A,-,11,21950,B,N,G,B,B,A,H,-,C,D,0,Y,,,,Y,,N,60,0,0,0,1,0,0,0,0,0,"- ","- ",,,STANISLAUS,MODESTO,-120.99394989013672,37.657386779785156
8941658,2019,2019-10-02,5007,2019-09-09,2035,5701,,1,5,5,5007,0,0,0,,0,,"WEST MONTE VISTA AV","NORTH WALNUT RD",0.00,,Y,A,-,N,,,,,,,,,,Y,2,0,2,2,D,-,00,,,N,D,C,A,A,H,-,C,A,0,,,,,Y,,-,"- ",1,0,1,0,0,0,0,0,0,"- ","- ",,,STANISLAUS,TURLOCK,-120.86725616455078,37.521858215332031
8950344,2019,2019-11-07,5002,2019-09-23,0941,13268,558,1,5,6,5002,0,0,0,,0,031,"DEZZANI LN","WALPOLE DR",0.00,,Y,A,-,N,,,,,,,,,,N,2,0,1,1,A,-,01,23152,A,N,E,I,A,A,H,-,A,D,0,,,,,Y,Y,-,,1,0,0,0,0,0,0,0,0,"- ","- ",,,STANISLAUS,MODESTO,-121.01093292236328,37.604721069335938
8950364,2019,2019-11-07,5002,2019-09-15,1842,11226,M106,7,5,6,5002,0,0,0,,0,082,"EDWARD AV","FLOYD AV",10.00,N,N,A,-,N,,,,,,,,,,N,2,0,1,2,A,-,09,21804,A,N,D,G,A,A,H,-,A,D,0,,Y,,,Y,,L,04,1,0,0,0,0,0,1,0,0,"- ","- ",,,STANISLAUS,MODESTO,-120.98731994628906,37.678146362304688
8950372,2019,2019-11-07,5002,2019-09-21,1714,13015,068,6,5,6,5002,0,0,0,,0,063,"LONGBRIDGE DR","STANIFORD AV",6.00,N,N,A,-,N,,,,,,,,,,Y,2,0,2,3,A,-,03,22350,,N,C,C,A,A,H,-,A,D,0,,,,,Y,,-,,1,1,0,0,0,0,0,0,0,"- ","- ",,,STANISLAUS,MODESTO,-121.01754760742188,37.689437866210938
8950384,2019,2019-11-07,5002,2019-09-08,1210,13060,169,7,5,6,5002,0,0,0,,0,061,"NORTH CARPENTER RD","CUMMINS DR",0.00,,Y,A,-,N,,,,,,,,,,Y,2,0,2,2,A,-,09,21802,A,N,D,C,A,A,H,-,A,D,0,,,,,Y,Y,-,,2,0,0,0,0,0,0,0,0,"- ","- ",,,STANISLAUS,MODESTO,-121.03112030029297,37.65863037109375
8967970,2019,2019-11-20,5001,2019-10-18,1521,849,B102,5,5,4,5001,0,0,0,,0,003,"MITCHELL RD","ROSEWOOD AV",8.00,N,N,A,-,N,,,,,,,,,,Y,2,0,1,2,A,-,12,22450,A,N,D,C,A,A,H,-,A,A,0,,,,,Y,,A,01,1,0,0,0,0,0,0,0,0,"- ","- ",37.606040954589844,-120.93871307373047,STANISLAUS,CERES,-120.93874359130859,37.606010437011719
8980822,2019,2020-01-16,5001,2019-11-08,0857,747,B204,5,5,4,5001,0,0,0,,0,003,"EAST HATCH RD","MITCHELL RD",425.00,W,N,A,-,N,,,,,,,,,,Y,2,0,2,2,A,-,09,21804,A,N,D,C,A,A,H,-,A,A,0,,,,,Y,,A,01,1,1,0,0,0,0,0,0,0,"- ","- ",37.609298706054688,-120.93863677978516,STANISLAUS,CERES,-120.94021606445312,37.609317779541016
8989707,2018,2019-12-26,5005,2018-09-02,0245,S987,MODES,7,5,3,5005,0,0,0,,0,,"S SALADO","RT 33",0.00,,Y,A,-,Y,STA,10,33,-,-,13.100,I,6,S,Y,2,0,1,2,A,-,11,21954,A,N,G,B,D,A,H,-,D,A,0,Y,,,,Y,Y,N,60,1,0,0,0,1,0,0,0,0,"- ","- ",,,STANISLAUS,PATTERSON,-121.12824249267578,37.471065521240234
8995707,2019,2020-01-09,5007,2019-11-24,0142,5776,5007,7,5,5,5007,0,0,0,,0,005,"WEST HAWKEYE AV","DELS LN",173.00,E,N,A,-,N,,,,,,,,,,N,2,0,1,2,A,-,09,21801,A,N,D,G,A,A,H,-,C,D,0,,Y,,,Y,,L,04,1,0,0,0,0,0,1,0,0,"- ","- ",,,STANISLAUS,TURLOCK,-120.85750579833984,37.507362365722656
8997166,2019,2020-01-25,5002,2019-11-10,1139,10116,,7,5,6,5002,0,0,0,,0,031,"CROWS LANDING RD","IMPERIAL AV",100.00,S,N,A,-,N,,,,,,,,,,N,2,0,1,2,A,-,09,21804,A,N,A,C,A,A,H,-,A,D,0,,,,,Y,,-,,1,0,0,0,0,0,0,0,0,"- ","- ",,,STANISLAUS,MODESTO,-120.99353790283203,37.600414276123047