CASE_ID,ACCIDENT_YEAR,PROC_DATE,JURIS,COLLISION_DATE,COLLISION_TIME,OFFICER_ID,REPORTING_DISTRICT,DAY_OF_WEEK,CHP_SHIFT,POPULATION,CNTY_CITY_LOC,SPECIAL_COND,BEAT_TYPE,CHP_BEAT_TYPE,CITY_DIVISION_LAPD,CHP_BEAT_CLASS,BEAT_NUMBER,PRIMARY_RD,SECONDARY_RD,DISTANCE,DIRECTION,INTERSECTION,WEATHER_1,WEATHER_2,STATE_HWY_IND,CALTRANS_COUNTY,CALTRANS_DISTRICT,STATE_ROUTE,ROUTE_SUFFIX,POSTMILE_PREFIX,POSTMILE,LOCATION_TYPE,RAMP_INTERSECTION,SIDE_OF_HWY,TOW_AWAY,COLLISION_SEVERITY,NUMBER_KILLED,NUMBER_INJURED,PARTY_COUNT,PRIMARY_COLL_FACTOR,PCF_CODE_OF_VIOL,PCF_VIOL_CATEGORY,PCF_VIOLATION,PCF_VIOL_SUBSECTION,HIT_AND_RUN,TYPE_OF_COLLISION,MVIW,PED_ACTION,ROAD_SURFACE,ROAD_COND_1,ROAD_COND_2,LIGHTING,CONTROL_DEVICE,CHP_ROAD_TYPE,PEDESTRIAN_ACCIDENT,BICYCLE_ACCIDENT,MOTORCYCLE_ACCIDENT,TRUCK_ACCIDENT,NOT_PRIVATE_PROPERTY,ALCOHOL_INVOLVED,STWD_VEHTYPE_AT_FAULT,CHP_VEHTYPE_AT_FAULT,COUNT_SEVERE_INJ,COUNT_VISIBLE_INJ,COUNT_COMPLAINT_PAIN,COUNT_PED_KILLED,COUNT_PED_INJURED,COUNT_BICYCLIST_KILLED,COUNT_BICYCLIST_INJURED,COUNT_MC_KILLED,COUNT_MC_INJURED,PRIMARY_RAMP,SECONDARY_RAMP,LATITUDE,LONGITUDE,COUNTY,CITY,POINT_X,POINT_Y
90012769,2015,2015-10-19,9465,2015-08-16,0221,017477,,7,3,9,5000,0,3,5,,2,030,"BERKELEY AVENUE","PAULSON ROAD",0.00,,Y,A,-,N,,,,,,,,,,Y,2,0,1,1,A,-,01,23152,A,N,F,A,A,A,H,-,C,A,0,,,Y,,Y,Y,C,02,1,0,0,0,0,0,0,0,1,"- ","- ",,,STANISLAUS,UNINCORPORATED,-120.83038999,37.480199890000002
9001746,2019,2020-02-06,5002,2019-12-05,1037,11136,M515,4,5,6,5002,0,0,0,,0,031,"WEST HATCH RD","USTICK RD",450.00,W,N,B,-,N,,,,,,,,,,Y,2,0,2,4,A,-,06,21750,A,F,B,C,A,A,H,-,A,D,0,,,,,Y,,-,,1,1,0,0,0,0,0,0,0,"- ","- ",,,STANISLAUS,MODESTO,-121.0133056640625,37.60626220703125
90027010,2015,2015-10-29,9465,2015-06-06,2347,017787,,6,3,9,5000,0,1,1,,2,055,"INTERSTATE 5 (NORTHBOUND)","SPERRY AVENUE",5280.00,S,N,A,-,Y,,,5,,,,,,,Y,1,1,0,1,A,-,08,22107,,N,E,I,A,A,H,-,D,D,0,,,,,Y,,A,01,0,0,0,0,0,0,0,0,0,"- ","- ",37.447290000000002,-121.16768,STANISLAUS,UNINCORPORATED,-121.16774230999999,37.447240569999998
90027797,2015,2015-10-19,9465,2015-07-07,0931,016799,,2,1,5,5007,0,1,3,,2,041,"STATE ROUTE 99 (NORTHBOUND)","WEST MAIN STREET",10.00,S,N,A,-,Y,,,99,,,,,,,Y,1,1,2,2,A,-,08,22107,,N,B,C,A,A,H,-,A,D,0,,,,Y,Y,,E,22,0,2,0,0,0,0,0,0,0,"- ","- ",37.492710000000002,-120.86997,STANISLAUS,TURLOCK,-120.86990505999999,37.492744610000003
90028257,2015,2015-10-19,9465,2015-10-03,1550,019713,,6,2,9,5000,0,1,3,,1,032,"STATE ROUE 132","RUSHING ROAD",5280.00,W,N,A,-,Y,,,,,,,,,,Y,2,0,1,1,A,-,03,22350,,N,F,A,A,A,H,-,A,D,0,,,Y,,Y,,C,02,1,0,0,0,0,0,0,0,1,"- ","- ",37.640360000000001,-120.57285,STANISLAUS,UNINCORPORATED,,
90031199,2015,2015-10-19,9465,2015-10-11,0145,018768,,7,3,4,5001,0,1,3,,2,041,"STATE ROUTE 99 (NORTHBOUND)","WHITMORE AVENUE",366.00,N,N,A,-,Y,,,99,,,,,,,Y,2,0,2,1,A,-,01,23152,A,N,E,I,A,A,H,-,C,D,0,,,,,Y,Y,A,01,2,0,0,0,0,0,0,0,0,"- ","- ",37.5959,-120.9615,STANISLAUS,CERES,-120.96159591999999,37.595790059999999
90037679,2015,2015-10-26,9465,2015-10-11,2200,018998,,7,3,9,5000,0,1,1,,2,056,"INTERSTATE 5 (NORTHBOUND)","STUHR ROAD",1584.00,S,N,A,-,Y,,,5,,,,,,,Y,2,0,3,2,A,-,07,21658,A,N,B,C,A,A,H,-,D,D,0,,,,,Y,,D,22,1,2,0,0,0,0,0,0,0,"- ","- ",37.322180000000003,-121.10899999999999,STANISLAUS,UNINCORPORATED,-121.10909149,37.322149099999997
9004267,2018,2019-12-14,5004,2018-10-12,1354,187,RD54,5,5,3,5004,0,0,0,,0,021,"YOSEMITE AV","GREGER ST",0.00,,-,A,-,N,,,,,,,,,,N,2,0,1,2,A,-,09,21804,A,N,D,C,A,A,H,-,A,D,0,,,,,Y,,D,22,1,0,0,0,0,0,0,0,0,"- ","- ",37.754859924316406,-120.84011077880859,STANISLAUS,OAKDALE,-120.84010314941406,37.754741668701172
90058712,2015,2015-11-24,9465,2015-11-17,0336,014737,,2,3,9,5000,0,3,5,,2,040,"KEYES ROAD","BYSTRUM ROAD",750.00,E,N,A,-,N,,,,,,,,,,Y,2,0,1,1,A,-,08,22107,,N,E,I,A,A,H,-,D,D,0,,,,,Y,,A,01,1,0,0,0,0,0,0,0,0,"- ","- ",37.551270000000002,-120.98275,STANISLAUS,UNINCORPORATED,-120.98211298,37.551297519999999
90079569,2015,2015-12-21,9465,2015-12-09,0337,014737,,3,3,9,5000,0,1,3,,2,012,"STATE ROUTE 132","BUTLER ROAD",430.00,W,N,A,-,Y,,,132,,,,,,,Y,2,0,3,4,A,-,05,21460,C,N,B,C,A,A,H,-,D,D,0,,,,Y,Y,,A,01,1,1,1,0,0,0,0,0,0,"- ","- ",37.637799999999999,-121.13969,STANISLAUS,UNINCORPORATED,-121.13968998999999,37.637819620000002
90080877,2015,2015-12-23,9465,2015-08-23,0411,019201,,7,3,5,5007,0,1,3,,2,041,"STATE ROUTE 99 (SOUTHBOUND)","TULLY ROAD",21.00,S,N,A,-,Y,,,99,,,,,,,Y,1,1,2,3,A,-,01,23152,,N,C,C,A,A,H,-,C,D,0,,,,,Y,Y,A,01,0,1,1,0,0,0,0,0,0,"- ","- ",37.4876,-120.86745000000001,STANISLAUS,TURLOCK,-120.86746701,37.487590939999997
90093673,2015,2016-01-12,9465,2015-12-31,0140,015247,,4,3,9,5000,0,1,3,,2,022,"STATE ROUTE 120","WAMBLE RAOD",4224.00,E,N,A,-,Y,,,120,,,,,,,Y,2,0,2,1,A,-,01,23152,A,N,E,I,A,A,H,-,D,D,0,,,,,Y,Y,D,22,1,1,0,0,0,0,0,0,0,"- ","- ",37.780099999999997,-120.76103999999999,STANISLAUS,UNINCORPORATED,-120.76103915,37.78009651
90096995,2015,2016-01-18,9465,2015-12-26,2215,019713,,6,3,9,5000,0,3,5,,2,010,"PARADISE ROAD","WADE AVENUE",36.00,E,N,A,-,N,,,,,,,,,,Y,2,0,1,2,A,-,11,21954,A,F,G,B,D,A,H,-,C,A,0,Y,,,,Y,Y,N,60,1,0,0,0,1,0,0,0,0,"- ","- ",37.621630000000003,-121.02083,STANISLAUS,UNINCORPORATED,-121.02079685,37.621705460000001
90099004,2016,2016-01-20,9465,2016-01-17,0055,018768,,7,3,5,5007,0,1,3,,2,041,"STATE ROUTE 99 (NORTHBOUND)","FULKERTH ROAD",20.00,S,N,A,-,Y,,,99,,,,,,,Y,2,0,2,2,A,-,01,23152,A,N,C,C,A,A,H,-,C,D,0,,,,Y,Y,Y,A,01,1,0,1,0,0,0,0,0,0,"- ","- ",37.507179999999998,-120.87755,STANISLAUS,TURLOCK,-120.87758529,37.50716122
90104279,2016,2016-01-28,9465,2016-01-08,2250,015604,,5,3,9,5000,0,3,5,,2,020,"PATTERSON RD.","BENTLEY RD.",0.00,,Y,B,-,N,,,,,,,,,,Y,2,0,1,2,A,-,09,21802,A,N,D,C,A,B,H,-,D,D,0,,,Y,,Y,,A,01,1,0,0,0,0,0,0,0,1,"- ","- ",37.435780000000001,-120.52153,STANISLAUS,UNINCORPORATED,-120.86702995,37.732799919999998
90104827,2015,2016-01-28,9465,2015-12-15,0935,014658,,2,1,9,5000,0,2,4,,2,034,"GEER ROAD","FOX GROVE ACCESS",25.00,S,N,A,-,N,,,,,,,,,,Y,2,0,2,1,A,-,08,22107,,N,E,I,A,A,H,-,A,D,0,,,,,Y,,A,01,1,1,0,0,0,0,0,0,0,"- ","- ",37.613750000000003,-120.84583000000001,STANISLAUS,UNINCORPORATED,-120.84598473,37.613681290000002
90116190,2016,2016-04-07,9465,2016-02-03,1801,015290,,3,2,9,5000,0,1,3,,2,052,"STATE ROUTE 132","MCCRACKEN ROAD",1466.00,E,N,B,-,Y,,,132,,,,,,,Y,2,0,5,5,A,-,01,23152,A,N,B,C,A,A,H,-,D,D,0,,,,,Y,Y,D,22,1,0,4,0,0,0,0,0,0,"- ","- ",37.63841,-121.26669,STANISLAUS,UNINCORPORATED,-121.26669427,37.638476670000003
90125543,2016,2016-02-29,9465,2016-02-14,2308,018825,,7,3,9,5000,0,1,1,,2,055,"INTERSTATE 5 S/B","INGRAM CREEK ROAD",3330.00,N,N,A,-,Y,,,5,,,,,,S,Y,2,0,6,2,A,-,01,23152,A,N,F,A,A,A,H,-,C,D,0,,,,,Y,Y,A,01,3,1,2,0,0,0,0,0,0,"- ","- ",37.542900000000003,-121.27119999999999,STANISLAUS,UNINCORPORATED,-121.27135925,37.5426936
90136555,2016,2016-03-15,9465,2016-01-10,0420,018998,,7,3,9,5000,0,2,4,,2,024,"ALBERS ROAD","MILNES ROAD",1050.00,N,N,A,-,N,,,,,,,,,,Y,1,1,1,1,A,-,01,23152,A,N,E,I,A,A,H,-,D,D,0,,,,,Y,Y,A,01,0,1,0,0,0,0,0,0,0,"- ","- ",37.683340000000001,-120.84802999999999,STANISLAUS,UNINCORPORATED,-120.84820814,37.684949590000002
90142458,2016,2016-03-23,9465,2016-03-17,1750,015290,,4,2,9,5000,0,3,5,,2,050,"LOCUST AVENUE","ACACIA AVENUE",500.00,S,N,A,-,N,,,,,,,,,,Y,2,0,2,2,A,-,08,22107,,N,D,C,A,A,H,-,A,D,0,,,Y,,Y,,C,02,1,0,1,0,0,0,0,0,2,"- ","- ",37.463410000000003,-121.11662,STANISLAUS,UNINCORPORATED,-121.11669784999999,37.463501110000003
90177640,2016,2016-05-11,9465,2016-04-29,2315,018825,,5,3,9,5000,0,3,5,,2,010,"ALCAMO AVENUE","CHICAGO AVENUE",162.00,N,N,B,-,N,,,,,,,,,,N,2,0,1,2,A,-,03,22350,,F,G,B,E,A,H,-,D,D,0,Y,,,,Y,,A,01,1,0,0,0,1,0,0,0,0,"- ","- ",37.6267,-121.02209999999999,STANISLAUS,UNINCORPORATED,-121.02161,37.626404899999997
90184126,2016,2016-06-14,9465,2016-05-11,0708,015398,,3,1,9,5000,0,3,5,,2,030,"FINCH RD.","GARNER RD.",210.00,W,N,A,-,N,,,,,,,,,,Y,2,0,1,2,A,-,06,21755,A,N,D,C,A,A,H,-,A,D,0,,,Y,Y,Y,,C,02,1,0,0,0,0,0,0,0,1,"- ","- ",37.625109999999999,-120.92368999999999,STANISLAUS,UNINCORPORATED,-120.92365504,37.625045679999999
90185322,2016,2016-05-23,9465,2016-05-14,1110,018800,,6,1,9,5000,0,1,3,,2,028,"STATE ROUTE 4","DUNTON ROAD",1690.00,E,N,A,-,Y,,,4,,,,,,,N,2,0,3,2,A,-,08,22107,,N,B,C,A,A,H,-,A,A,0,,,Y,,Y,,C,02,1,2,0,0,0,0,0,0,3,"- ","- ",37.937309999999997,-120.80052000000001,STANISLAUS,UNINCORPORATED,-120.80051996,37.93731434
90205899,2016,2016-06-21,9465,2016-04-22,1643,018800,,5,2,9,5000,0,1,1,,2,055,"INTERSTATE 5 (SOUTHBOUND)","SAN JOAQUIN COUNTY LINE",5808.00,S,N,A,-,Y,,,5,,,,,,,Y,1,1,1,2,A,-,07,21658,A,N,B,C,A,A,H,-,A,D,0,,,,,Y,,A,01,0,1,0,0,0,0,0,0,0,"- ","- ",37.579279999999997,-121.31877,STANISLAUS,UNINCORPORATED,-121.31877631,37.579271839999997
90206982,2016,2016-07-21,9465,2016-06-18,1800,018767,,6,2,9,5000,0,3,5,,2,050,"LEMON AVENUE","ELM AVENUE",0.00,,Y,A,-,N,,,,,,,,,,Y,2,0,1,2,A,-,09,21802,A,N,D,C,A,A,H,-,A,A,0,,,,,Y,,A,01,1,0,0,0,0,0,0,0,0,"- ","- ",37.485579999999999,-121.17737,STANISLAUS,UNINCORPORATED,-121.11500992000001,37.512009980000002
9021257,2019,2020-02-19,5002,2019-12-19,1804,13129,537,4,5,6,5002,0,0,0,,0,063,"SISK RD","VINTAGE DR",460.00,N,N,B,-,N,,,,,,,,,,N,2,0,1,2,A,-,11,21954,A,N,G,B,D,A,H,-,C,A,0,Y,,,,Y,,N,60,1,0,0,0,1,0,0,0,0,"- ","- ",,,STANISLAUS,MODESTO,-121.06342315673828,37.692039489746094
90230224,2016,2016-07-26,9465,2016-06-12,0233,018410,,7,3,9,5000,0,1,3,,2,011,"STATE ROUTE 99 (NORTHBOUND)","PELANDALE AVENUE",173.00,N,N,B,-,Y,,,99,,,,,,,Y,1,1,0,1,A,-,01,23152,A,N,E,I,A,A,H,-,D,D,0,,,,,Y,Y,A,01,0,0,0,0,0,0,0,0,0,"- ","- ",37.699689999999997,-121.07098000000001,STANISLAUS,UNINCORPORATED,-121.07092046,37.699735779999997
9023583,2019,2020-01-17,5005,2019-05-31,2100,S02647,PPD,5,5,3,5005,0,0,0,,0,3Q1,"SPERRY AV","SOUTH 1ST ST",0.00,,Y,A,-,N,,,,,,,,,,N,2,0,1,1,A,-,03,22350,,F,H,A,A,A,H,-,C,D,0,,,,,Y,,A,01,1,0,0,0,0,0,0,0,0,"- ","- ",,,STANISLAUS,PATTERSON,-121.12162780761719,37.464630126953125
90247764,2016,2016-08-18,9465,2016-08-03,2225,018410,,3,3,9,5000,0,3,5,,2,030,"10TH STREET","JENNIE AVENUE",90.00,N,N,A,-,N,,,,,,,,,,N,2,0,1,3,A,-,11,21954,A,F,G,B,D,A,H,-,D,D,0,Y,,,,Y,,N,60,1,0,0,0,1,0,0,0,0,"- ","- ",37.555999999999997,-120.90917,STANISLAUS,UNINCORPORATED,-120.90916856,37.555943079999999
90259144,2016,2016-09-01,9465,2016-08-18,2004,018767,,4,2,9,5000,0,3,5,,2,030,"GOLDEN STATE BLVD SOUTHBOUND","YOUNGSTOWN ROAD",1056.00,S,N,A,-,N,,,,,,,,,,Y,2,0,2,2,A,-,05,21651,B,N,A,C,A,A,H,-,D,D,0,,,,,Y,,A,07,1,1,0,0,0,0,0,0,0,"- ","- ",37.469560000000001,-120.81938,STANISLAUS,UNINCORPORATED,-120.81869399999999,37.469281000000002
90266101,2016,2016-09-12,9465,2016-08-29,2010,020952,,1,2,9,5000,0,2,4,,2,043,"WEST MAIN STREET","HOLLAND DRIVE",581.00,W,N,A,-,N,,,,,,,,,,N,2,0,1,2,A,-,08,22107,,N,H,G,A,A,H,-,D,D,0,,Y,,,Y,,A,07,1,0,0,0,0,0,1,0,0,"- ","- ",37.492600000000003,-120.9101,STANISLAUS,UNINCORPORATED,-120.91008245,37.492650019999999
90266820,2016,2016-09-13,9465,2016-09-06,1513,017167,,2,2,9,5000,0,1,1,,2,056,"INTERSTATE 5 (NORTHBOUND)","SIMON NEWMAN ROAD",781.00,N,N,A,-,Y,,,5,,,,,,,Y,2,0,2,5,A,-,03,22350,,N,C,C,A,A,H,-,A,D,0,,,,,Y,,D,22,1,1,0,0,0,0,0,0,0,"- ","- ",37.354129999999998,-121.11906,STANISLAUS,UNINCORPORATED,-121.11916014000001,37.354097430000003
90268796,2016,2016-09-15,9465,2016-09-03,2010,020599,,6,2,9,5000,0,3,5,,2,030,"SANTA FE AVENUE","BARNHART ROAD",32.00,N,N,A,-,N,,,,,,,,,,Y,2,0,4,2,A,-,09,21802,A,N,D,C,A,A,H,-,C,A,0,,,,,Y,,A,07,1,2,1,0,0,0,0,0,0,"- ","- ",37.543889999999998,-120.81484,STANISLAUS,UNINCORPORATED,-120.81490970999999,37.543948120000003
90270576,2016,2016-09-19,9465,2016-09-05,1910,018381,,1,2,9,5000,0,1,3,,1,032,"STATE ROUTE 132","SKYLINE BLVD",4382.00,E,N,A,-,Y,,,132,,,,,,,Y,2,0,3,2,A,-,05,21460,C,N,A,C,A,A,H,-,B,D,0,,,,,Y,,A,01,2,0,1,0,0,0,0,0,0,"- ","- ",37.644109999999998,-120.70502,STANISLAUS,UNINCORPORATED,-120.70502662,37.644135329999997
90342097,2016,2016-12-12,9465,2016-11-01,2100,019982,,2,2,9,5000,0,1,3,,2,011,"STATE ROUTE 99 (NORTHBOUND)","WOODLAND AVENUE",1150.00,N,N,A,-,Y,,,99,,,,,,,Y,1,1,1,2,A,-,08,22107,,N,C,E,A,A,H,-,D,D,0,,,,Y,Y,,A,07,0,0,1,0,0,0,0,0,0,"- ","- ",37.656309999999998,-121.02583,STANISLAUS,UNINCORPORATED,-121.02588007999999,37.656309469999997
90342129,2016,2017-02-07,9465,2016-11-02,2205,018410,,3,3,9,5000,0,1,3,,2,041,"STATE ROUTE 99 (SOUTHBOUND)","HATCH ROAD",924.00,N,N,A,-,Y,,,99,,,,,,,N,1,1,0,2,A,-,11,21954,A,N,G,B,D,A,H,-,E,D,0,Y,,,,Y,,N,60,0,0,0,1,0,0,0,0,0,"- ","- ",37.61103,-120.97853000000001,STANISLAUS,UNINCORPORATED,-120.97852369,37.611035450000003
90346162,2016,2016-12-15,9465,2016-12-07,1615,018800,,3,2,9,5000,0,3,5,,2,010,"WOODLAND AVENUE","DIABLO AVENUE",0.00,,Y,B,-,N,,,,,,,,,,Y,2,0,1,2,A,-,09,21802,A,N,D,C,A,B,H,-,A,A,0,,,Y,,Y,Y,A,01,1,0,0,0,0,0,0,0,1,"- ","- ",37.653129999999997,-121.03332,STANISLAUS,UNINCORPORATED,-121.03332985999999,37.65317993
90349764,2016,2016-12-20,9465,2016-12-12,2350,018825,,1,3,9,5000,0,1,3,,2,053,"STATE ROUTE 33","GRAYSON ROAD",0.00,,Y,B,-,Y,,,33,,,,,,,Y,2,0,1,2,A,-,12,22450,A,F,D,C,A,A,H,-,C,A,0,,,,,Y,,D,22,1,0,0,0,0,0,0,0,0,"- ","- ",37.546300000000002,-121.19589999999999,STANISLAUS,UNINCORPORATED,-121.195903,37.546295800000003
90357650,2016,2016-12-29,9465,2016-11-18,1725,019713,,5,2,9,5000,0,3,5,,2,040,"KEYES ROAD","MORGAN ROAD",528.00,W,N,A,-,N,,,,,,,,,,Y,1,1,1,1,A,-,08,22107,,N,E,I,A,A,H,-,D,D,0,,,,,Y,,A,01,0,0,1,0,0,0,0,0,0,"- ","- ",37.551250000000003,-120.97761,STANISLAUS,UNINCORPORATED,-120.97724126,37.551292080000003
90377068,2017,2017-01-25,9465,2017-01-13,2350,020587,,5,3,9,5000,0,3,5,,2,040,"HATCH ROAD","CHURCH LANE",161.00,E,N,A,-,N,,,,,,,,,,Y,2,0,1,1,A,-,01,23152,E,N,E,I,A,A,H,-,C,D,0,,,,,Y,Y,A,01,1,0,0,0,0,0,0,0,0,"- ","- ",37.609409999999997,-120.98108999999999,STANISLAUS,UNINCORPORATED,-120.98098496,37.609427189999998
9038316,2020,2020-03-13,5002,2020-01-21,1853,11478,M294,2,5,6,5002,0,0,0,,0,071,"SCENIC DR","ROSE AV",0.00,,Y,A,-,N,,,,,,,,,,Y,2,0,2,2,A,-,01,23152,A,N,A,C,A,A,H,-,C,A,0,,,,,Y,Y,-,,1,0,1,0,0,0,0,0,0,"- ","- ",,,STANISLAUS,MODESTO,-120.96646881103516,37.651401519775391
9038518,2020,2020-03-13,5002,2020-01-03,1805,13268,M085,5,5,6,5002,0,0,0,,0,062,"HIGBEE DR","MARSMA AV",20.00,W,N,A,-,N,,,,,,,,,,Y,2,0,1,2,A,-,01,23152,,N,B,E,A,A,H,-,C,D,0,,,,,Y,Y,-,,1,0,0,0,0,0,0,0,0,"- ","- ",,,STANISLAUS,MODESTO,-121.01755300000001,37.684700999999997
9038534,2020,2020-03-13,5002,2020-01-13,2125,13262,M013,1,5,6,5002,0,0,0,,0,MP63,"SHAWNEE DR","STANFORD AV",0.00,,Y,A,-,N,,,,,,,,,,N,2,0,1,2,A,-,11,21453,D,N,G,B,B,A,H,-,C,A,0,Y,,,,Y,,N,60,1,0,0,0,1,0,0,0,0,"- ","- ",,,STANISLAUS,MODESTO,,
90399119,2017,2017-02-23,9465,2017-02-14,1547,019553,,2,2,9,5000,0,1,3,,2,013,"STATE ROUTE 108 (MCHENRY AVENUE)","STATE ROUTE 108 (PATTERSON ROAD)",235.00,S,N,A,-,Y,,,108,,,,,,,Y,2,0,1,3,A,-,08,22107,,N,B,C,A,A,H,-,A,D,0,,,,,Y,,A,01,1,0,0,0,0,0,0,0,0,"- ","- ",37.729770000000002,-120.99518,STANISLAUS,UNINCORPORATED,-120.99519886,37.729769699999999
90422833,2017,2017-03-28,9465,2017-02-24,2210,020587,,5,3,9,5000,0,3,5,,2,020,"RIVER ROAD","CLEVELAND AVENUE",1761.00,W,N,A,-,N,,,,,,,,,,Y,1,1,0,1,A,-,01,23152,E,N,E,I,A,A,H,-,D,D,0,,,,,Y,,A,01,0,0,0,0,0,0,0,0,0,"- ","- ",37.778190000000002,-120.89031,STANISLAUS,UNINCORPORATED,-120.89020798999999,37.778098739999997
90426955,2017,2017-04-04,9465,2017-03-26,1535,019713,,7,2,9,5000,0,1,3,,1,032,"STATE ROUTE 132","MART AVENUE",160.00,W,N,A,-,Y,,,132,,,,,,,Y,2,0,4,4,A,-,08,22107,,M,B,C,A,A,H,-,A,D,0,,,,,Y,,A,07,1,3,0,0,0,0,0,0,0,"- ","- ",37.6387,-120.80631,STANISLAUS,UNINCORPORATED,-120.80631096,37.63865114
9043504,2020,2020-10-19,5002,2020-01-30,0919,11531,,4,5,6,5002,0,0,0,,0,043,"RT 132","MCCLURE AV",0.00,,Y,A,-,Y,STA,10,132,-,-,18.640,I,5,W,Y,2,0,1,2,A,-,12,21453,,N,D,C,A,A,H,-,A,A,0,,,,Y,Y,,F,55,1,0,0,0,0,0,0,0,0,"- ","- ",,,STANISLAUS,MODESTO,-120.92991638183594,37.638236999511719
90436732,2017,2017-04-18,9465,2017-04-06,1650,019517,,4,2,9,5000,0,3,5,,2,040,"VIVIAN ROAD","GRAYSON ROAD",2112.00,N,N,B,-,N,,,,,,,,,,Y,2,0,1,1,A,-,08,22107,,N,E,I,A,A,H,-,A,D,0,,,,,Y,,A,01,1,0,0,0,0,0,0,0,0,"- ","- ",37.575510000000001,-121.0485,STANISLAUS,UNINCORPORATED,-121.0484385,37.571760220000002
90452715,2017,2017-05-10,9465,2017-04-23,2155,020575,,7,2,4,5001,0,3,5,,2,040,"LUCAS ROAD","MITCHELL ROAD",447.00,S,N,A,-,N,,,,,,,,,,N,2,0,1,2,A,-,02,22400,A,N,E,J,A,A,H,-,D,D,0,,,,,Y,,M,95,1,0,0,0,0,0,0,0,0,"- ","- ",37.573300000000003,-120.9372,STANISLAUS,CERES,-120.93725628,37.573463879999998
90453340,2017,2017-05-10,9465,2017-05-02,0941,014588,,2,1,9,5000,0,1,3,,1,054,"STATE ROUTE 33","STUHR ROAD",0.00,,Y,A,-,Y,,,33,,,,,,,Y,2,0,1,2,A,-,12,22450,A,N,D,C,A,A,H,-,A,A,0,,,,Y,Y,Y,A,08,1,0,0,0,0,0,0,0,0,"- ","- ",37.332999999999998,-121.02734,STANISLAUS,UNINCORPORATED,-121.02738855,37.332981099999998
9046020,2019,2020-02-27,5005,2019-11-07,1632,S02326,PPS,4,5,3,5005,0,0,0,,0,005,"AMERICAN EAGLE AV","CORN FLOWER DR",0.00,,Y,A,-,N,,,,,,,,,,Y,2,0,1,2,A,-,03,22350,,N,B,J,A,A,H,-,A,D,0,,,Y,,Y,,C,02,1,0,0,0,0,0,0,0,1,"- ","- ",,,STANISLAUS,PATTERSON,-121.15119934082031,37.458938598632812
90466286,2017,2017-05-29,9465,2017-05-14,0255,020374,,7,3,9,5000,0,3,5,,2,030,"ALDRICH ROAD","THE CERES MAIN CANAL",143.00,N,N,A,-,N,,,,,,,,,,Y,2,0,1,1,A,-,01,23152,A,N,E,I,A,A,H,-,D,D,0,,,,,Y,Y,A,01,1,0,0,0,0,0,0,0,0,"- ","- ",37.613379999999999,-120.83806,STANISLAUS,UNINCORPORATED,,
90466291,2017,2017-05-29,9465,2017-05-14,1651,018292,,7,2,9,5000,0,1,3,,1,032,"STATE ROUTE 132","FLOTO STREET",0.00,,Y,A,-,Y,,,132,,,,,,,Y,2,0,2,2,A,-,08,22107,,N,A,C,A,A,H,-,A,D,0,,,Y,,Y,,C,02,1,0,1,0,0,0,0,0,2,"- ","- ",37.661639999999998,-120.45958,STANISLAUS,UNINCORPORATED,-120.45955287,37.661653899999997
90483665,2017,2017-06-22,9465,2017-03-13,2252,020587,,1,3,9,5000,0,2,4,,2,044,"CARPENTER ROAD","HATCH ROAD",0.00,,Y,A,-,N,,,,,,,,,,Y,1,1,4,2,A,-,01,23152,F,F,D,C,A,A,H,-,C,A,0,,,,,Y,,A,01,2,0,2,0,0,0,0,0,0,"- ","- ",37.607340000000001,-121.03043,STANISLAUS,UNINCORPORATED,-121.03043992000001,37.607339930000002
90499643,2017,2017-07-14,9465,2017-07-03,1507,018274,,1,2,9,5000,0,1,3,,2,053,"STATE ROUTE 33","D STREET",0.00,,Y,A,-,Y,,,33,,,,,,,Y,2,0,1,2,A,-,09,21801,A,N,A,C,A,A,H,-,A,D,0,,,Y,,Y,,A,07,1,0,0,0,0,0,0,0,1,"- ","- ",37.549210000000002,-121.19947999999999,STANISLAUS,UNINCORPORATED,-121.19947132999999,37.549219739999998
90500665,2017,2017-07-14,9465,2017-06-09,1235,020313,,5,1,9,5000,0,1,3,,1,032,"STATE ROUTE 132","HAZELDEAN ROAD",0.00,,N,A,-,Y,,,132,,,,,,,Y,2,0,2,2,C,-,18,,,N,A,C,A,A,B,-,A,D,0,,,,,Y,,-,"- ",1,1,0,0,0,0,0,0,0,"- ","- ",37.646070000000002,-120.70016,STANISLAUS,UNINCORPORATED,-120.70016466,37.646078260000003
90538047,2017,2017-08-31,9465,2017-07-01,1800,020362,,6,2,9,5000,0,1,3,,2,023,"STATE ROUTE 108","MESA DRIVE",16.00,N,N,A,-,Y,,,108,,,,,,,Y,1,1,1,1,A,-,01,23152,A,N,E,I,A,A,H,-,A,D,0,,,,,Y,Y,A,01,0,1,0,0,0,0,0,0,0,"- ","- ",37.739739999999998,-120.91873,STANISLAUS,UNINCORPORATED,-120.91884589999999,37.739790859999999
90546225,2017,2019-03-07,9465,2017-08-18,1220,16320,,5,1,9,5000,0,1,3,,2,011,"STATE ROUTE 99 (NORTHBOUND)","HAMMETT ROAD",2112.00,S,N,A,-,Y,,,99,,,,,,,N,1,1,0,3,A,-,03,22350,,N,G,B,E,A,H,-,A,D,0,Y,,,Y,Y,,D,22,0,0,0,1,0,0,0,0,0,"- ","- ",37.72137,-121.09887999999999,STANISLAUS,UNINCORPORATED,-121.09891374,37.721329699999998