CASE_ID,ACCIDENT_YEAR,PROC_DATE,JURIS,COLLISION_DATE,COLLISION_TIME,OFFICER_ID,REPORTING_DISTRICT,DAY_OF_WEEK,CHP_SHIFT,POPULATION,CNTY_CITY_LOC,SPECIAL_COND,BEAT_TYPE,CHP_BEAT_TYPE,CITY_DIVISION_LAPD,CHP_BEAT_CLASS,BEAT_NUMBER,PRIMARY_RD,SECONDARY_RD,DISTANCE,DIRECTION,INTERSECTION,WEATHER_1,WEATHER_2,STATE_HWY_IND,CALTRANS_COUNTY,CALTRANS_DISTRICT,STATE_ROUTE,ROUTE_SUFFIX,POSTMILE_PREFIX,POSTMILE,LOCATION_TYPE,RAMP_INTERSECTION,SIDE_OF_HWY,TOW_AWAY,COLLISION_SEVERITY,NUMBER_KILLED,NUMBER_INJURED,PARTY_COUNT,PRIMARY_COLL_FACTOR,PCF_CODE_OF_VIOL,PCF_VIOL_CATEGORY,PCF_VIOLATION,PCF_VIOL_SUBSECTION,HIT_AND_RUN,TYPE_OF_COLLISION,MVIW,PED_ACTION,ROAD_SURFACE,ROAD_COND_1,ROAD_COND_2,LIGHTING,CONTROL_DEVICE,CHP_ROAD_TYPE,PEDESTRIAN_ACCIDENT,BICYCLE_ACCIDENT,MOTORCYCLE_ACCIDENT,TRUCK_ACCIDENT,NOT_PRIVATE_PROPERTY,ALCOHOL_INVOLVED,STWD_VEHTYPE_AT_FAULT,CHP_VEHTYPE_AT_FAULT,COUNT_SEVERE_INJ,COUNT_VISIBLE_INJ,COUNT_COMPLAINT_PAIN,COUNT_PED_KILLED,COUNT_PED_INJURED,COUNT_BICYCLIST_KILLED,COUNT_BICYCLIST_INJURED,COUNT_MC_KILLED,COUNT_MC_INJURED,PRIMARY_RAMP,SECONDARY_RAMP,LATITUDE,LONGITUDE,COUNTY,CITY,POINT_X,POINT_Y
90584231,2017,2017-10-31,9465,2017-10-20,0050,020457,,5,3,9,5000,0,1,3,,2,011,"STATE ROUTE 99 (SOUTHBOUND)","G STREET",50.00,S,N,A,-,Y,,,,,,,,,,Y,2,0,2,2,A,-,01,23152,A,N,C,C,A,A,H,-,D,D,0,,,,,Y,Y,A,01,1,1,0,0,0,0,0,0,0,"- ","- ",37.634050000000002,-121.00096000000001,STANISLAUS,UNINCORPORATED,-121.00111158999999,37.634220059999997
90586239,2017,2017-11-02,9465,2017-10-24,0746,018382,,2,1,9,5000,0,3,5,,2,020,"TERMINAL AVENUE","CLARIBEL ROAD",0.00,,Y,A,-,N,,,,,,,,,,Y,2,0,3,2,A,-,09,21801,A,N,A,C,A,A,H,-,A,D,0,,,,,Y,,A,01,1,2,0,0,0,0,0,0,0,"- ","- ",37.710900000000002,-120.9294,STANISLAUS,UNINCORPORATED,-120.92935993,37.710899910000002
9059564,2020,2020-09-21,5002,2020-02-26,2034,11247,,3,5,6,5002,0,0,0,,0,081,"ROSEBURG AV","RT 108",142.00,E,N,C,-,Y,STA,10,108,-,-,24.060,I,6,E,N,2,0,1,1,C,-,18,,,N,F,A,A,A,H,-,A,D,0,,Y,,,Y,,-,"- ",1,0,0,0,0,0,1,0,0,"- ","- ",,,STANISLAUS,MODESTO,-120.99397277832031,37.659812927246094
90598299,2017,2017-11-20,9465,2017-09-23,1806,020952,,6,2,9,5000,0,3,5,,2,010,"PENTECOST DRIVE","STATE ROUTE 219 (KIERNAN AVENUE)",386.00,N,N,A,-,N,,,,,,,,,,Y,1,1,1,2,A,-,01,23152,A,N,A,C,A,A,H,-,A,D,0,,,Y,,Y,Y,C,02,0,1,0,0,0,0,0,1,0,"- ","- ",37.712350000000001,-121.00206,STANISLAUS,UNINCORPORATED,,
90626847,2017,2017-12-26,9465,2017-12-19,1435,020362,,2,2,9,5000,0,3,5,,2,010,"PARADISE ROAD","CALIFORNIA AVENUE",528.00,S,N,B,-,N,,,,,,,,,,Y,2,0,2,2,A,-,08,22107,,N,A,C,A,A,H,-,A,D,0,,,,,Y,,A,01,2,0,0,0,0,0,0,0,0,"- ","- ",37.63091,-121.15058999999999,STANISLAUS,UNINCORPORATED,-121.15196917,37.622178460000001
90627957,2017,2017-12-27,9465,2017-12-14,1430,019161,,4,2,6,5002,0,2,4,,2,042,"HATCH ROAD","CROWS LANDING ROAD",0.00,,Y,A,-,N,,,,,,,,,,N,2,0,1,2,A,-,05,21650,,N,D,G,A,A,H,-,A,A,0,,Y,,,Y,,L,04,1,0,0,0,0,0,1,0,0,"- ","- ",37.609499999999997,-120.99342,STANISLAUS,MODESTO,-120.99365999,37.609469910000001
90644625,2017,2018-01-22,9465,2017-11-26,0337,020599,,7,3,9,5000,0,1,3,,2,011,"STATE ROUTE 99 (SOUTHBOUND)","BECKWITH ROAD",1584.00,S,N,A,-,Y,,,99,,,,,,,Y,1,1,0,1,A,-,08,22107,,N,E,I,A,A,H,-,C,D,0,,,,,Y,,A,07,0,0,0,0,0,0,0,0,0,"- ","- ",37.679690000000001,-121.04961,STANISLAUS,UNINCORPORATED,-121.04953286,37.679770150000003
90661018,2018,2018-02-14,9465,2018-02-02,1846,021226,,5,2,9,5000,0,1,3,,1,031,SR-132,"CODONI AVENUE",318.00,E,N,A,-,Y,,,132,,,,,,,Y,2,0,3,2,A,-,01,23152,F,N,A,C,A,A,H,-,C,D,0,,,,,Y,,D,22,1,1,1,0,0,0,0,0,0,"- ","- ",37.638271331787109,-120.9091796875,STANISLAUS,UNINCORPORATED,-120.9091796875,37.638248443603516
90661657,2018,2018-02-14,9465,2018-02-09,1833,018767,,5,2,9,5000,0,3,5,,2,020,"CLARIBEL ROAD","CROW ROAD",100.00,W,N,A,-,N,,,,,,,,,,Y,2,0,2,2,A,-,08,22107,,N,E,I,A,A,H,-,D,D,0,,,,,Y,,A,07,1,1,0,0,0,0,0,0,0,"- ","- ",37.711029052734375,-120.79309844970703,STANISLAUS,UNINCORPORATED,-120.79346466064453,37.711040496826172
90661975,2017,2018-02-15,9465,2017-11-27,0420,020985,,1,3,4,5001,0,1,3,,2,041,"STATE ROUTE 99 (SOUTHBOUND)","WHITMORE AVENUE",1440.00,S,N,C,-,Y,,,99,,,,,,,Y,1,1,0,3,A,-,03,22350,,N,C,C,A,B,H,-,D,D,0,,,,Y,Y,,A,01,0,0,0,0,0,0,0,0,0,"- ","- ",37.591819999999998,-120.95714,STANISLAUS,CERES,-120.95713103,37.591830799999997
90663055,2018,2018-02-16,9465,2018-02-09,0530,019152,,5,3,9,5000,0,3,5,,2,050,"GRAYSON ROAD","RIVER RD.",600.00,W,N,A,-,N,,,,,,,,,,Y,2,0,2,3,A,-,06,21751,,N,A,C,A,A,H,-,D,D,0,,,,,Y,,A,01,2,0,0,0,0,0,0,0,0,"- ","- ",37.557308197021484,-121.18814086914062,STANISLAUS,UNINCORPORATED,-121.18164825439453,37.557708740234375
90663387,2018,2018-02-16,9465,2018-01-18,0830,016320,,4,1,9,5000,0,1,3,,2,022,"STATE ROUTE 108/120","KENNEDY ROAD",3221.00,W,N,B,E,Y,,,,,,,,,,Y,1,1,1,2,A,-,08,22107,,N,A,C,A,A,H,-,A,D,0,,,,,Y,,A,01,0,1,0,0,0,0,0,0,0,"- ","- ",37.803791046142578,-120.67452239990234,STANISLAUS,UNINCORPORATED,,
90664516,2018,2018-02-20,9465,2018-01-30,2200,021022,,2,3,9,5000,0,3,5,,2,050,"UPPER ROAD","HALLOWELL ROAD",0.00,,Y,A,-,N,,,,,,,,,,Y,2,0,1,1,A,-,01,23152,A,N,E,I,A,A,H,-,D,D,0,,,,,Y,Y,A,07,1,0,0,0,0,0,0,0,0,"- ","- ",37.296810150146484,-121.03111267089844,STANISLAUS,UNINCORPORATED,-121.03102874755859,37.29656982421875
90665821,2018,2018-07-25,9465,2018-02-18,1605,019713,,7,2,9,5000,0,1,1,,2,056,"INTERSTATE 5","STUHR ROAD",3696.00,N,N,A,-,Y,,,5,,,,,,,Y,1,1,0,1,A,-,08,22107,,N,F,A,A,A,H,-,A,D,0,,,,,Y,,A,07,0,0,0,0,0,0,0,0,0,"- ","- ",37.337169647216797,-121.11373901367188,STANISLAUS,UNINCORPORATED,-121.11362457275391,37.337203979492188
90678802,2017,2018-03-09,9465,2017-12-18,0441,021062,,1,3,9,5000,0,3,5,,2,040,"HATCH ROAD","DALLAS STREET",392.00,E,N,A,-,N,,,,,,,,,,N,1,1,0,2,A,-,11,21956,,N,G,B,E,A,H,-,C,D,0,Y,,,,Y,,N,60,0,0,0,1,0,0,0,0,0,"- ","- ",37.609299999999998,-121.00060000000001,STANISLAUS,UNINCORPORATED,-121.0001931,37.609437030000002
90689284,2018,2018-06-12,9465,2018-01-27,1125,018945,,6,1,9,5000,0,1,3,,2,023,"STATE ROUTE 108/120","LANCASTER ROAD",10560.00,E,N,A,-,Y,,,,,,,,,,Y,1,1,0,1,A,-,08,22107,,N,F,A,A,A,H,-,A,D,0,,,Y,,Y,,C,02,0,0,0,0,0,0,0,1,0,"- ","- ",37.804988861083984,-120.70214080810547,STANISLAUS,UNINCORPORATED,,
90689484,2018,2018-03-26,9465,2018-03-13,2030,020190,,2,2,6,5002,0,3,5,,2,030,"MITCHELL ROAD","TENAYA DRIVE",1412.00,S,N,B,C,N,,,,,,,,,,Y,2,0,1,2,A,-,08,22107,,N,D,C,A,B,H,-,C,D,0,,,,,Y,,A,01,1,0,0,0,0,0,0,0,0,"- ","- ",37.62921142578125,-120.95458984375,STANISLAUS,MODESTO,-120.95490264892578,37.629306793212891
90692518,2017,2018-10-05,9465,2017-12-09,0030,021022,,6,3,9,5000,0,3,5,,2,050,"HOWARD ROAD","CALIFORNIA AQUEDUCT",140.00,W,N,A,-,N,,,,,,,,,,Y,1,1,0,1,A,-,01,23152,A,N,E,I,A,A,H,-,D,D,0,,,,,Y,Y,A,07,0,0,0,0,0,0,0,0,0,"- ","- ",37.53651,-121.24299999999999,STANISLAUS,UNINCORPORATED,,
90697199,2018,2018-04-03,9465,2018-03-22,1238,020914,,4,1,6,5002,0,1,3,,2,011,"SR-99 (N/B) FROM CARPENTER ROAD","CARPENTER ROAD",18.00,N,N,B,-,Y,,,99,,,,R,,,N,2,0,1,2,A,-,10,21950,A,N,G,B,B,A,H,-,A,A,0,Y,,,,Y,,A,07,1,0,0,0,1,0,0,0,0,"- ","- ",37.666770935058594,-121.03156280517578,STANISLAUS,MODESTO,-121.03156280517578,37.666770935058594
9071705,2020,2020-10-16,5002,2020-03-04,2033,11026,410,3,5,6,5002,0,0,0,,0,041,"RT 132","H ST",0.00,,Y,A,-,Y,STA,10,132,-,L,15.340,I,5,E,Y,2,0,2,2,A,-,12,21453,A,N,D,C,A,A,H,-,C,A,0,,,,,Y,,-,,1,1,0,0,0,0,0,0,0,"- ","- ",,,STANISLAUS,MODESTO,-120.99959564208984,37.638393402099609
90733284,2018,2018-05-24,9465,2018-05-06,1215,018259,,7,1,9,5000,0,3,5,,2,050,"DEL PUERTO CANYON ROAD",I-5,102960.00,W,N,A,-,N,,,,,,,,,,Y,2,0,1,1,A,-,03,22350,,N,F,A,A,A,H,-,A,D,0,,,Y,,Y,,C,02,1,0,0,0,0,0,0,0,1,"- ","- ",37.404899597167969,-121.43128967285156,STANISLAUS,UNINCORPORATED,,
90746332,2018,2018-06-12,9465,2018-06-09,0345,021022,,6,3,9,5000,0,2,4,,2,058,"LAS PALMAS AVENUE","SYCAMORE AVENUE",900.00,W,N,A,-,N,,,,,,,,,,Y,2,0,2,1,A,-,01,23152,A,N,E,I,A,A,H,-,D,D,0,,,,,Y,Y,A,07,2,0,0,0,0,0,0,0,0,"- ","- ",37.478950500488281,-121.11393737792969,STANISLAUS,UNINCORPORATED,-121.11527252197266,37.478370666503906
9074786,2020,2020-06-25,5002,2020-03-11,1502,11789,,3,5,6,5002,0,0,0,,0,061,"NORTH CARPENTER RD","KANSAS AV",481.00,N,N,A,-,N,,,,,,,,,,Y,2,0,2,2,A,-,09,21804,A,N,D,C,A,A,H,-,A,D,0,,,Y,,Y,Y,D,22,1,1,0,0,0,0,0,0,2,"- ","- ",,,STANISLAUS,MODESTO,-121.0303955078125,37.647308349609375
90752430,2018,2018-06-20,9465,2018-04-21,1445,021197,,6,2,9,5000,0,3,5,,2,020,"MILNES ROAD","ALBERS ROAD",2323.00,E,N,A,-,N,,,,,,,,,,Y,1,1,0,1,A,-,08,22107,,N,E,I,A,A,H,-,A,D,0,,,,,Y,,A,01,0,0,0,0,0,0,0,0,0,"- ","- ",37.682090759277344,-120.84097290039062,STANISLAUS,UNINCORPORATED,-120.84014129638672,37.68212890625
9075437,2020,2020-05-21,5002,2020-01-17,1525,11531,,5,5,6,5002,0,0,0,,0,032,"CHICAGO AV","VERNON AV",55.00,E,N,A,-,N,,,,,,,,,,Y,2,0,1,1,A,-,01,23152,A,N,E,I,A,A,H,-,A,A,0,,,,,Y,Y,A,08,1,0,0,0,0,0,0,0,0,"- ","- ",,,STANISLAUS,MODESTO,-121.02783966064453,37.624355316162109
9075517,2020,2020-06-24,5002,2020-03-14,0946,13207,005,6,5,6,5002,0,0,0,,0,063,"STANDIFORD AV","DALE RD",0.00,,Y,A,-,N,,,,,,,,,,Y,2,0,1,2,A,-,12,21453,A,N,D,C,A,A,H,-,A,A,0,,,,,Y,,-,"- ",1,0,0,0,0,0,0,0,0,"- ","- ",,,STANISLAUS,MODESTO,-121.04981231689453,37.685310363769531
90755300,2018,2018-07-03,9465,2018-06-05,1902,019553,,2,2,9,5000,0,3,5,,2,010,"BROADWAY AVENUE","CURTIS STREET",7.00,W,N,A,-,N,,,,,,,,,,N,1,1,0,2,A,-,10,21950,A,N,G,B,B,A,H,-,A,D,0,Y,,,,Y,,A,07,0,0,0,1,0,0,0,0,0,"- ","- ",37.706661224365234,-121.08418273925781,STANISLAUS,UNINCORPORATED,-121.08409118652344,37.706672668457031
90755703,2018,2018-06-26,9465,2018-06-20,2130,019982,,3,2,6,5002,0,1,3,,2,011,"SR-99 (S/B) FROM CARPENTER ROAD","CARPENTER ROAD",5.00,S,N,A,-,Y,,,99,,,,R,,,N,2,0,1,2,A,-,12,21453,A,N,D,G,A,A,H,-,C,A,0,,Y,,,Y,,L,04,1,0,0,0,0,0,1,0,0,"- ","- ",37.66510009765625,-121.03106689453125,STANISLAUS,MODESTO,-121.03106689453125,37.66510009765625
90772156,2018,2018-07-18,9465,2018-07-08,1000,019730,,7,1,9,5000,0,3,5,,2,020,"MORRISON ROAD","FRYMIRE ROAD",1584.00,W,N,A,-,N,,,,,,,,,,N,2,0,1,2,A,-,08,22107,,N,B,G,A,A,H,-,A,D,0,,Y,,,Y,,L,04,1,0,0,0,0,0,1,0,0,"- ","- ",37.817138671875,-120.70224761962891,STANISLAUS,UNINCORPORATED,-120.70217132568359,37.817150115966797
90782265,2018,2018-08-01,9465,2018-07-30,1825,018292,,1,2,9,5000,0,1,3,,2,013,"STATE ROUTE 108","SKITTONE ROAD",219.00,E,N,A,-,Y,,,108,,,,,,,Y,2,0,4,2,A,-,01,23152,A,N,A,C,A,A,H,-,A,D,0,,,,,Y,Y,A,01,3,0,1,0,0,0,0,0,0,"- ","- ",37.732719421386719,-120.98377990722656,STANISLAUS,UNINCORPORATED,-120.98377990722656,37.732734680175781
90787941,2018,2018-08-09,9465,2018-07-03,1926,020663,,2,2,9,5000,0,1,3,,2,021,"STATE ROUTE 120 (LON DALE ROAD)","CLEVELAND AVENUE",18.00,W,N,A,-,Y,,,120,,,,,,,Y,1,1,0,3,A,-,03,22350,,N,C,C,A,A,H,-,A,D,0,,,,,Y,,D,22,0,0,0,0,0,0,0,0,0,"- ","- ",37.791458129882812,-120.8865966796875,STANISLAUS,UNINCORPORATED,-120.8865966796875,37.791481018066406
90793005,2018,2018-08-27,9465,2018-06-02,0145,020985,,6,3,9,5000,0,1,3,,1,031,"STATE ROUTE 132","GOODWIN ROAD",1056.00,E,N,A,-,Y,,,132,,,,,,,Y,1,1,0,2,A,-,01,23152,A,F,C,C,A,A,H,-,D,D,0,,,,,Y,Y,A,01,0,0,0,0,0,0,0,0,0,"- ","- ",37.638698577880859,-120.85420227050781,STANISLAUS,UNINCORPORATED,-120.85420227050781,37.638725280761719
90793571,2018,2018-08-20,9465,2018-08-06,0210,021062,,1,3,9,5000,0,3,5,,2,020,"HORSESHOE ROAD","ORANGE BLOSSOM ROAD",1320.00,N,N,A,-,N,,,,,,,,,,Y,2,0,3,1,A,-,08,22107,,N,E,I,A,A,H,-,D,D,0,,,,,Y,,D,22,3,0,0,0,0,0,0,0,0,"- ","- ",37.810920715332031,-120.72280883789062,STANISLAUS,UNINCORPORATED,-120.72602081298828,37.806770324707031
90799779,2018,2018-08-28,9465,2018-08-16,1012,018945,,4,1,9,5000,0,1,3,,1,032,"STATE ROUTE 132","ROBERTS FERRY ROAD",1372.00,E,N,A,-,Y,,,132,,,,,,,Y,2,0,3,2,A,-,05,21460,A,N,A,C,A,A,H,-,A,D,0,,,,,Y,,A,07,1,2,0,0,0,0,0,0,0,"- ","- ",37.640769958496094,-120.61448669433594,STANISLAUS,UNINCORPORATED,-120.61445617675781,37.640739440917969
90803330,2018,2019-10-11,9465,2018-08-16,1432,021321,,4,2,9,5000,0,3,5,,2,010,"BLUE GUM AVENUE","MORSE ROAD",2112.00,W,N,A,-,N,,,,,,,,,,Y,2,0,1,1,A,-,08,22107,,N,E,J,A,A,H,-,A,D,0,,,,,Y,,D,22,1,0,0,0,0,0,0,0,0,"- ","- ",37.660221099853516,-121.05838775634766,STANISLAUS,UNINCORPORATED,-121.05670166015625,37.660179138183594
90803685,2018,2018-08-31,9465,2018-08-20,0830,018998,,1,1,9,5000,0,3,5,,2,030,"FINCH ROAD","GARNER ROAD",785.00,E,N,A,-,N,,,,,,,,,,Y,2,0,3,2,A,-,03,22350,,N,D,C,A,A,H,-,A,D,0,,,,Y,Y,,A,01,1,2,0,0,0,0,0,0,0,"- ","- ",37.62506103515625,-120.92064666748047,STANISLAUS,UNINCORPORATED,-120.92021942138672,37.625064849853516
90807365,2018,2018-09-06,9465,2018-08-22,1405,021320,,3,2,9,5000,0,3,5,,2,020,"MORRISON ROAD","ORANGE BLOSSOM ROAD",1795.00,S,N,A,-,N,,,,,,,,,,Y,2,0,1,1,A,-,08,22107,,N,F,A,A,A,H,-,A,D,0,,,,,Y,,A,01,1,0,0,0,0,0,0,0,0,"- ","- ",37.817108154296875,-120.70532989501953,STANISLAUS,UNINCORPORATED,-120.70583343505859,37.817115783691406
90812858,2018,2018-09-13,9465,2018-09-08,0735,018945,,6,1,9,5000,0,3,5,,2,020,"SIERRA ROAD","11116 SIERRA RD DRIVEWAY",714.00,E,N,A,-,N,,,,,,,,,,Y,2,0,2,1,A,-,08,22107,,N,E,I,A,A,H,-,A,D,0,,,,,Y,,A,07,1,1,0,0,0,0,0,0,0,"- ","- ",37.761878967285156,-120.78848266601562,STANISLAUS,UNINCORPORATED,,
90818912,2018,2018-09-21,9465,2018-09-13,2213,021320,,4,3,5,5007,0,1,3,,2,041,"SR-99 (S/B) FROM MONTE VISTA AVENUE","MONTE VISTA AVENUE",114.00,S,N,A,-,Y,,,99,,,,R,,,Y,2,0,1,1,A,-,08,22107,,F,E,I,A,A,H,-,C,D,0,,,,,Y,,A,07,1,0,0,0,0,0,0,0,0,"- ","- ",37.522289276123047,-120.88471221923828,STANISLAUS,TURLOCK,-120.88471221923828,37.522289276123047
90821920,2018,2018-09-26,9465,2018-09-16,1050,018671,,7,1,9,5000,0,3,5,,2,020,"OAKDALE-WATERFORD HIGHWAY","MILNES ROAD",1320.00,S,N,A,-,N,,,,,,,,,,N,2,0,1,2,A,-,03,22350,,N,C,G,A,A,H,-,A,D,0,,Y,,,Y,,L,04,1,0,0,0,0,0,1,0,0,"- ","- ",37.673740386962891,-120.79781341552734,STANISLAUS,UNINCORPORATED,-120.80223846435547,37.678836822509766
90825155,2018,2018-10-16,9465,2018-09-18,0450,021062,,2,3,9,5000,0,2,4,,2,044,"CARPENTER ROAD","HATCH ROAD",2640.00,S,N,A,-,N,,,,,,,,,,Y,2,0,4,2,A,-,01,23152,A,N,A,C,A,A,H,-,D,D,0,,,,,Y,Y,A,01,4,0,0,0,0,0,0,0,0,"- ","- ",37.599151611328125,-121.03032684326172,STANISLAUS,UNINCORPORATED,-121.03032684326172,37.600090026855469
90827312,2018,2018-10-03,9465,2018-08-31,0555,018998,,5,3,9,5000,0,3,5,,2,050,"EASTIN ROAD","MOOREHEAD ROAD",530.00,N,N,A,-,N,,,,,,,,,,Y,1,1,0,3,A,-,03,22350,,N,C,C,A,A,H,-,D,D,0,,,,Y,Y,,D,22,0,0,0,0,0,0,0,0,0,"- ","- ",37.284839630126953,-121.06748962402344,STANISLAUS,UNINCORPORATED,-121.06755065917969,37.283634185791016
90837583,2018,2018-10-16,9465,2018-08-17,0131,020457,,5,3,9,5000,0,2,4,,2,042,"CROWS LANDING ROAD","SAN JOAQUIN STREET",324.00,N,N,A,-,N,,,,,,,,,,Y,1,1,1,2,A,-,05,21202,A,N,D,G,A,A,H,-,D,D,0,,Y,,,Y,,L,04,0,1,0,0,0,1,0,0,0,"- ","- ",37.563098907470703,-120.99365997314453,STANISLAUS,UNINCORPORATED,-120.99367523193359,37.563079833984375
90842123,2018,2018-10-31,9465,2018-10-11,0750,018998,,4,1,9,5000,1,3,5,,2,040,"CROWS LANDING ROAD","CARPENTER ROAD",567.00,W,N,A,-,N,,,,,,,,,,Y,2,0,2,3,A,-,08,22107,,N,B,C,A,A,H,-,A,D,0,,,,,Y,,A,07,1,1,0,0,0,0,0,0,0,"- ","- ",37.431438446044922,-121.01352691650391,STANISLAUS,UNINCORPORATED,-121.0133056640625,37.431541442871094
90854088,2018,2018-11-06,9465,2018-10-01,2213,020190,,1,3,9,5000,0,3,5,,2,010,"S. CARPENTER ROAD","PARADISE ROAD",55.00,N,N,A,-,N,,,,,,,,,,N,2,0,1,2,A,-,11,21954,A,F,G,B,D,A,H,-,C,A,0,Y,,,,Y,,N,60,1,0,0,0,1,0,0,0,0,"- ","- ",37.616680145263672,-121.03044891357422,STANISLAUS,UNINCORPORATED,-121.03038787841797,37.616630554199219
90856222,2018,2018-11-08,9465,2018-09-11,2045,019730,,2,2,9,5000,0,3,5,,2,010,"SPENCER AVENUE","STATE ROUTE 132",275.00,S,N,A,-,N,,,,,,,,,,N,1,1,0,2,A,-,03,22350,,F,G,B,E,A,H,-,D,D,0,Y,,,,Y,,D,22,0,0,0,1,0,0,0,0,0,"- ","- ",37.636619567871094,-121.01645660400391,STANISLAUS,UNINCORPORATED,,
90866732,2018,2018-11-26,9465,2018-11-13,1720,020575,,2,2,9,5000,0,3,5,,2,040,"CARPENTER ROAD","WHITMORE AVENUE",325.00,N,N,A,-,N,,,,,,,,,,Y,2,0,1,3,A,-,03,22350,,N,C,C,A,A,H,-,D,D,0,,,,,Y,,A,01,1,0,0,0,0,0,0,0,0,"- ","- ",37.598831176757812,-121.03038024902344,STANISLAUS,UNINCORPORATED,-121.03029632568359,37.595943450927734
90876631,2018,2018-12-05,9465,2018-11-26,0618,018274,,1,1,9,5000,0,1,3,,1,032,"STATE ROUTE 132","HAZELDEAN ROAD",40.00,W,N,B,-,Y,,,132,,,,,,,Y,2,0,1,3,A,-,03,22350,,N,C,C,A,A,H,-,D,D,0,,,,Y,Y,,G,25,1,0,0,0,0,0,0,0,0,"- ","- ",37.646591186523438,-120.69557952880859,STANISLAUS,UNINCORPORATED,-120.69557952880859,37.646614074707031
90880221,2018,2018-12-11,9465,2018-11-29,1129,018222,,4,1,9,5000,0,3,5,,2,050,"WARD AVENUE","CALIFORNIA AQUEDUCT",65.00,S,N,B,C,N,,,,,,,,,,Y,2,0,2,2,A,-,03,22350,,N,C,E,A,B,F,-,A,D,0,,,,,Y,,A,01,1,0,1,0,0,0,0,0,0,"- ","- ",37.410781860351562,-121.14157104492188,STANISLAUS,UNINCORPORATED,,
90889579,2018,2019-04-10,9465,2018-12-13,2112,019152,,4,2,9,5000,0,3,5,,2,050,"W. STUHR RD.","BELL RD.",4752.00,E,N,A,-,N,,,,,,,,,,Y,2,0,2,1,A,-,08,22107,,N,F,A,A,A,H,-,D,D,0,,,,,Y,,A,07,2,0,0,0,0,0,0,0,0,"- ","- ",37.333549499511719,-121.08318328857422,STANISLAUS,UNINCORPORATED,-121.08834838867188,37.33331298828125
90896148,2018,2019-10-23,9465,2018-10-28,0310,020374,,7,3,9,5000,0,2,4,,2,042,"CROWS LANDING ROAD","BLANKENBURG AVENUE",197.00,N,N,A,-,N,,,,,,,,,,N,1,1,0,2,A,-,11,21954,A,F,G,B,E,A,H,-,D,A,0,Y,,,,Y,Y,N,60,0,0,0,1,0,0,0,0,0,"- ","- ",37.622058868408203,-120.99360656738281,STANISLAUS,UNINCORPORATED,-120.99357604980469,37.621341705322266
90916600,2018,2019-02-04,9465,2018-11-20,2208,021636,,2,3,9,5000,0,1,1,,2,055,"INTERSTATE 5 NORTHBOUND",SR-140,860.00,N,N,A,-,Y,,,5,,,,,,N,Y,1,1,3,3,A,-,03,22350,,N,C,C,A,A,H,-,D,D,0,,,,Y,Y,,G,25,0,0,3,0,0,0,0,0,0,"- ","- ",37.255039215087891,-121.09098815917969,STANISLAUS,UNINCORPORATED,-121.09098052978516,37.255043029785156
90925407,2019,2019-02-13,9465,2019-02-06,0907,018059,,3,1,9,5000,0,3,5,,2,020,"26 MILE ROAD","GILBERT ROAD",2640.00,N,N,A,-,N,,,,,,,,,,Y,2,0,1,1,A,-,08,22107,,N,E,I,A,A,H,-,A,D,0,,,,,Y,,A,08,1,0,0,0,0,0,0,0,0,"- ","- ",37.796920776367188,-120.86602020263672,STANISLAUS,UNINCORPORATED,-120.86583899999999,37.796233000000001
90933156,2019,2019-02-25,9465,2019-02-19,0645,014658,,2,1,9,5000,0,2,4,,2,024,"ALBERS ROAD","STATE ROUTE 132",4760.00,N,N,A,-,N,,,,,,,,,,Y,2,0,1,1,A,-,08,22107,,N,E,I,A,A,H,-,B,D,0,,,,,Y,,A,01,1,0,0,0,0,0,0,0,0,"- ","- ",37.650859832763672,-120.84786987304688,STANISLAUS,UNINCORPORATED,,
90961038,2019,2019-04-10,9465,2019-03-26,0415,021062,,2,3,9,5000,0,3,5,,2,050,"STUHR ROAD","EASTIN ROAD",1305.00,W,N,B,-,N,,,,,,,,,,Y,2,0,1,2,A,-,08,22107,,N,A,C,A,A,H,-,D,D,0,,,,Y,Y,,A,01,1,0,0,0,0,0,0,0,0,"- ","- ",37.333328247070312,-121.07154083251953,STANISLAUS,UNINCORPORATED,-121.07196807861328,37.333389282226562
9096129,2020,2020-08-13,5007,2020-04-16,0130,5785,5007,4,5,5,5007,0,0,0,,0,002,"EAST AV","S ROSE",50.00,W,N,A,-,N,,,,,,,,,,Y,2,0,1,1,A,-,08,22107,A,F,F,A,A,A,H,-,C,D,0,,,,,Y,Y,A,07,1,0,0,0,0,0,0,0,0,"- ","- ",,,STANISLAUS,TURLOCK,-120.8385009765625,37.492691040039062