CASE_ID,ACCIDENT_YEAR,PROC_DATE,JURIS,COLLISION_DATE,COLLISION_TIME,OFFICER_ID,REPORTING_DISTRICT,DAY_OF_WEEK,CHP_SHIFT,POPULATION,CNTY_CITY_LOC,SPECIAL_COND,BEAT_TYPE,CHP_BEAT_TYPE,CITY_DIVISION_LAPD,CHP_BEAT_CLASS,BEAT_NUMBER,PRIMARY_RD,SECONDARY_RD,DISTANCE,DIRECTION,INTERSECTION,WEATHER_1,WEATHER_2,STATE_HWY_IND,CALTRANS_COUNTY,CALTRANS_DISTRICT,STATE_ROUTE,ROUTE_SUFFIX,POSTMILE_PREFIX,POSTMILE,LOCATION_TYPE,RAMP_INTERSECTION,SIDE_OF_HWY,TOW_AWAY,COLLISION_SEVERITY,NUMBER_KILLED,NUMBER_INJURED,PARTY_COUNT,PRIMARY_COLL_FACTOR,PCF_CODE_OF_VIOL,PCF_VIOL_CATEGORY,PCF_VIOLATION,PCF_VIOL_SUBSECTION,HIT_AND_RUN,TYPE_OF_COLLISION,MVIW,PED_ACTION,ROAD_SURFACE,ROAD_COND_1,ROAD_COND_2,LIGHTING,CONTROL_DEVICE,CHP_ROAD_TYPE,PEDESTRIAN_ACCIDENT,BICYCLE_ACCIDENT,MOTORCYCLE_ACCIDENT,TRUCK_ACCIDENT,NOT_PRIVATE_PROPERTY,ALCOHOL_INVOLVED,STWD_VEHTYPE_AT_FAULT,CHP_VEHTYPE_AT_FAULT,COUNT_SEVERE_INJ,COUNT_VISIBLE_INJ,COUNT_COMPLAINT_PAIN,COUNT_PED_KILLED,COUNT_PED_INJURED,COUNT_BICYCLIST_KILLED,COUNT_BICYCLIST_INJURED,COUNT_MC_KILLED,COUNT_MC_INJURED,PRIMARY_RAMP,SECONDARY_RAMP,LATITUDE,LONGITUDE,COUNTY,CITY,POINT_X,POINT_Y
9097285,2020,2020-10-28,5002,2020-05-31,0409,715,B206,7,5,6,5002,0,0,0,,0,003,"EAST HATCH RD","BOOTHE RD",529.00,W,N,A,-,N,,,,,,,,,,Y,2,0,1,1,A,-,03,22350,,N,E,I,A,A,H,-,C,D,0,,,,,Y,,A,01,1,0,0,0,0,0,0,0,0,"- ","- ",37.609298706054688,-120.93879699707031,STANISLAUS,MODESTO,-120.93324279785156,37.609291076660156
90984115,2019,2019-05-08,9465,2019-04-13,2100,021337,,6,2,9,5000,0,3,5,,2,050,"SYCAMORE AVENUE","E. LAS PALMAS AVENUE",528.00,S,N,A,-,N,,,,,,,,,,N,2,0,1,2,A,-,06,21750,A,F,B,G,A,A,H,-,D,D,0,,Y,,,Y,,-,99,1,0,0,0,0,0,1,0,0,"- ","- ",37.478370666503906,-121.11174774169922,STANISLAUS,UNINCORPORATED,-121.11167907714844,37.478355407714844
90984245,2019,2019-05-08,9465,2019-04-10,1220,018259,,3,1,9,5000,0,2,4,,2,043,"WEST MAIN STREET","CROWS LANDING ROAD",2000.00,W,N,B,-,N,,,,,,,,,,Y,2,0,2,2,A,-,08,22107,,N,A,C,A,A,H,-,A,D,0,,,,,Y,,D,22,1,0,1,0,0,0,0,0,0,"- ","- ",37.493061065673828,-121.00527191162109,STANISLAUS,UNINCORPORATED,-121.00144958496094,37.493034362792969
90984933,2019,2019-05-09,9465,2019-04-29,0718,018059,,1,1,9,5000,0,3,5,,2,030,"WHITMORE AVENUE","VERDUGA ROAD",505.00,E,N,A,-,N,,,,,,,,,,Y,2,0,1,1,A,-,08,22107,,N,E,I,A,A,H,-,A,D,0,,,,,Y,,A,01,1,0,0,0,0,0,0,0,0,"- ","- ",37.594791412353516,-120.8043212890625,STANISLAUS,UNINCORPORATED,-120.80435943603516,37.594734191894531
90988078,2019,2019-05-14,9465,2019-05-04,2210,021022,,6,3,9,5000,0,1,3,,1,031,SR-132,"PRISCILLA LANE",100.00,W,N,A,-,Y,,,132,,,,,,,Y,2,0,1,1,A,-,01,23152,A,N,E,I,A,A,H,-,D,D,0,,,,,Y,Y,A,01,1,0,0,0,0,0,0,0,0,"- ","- ",37.638561248779297,-120.80046844482422,STANISLAUS,UNINCORPORATED,-120.80046844482422,37.638534545898438
91002808,2019,2019-06-04,9465,2019-05-03,1318,015398,,5,1,9,5000,0,3,5,,2,030,"HOSMER AVENUE","S. 9TH STREET",0.00,,Y,A,-,N,,,,,,,,,,Y,1,1,0,2,A,-,09,21802,A,N,D,C,A,A,H,-,A,A,0,,,Y,,Y,,B,01,0,0,0,0,0,0,0,1,0,"- ","- ",37.622829437255859,-120.98602294921875,STANISLAUS,UNINCORPORATED,-120.98610687255859,37.622821807861328
91003633,2019,2019-06-05,9465,2019-05-25,1740,020912,,6,2,9,5000,0,3,5,,2,020,"MILNES ROAD","LANGWORTH ROAD",95.00,W,N,A,-,N,,,,,,,,,,Y,2,0,1,2,A,-,01,23152,A,N,C,C,A,A,H,-,A,D,0,,,Y,,Y,Y,C,02,1,0,0,0,0,0,0,0,1,"- ","- ",37.681819915771484,-120.89431762695312,STANISLAUS,UNINCORPORATED,-120.89421844482422,37.681827545166016
91004966,2019,2019-06-06,9465,2019-05-31,1455,021022,,5,2,9,5000,0,3,5,,2,030,"MOUNTAIN VIEW ROAD","KEYES ROAD",0.00,,Y,A,-,N,,,,,,,,,,Y,2,0,2,2,A,-,09,21802,A,N,D,C,A,A,H,-,A,A,0,,,,,Y,,A,01,1,1,0,0,0,0,0,0,0,"- ","- ",37.551578521728516,-120.87921142578125,STANISLAUS,UNINCORPORATED,-120.87908935546875,37.551219940185547
91006712,2019,2019-06-10,9465,2019-06-01,1345,018623,,6,1,9,5000,0,1,3,,2,021,SR-120,"26 MILE ROAD",0.00,,Y,A,-,Y,,,,,,,,,,Y,2,0,2,2,A,-,09,21802,A,N,D,C,A,A,H,-,A,D,0,,,Y,,Y,,A,01,1,1,0,0,0,0,0,0,2,"- ","- ",37.788650512695312,-120.06363677978516,STANISLAUS,UNINCORPORATED,,
91006717,2019,2019-06-11,9465,2019-03-02,0842,018259,,6,1,4,5001,0,1,3,,2,041,"SR-99 NORTHBOUND","HATCH ROAD",15.00,N,N,B,C,Y,,,99,,,,,,N,Y,1,1,0,2,A,-,03,22350,,N,D,C,A,B,H,-,A,D,0,,,,,Y,,A,01,0,0,0,0,0,0,0,0,0,"- ","- ",37.609359741210938,-120.97650909423828,STANISLAUS,CERES,-120.97649383544922,37.609378814697266
91010227,2019,2019-06-14,9465,2019-06-10,1400,018671,,1,2,9,5000,0,3,5,,2,030,"WHITMORE AVENUE","BERKELEY AVENUE",0.00,,Y,A,-,N,,,,,,,,,,Y,2,0,1,2,A,-,09,21800,A,N,D,C,A,A,H,-,A,A,0,,,Y,,Y,,D,22,1,0,0,0,0,0,0,0,1,"- ","- ",37.594688415527344,-120.82901000976562,STANISLAUS,UNINCORPORATED,-120.82900238037109,37.594699859619141
9101295,2020,2020-11-03,5002,2020-05-17,1343,13172,M169,7,5,6,5002,0,0,0,,0,MP61,"NORTH CARPENTER RD","BLUE GUM AV",0.00,,Y,A,-,N,,,,,,,,,,Y,2,0,2,2,A,-,12,21453,A,N,D,C,A,A,H,-,A,A,0,,,,,Y,,-,"- ",1,1,0,0,0,0,0,0,0,"- ","- ",,,STANISLAUS,MODESTO,-121.0311279296875,37.660530090332031
91012982,2019,2019-06-19,9465,2019-05-11,1700,020609,,6,2,9,5000,0,3,5,,2,020,"ALBERS ROAD","STATE ROUTE 132",413.00,N,N,A,-,N,,,,,,,,,,Y,2,0,1,2,A,-,06,21755,,N,B,C,A,A,H,-,A,D,0,,,Y,,Y,Y,C,02,1,0,0,0,0,0,0,0,1,"- ","- ",37.640171051025391,-120.84770202636719,STANISLAUS,UNINCORPORATED,-120.84772100000001,37.639820999999998
91020687,2019,2019-06-28,9465,2019-06-27,0816,015398,,4,1,9,5000,0,3,5,,2,030,"RIVERSIDE DRIVE","NATHAN AVENUE",0.00,,Y,A,-,N,,,,,,,,,,Y,2,0,3,2,A,-,01,23152,A,N,D,C,A,A,H,-,A,A,0,,,,,Y,Y,A,01,2,1,0,0,0,0,0,0,0,"- ","- ",37.630870819091797,-120.94789123535156,STANISLAUS,UNINCORPORATED,-120.94796752929688,37.630851745605469
91027911,2019,2019-07-10,9465,2019-07-01,1149,018059,,1,1,9,5000,0,1,3,,2,021,"STATE ROUTE 120","RIVER ROAD",630.00,W,N,A,-,Y,,,120,,,,,,,Y,2,0,2,2,A,-,03,22350,,N,C,C,A,A,H,-,A,A,0,,,,,Y,,A,01,1,0,1,0,0,0,0,0,0,"- ","- ",37.785099029541016,-120.85971832275391,STANISLAUS,UNINCORPORATED,-120.85969543457031,37.785133361816406
91029912,2019,2019-07-12,9465,2019-05-04,2150,021368,,6,2,9,5000,0,3,5,,2,030,"OAKDALE-WATERFORD HIGHWAY","ELLENWOOD ROAD",1177.00,N,N,A,-,N,,,,,,,,,,Y,1,1,2,2,A,-,01,23152,A,N,A,C,A,A,H,-,D,D,0,,,,,Y,Y,D,22,2,0,0,0,0,0,0,0,0,"- ","- ",37.662521362304688,-120.78469085693359,STANISLAUS,UNINCORPORATED,-120.78458404541016,37.6624755859375
91032623,2019,2019-07-17,9465,2019-06-17,0418,021549,,1,3,9,5000,0,3,5,,2,030,"9TH STREET","HOSMER AVENUE",0.00,,Y,A,-,N,,,,,,,,,,Y,1,1,0,2,A,-,09,21802,A,N,D,C,A,A,H,-,C,A,0,,,,,Y,,A,08,0,0,0,0,0,0,0,0,0,"- ","- ",37.622821807861328,-120.98607635498047,STANISLAUS,UNINCORPORATED,-120.98610687255859,37.622821807861328
91035684,2019,2019-07-23,9465,2019-07-15,2010,020395,,1,2,9,5000,0,1,3,,2,041,"STATE ROUTE 99 (NORTHBOUND)","GOLF ROAD",25.00,N,N,A,-,Y,,,99,,,,,,,Y,2,0,2,2,A,-,03,22350,,N,C,C,A,A,H,-,A,D,0,,,,Y,Y,,D,22,1,0,1,0,0,0,0,0,0,"- ","- ",37.467121124267578,-120.83168029785156,STANISLAUS,UNINCORPORATED,-120.83165740966797,37.467166900634766
91044320,2019,2019-08-02,9465,2019-07-20,0424,021783,,6,3,9,5000,0,1,1,,2,055,"I-5 (N/B) FROM WESTLEY REST AREA","WESTLEY REST AREA",1373.00,N,N,A,-,Y,,,5,,,,R,,,Y,2,0,1,2,A,-,01,23152,A,N,C,C,A,A,H,-,C,D,0,,,,Y,Y,Y,A,01,1,0,0,0,0,0,0,0,0,"- ","- ",37.586868286132812,-121.32790374755859,STANISLAUS,UNINCORPORATED,-121.32790374755859,37.586868286132812
91050762,2019,2019-08-13,9465,2019-08-06,2130,021239,,2,2,9,5000,0,3,5,,2,030,"RIVERSIDE DRIVE","TENAYA DRIVE",170.00,N,N,A,-,N,,,,,,,,,,Y,2,0,1,2,A,-,05,21460,,N,D,C,A,A,H,-,C,A,0,,,Y,Y,Y,,-,"- ",1,0,0,0,0,0,0,0,1,"- ","- ",37.627330780029297,-120.94795227050781,STANISLAUS,UNINCORPORATED,-120.94795989990234,37.627498626708984
91051003,2019,2019-08-13,9465,2019-08-10,0615,018623,,6,1,9,5000,0,3,5,,2,010,"BECKWITH ROAD","DUNN ROAD",0.00,,Y,A,-,N,,,,,,,,,,Y,2,0,1,2,A,-,05,21752,D,N,B,C,A,A,H,-,A,D,0,,,,,Y,,A,01,1,0,0,0,0,0,0,0,0,"- ","- ",37.681259155273438,-121.14183807373047,STANISLAUS,UNINCORPORATED,-121.14122772216797,37.681228637695312
9105163,2020,2020-10-31,5007,2020-05-30,1655,5505,TURLO,6,5,5,5007,0,0,0,,0,004,"NORTH GOLDEN STATE BL","WEST TUOLUMNE RD",0.00,,Y,A,-,N,,,,,,,,,,Y,2,0,3,2,A,-,03,22350,,N,C,C,A,A,H,-,A,A,0,,,,,Y,,A,07,1,1,1,0,0,0,0,0,0,"- ","- ",,,STANISLAUS,TURLOCK,-120.86949920654297,37.514659881591797
91074180,2019,2019-09-13,9465,2019-09-05,0814,018059,,4,1,9,5000,0,1,3,,2,023,"STATE ROUTE 108","N. STEARNS ROAD",528.00,E,N,A,-,Y,,,,,,,,,,Y,2,0,2,2,A,-,05,21460,A,N,A,C,A,A,H,-,A,D,0,,,,,Y,,A,01,1,1,0,0,0,0,0,0,0,"- ","- ",37.776378631591797,-120.81517028808594,STANISLAUS,UNINCORPORATED,-120.81526947021484,37.776336669921875
91076292,2019,2019-09-17,9465,2019-09-05,1253,017558,,4,1,9,5000,0,3,5,,2,010,"SUTTER AVENUE","ROUSE AVENUE",0.00,,Y,A,-,N,,,,,,,,,,N,2,0,1,2,A,-,12,22450,A,F,G,B,B,A,H,-,A,A,0,Y,,,,Y,,A,01,1,0,0,0,1,0,0,0,0,"- ","- ",37.620578765869141,-121.01177215576172,STANISLAUS,UNINCORPORATED,-121.01175689697266,37.620571136474609
91085829,2019,2019-11-25,9465,2019-09-25,1335,021022,,3,1,9,5000,0,3,5,,2,040,"CENTRAL AVENUE","GRAYSON ROAD",289.00,S,N,A,-,N,,,,,,,,,,N,2,0,1,2,A,-,11,21954,A,N,G,B,D,A,H,-,A,D,0,Y,,,,Y,,N,60,1,0,0,0,1,0,0,0,0,"- ","- ",37.564949035644531,-120.95712280273438,STANISLAUS,UNINCORPORATED,-120.95709228515625,37.564956665039062
91093140,2019,2019-11-21,9465,2019-09-29,1320,021770,,7,1,9,5000,0,1,3,,1,032,"BARNHART ROAD","SANTA FE AVENUE",0.00,,Y,A,-,N,,,,,,,,,,Y,1,1,1,2,A,-,09,21802,A,N,D,C,A,A,H,-,A,D,0,,,,,Y,,A,08,0,1,0,0,0,0,0,0,0,"- ","- ",37.543891906738281,-120.81488037109375,STANISLAUS,UNINCORPORATED,-120.81484222412109,37.543880462646484
91095259,2019,2019-10-11,9465,2019-09-30,1726,020914,,1,2,9,5000,0,3,5,,2,020,"ALBERS ROAD","DUSTY LANE",30.00,S,N,A,-,N,,,,,,,,,,Y,2,0,1,1,A,-,08,22107,,N,E,I,A,A,H,-,A,A,0,,,,,Y,,A,01,1,0,0,0,0,0,0,0,0,"- ","- ",37.660251617431641,-120.84790802001953,STANISLAUS,UNINCORPORATED,-120.84797668457031,37.660259246826172
91116272,2019,2020-03-18,9465,2019-10-30,1925,020985,,3,2,9,5000,0,3,5,,2,030,"LECKRON ROAD","GARNER ROAD",0.00,,Y,A,-,N,,,,,,,,,,Y,2,0,3,2,A,-,12,22450,A,N,D,C,A,A,H,-,C,A,0,,,,,Y,,D,22,1,1,1,0,0,0,0,0,0,"- ","- ",37.629131317138672,-120.92301940917969,STANISLAUS,UNINCORPORATED,-120.92304992675781,37.629169464111328
91130468,2019,2019-11-26,9465,2019-11-18,0537,018222,,1,3,9,5000,0,1,3,,1,054,"STATE ROUTE 33","J T CROW ROAD",396.00,S,N,E,-,Y,,,33,,,,,,,Y,2,0,3,2,A,-,05,21650,,N,A,C,A,A,H,-,D,D,0,,,,,Y,,A,07,1,2,0,0,0,0,0,0,0,"- ","- ",37.367160797119141,-121.05010223388672,STANISLAUS,UNINCORPORATED,-121.05010986328125,37.367149353027344
91133966,2019,2019-12-03,9465,2019-11-24,0900,019155,,7,1,9,5000,0,1,3,,2,041,"STATE ROUTE 99 (NORTHBOUND)","WEST MAIN ST",1320.00,N,N,A,-,Y,,,,,,,,,,Y,2,0,1,2,A,-,03,22350,,N,C,C,A,A,H,-,A,D,0,,,,,Y,,A,01,1,0,0,0,0,0,0,0,0,"- ","- ",37.495948791503906,-120.87148284912109,STANISLAUS,UNINCORPORATED,-120.87198638916016,37.496059417724609
91141772,2019,2019-12-12,9465,2019-12-01,0500,021783,,7,3,9,5000,0,1,3,,1,032,"STATE ROUTE 132","ROOT ROAD",0.00,,Y,C,-,N,,,132,,,,,,,Y,2,0,3,2,A,-,01,23152,A,F,B,C,A,B,H,-,D,D,0,,,,,Y,Y,D,22,2,1,0,0,0,0,0,0,0,"- ","- ",37.638370513916016,-120.89325714111328,STANISLAUS,UNINCORPORATED,-120.89325714111328,37.63836669921875
91146617,2019,2019-12-18,9465,2019-12-08,1930,020609,,7,2,5,5007,0,1,3,,2,041,"STATE ROUTE 99 (SOUTHBOUND)","CANAL STREET",571.00,S,N,A,-,Y,,,99,,,,,,,Y,2,0,3,1,A,-,08,22107,,N,F,I,A,A,H,-,D,D,0,,,,,Y,,A,07,2,1,0,0,0,0,0,0,0,"- ","- ",37.499099731445312,-120.87359619140625,STANISLAUS,TURLOCK,-120.87359619140625,37.499099731445312
91146898,2019,2019-12-19,9465,2019-12-06,0613,019155,,5,1,9,5000,0,1,1,,2,055,"INTERSTATE 5 (SOUTHBOUND)","STUHR ROAD",1584.00,N,N,E,-,Y,,,5,,,,,,,Y,2,0,4,2,A,-,03,22350,,N,C,C,A,A,H,-,D,D,0,,,,Y,Y,,G,25,2,0,2,0,0,0,0,0,0,"- ","- ",37.329368591308594,-121.11148834228516,STANISLAUS,UNINCORPORATED,-121.1114501953125,37.329380035400391
91150932,2019,2019-12-23,9465,2019-12-10,0905,020190,,2,1,9,5000,0,3,5,,2,020,"STEARNS ROAD","TWILDO ROAD",1320.00,S,N,B,-,N,,,,,,,,,,Y,2,0,2,2,A,-,05,21460,A,N,A,C,A,B,H,-,A,D,0,,,,,Y,,D,22,2,0,0,0,0,0,0,0,0,"- ","- ",37.769718170166016,-120.81771850585938,STANISLAUS,UNINCORPORATED,-120.81776428222656,37.770046234130859
91151786,2019,2019-12-31,9465,2019-11-17,0845,019730,,7,1,9,5000,0,1,3,,2,023,"STATE ROUTE 108","LANCASTER ROAD",10349.00,E,N,A,-,Y,,,,,,,,,,Y,1,1,2,2,A,-,05,21460,A,N,A,C,A,A,H,-,A,D,0,,,,,Y,,A,01,1,1,0,0,0,0,0,0,0,"- ","- ",37.806789398193359,-120.71263885498047,STANISLAUS,UNINCORPORATED,-120.71504211425781,37.806076049804688
91156796,2019,2019-12-31,9465,2019-12-20,0154,021226,,5,3,9,5000,0,3,5,,2,030,"RIVERSIDE DRIVE","MITCHELL ROAD",0.00,,Y,A,-,N,,,,,,,,,,Y,2,0,2,1,A,-,01,23152,A,N,E,I,A,A,H,-,C,D,0,,,,,Y,Y,A,01,1,0,1,0,0,0,0,0,0,"- ","- ",37.625370025634766,-120.94776153564453,STANISLAUS,UNINCORPORATED,-120.94815063476562,37.625659942626953
91184227,2020,2020-02-11,9465,2020-02-04,0245,018623,,2,3,9,5000,0,3,5,,2,020,"PIONEER AVENUE","PLEASANT VALLEY ROAD",1240.00,S,N,A,-,N,,,,,,,,,,Y,2,0,1,1,A,-,01,23152,A,N,E,I,A,A,H,-,A,D,0,,,,,Y,Y,A,01,1,0,0,0,0,0,0,0,0,"- ","- ",37.802139282226562,-120.91407775878906,STANISLAUS,UNINCORPORATED,-120.91416168212891,37.802326202392578
91184329,2020,2020-02-11,9465,2020-01-31,1220,018059,,5,1,9,5000,0,1,3,,2,028,"STATE ROUTE 4","MILTON ROAD",0.00,,Y,A,-,Y,,,4,,,,,,,Y,2,0,2,2,A,-,09,21802,A,N,D,C,A,A,H,-,A,A,0,,,,,Y,,A,07,1,0,1,0,0,0,0,0,0,"- ","- ",37.944770812988281,-120.84371948242188,STANISLAUS,UNINCORPORATED,-120.84371948242188,37.94476318359375
91192065,2020,2020-02-24,9465,2020-02-18,2204,018623,,2,3,9,5000,0,1,3,,2,015,SR-219,"SISK ROAD",0.00,,Y,A,-,Y,,,219,,,,,,,Y,2,0,3,2,D,-,00,,,N,D,C,A,A,H,-,C,A,0,,,,,Y,,-,"- ",2,1,0,0,0,0,0,0,0,"- ","- ",37.710948944091797,-121.07759094238281,STANISLAUS,UNINCORPORATED,-121.07758331298828,37.710895538330078
91194689,2020,2020-02-27,9465,2020-02-22,1135,018767,,6,1,9,5000,0,1,1,,2,055,"I-5 NB","INGRAM CREEK ROAD",5280.00,N,N,A,-,Y,,,5,,,,,,N,Y,2,0,3,1,A,-,08,22107,,N,F,I,A,A,H,-,A,D,0,,,,,Y,,A,07,1,0,2,0,0,0,0,0,0,"- ","- ",37.553070068359375,-121.28414916992188,STANISLAUS,UNINCORPORATED,-121.28417205810547,37.55303955078125
91214253,2020,2020-03-23,9465,2020-02-15,1415,021783,,6,2,9,5000,0,1,3,,1,032,"STATE ROUTE 132","FIELDS ROAD",450.00,E,N,A,-,Y,,,132,,,,,,,Y,2,0,1,1,A,-,08,22107,,N,F,A,A,A,H,-,A,D,0,,,Y,,Y,,C,02,1,0,0,0,0,0,0,0,1,"- ","- ",37.637340545654297,-120.39186859130859,STANISLAUS,UNINCORPORATED,-120.39186859130859,37.637378692626953
91220813,2020,2020-04-06,9465,2020-03-27,1450,021783,,5,2,9,5000,0,1,3,,2,053,"STATE ROUTE 33","MCCRACKEN ROAD",30.00,N,N,A,-,Y,,,33,,,,,,,Y,2,0,1,1,A,-,03,22350,,N,E,J,A,A,H,-,A,D,0,,,,,Y,,A,01,1,0,0,0,0,0,0,0,0,"- ","- ",37.614288330078125,-121.2694091796875,STANISLAUS,UNINCORPORATED,-121.26947021484375,37.614253997802734
91228925,2020,2020-04-23,9465,2020-02-15,2500,021549,,6,4,9,5000,0,3,5,,2,050,"STUHR ROAD","MCCLINTOCK ROAD",54.00,W,N,A,-,N,,,,,,,,,,N,1,1,0,2,A,-,11,21954,A,F,G,B,E,A,H,-,D,D,0,Y,,,,Y,,N,60,0,0,0,1,0,0,0,0,0,"- ","- ",37.332759857177734,-121.00437164306641,STANISLAUS,UNINCORPORATED,-121.00432586669922,37.332740783691406
91236978,2020,2020-05-13,9465,2020-05-06,2300,019152,,3,3,9,5000,0,1,1,,2,056,"INTERSTATE 5 (NORTHBOUND)","DAVIS ROAD",1989.00,S,N,A,-,Y,,,5,,,,,,,Y,2,0,1,2,A,-,01,23152,A,N,C,C,A,A,H,-,D,D,0,,,Y,,Y,,C,02,1,0,0,0,0,0,0,0,1,"- ","- ",37.364429473876953,-121.12252044677734,STANISLAUS,UNINCORPORATED,-121.12252044677734,37.364429473876953
91246887,2020,2020-06-03,9465,2020-05-28,1715,019713,,4,2,9,5000,0,3,5,,2,050,"VILLA MANUCHA ROAD","FREITAS ROAD",526.00,N,N,A,-,N,,,,,,,,,,Y,2,0,1,1,A,-,08,22107,,N,E,I,A,A,H,-,A,D,0,,,,,Y,,A,07,1,0,0,0,0,0,0,0,0,"- ","- ",37.350719451904297,-121.02613830566406,STANISLAUS,UNINCORPORATED,-121.0262451171875,37.350643157958984
91260479,2020,2020-06-30,9465,2020-06-21,2300,021368,,7,3,9,5000,0,2,4,,2,042,"CROWS LANDING ROAD","W ZEERING ROAD",70.00,N,N,A,-,N,,,,,,,,,,Y,2,0,5,2,A,-,01,23152,A,N,D,C,A,A,H,-,D,A,0,,,,,Y,Y,D,22,1,4,0,0,0,0,0,0,0,"- ","- ",37.529548645019531,-120.99430847167969,STANISLAUS,UNINCORPORATED,-120.99428558349609,37.529510498046875
91265412,2020,2020-07-08,9465,2020-06-30,1255,018324,,2,1,9,5000,0,1,3,,2,023,SR-108,"LANGWORTH ROAD",0.00,,Y,A,-,Y,,,108,,,,,,,Y,2,0,2,2,A,-,05,21460,A,N,A,C,A,A,H,-,A,D,0,,,,,Y,,A,01,1,1,0,0,0,0,0,0,0,"- ","- ",37.754058837890625,-120.89791870117188,STANISLAUS,UNINCORPORATED,-120.89797973632812,37.754158020019531
91273738,2020,2020-07-24,9465,2020-07-14,1930,018955,,2,2,6,5002,0,3,5,,2,030,"PECOS AVENUE","LEAH DRIVE",96.00,E,N,A,-,N,,,,,,,,,,N,2,0,2,3,A,-,11,21954,A,N,G,B,D,A,H,-,A,D,0,Y,,,,Y,,N,60,1,1,0,0,2,0,0,0,0,"- ","- ",37.616561889648438,-120.97239685058594,STANISLAUS,MODESTO,-120.97246551513672,37.616561889648438
91303249,2020,2020-09-11,9465,2020-09-05,1742,020833,,6,2,9,5000,0,1,3,,2,053,"GAFFERY ROAD","STATE ROUTE 33",15.00,W,N,A,-,Y,,,,,,,,,,Y,2,0,1,1,A,-,08,22107,,N,F,A,A,A,H,-,A,D,0,,,,,Y,,A,01,1,0,0,0,0,0,0,0,0,"- ","- ",37.59442138671875,-121.24849700927734,STANISLAUS,UNINCORPORATED,-121.24864959716797,37.594661712646484
91312821,2020,2020-12-02,9465,2020-09-13,0925,019155,,7,1,9,5000,0,3,5,,2,010,"MCHENRY AVENUE","STEWART ROAD",0.00,,Y,A,-,N,,,,,,,,,,Y,2,0,1,2,A,-,12,21453,A,N,D,C,A,A,H,-,A,A,0,,,,,Y,,A,01,1,0,0,0,0,0,0,0,0,"- ","- ",37.742458343505859,-120.99549102783203,STANISLAUS,UNINCORPORATED,-120.99543762207031,37.742458343505859
91313726,2020,2020-10-21,9465,2020-09-24,2230,021062,,4,3,9,5000,0,3,5,,2,010,"PIRRONE ROAD","GATEWAY DRIVE",0.00,,Y,A,G,N,,,,,,,,,,Y,2,0,1,2,A,-,09,21801,A,N,A,C,A,A,H,-,C,D,0,,,Y,,Y,,A,01,1,0,0,0,0,0,0,0,1,"- ","- ",37.721870422363281,-121.0989990234375,STANISLAUS,UNINCORPORATED,-121.09906768798828,37.7218017578125
91323928,2020,2020-10-14,9465,2020-10-08,0608,018324,,4,1,9,5000,0,3,5,,2,040,"CENTRAL AVENUE","TUOLUMNE ROAD",724.00,N,N,A,-,N,,,,,,,,,,Y,2,0,1,2,A,-,09,21804,A,N,D,C,A,A,H,-,D,D,0,,,,Y,Y,,G,25,1,0,0,0,0,0,0,0,0,"- ","- ",37.516658782958984,-120.95861053466797,STANISLAUS,UNINCORPORATED,-120.95860290527344,37.516647338867188
9133112,2020,2020-11-18,5002,2020-07-12,1903,13288,M386,7,5,6,5002,0,0,0,,0,041,"RT 132","L ST",0.00,,Y,A,-,Y,STA,10,108,-,R,22.439,I,5,E,Y,2,0,3,2,A,-,17,21451,A,N,H,C,A,A,H,-,A,A,0,,,,,Y,,-,"- ",1,0,2,0,0,0,0,0,0,"- ","- ",,,STANISLAUS,MODESTO,-121.00245666503906,37.640762329101562
91331253,2020,2020-10-26,9465,2020-09-30,1605,018955,,3,2,9,5000,0,3,5,,2,020,"KENNEDY ROAD","SONORA ROAD",902.00,S,N,B,-,N,,,,,,,,,,Y,2,0,1,2,A,-,05,21460,A,F,F,A,A,A,H,-,A,D,0,,,Y,,Y,,-,99,1,0,0,0,0,0,0,0,1,"- ","- ",37.81304931640625,-120.66378784179688,STANISLAUS,UNINCORPORATED,-120.66377258300781,37.813106536865234
91337647,2020,2020-11-03,9465,2020-10-12,0545,018955,,1,3,9,5000,0,2,4,,2,042,"CROWS LANDING ROAD","BRADBURY ROAD",2070.00,S,N,A,-,N,,,,,,,,,,Y,2,0,2,1,A,-,08,22107,,N,F,A,A,A,H,-,D,D,0,,,,,Y,,A,01,2,0,0,0,0,0,0,0,0,"- ","- ",37.443710327148438,-121.00360107421875,STANISLAUS,UNINCORPORATED,-121.00353240966797,37.443717956542969
91340705,2020,2020-11-06,9465,2020-10-30,1802,020914,,5,2,9,5000,0,3,5,,2,010,"PARKS AVENUE","FINNEY ROAD",0.00,,Y,A,-,N,,,,,,,,,,Y,2,0,1,2,A,-,08,22100,A,N,D,C,A,A,H,-,A,A,0,,,Y,,Y,,C,02,1,0,0,0,0,0,0,0,1,"- ","- ",37.706050872802734,-121.08664703369141,STANISLAUS,UNINCORPORATED,-121.08663940429688,37.706108093261719