CASE_ID,ACCIDENT_YEAR,PROC_DATE,JURIS,COLLISION_DATE,COLLISION_TIME,OFFICER_ID,REPORTING_DISTRICT,DAY_OF_WEEK,CHP_SHIFT,POPULATION,CNTY_CITY_LOC,SPECIAL_COND,BEAT_TYPE,CHP_BEAT_TYPE,CITY_DIVISION_LAPD,CHP_BEAT_CLASS,BEAT_NUMBER,PRIMARY_RD,SECONDARY_RD,DISTANCE,DIRECTION,INTERSECTION,WEATHER_1,WEATHER_2,STATE_HWY_IND,CALTRANS_COUNTY,CALTRANS_DISTRICT,STATE_ROUTE,ROUTE_SUFFIX,POSTMILE_PREFIX,POSTMILE,LOCATION_TYPE,RAMP_INTERSECTION,SIDE_OF_HWY,TOW_AWAY,COLLISION_SEVERITY,NUMBER_KILLED,NUMBER_INJURED,PARTY_COUNT,PRIMARY_COLL_FACTOR,PCF_CODE_OF_VIOL,PCF_VIOL_CATEGORY,PCF_VIOLATION,PCF_VIOL_SUBSECTION,HIT_AND_RUN,TYPE_OF_COLLISION,MVIW,PED_ACTION,ROAD_SURFACE,ROAD_COND_1,ROAD_COND_2,LIGHTING,CONTROL_DEVICE,CHP_ROAD_TYPE,PEDESTRIAN_ACCIDENT,BICYCLE_ACCIDENT,MOTORCYCLE_ACCIDENT,TRUCK_ACCIDENT,NOT_PRIVATE_PROPERTY,ALCOHOL_INVOLVED,STWD_VEHTYPE_AT_FAULT,CHP_VEHTYPE_AT_FAULT,COUNT_SEVERE_INJ,COUNT_VISIBLE_INJ,COUNT_COMPLAINT_PAIN,COUNT_PED_KILLED,COUNT_PED_INJURED,COUNT_BICYCLIST_KILLED,COUNT_BICYCLIST_INJURED,COUNT_MC_KILLED,COUNT_MC_INJURED,PRIMARY_RAMP,SECONDARY_RAMP,LATITUDE,LONGITUDE,COUNTY,CITY,POINT_X,POINT_Y
91343418,2020,2020-11-11,9465,2020-11-06,1120,018324,,5,1,9,5000,0,1,3,,2,021,SR-120,"SAWYER AVENUE",0.00,,Y,A,-,Y,,,120,,,,,,,Y,2,0,2,2,A,-,03,22350,,N,C,C,A,A,H,-,A,D,0,,,,,Y,,D,22,2,0,0,0,0,0,0,0,0,"- ","- ",37.792991638183594,-120.90470123291016,STANISLAUS,UNINCORPORATED,-120.90470123291016,37.793010711669922
91346737,2020,2020-11-17,9465,2020-10-09,1335,021022,,5,1,9,5000,0,3,5,,2,010,"HAMMETT ROAD","KIERNAN AVENUE",1056.00,S,N,A,-,N,,,,,,,,,,Y,1,1,1,2,A,-,01,23152,F,N,A,C,A,A,H,-,A,D,0,,,,,Y,,A,07,0,1,0,0,0,0,0,0,0,"- ","- ",37.708099365234375,-121.10492706298828,STANISLAUS,UNINCORPORATED,-121.10491180419922,37.707790374755859
91351021,2020,2020-11-23,9465,2020-09-12,1748,021066,,6,2,9,5000,0,3,5,,2,030,"LA GRANGE ROAD",SR-132,1.10,S,N,A,-,N,,,,,,,,,,Y,2,0,2,1,A,-,01,23152,A,F,E,I,A,A,H,-,A,D,0,,,Y,,Y,Y,C,02,2,0,0,0,0,0,0,0,2,"- ","- ",37.648281097412109,-120.4774169921875,STANISLAUS,UNINCORPORATED,-120.47165,37.663150000000002
91355941,2020,2020-12-01,9465,2020-11-19,1735,018671,,4,2,9,5000,0,3,5,,2,020,"MILNES ROAD","OAKDALE-WATERFORD HIGHWAY",4224.00,W,N,A,-,N,,,,,,,,,,Y,2,0,1,1,A,-,08,22107,,N,E,I,A,A,H,-,D,D,0,,,,,Y,,A,01,1,0,0,0,0,0,0,0,0,"- ","- ",37.682109832763672,-120.81500244140625,STANISLAUS,UNINCORPORATED,-120.81893157958984,37.682136535644531
9136396,2020,2020-10-02,5002,2020-07-20,2126,13290,M269,1,5,6,5002,0,0,0,,0,071,"COFFEE RD","EAST ORANGEBURG AV",0.00,,Y,A,-,N,,,,,,,,,,Y,2,0,6,3,A,-,12,21453,A,N,D,C,A,A,H,-,C,A,0,,,,,Y,,-,,4,2,0,0,0,0,0,0,0,"- ","- ",,,STANISLAUS,MODESTO,-120.97567749023438,37.663551330566406
91378247,2020,2020-12-30,9465,2020-12-15,1913,020885,,2,2,9,5000,0,3,5,,2,030,"KEYES RD","GOLDEN STATE BLVD",285.00,E,N,A,-,N,,,,,,,,,,N,2,0,1,2,A,-,11,21954,A,N,G,B,D,A,H,-,D,D,0,Y,,,,Y,,N,60,1,0,0,0,1,0,0,0,0,"- ","- ",37.549339294433594,-120.90277862548828,STANISLAUS,UNINCORPORATED,-120.90113830566406,37.549312591552734
91380997,2020,2021-01-05,9465,2020-12-06,1525,020833,,7,2,9,5000,0,1,3,,2,013,"STATE ROUTE 108 (MCHENRY AVE)","STATE ROUTE 219 (KIERNAN AVENUE)",250.00,W,N,A,-,Y,,,108,,,,,,,N,2,0,1,2,A,-,03,22350,,F,C,C,A,A,H,-,A,D,0,,,,,Y,,A,01,1,0,0,0,0,0,0,0,0,"- ","- ",37.710880279541016,-120.99479675292969,STANISLAUS,UNINCORPORATED,-120.99490356445312,37.71087646484375
91383864,2020,2021-01-08,9465,2020-09-01,0518,020642,,2,3,9,5000,0,1,3,,2,023,"STATE ROUTE 108/120","LANCASTER ROAD",1567.00,E,N,A,-,Y,,,120,,,,,,,Y,1,1,2,4,A,-,01,23152,A,N,B,C,A,A,H,-,D,D,0,,,,Y,Y,Y,A,07,2,0,0,0,0,0,0,0,0,"- ","- ",37.786819458007812,-120.73329162597656,STANISLAUS,UNINCORPORATED,-120.73329162597656,37.786815643310547
91388882,2021,2021-01-18,9465,2021-01-10,2006,021239,,7,2,9,5000,0,1,3,,2,041,"SR-99 NORTHBOUND TO HATCH ROAD","HATCH ROAD",105.00,S,N,A,-,Y,,,99,,,,R,,N,Y,2,0,1,1,A,-,01,23152,A,N,E,I,A,A,H,-,C,D,0,,,Y,,Y,Y,C,02,1,0,0,0,0,0,0,0,1,"- ","- ",37.608970642089844,-120.97550964355469,STANISLAUS,UNINCORPORATED,-120.97550964355469,37.608970642089844
91394932,2020,2021-01-28,9465,2020-09-25,1930,020575,,5,2,9,5000,0,2,4,,2,042,"CROWS LANDING ROAD","EAST BARNHART ROAD",433.00,S,N,A,-,N,,,,,,,,,,Y,1,1,1,2,A,-,01,23152,A,N,A,C,A,A,H,-,D,D,0,,,,,Y,Y,D,22,1,0,0,0,0,0,0,0,0,"- ","- ",37.543701171875,-120.99359893798828,STANISLAUS,UNINCORPORATED,-120.9935302734375,37.542842864990234
91395068,2020,2021-01-27,9465,2020-11-21,1209,019155,,6,1,9,5000,0,1,3,,2,011,"STATE ROUTE 99 (NORTHBOUND)","BECKWITH ROAD",1685.00,N,N,A,-,Y,,,99,,,,,,,Y,1,1,1,1,A,-,08,22107,,N,E,I,A,A,H,-,A,D,0,,,,,Y,,A,01,0,1,0,0,0,0,0,0,0,"- ","- ",37.689029693603516,-121.06047058105469,STANISLAUS,UNINCORPORATED,-121.06055450439453,37.688922882080078
91400645,2021,2021-02-02,9465,2021-01-30,1110,018955,,6,1,9,5000,0,2,4,,2,014,"OAKDALE ROAD","CLARATINA AVENUE",1525.00,N,N,A,-,N,,,,,,,,,,Y,2,0,2,2,A,-,03,22350,,N,C,C,A,A,H,-,A,D,0,,,,,Y,,A,07,1,0,1,0,0,0,0,0,0,"- ","- ",37.704151153564453,-120.95821380615234,STANISLAUS,UNINCORPORATED,-120.95823669433594,37.704006195068359
9140293,2020,2020-08-25,5004,2020-04-11,1618,236,RD28,6,5,3,5004,0,0,0,,0,042,"EAST F ST","JOHNSON AV",475.00,E,N,A,-,N,,,120,,,,,,,Y,2,0,1,1,A,-,03,22350,,N,E,J,A,A,H,-,A,D,0,,,Y,,Y,,C,02,1,0,0,0,0,0,0,0,1,"- ","- ",37.769851684570312,-120.83827972412109,STANISLAUS,OAKDALE,-120.83828735351562,37.769863128662109
9140294,2020,2020-08-25,5004,2020-04-06,0655,328,RD53,1,5,3,5004,0,0,0,,0,021,"SOUTH YOSEMITE AV","DELANO AV",281.00,S,N,A,-,N,,,,,,,,,,Y,2,0,1,1,A,-,03,22350,,N,E,I,A,B,H,-,A,D,0,,,Y,,Y,,C,02,1,0,0,0,0,0,0,0,1,"- ","- ",37.754741668701172,-120.84017181396484,STANISLAUS,OAKDALE,-120.84065246582031,37.757637023925781
91404942,2021,2021-02-09,9465,2021-01-26,2151,021770,,2,2,9,5000,0,1,3,,2,041,"SR-99 N/B","MITCHELL ROAD",2733.00,S,N,G,-,Y,,,99,,,,,,N,Y,2,0,1,1,A,-,08,22107,,N,E,I,A,B,H,-,D,D,0,,,,,Y,,D,22,1,0,0,0,0,0,0,0,0,"- ","- ",37.570301055908203,-120.93250274658203,STANISLAUS,UNINCORPORATED,-120.93246459960938,37.570343017578125
91414122,2021,2021-02-24,9465,2021-02-18,1850,020457,,4,2,9,5000,0,1,3,,1,032,"STATE ROUTE 132 (YOSEMITE BOULEVARD)","A STREET",100.00,W,N,A,-,Y,,,132,,,,,,,Y,2,0,1,1,A,-,01,23152,A,N,E,I,A,A,H,-,C,D,0,,,,,Y,Y,A,01,1,0,0,0,0,0,0,0,0,"- ","- ",37.638191223144531,-120.90876770019531,STANISLAUS,UNINCORPORATED,-120.90876770019531,37.638248443603516
91420035,2021,2021-03-03,9465,2021-02-11,1048,019517,,4,1,9,5000,0,3,5,,2,030,"FINCH ROAD","BUSINESS PARK DRIVE",0.00,,Y,B,-,N,,,,,,,,,,Y,1,1,0,2,A,-,05,21460,,N,D,C,A,A,H,-,A,D,0,,,,,Y,,A,01,0,0,0,0,0,0,0,0,0,"- ","- ",37.623710632324219,-120.93940734863281,STANISLAUS,UNINCORPORATED,-120.93949127197266,37.623680114746094
91438266,2021,2021-03-29,9465,2021-03-17,1905,020575,,3,2,9,5000,0,3,5,,2,040,"CENTRAL AVENUE","SIMMONS ROAD",533.00,N,N,A,-,N,,,,,,,,,,Y,2,0,1,1,A,-,01,23152,A,N,E,I,A,A,H,-,D,D,0,,,,,Y,Y,A,07,1,0,0,0,0,0,0,0,0,"- ","- ",37.473499298095703,-120.95787811279297,STANISLAUS,UNINCORPORATED,-120.95816040039062,37.47247314453125
91439615,2021,2021-03-30,9465,2021-03-22,1510,021066,,1,2,9,5000,0,1,3,,1,054,SR-33,"ORESTIMBA CREEK",100.00,N,N,A,-,Y,,,33,,,,,,,Y,2,0,3,3,A,-,06,21750,,N,A,C,A,A,H,-,A,D,0,,,,Y,Y,,A,01,2,0,1,0,0,0,0,0,0,"- ","- ",37.377468109130859,-121.05850982666016,STANISLAUS,UNINCORPORATED,-121.05850219726562,37.377479553222656
91442767,2021,2021-04-05,9465,2021-03-20,1650,020575,,6,2,9,5000,0,3,5,,2,040,"VIVIAN ROAD","KEYES ROAD",0.00,,Y,A,-,N,,,,,,,,,,Y,2,0,3,2,A,-,09,21802,A,N,D,C,A,A,H,-,A,A,0,,,,,Y,Y,A,08,1,1,1,0,0,0,0,0,0,"- ","- ",37.551418304443359,-121.0484619140625,STANISLAUS,UNINCORPORATED,-121.04850006103516,37.551429748535156
91453319,2021,2021-04-19,9465,2021-04-04,1235,018955,,7,1,9,5000,0,3,5,,2,020,"WAMBLE ROAD","SIERRA ROAD",1351.00,N,N,A,-,N,,,,,,,,,,Y,2,0,2,1,A,-,08,22107,,M,E,I,A,A,H,-,A,D,0,,,,,Y,,D,22,1,1,0,0,0,0,0,0,0,"- ","- ",37.765880584716797,-120.77490997314453,STANISLAUS,UNINCORPORATED,-120.77494812011719,37.765640258789062
91460596,2021,2021-04-28,9465,2021-04-20,0827,018955,,2,1,9,5000,0,1,3,,2,041,"STATE ROUTE 99 (SOUTHBOUND)","9TH STREET",775.00,S,N,A,-,Y,,,99,,,,,,,Y,2,0,3,1,A,-,08,22107,,N,F,A,A,A,H,-,A,D,0,,,,,Y,,A,01,3,0,0,0,0,0,0,0,0,"- ","- ",37.614959716796875,-120.98171997070312,STANISLAUS,UNINCORPORATED,-120.98161315917969,37.615081787109375
91461152,2021,2021-04-29,9465,2021-03-23,2100,018623,,2,2,9,5000,0,3,5,,2,010,"BECKWITH ROAD","FINNEY ROAD",360.00,W,N,A,-,N,,,,,,,,,,N,1,1,0,1,A,-,01,23152,A,N,H,A,A,A,H,-,D,D,0,,,,,Y,Y,D,22,0,0,0,0,0,0,0,0,0,"- ","- ",37.681819915771484,-121.08757781982422,STANISLAUS,UNINCORPORATED,-121.08749389648438,37.681739807128906
91466443,2020,2021-05-05,9465,2020-12-21,0003,021770,,1,3,5,5007,0,1,3,,2,041,"STATE ROUTE 99 SOUTHBOUND","WEST LINWOOD AVENUE",2698.00,N,N,E,-,Y,,,99,,,,,,S,Y,1,1,0,2,A,-,03,22350,,N,C,C,A,A,H,-,D,D,0,,,,Y,Y,,A,07,0,0,0,0,0,0,0,0,0,"- ","- ",37.484329223632812,-120.86575317382812,STANISLAUS,TURLOCK,-120.86573028564453,37.484340667724609
91467755,2021,2021-05-07,9465,2021-04-23,1624,020833,,5,2,9,5000,0,1,1,,2,056,"INTERSTATE 5 N/B","STUHR ROAD",500.00,S,N,A,-,Y,,,5,,,,,,N,Y,2,0,6,4,A,-,03,22350,,N,C,C,A,A,H,-,A,D,0,,,,,Y,,A,07,1,1,4,0,0,0,0,0,0,"- ","- ",37.324031829833984,-121.10935974121094,STANISLAUS,UNINCORPORATED,-121.10933685302734,37.324039459228516
91469330,2021,2021-05-10,9465,2021-01-15,2230,021368,,5,3,9,5000,0,3,5,,2,010,"CARPENTER ROAD","STATE ROUTE 132",583.00,S,N,A,-,N,,,,,,,,,,N,1,1,0,2,A,-,03,22350,,F,G,B,E,A,H,-,C,D,0,Y,,,,Y,Y,A,01,0,0,0,1,0,0,0,0,0,"- ","- ",37.637001037597656,-121.03057861328125,STANISLAUS,UNINCORPORATED,-121.030514,37.637115000000001
91471694,2021,2021-05-12,9465,2021-05-09,0615,019376,,7,1,9,5000,0,2,4,,2,042,"CROWS LANDING ROAD","EL KATRINA LANE",500.00,S,N,A,-,N,,,,,,,,,,Y,2,0,1,2,A,-,03,22350,,N,C,C,A,A,H,-,A,D,0,,,,,Y,,A,01,1,0,0,0,0,0,0,0,0,"- ","- ",37.510040283203125,-120.99461364746094,STANISLAUS,UNINCORPORATED,-120.99459838867188,37.509895324707031
91474318,2021,2021-05-17,9465,2021-05-08,0230,018955,,6,3,9,5000,0,3,5,,2,040,"SHILOH ROAD","GRAYSON ROAD",0.00,,Y,A,-,N,,,,,,,,,,Y,2,0,1,1,A,-,03,22350,,N,F,A,A,A,H,-,D,A,0,,,Y,,Y,Y,C,02,1,0,0,0,0,0,0,0,1,"- ","- ",37.563819885253906,-121.14060211181641,STANISLAUS,UNINCORPORATED,-121.14054107666016,37.563850402832031
91476282,2021,2021-05-24,9465,2021-05-09,1355,018955,,7,1,9,5000,0,1,3,,2,023,"STATE ROUTE 108/120","WAMBLE ROAD",2813.00,E,N,A,-,Y,,,120,,,,,,,Y,2,0,3,2,A,-,01,23152,A,N,A,C,A,A,H,-,A,D,0,,,,,Y,Y,A,01,3,0,0,0,0,0,0,0,0,"- ","- ",37.778701782226562,-120.76663970947266,STANISLAUS,UNINCORPORATED,-120.76664733886719,37.778717041015625
91482998,2021,2021-05-27,9465,2021-05-14,1615,020457,,5,2,9,5000,0,3,5,,2,010,"MCHENRY AVENUE","HOGUE ROAD",1003.00,N,N,A,-,N,,,,,,,,,,Y,2,0,2,2,A,-,05,21460,A,N,B,C,A,A,H,-,A,D,0,,,,Y,Y,,F,27,1,0,1,0,0,0,0,0,0,"- ","- ",37.750740051269531,-120.99564361572266,STANISLAUS,UNINCORPORATED,-120.99559783935547,37.75091552734375
91483103,2021,2021-05-27,9465,2021-05-10,1310,019155,,1,1,9,5000,0,2,4,,2,034,"GEER ROAD","SERVICE ROAD",950.00,N,N,A,-,N,,,,,,,,,,Y,2,0,1,1,A,-,08,22107,,N,E,I,A,A,H,-,A,D,0,,,,,Y,,A,01,1,0,0,0,0,0,0,0,0,"- ","- ",37.582958221435547,-120.84706115722656,STANISLAUS,UNINCORPORATED,-120.84713600000001,37.582794
91490749,2021,2021-06-07,9465,2021-04-19,0340,021226,,1,3,9,5000,0,2,4,,2,057,"CROWS LANDING ROAD","RIVER ROAD",2898.00,N,N,A,-,N,,,,,,,,,,Y,1,1,0,1,A,-,01,23152,A,N,E,I,A,A,H,-,D,D,0,,,,,Y,Y,A,01,0,0,0,0,0,0,0,0,0,"- ","- ",37.427108764648438,-121.01582336425781,STANISLAUS,UNINCORPORATED,-121.01590728759766,37.426898956298828
91492760,2021,2021-11-25,9465,2021-05-28,0930,019376,,5,1,9,5000,0,2,4,,2,042,"CROWS LANDING ROAD","W. HARDING ROAD",0.00,,Y,A,-,N,,,,,,,,,,Y,2,0,3,2,A,-,09,21801,A,N,D,C,A,A,H,-,A,D,0,,,,,Y,,A,07,1,1,1,0,0,0,0,0,0,"- ","- ",37.463970184326172,-120.99928283691406,STANISLAUS,UNINCORPORATED,-120.99929809570312,37.463920593261719
91497462,2021,2021-06-15,9465,2021-05-23,2350,021770,,7,3,9,5000,0,1,3,,2,011,"SR-99 N/B","WOODLAND AVENUE",49.00,N,N,A,-,Y,,,99,,,,,,N,Y,2,0,1,2,A,-,01,23152,A,N,C,C,A,A,D,-,C,D,0,,,Y,,Y,Y,C,02,1,0,0,0,0,0,0,0,1,"- ","- ",37.653301239013672,-121.02475738525391,STANISLAUS,UNINCORPORATED,-121.02479553222656,37.653266906738281
91508956,2021,2021-08-10,9465,2021-06-12,0820,017966,,6,1,9,5000,0,3,5,,2,010,"BECKWITH ROAD","HAMMETT ROAD",400.00,E,N,A,-,N,,,,,,,,,,Y,2,0,3,2,A,-,05,21460,A,N,A,C,A,A,H,-,A,D,0,,,,,Y,,A,01,1,1,1,0,0,0,0,0,0,"- ","- ",37.681709289550781,-121.10350036621094,STANISLAUS,UNINCORPORATED,-121.10317993164062,37.681739807128906
91519976,2021,2021-07-14,9465,2021-07-06,1220,018623,,2,1,9,5000,0,3,5,,2,020,"OAKDALE WATERFORD HIGHWAY","CLARIBEL ROAD",142.00,N,N,A,-,N,,,,,,,,,,Y,2,0,2,2,A,-,05,21460,A,N,A,C,A,A,H,-,A,D,0,,,,Y,Y,,D,22,1,0,1,0,0,0,0,0,0,"- ","- ",37.711380004882812,-120.82266235351562,STANISLAUS,UNINCORPORATED,-120.82277679443359,37.711437225341797
91524489,2021,2021-07-20,9465,2021-07-10,1450,021066,,6,2,9,5000,0,3,5,,2,040,"CENTRAL AVENUE","MONTE VISTA AVENUE",0.00,,Y,A,-,N,,,,,,,,,,Y,2,0,2,2,A,-,09,21802,A,N,D,C,A,A,H,-,A,A,0,,,,,Y,,A,07,1,1,0,0,0,0,0,0,0,"- ","- ",37.521888732910156,-120.95867156982422,STANISLAUS,UNINCORPORATED,-120.95864105224609,37.521881103515625
91529618,2021,2021-07-27,9465,2021-07-16,0124,021226,,5,3,9,5000,0,1,3,,2,041,"STATE ROUTE 99 (NORTHBOUND)","SOUTH 9TH STREET",1100.00,N,N,A,-,Y,,,99,,,,,,,N,2,0,1,1,A,-,01,23152,A,N,F,A,A,A,H,-,C,D,0,,,Y,,Y,Y,C,02,1,0,0,0,0,0,0,0,1,"- ","- ",37.614658355712891,-120.98078155517578,STANISLAUS,UNINCORPORATED,-120.98080444335938,37.614639282226562
91530516,2021,2021-07-28,9465,2021-07-22,1005,018623,,4,1,9,5000,0,3,5,,2,020,"HAZELDEAN ROAD","TIM BELL ROAD",5280.00,S,N,A,-,N,,,,,,,,,,Y,2,0,1,1,A,-,08,22107,,N,E,I,A,A,H,-,A,D,0,,,,,Y,,A,07,1,0,0,0,0,0,0,0,0,"- ","- ",37.656761169433594,-120.70108032226562,STANISLAUS,UNINCORPORATED,-120.70078277587891,37.656593322753906
91538204,2021,2021-08-06,9465,2021-07-24,1240,019376,,6,1,9,5000,0,3,5,,2,050,"HILLS FERRY ROAD","RIVER ROAD",0.00,,Y,A,-,N,,,,,,,,,,N,2,0,1,3,A,-,09,21802,A,N,D,C,A,A,H,-,A,A,0,,,,,Y,,A,01,1,0,0,0,0,0,0,0,0,"- ","- ",37.346340179443359,-120.97808837890625,STANISLAUS,UNINCORPORATED,-120.97882080078125,37.344860076904297
91553289,2021,2021-08-25,9465,2021-08-19,1317,020260,,4,1,9,5000,0,3,5,,2,040,"HATCH ROAD","DALLAS STREET",420.00,E,N,A,-,N,,,,,,,,,,N,2,0,1,2,A,-,08,22107,,N,C,G,A,A,H,-,A,D,0,,Y,,Y,Y,,L,04,1,0,0,0,0,0,1,0,0,"- ","- ",37.609451293945312,-120.99993896484375,STANISLAUS,UNINCORPORATED,-121.00009918212891,37.609439849853516
91553945,2021,2021-08-25,9465,2021-08-17,1035,018623,,2,1,9,5000,0,3,5,,2,030,"RIVER ROAD NORTH","RIVER ROAD WEST",0.00,,Y,A,-,N,,,,,,,,,,Y,2,0,1,3,A,-,09,21802,A,F,D,C,A,A,H,-,A,A,0,,,,,Y,,D,22,1,0,0,0,0,0,0,0,0,"- ","- ",37.626129150390625,-120.98597717285156,STANISLAUS,UNINCORPORATED,-120.92296600341797,37.769374847412109
91562205,2021,2021-09-03,9465,2021-08-28,0820,019376,,6,1,9,5000,0,2,4,,2,043,"W. MAIN STREET","BYSTRUM ROAD",360.00,W,N,A,-,N,,,,,,,,,,N,2,0,2,1,A,-,08,22107,,N,F,A,A,A,H,-,A,D,0,,,Y,,Y,,O,05,1,1,0,0,0,0,0,0,2,"- ","- ",37.492908477783203,-120.98641967773438,STANISLAUS,UNINCORPORATED,-120.98677062988281,37.492946624755859
91566495,2021,2021-09-09,9465,2021-08-27,1700,018274,,5,2,9,5000,0,3,5,,2,020,"MILTON ROAD","SONORA ROAD",779.00,N,N,A,-,N,,,,,,,,,,Y,2,0,1,1,A,-,08,22107,,N,E,I,A,A,H,-,A,D,0,,,,,Y,Y,A,01,1,0,0,0,0,0,0,0,0,"- ","- ",37.895671844482422,-120.84587860107422,STANISLAUS,UNINCORPORATED,-120.84516143798828,37.896369934082031
91567281,2021,2021-09-10,9465,2021-08-31,1228,020260,,2,1,9,5000,0,3,5,,2,030,"KEYES ROAD","PIONEER ROAD",125.00,E,N,A,-,N,,,,,,,,,,Y,2,0,1,1,A,-,08,22107,,N,E,I,A,A,H,-,A,D,0,,,,,Y,,D,22,1,0,0,0,0,0,0,0,0,"- ","- ",37.551300048828125,-120.89070129394531,STANISLAUS,UNINCORPORATED,-120.89235687255859,37.551250457763672
91575167,2021,2021-09-21,9465,2021-09-05,1003,018324,,7,1,9,5000,0,3,5,,2,010,SR-132,"GATES ROAD",7392.00,W,N,A,-,Y,,,132,,,,,,,N,2,0,1,1,A,-,08,22107,,N,E,I,A,A,H,-,A,D,0,,,,,Y,,A,01,1,0,0,0,0,0,0,0,0,"- ","- ",37.637920379638672,-121.18380737304688,STANISLAUS,UNINCORPORATED,-121.18380737304688,37.637851715087891
91583380,2021,2021-09-30,9465,2021-09-17,0300,019517,,5,3,6,5002,0,3,5,,2,040,"CENTRAL AVENUE",.5,2640.00,S,N,A,-,N,,,,,,,,,,Y,2,0,1,1,A,-,08,22107,,N,E,I,A,A,H,-,D,D,0,,,,,Y,,A,07,1,0,0,0,0,0,0,0,0,"- ","- ",37.543941497802734,-120.95696258544922,STANISLAUS,MODESTO,-120.89399719238281,39.930118560791016
91593288,2021,2021-10-11,9465,2021-09-03,1250,019730,,5,1,9,5000,0,2,4,,2,034,"GEER ROAD","FOX GROVE ACCESS",180.00,N,N,A,-,N,,,,,,,,,,Y,2,0,1,2,A,-,05,21460,A,F,A,C,A,A,H,-,A,D,0,,,,,Y,,A,01,1,0,0,0,0,0,0,0,0,"- ","- ",37.614341735839844,-120.84561920166016,STANISLAUS,UNINCORPORATED,-120.84564971923828,37.614177703857422
91594143,2021,2021-11-08,9465,2021-10-01,1555,021022,,5,2,9,5000,0,3,5,,2,040,"KEYES ROAD","FOOTE ROAD",0.00,,Y,A,-,N,,,,,,,,,,Y,2,0,3,2,A,-,09,21802,A,N,D,C,A,A,H,-,A,A,0,,,,,Y,,A,01,1,2,0,0,0,0,0,0,0,"- ","- ",37.547260284423828,-120.91130065917969,STANISLAUS,UNINCORPORATED,-120.91127777099609,37.547290802001953
91596764,2021,2021-10-14,9465,2021-07-16,0536,018324,,5,3,9,5000,0,2,4,,2,043,"EASTIN ROAD",SR-33,3456.00,S,N,A,-,N,,,,,,,,,,Y,1,1,1,2,A,-,03,22350,,N,C,C,A,A,H,-,B,D,0,,,,,Y,,D,22,0,0,1,0,0,0,0,0,0,"- ","- ",37.375221252441406,-121.0673828125,STANISLAUS,UNINCORPORATED,-121.06734466552734,37.378543853759766
91597721,2021,2021-10-15,9465,2021-09-17,1845,020575,,5,2,6,5002,0,1,S,,2,004,"SR-99 SOUTHBOUND","KANSAS AVENUE",120.00,S,N,A,-,Y,,,,,,,,,,Y,2,0,1,2,A,-,07,21658,A,F,C,C,A,A,H,-,A,D,0,,,Y,,Y,,A,01,1,0,0,0,0,0,0,0,1,"- ","- ",37.643280029296875,-121.01573181152344,STANISLAUS,MODESTO,-121.01642608642578,37.645828247070312
91599285,2021,2021-10-18,9465,2021-06-23,1425,020985,,3,2,9,5000,0,2,4,,2,034,"GEER ROAD","FOX GROVE ACCESS ROAD",70.00,S,N,A,-,N,,,,,,,,,,Y,1,1,1,2,A,-,08,22107,,N,E,I,A,A,H,-,A,D,0,,,,,Y,,D,22,1,0,0,0,0,0,0,0,0,"- ","- ",37.613540649414062,-120.84612274169922,STANISLAUS,UNINCORPORATED,-120.84606170654297,37.613574981689453
91599448,2021,2021-10-18,9465,2021-08-11,0911,018324,,3,1,9,5000,0,3,5,,2,040,"EAST HARDING ROAD","GOLF ROAD",2200.00,E,N,A,-,N,,,,,,,,,,N,1,1,0,2,A,-,03,22350,,N,H,H,A,A,H,-,A,D,0,,,,,Y,Y,D,22,0,0,0,0,0,0,0,0,0,"- ","- ",37.463340759277344,-120.82328033447266,STANISLAUS,UNINCORPORATED,-120.82328796386719,37.463329315185547
91616543,2021,2021-11-04,9465,2021-05-07,2300,021549,,5,3,9,5000,0,3,5,,2,040,"FOOTE ROAD","EAST KEYES ROAD",0.00,,Y,A,-,N,,,,,,,,,,Y,1,1,0,2,A,-,01,23152,A,N,D,C,A,A,H,-,D,A,0,,,,,Y,Y,D,22,0,0,0,0,0,0,0,0,0,"- ","- ",37.547248840332031,-120.91124725341797,STANISLAUS,UNINCORPORATED,-120.91127777099609,37.547290802001953