CASE_ID,ACCIDENT_YEAR,PROC_DATE,JURIS,COLLISION_DATE,COLLISION_TIME,OFFICER_ID,REPORTING_DISTRICT,DAY_OF_WEEK,CHP_SHIFT,POPULATION,CNTY_CITY_LOC,SPECIAL_COND,BEAT_TYPE,CHP_BEAT_TYPE,CITY_DIVISION_LAPD,CHP_BEAT_CLASS,BEAT_NUMBER,PRIMARY_RD,SECONDARY_RD,DISTANCE,DIRECTION,INTERSECTION,WEATHER_1,WEATHER_2,STATE_HWY_IND,CALTRANS_COUNTY,CALTRANS_DISTRICT,STATE_ROUTE,ROUTE_SUFFIX,POSTMILE_PREFIX,POSTMILE,LOCATION_TYPE,RAMP_INTERSECTION,SIDE_OF_HWY,TOW_AWAY,COLLISION_SEVERITY,NUMBER_KILLED,NUMBER_INJURED,PARTY_COUNT,PRIMARY_COLL_FACTOR,PCF_CODE_OF_VIOL,PCF_VIOL_CATEGORY,PCF_VIOLATION,PCF_VIOL_SUBSECTION,HIT_AND_RUN,TYPE_OF_COLLISION,MVIW,PED_ACTION,ROAD_SURFACE,ROAD_COND_1,ROAD_COND_2,LIGHTING,CONTROL_DEVICE,CHP_ROAD_TYPE,PEDESTRIAN_ACCIDENT,BICYCLE_ACCIDENT,MOTORCYCLE_ACCIDENT,TRUCK_ACCIDENT,NOT_PRIVATE_PROPERTY,ALCOHOL_INVOLVED,STWD_VEHTYPE_AT_FAULT,CHP_VEHTYPE_AT_FAULT,COUNT_SEVERE_INJ,COUNT_VISIBLE_INJ,COUNT_COMPLAINT_PAIN,COUNT_PED_KILLED,COUNT_PED_INJURED,COUNT_BICYCLIST_KILLED,COUNT_BICYCLIST_INJURED,COUNT_MC_KILLED,COUNT_MC_INJURED,PRIMARY_RAMP,SECONDARY_RAMP,LATITUDE,LONGITUDE,COUNTY,CITY,POINT_X,POINT_Y
91622339,2021,2021-11-11,9465,2021-10-10,2000,020575,,7,2,9,5000,0,3,5,,2,040,"CHURCH STREET","HATCH ROAD",0.00,,Y,A,-,N,,,,,,,,,,N,2,0,1,2,A,-,10,21950,A,N,G,B,D,A,H,-,D,D,0,Y,,,,Y,Y,D,22,1,0,0,0,1,0,0,0,0,"- ","- ",37.609378814697266,-120.98150634765625,STANISLAUS,UNINCORPORATED,-120.98154449462891,37.609451293945312
91623917,2021,2021-11-15,9465,2021-05-30,1335,020833,,7,1,9,5000,0,1,3,,2,028,"STATE ROUTE 4","DUNTON ROAD",2376.00,W,N,A,-,Y,,,4,,,,,,,Y,1,1,1,2,A,-,01,23152,F,N,A,2,A,A,H,-,A,D,0,,,,,Y,,A,01,0,0,1,0,0,0,0,0,0,"- ","- ",37.938938140869141,-120.81472015380859,STANISLAUS,UNINCORPORATED,-120.81472778320312,37.938930511474609
9162605,2020,2020-11-24,5001,2020-09-25,1650,528,A001,5,5,4,5001,0,0,0,,0,001,"EAST WHITMORE AV","MOFFETT RD",125.00,W,N,A,-,N,,,,,,,,,,Y,2,0,4,2,A,-,09,21804,A,N,A,C,A,-,H,-,A,D,0,,,,,Y,,-,,1,0,3,0,0,0,0,0,0,"- ","- ",,,STANISLAUS,CERES,-120.94826507568359,37.594760894775391
91633570,2021,2021-11-23,9465,2021-09-23,0449,021636,,4,3,9,5000,0,2,4,,2,043,"W. MAIN AVENUE","CARPENTER ROAD",6178.00,W,N,A,-,N,,,,,,,,,,Y,1,2,0,2,A,-,01,23152,F,N,A,C,A,A,H,-,D,D,0,,,,,Y,,A,01,0,0,0,0,0,0,0,0,0,"- ","- ",37.493289947509766,-121.05258178710938,STANISLAUS,UNINCORPORATED,-121.05216979980469,37.493309020996094
91640580,2021,2021-12-02,9465,2021-06-19,2030,020575,,6,2,9,5000,0,2,4,,2,042,"CROWS LANDING ROAD","MONTE VISTA AVENUE",542.00,S,N,A,-,N,,,,,,,,,,Y,1,1,1,2,A,-,01,23152,A,N,A,C,A,A,H,-,A,D,0,,,,,Y,Y,A,01,1,0,0,0,0,0,0,0,0,"- ","- ",37.519760131835938,-120.99447631835938,STANISLAUS,UNINCORPORATED,-120.99447631835938,37.520511627197266
91641784,2021,2021-12-03,9465,2021-11-09,0345,021770,,2,3,9,5000,0,1,3,,2,011,"SR-99 S/B","PELANDALE AVENUE",3009.00,S,N,A,-,Y,,,99,,,,,,S,Y,2,0,1,1,A,-,08,22107,,N,E,I,A,B,H,-,D,D,0,,,,,Y,,A,01,1,0,0,0,0,0,0,0,0,"- ","- ",37.69232177734375,-121.06478118896484,STANISLAUS,UNINCORPORATED,-121.06471252441406,37.692398071289062
91654945,2021,2021-12-17,9465,2021-12-09,0524,017558,,4,3,9,5000,0,1,3,,2,023,"STATE ROUTE 108/120","KENNEDY ROAD",4450.00,W,N,C,-,N,,,120,,,,,,,N,2,0,2,2,A,-,08,22107,,N,A,C,A,A,H,-,D,D,0,,,,,Y,,D,22,2,0,0,0,0,0,0,0,0,"- ","- ",37.803501129150391,-120.67896270751953,STANISLAUS,UNINCORPORATED,-120.678955078125,37.803512573242188
91657283,2021,2021-12-21,9465,2021-11-21,0100,021783,,7,3,9,5000,0,1,3,,2,023,"STATE ROUTE 108","KENNEDY ROAD",12144.00,W,N,A,-,Y,,,,,,,,,,Y,2,0,2,2,A,-,05,21460,A,N,A,C,A,A,H,-,D,D,0,,,,,Y,,A,01,1,0,1,0,0,0,0,0,0,"- ","- ",37.805091857910156,-120.70794677734375,STANISLAUS,UNINCORPORATED,-120.70297241210938,37.804801940917969
91658662,2021,2021-12-22,9465,2021-10-31,1437,021066,,7,2,9,5000,0,3,5,,2,030,"SANTA FE AVENUE","LEEDOM ROAD",1388.00,N,N,A,-,N,,,,,,,,,,N,1,1,0,2,A,-,01,23152,A,N,C,C,A,A,H,-,A,D,0,,,Y,,Y,Y,C,02,0,0,0,0,0,0,0,1,0,"- ","- ",37.618888854980469,-120.89692687988281,STANISLAUS,UNINCORPORATED,-120.89661407470703,37.618690490722656
91669736,2021,2022-01-04,9465,2021-12-27,1300,015761,,1,1,9,5000,0,3,5,,2,030,"EAST AVENUE","SANTA FE AVENUE",0.00,,Y,C,-,N,,,,,,,,,,N,2,0,2,2,A,-,12,22450,A,N,D,C,A,B,H,-,A,A,0,,,,,Y,,A,07,1,0,1,0,0,0,0,0,0,"- ","- ",37.49224853515625,-120.76207733154297,STANISLAUS,UNINCORPORATED,-120.76210021972656,37.492271423339844
91670766,2021,2022-01-05,9465,2021-11-09,0630,018259,,2,1,9,5000,0,1,1,,2,055,"INTERSTATE 5 N/B","STUHR ROAD",1500.00,S,N,B,-,Y,,,5,,,,,,N,Y,2,0,1,2,A,-,03,22350,,N,C,C,A,A,H,-,B,D,0,,,,Y,Y,,G,25,1,0,0,0,0,0,0,0,0,"- ","- ",37.321578979492188,-121.10854339599609,STANISLAUS,UNINCORPORATED,-121.1085205078125,37.321586608886719
91671994,2021,2022-01-14,9465,2021-12-27,0625,015761,,1,1,9,5000,0,3,5,,2,030,"E. MONTE VISTA AVENUE","N. WARING ROAD",1162.00,E,N,C,-,N,,,,,,,,,,N,1,1,0,2,A,-,00,21235,B,N,G,B,A,B,H,-,D,D,0,,,,,Y,,M,94,0,0,0,0,0,0,0,0,0,"- ","- ",37.521659851074219,-120.80796813964844,STANISLAUS,UNINCORPORATED,-120.80805206298828,37.521690368652344
91674658,2021,2022-01-10,9465,2021-08-03,2220,021549,,2,3,9,5000,0,3,5,,2,030,"SANTA FE AVENUE","SOUTH AVENUE",138.00,N,N,A,-,N,,,,,,,,,,Y,1,2,0,2,A,-,03,22350,,M,C,C,A,A,H,-,C,D,0,,,Y,,Y,Y,C,02,0,0,0,0,0,0,0,2,0,"- ","- ",37.631320953369141,-120.90135192871094,STANISLAUS,UNINCORPORATED,-120.90138244628906,37.631504058837891
91675336,2021,2022-01-11,9465,2021-08-02,1913,021022,,1,2,9,5000,0,3,5,,2,030,"RIVER ROAD","RYDER WAY",384.00,E,N,A,-,N,,,,,,,,,,N,1,1,0,2,A,-,06,21750,,F,B,G,A,A,H,-,A,D,0,,Y,,,Y,,A,07,0,0,0,0,0,1,0,0,0,"- ","- ",37.625808715820312,-120.98146820068359,STANISLAUS,UNINCORPORATED,-120.98143768310547,37.625774383544922
91690386,2022,2022-02-01,9465,2022-01-30,1655,020833,,7,2,9,5000,0,3,5,,2,020,"PARKER ROAD","CHURCH STREET",1036.00,W,N,A,-,N,,,,,,,,,,N,2,0,2,2,A,-,01,23152,A,N,A,C,A,A,H,-,A,D,0,,,,,Y,Y,A,01,1,1,0,0,0,0,0,0,0,"- ","- ",37.667289733886719,-120.90193939208984,STANISLAUS,UNINCORPORATED,-120.90187072753906,37.667278289794922
91700541,2022,2022-02-14,9465,2022-02-03,0709,017558,,4,1,9,5000,0,3,5,,2,020,"CRANE ROAD","PATTERSON ROAD",800.00,N,N,A,-,N,,,,,,,,,,N,2,0,1,2,B,-,22,,,N,G,C,A,A,H,-,A,D,0,,Y,,,Y,,L,04,1,0,0,0,0,0,1,0,0,"- ","- ",37.735000610351562,-120.88130187988281,STANISLAUS,UNINCORPORATED,-120.88128662109375,37.734996795654297
9173628,2020,2020-12-23,5002,2020-10-22,0709,818,B304,4,5,6,5002,0,0,0,,0,003,"MITCHELL RD","NICHOLAS WY",0.00,,Y,A,-,N,,,,,,,,,,Y,2,0,2,2,A,-,09,21802,A,N,A,C,A,A,H,-,A,A,0,,,Y,,Y,,A,01,1,0,1,0,0,0,0,0,1,"- ","- ",37.612159729003906,-120.938720703125,STANISLAUS,MODESTO,-120.93875122070312,37.612190246582031
91747783,2022,2022-04-14,9465,2022-04-03,2115,021636,,7,2,9,5000,0,1,3,,1,031,SR-132,"BENT ROAD",0.00,,Y,B,-,Y,STA,,132,,,21.145,H,,R,N,2,0,2,2,A,-,08,22107,,N,D,C,A,A,H,-,D,D,0,,,,,Y,Y,A,07,1,1,0,0,0,0,0,0,0,"- ","- ",37.638500213623047,-120.88410949707031,STANISLAUS,UNINCORPORATED,-120.88410949707031,37.638469696044922
91752441,2022,2022-04-20,9465,2022-04-18,1315,018222,,1,1,9,5000,0,3,5,,2,050,"ORESTIMBA ROAD","DRAPER ROAD",1440.00,E,N,A,-,N,,,,,,,,,,N,2,0,2,2,A,-,03,22350,,N,C,C,A,A,H,-,A,D,0,,,Y,,Y,,C,06,2,0,0,0,0,0,0,0,2,"- ","- ",37.318408966064453,-121.04425048828125,STANISLAUS,UNINCORPORATED,-121.04429626464844,37.318447113037109
91752479,2022,2022-04-20,9465,2022-02-28,0542,018178,,1,3,9,5000,0,2,4,,2,043,"WEST MAIN STREET","CARPENTER ROAD",3168.00,W,N,A,-,N,,,,,,,,,,Y,1,2,0,2,A,-,06,21751,,N,A,C,A,A,H,-,D,D,0,,,,,Y,,A,07,0,0,0,0,0,0,0,0,0,"- ","- ",37.493301391601562,-121.04145812988281,STANISLAUS,UNINCORPORATED,-121.04180145263672,37.493301391601562
91759185,2021,2022-04-28,9465,2021-11-28,1552,020833,,7,2,9,5000,0,3,5,,2,020,"BENTLEY ROAD","KEMPER ROAD",0.00,,Y,A,-,N,,,,,,,,,,Y,1,1,2,2,A,-,09,21801,A,N,D,C,A,A,H,-,A,D,0,,,,,Y,Y,A,01,1,1,0,0,0,0,0,0,0,"- ","- ",37.692859649658203,-120.86656951904297,STANISLAUS,UNINCORPORATED,-120.86659240722656,37.692863464355469
91771496,2022,2022-05-13,9465,2022-04-23,0720,019155,,6,1,9,5000,0,1,3,,2,023,"STATE ROUTE 108","LANCASTER RD",10560.00,E,N,A,-,Y,STA,,120,,,13.444,H,,R,N,2,0,1,1,A,-,08,22107,,N,F,I,A,A,H,-,A,D,0,,,,,Y,,A,01,1,0,0,0,0,0,0,0,0,"- ","- ",37.806671142578125,-120.71394348144531,STANISLAUS,UNINCORPORATED,-120.71392059326172,37.806636810302734
91771554,2021,2022-05-13,9465,2021-06-01,2239,021239,,2,3,5,5007,0,1,3,,2,041,"STATE ROUTE 99 SOUTHBOUND","WEST CANAL DRIVE",200.00,N,N,A,-,Y,,,99,,,,,,S,Y,1,1,2,3,A,-,01,23152,A,N,A,C,A,A,H,-,C,D,0,,,,,Y,Y,A,01,2,0,0,0,0,0,0,0,0,"- ","- ",37.500648498535156,-120.87447357177734,STANISLAUS,TURLOCK,-120.87443542480469,37.500667572021484
91775665,2022,2022-05-19,9465,2022-05-14,0330,021239,,6,3,9,5000,0,1,3,,2,041,"STATE ROUTE 99 SOUTHBOUND","KEYES ROAD",2865.00,N,N,A,-,Y,STA,,99,,R,8.366,H,,L,Y,2,0,2,2,A,-,01,23152,A,N,C,C,A,A,H,-,C,D,0,,,,,Y,Y,A,07,1,0,1,0,0,0,0,0,0,"- ","- ",37.553230285644531,-120.91304779052734,STANISLAUS,UNINCORPORATED,-120.91315460205078,37.553153991699219
91780101,2022,2022-05-25,9465,2022-03-06,0014,021226,,7,3,9,5000,0,3,5,,2,030,"VINCENT ROAD","EAST AVENUE",488.00,N,N,A,-,N,,,,,,,,,,Y,1,1,0,1,A,-,01,23152,A,N,E,I,A,A,H,-,D,D,0,,,,,Y,Y,A,07,0,0,0,0,0,0,0,0,0,"- ","- ",37.493709564208984,-120.77604675292969,STANISLAUS,UNINCORPORATED,-120.77609252929688,37.493759155273438
91781305,2022,2022-05-26,9465,2022-05-14,1114,018259,,6,1,9,5000,0,1,3,,1,032,SR-132,"FLOTO STREET",0.00,,N,A,-,Y,STA,,132,,,48.723,H,,R,N,2,0,1,1,A,-,03,22350,,N,E,I,A,A,H,-,A,D,0,,,Y,,Y,,C,02,1,0,0,0,0,0,0,0,1,"- ","- ",37.652511596679688,-120.42339324951172,STANISLAUS,UNINCORPORATED,-120.42343902587891,37.652473449707031
91793552,2022,2022-06-13,9465,2022-06-02,2035,021783,,4,2,9,5000,0,1,3,,2,011,"STATE ROUTE 99 (NORTHBOUND)","BECKWITH ROAD",20.00,S,N,A,-,Y,,,,,,,,,,N,2,0,1,2,A,-,03,22350,,N,C,C,A,A,H,-,C,A,0,,,Y,,Y,,C,02,1,0,0,0,0,0,0,0,1,"- ","- ",37.683891296386719,-121.05207824707031,STANISLAUS,UNINCORPORATED,-121.05258941650391,37.683300018310547
91797826,2022,2022-06-17,9465,2022-06-13,1600,021066,,1,2,9,5000,0,2,4,,2,026,"CLARIBEL ROAD","TERMINAL AVENUE",0.00,,Y,A,-,N,,,,,,,,,,Y,2,0,2,2,A,-,09,21801,A,N,B,C,A,A,H,-,A,A,0,,,,,Y,,D,22,1,0,1,0,0,0,0,0,0,"- ","- ",37.710918426513672,-120.92935180664062,STANISLAUS,UNINCORPORATED,-120.92935943603516,37.710899353027344
91802676,2022,2022-06-24,9465,2022-06-04,1300,018259,,6,1,9,5000,0,3,5,,2,050,"DEL PUERTO CANYON ROAD","MPM 7",411.00,W,N,B,-,N,,,,,,,,,,N,2,0,1,1,A,-,08,22107,,N,F,A,A,A,G,-,A,D,0,,,Y,,Y,,C,02,1,0,0,0,0,0,0,0,1,"- ","- ",37.453411102294922,-121.26566314697266,STANISLAUS,UNINCORPORATED,,
91810003,2022,2022-07-05,9465,2022-06-29,0525,021062,,3,3,9,5000,0,3,5,,2,030,"EAST AVENUE","SANTA FE AVENUE",273.00,E,N,A,-,N,,,,,,,,,,Y,2,0,1,1,A,-,01,23152,A,N,E,I,A,D,H,-,B,D,0,,,,,Y,Y,A,01,1,0,0,0,0,0,0,0,0,"- ","- ",37.49224853515625,-120.76088714599609,STANISLAUS,UNINCORPORATED,-120.76116180419922,37.492263793945312
91811846,2022,2022-07-07,9465,2022-06-25,2210,020457,,6,3,9,5000,0,2,4,,2,016,"STATE ROUTE 219 (KIERNAN AVENUE)","KIERNAN COURT",131.00,W,N,A,-,Y,STA,,219,,,0.250,H,,R,Y,2,0,1,2,A,-,01,23152,A,F,D,C,A,A,H,-,C,D,0,,,Y,,Y,Y,A,07,1,0,0,0,0,0,0,0,1,"- ","- ",37.710289001464844,-121.07923889160156,STANISLAUS,UNINCORPORATED,-121.07919311523438,37.710254669189453
91814099,2022,2022-07-11,9465,2022-07-03,0325,021226,,7,3,9,5000,0,3,5,,2,050,"WARD AVENUE","ELFERS ROAD",10.00,N,N,A,-,N,,,,,,,,,,Y,2,0,1,1,A,-,01,23152,A,N,E,I,A,A,H,-,D,D,0,,,,,Y,Y,A,01,1,0,0,0,0,0,0,0,0,"- ","- ",37.449970245361328,-121.14116668701172,STANISLAUS,UNINCORPORATED,-121.14111328125,37.449916839599609
91814990,2022,2022-08-16,9465,2022-07-07,0645,015761,,4,1,9,5000,0,1,3,,2,021,"STATE ROUTE 120","SAWYER AVENUE",810.00,W,N,A,-,Y,STA,,120,,,0.852,H,,R,Y,2,0,3,4,A,-,08,22107,,N,B,C,A,A,H,-,A,D,0,,,,,Y,,D,22,1,0,2,0,0,0,0,0,0,"- ","- ",37.793178558349609,-120.90791320800781,STANISLAUS,UNINCORPORATED,-120.90791320800781,37.793155670166016
91815248,2022,2022-07-12,9465,2022-05-20,1325,019155,,5,1,5,5007,0,1,3,,2,041,"STATE ROUTE 99 (SOUTHBOUND)","LANDER AVENUE",1668.00,S,N,A,-,Y,STA,,99,,R,1.314,H,,L,Y,1,1,0,2,A,-,06,21755,A,N,C,E,A,A,H,-,A,D,0,,,,Y,Y,Y,A,07,0,0,0,0,0,0,0,0,0,"- ","- ",37.471599578857422,-120.84377288818359,STANISLAUS,TURLOCK,-120.84371948242188,37.471675872802734
91825031,2022,2022-07-26,9465,2022-07-19,2025,019713,,2,2,9,5000,0,3,5,,2,030,"HAWKINS ROAD","LAKE ROAD",3168.00,S,N,A,-,N,,,,,,,,,,N,2,0,1,2,C,-,18,,,F,E,I,A,A,H,-,B,D,0,,,,,Y,,-,"- ",1,0,0,0,0,0,0,0,0,"- ","- ",37.605068206787109,-121.64565277099609,STANISLAUS,UNINCORPORATED,-120.64566802978516,37.606559753417969
91826339,2022,2022-07-27,9465,2022-03-28,0241,018998,,1,3,9,5000,0,3,5,,2,040,"HATCH ROAD","CHURCH LANE",86.00,W,N,C,-,N,,,,,,,,,,N,1,1,0,2,A,-,08,22107,,F,G,B,E,B,H,-,D,D,0,Y,,,,Y,,-,99,0,0,0,1,0,0,0,0,0,"- ","- ",37.609371185302734,-120.98161315917969,STANISLAUS,UNINCORPORATED,-120.98183441162109,37.609447479248047
91827446,2022,2022-07-28,9465,2022-06-09,0700,019413,,4,1,9,5000,0,3,5,,2,040,"WEST MAIN STREET","MORGAN ROAD",140.00,E,N,A,-,N,,,,,,,,,,N,1,1,0,2,A,-,11,21954,A,F,G,B,E,A,H,-,B,D,0,Y,,,,Y,,N,60,0,0,0,1,0,0,0,0,0,"- ","- ",37.492919921875,-120.97595977783203,STANISLAUS,UNINCORPORATED,-120.97599029541016,37.492877960205078
9182956,2020,2020-12-11,5006,2020-10-29,1946,503494,RIVER,4,5,3,5006,0,0,0,,0,RD1,"PATTERSON RD","TERMINAL AV",54.00,E,N,A,-,N,,,,,,,,,,Y,2,0,7,3,A,-,01,23152,A,N,C,C,A,A,H,-,C,A,0,,,,,Y,Y,A,01,1,1,5,0,0,0,0,0,0,"- ","- ",37.732719421386719,-120.93108367919922,STANISLAUS,RIVERBANK,-120.93112182617188,37.732681274414062
91829735,2022,2022-08-01,9465,2022-07-23,0340,021226,,6,3,9,5000,0,1,3,,2,023,"STATE ROUTE 108","MONDO LANE",100.00,E,N,A,-,Y,STA,,108,,,35.635,H,,R,N,2,0,1,2,A,-,11,21954,A,F,G,B,E,A,H,-,D,D,0,Y,,,,Y,,N,60,1,0,0,0,1,0,0,0,0,"- ","- ",37.754531860351562,-120.89061737060547,STANISLAUS,UNINCORPORATED,-120.89061737060547,37.754566192626953
91837878,2022,2022-08-11,9465,2022-08-06,1100,018623,,6,1,9,5000,0,1,3,,2,022,"STATE ROUTE 108/120","LANCASTER ROAD",14256.00,E,N,A,-,Y,STA,,120,,,14.141,H,,R,N,2,0,3,3,A,-,05,21460,A,N,A,C,A,A,H,-,A,D,0,,,,,Y,,A,01,1,2,0,0,0,0,0,0,0,"- ","- ",37.805030822753906,-120.70201110839844,STANISLAUS,UNINCORPORATED,-120.70201110839844,37.805038452148438
91844108,2022,2022-08-29,9465,2022-08-13,0020,020985,,6,3,9,5000,0,3,5,,2,020,"SONORA ROAD","KENNEDY ROAD",60.00,N,N,A,-,N,,,,,,,,,,N,2,0,1,1,A,-,03,22350,,N,H,A,A,A,H,-,D,D,0,,,Y,,Y,Y,C,06,1,0,0,0,0,0,0,0,1,"- ","- ",37.814949035644531,-120.66156005859375,STANISLAUS,UNINCORPORATED,-120.66128540039062,37.814861297607422
91855673,2022,2022-09-06,9465,2022-08-30,1940,019182,,2,2,9,5000,0,3,5,,2,010,"SALIDA BLVD","SR-99 (S/B) TO SALIDA BLVD",575.00,N,N,A,-,N,,,,,,,,,,Y,1,1,0,2,A,-,03,22350,,N,C,C,A,A,H,-,B,D,0,,,Y,,Y,,C,02,0,0,0,0,0,0,0,1,0,"- ","- ",37.700859069824219,-121.07473754882812,STANISLAUS,UNINCORPORATED,-121.07476806640625,37.700889587402344
91856395,2022,2022-09-29,9465,2022-09-01,1159,018059,,4,1,9,5000,0,3,5,,2,030,"SANTA FE AVENUE","ALDRICH ROAD",470.00,S,N,A,-,N,,,,,,,,,,Y,1,1,0,1,A,-,08,22107,,N,F,A,A,A,H,-,A,D,0,,,,Y,Y,,F,26,0,0,0,0,0,0,0,0,0,"- ","- ",37.567131042480469,-120.83860778808594,STANISLAUS,UNINCORPORATED,-120.83843231201172,37.566928863525391
91857045,2022,2022-09-05,9465,2022-08-28,1645,020475,,7,2,9,5000,0,3,5,,2,020,"MILTON RD",SR-4,4224.00,S,N,A,-,N,,,,,,,,,,Y,2,0,1,1,A,-,01,23152,A,N,E,I,A,A,H,-,A,D,0,,,,,Y,Y,A,01,1,0,0,0,0,0,0,0,0,"- ","- ",37.933048248291016,-120.84374237060547,STANISLAUS,UNINCORPORATED,-120.84378051757812,37.933162689208984
91868546,2022,2022-09-20,9465,2022-09-03,1005,019155,,6,1,9,5000,0,1,3,,2,012,"STATE ROUTE 132","GATES ROAD",15840.00,W,N,A,-,Y,STA,,132,,,3.453,H,,R,Y,2,0,1,1,A,-,08,22107,,N,F,A,A,A,H,-,A,D,0,,,,,Y,,D,22,1,0,0,0,0,0,0,0,0,"- ","- ",37.637779235839844,-121.21170043945312,STANISLAUS,UNINCORPORATED,-121.21170806884766,37.637748718261719
91871133,2022,2022-09-22,9465,2022-07-24,0035,021235,,7,3,9,5000,0,3,5,,2,030,"SOUTH 9TH STREET","RIVER ROAD",173.00,S,N,A,-,N,,,,,,,,,,N,1,1,0,2,A,-,11,21954,A,N,G,B,D,A,H,-,C,D,0,Y,,,,Y,,N,60,0,0,0,1,0,0,0,0,0,"- ","- ",37.625740051269531,-120.98703002929688,STANISLAUS,UNINCORPORATED,-120.98693084716797,37.625736236572266
91872147,2022,2022-09-23,9465,2022-09-19,0803,018222,,1,1,9,5000,0,3,5,,2,040,"LINWOOD AVENUE","BLAKER ROAD",0.00,,Y,A,-,N,,,,,,,,,,Y,2,0,3,2,A,-,12,22450,A,N,D,D,A,A,H,-,A,A,0,,,,,Y,,A,01,1,2,0,0,0,0,0,0,0,"- ","- ",37.478321075439453,-120.96727752685547,STANISLAUS,UNINCORPORATED,-120.96732330322266,37.478340148925781
91873308,2022,2022-09-26,9465,2022-09-11,0845,019152,,7,1,9,5000,0,1,3,,2,023,"STATE ROUTE 108","KENNEDY ROAD",7920.00,W,N,A,-,N,,,,,,,,,,Y,2,0,1,2,A,-,06,21750,,N,B,C,A,A,H,-,A,D,0,,,Y,,Y,,C,02,1,0,0,0,0,0,0,0,1,"- ","- ",37.804500579833984,-120.70552825927734,STANISLAUS,UNINCORPORATED,-120.68936920166016,37.806800842285156
91881312,2022,2022-10-04,9465,2022-09-28,0712,018059,,3,1,9,5000,0,3,5,,2,030,"RIVER ROAD","S 9TH STREET",0.00,,Y,A,F,N,,,,,,,,,,N,2,0,1,2,A,-,09,21801,A,N,D,C,A,A,H,-,A,D,0,,,,,Y,,A,07,1,0,0,0,0,0,0,0,0,"- ","- ",37.626220703125,-120.98602294921875,STANISLAUS,UNINCORPORATED,-120.98707580566406,37.626201629638672
91927711,2022,2022-11-28,9465,2022-09-22,1415,020475,,4,2,6,5002,0,3,5,,2,040,"WEST GRAYSON ROAD","SHILOH ROAD",1554.00,E,N,A,-,N,,,,,,,,,,Y,1,1,1,3,A,-,01,23152,F,N,A,C,A,A,H,-,A,D,0,,,,Y,Y,,D,22,0,1,0,0,0,0,0,0,0,"- ","- ",37.566009521484375,-121.13596343994141,STANISLAUS,MODESTO,-121.13607788085938,37.565990447998047
91935576,2022,2022-12-06,9465,2022-10-06,2218,021235,,4,3,9,5000,0,1,3,,2,052,"STATE ROUTE 132","MCCRACKEN ROAD",0.00,,Y,A,-,Y,STA,,132,,,0.231,H,,R,Y,1,1,1,2,A,-,01,23152,A,N,D,C,A,A,H,-,C,D,0,,,,,Y,Y,A,01,1,0,0,0,0,0,0,0,0,"- ","- ",37.638320922851562,-121.26941680908203,STANISLAUS,UNINCORPORATED,-121.26941680908203,37.638301849365234
91936631,2022,2022-12-20,9465,2022-11-10,1950,020985,,4,2,9,5000,0,1,3,,2,041,"SR-99 (S/B) FROM SOUTH 9TH STREET","HATCH ROAD",75.00,N,N,A,-,Y,,,,,,,,,,Y,1,1,0,2,A,-,01,23152,A,N,B,4,A,A,H,-,D,D,0,,,,,Y,Y,D,22,0,0,0,0,0,0,0,0,0,"- ","- ",37.609489440917969,-120.97769165039062,STANISLAUS,UNINCORPORATED,-120.97769165039062,37.609489440917969
91964659,2023,2023-01-10,9465,2023-01-01,"300 ",021770,,7,3,9,5000,0,3,5,,2,030,"FAITH HOME ROAD","EAST REDWOOD RD.",1315.00,N,N,A,-,N,,,,,,,,,,Y,2,0,1,1,A,-,01,23152,A,M,E,I,A,B,H,-,C,D,0,,,,,Y,Y,A,01,1,0,0,0,0,0,0,0,0,"- ","- ",37.576709747314453,-120.92047119140625,STANISLAUS,UNINCORPORATED,-120.92041778564453,37.57666015625
9197719,2020,2021-01-22,5007,2020-11-12,1615,5770,TPD,4,5,5,5007,0,0,0,,0,PD4,"DELS LN","GEORGETOWN AV",65.00,S,N,A,-,N,,,,,,,,,,N,2,0,1,1,A,-,03,22350,,N,E,I,A,A,H,-,A,A,0,,,Y,,Y,,C,03,1,0,0,0,0,0,0,0,1,"- ","- ",37.518260955810547,-120.85809326171875,STANISLAUS,TURLOCK,-120.85810852050781,37.518081665039062
91992767,2023,2023-02-13,9465,2023-02-06,1514,020012,,1,2,9,5000,0,3,5,,2,030,"MOUNTAIN VIEW ROAD","KEYES ROAD",0.00,,Y,A,-,N,,,,,,,,,,Y,2,0,2,2,A,-,12,22450,A,N,D,C,A,A,H,-,A,A,0,,,Y,,Y,,C,02,1,0,1,0,0,0,0,0,1,"- ","- ",37.551219940185547,-120.87908935546875,STANISLAUS,UNINCORPORATED,-120.87908935546875,37.551223754882812