CASE_ID,ACCIDENT_YEAR,PROC_DATE,JURIS,COLLISION_DATE,COLLISION_TIME,OFFICER_ID,REPORTING_DISTRICT,DAY_OF_WEEK,CHP_SHIFT,POPULATION,CNTY_CITY_LOC,SPECIAL_COND,BEAT_TYPE,CHP_BEAT_TYPE,CITY_DIVISION_LAPD,CHP_BEAT_CLASS,BEAT_NUMBER,PRIMARY_RD,SECONDARY_RD,DISTANCE,DIRECTION,INTERSECTION,WEATHER_1,WEATHER_2,STATE_HWY_IND,CALTRANS_COUNTY,CALTRANS_DISTRICT,STATE_ROUTE,ROUTE_SUFFIX,POSTMILE_PREFIX,POSTMILE,LOCATION_TYPE,RAMP_INTERSECTION,SIDE_OF_HWY,TOW_AWAY,COLLISION_SEVERITY,NUMBER_KILLED,NUMBER_INJURED,PARTY_COUNT,PRIMARY_COLL_FACTOR,PCF_CODE_OF_VIOL,PCF_VIOL_CATEGORY,PCF_VIOLATION,PCF_VIOL_SUBSECTION,HIT_AND_RUN,TYPE_OF_COLLISION,MVIW,PED_ACTION,ROAD_SURFACE,ROAD_COND_1,ROAD_COND_2,LIGHTING,CONTROL_DEVICE,CHP_ROAD_TYPE,PEDESTRIAN_ACCIDENT,BICYCLE_ACCIDENT,MOTORCYCLE_ACCIDENT,TRUCK_ACCIDENT,NOT_PRIVATE_PROPERTY,ALCOHOL_INVOLVED,STWD_VEHTYPE_AT_FAULT,CHP_VEHTYPE_AT_FAULT,COUNT_SEVERE_INJ,COUNT_VISIBLE_INJ,COUNT_COMPLAINT_PAIN,COUNT_PED_KILLED,COUNT_PED_INJURED,COUNT_BICYCLIST_KILLED,COUNT_BICYCLIST_INJURED,COUNT_MC_KILLED,COUNT_MC_INJURED,PRIMARY_RAMP,SECONDARY_RAMP,LATITUDE,LONGITUDE,COUNTY,CITY,POINT_X,POINT_Y
91997403,2023,2023-02-17,9465,2023-02-03,"715 ",017966,,5,1,9,5000,0,3,5,,2,010,"BLUE GUM AVENUE","CLARK ROAD",1056.00,E,N,B,-,N,,,,,,,,,,N,2,0,2,2,A,-,03,22350,,N,C,C,A,A,H,-,B,D,0,,,,,Y,,-,"- ",1,0,1,0,0,0,0,0,0,"- ","- ",37.659908294677734,-121.08226013183594,STANISLAUS,UNINCORPORATED,-121.08231353759766,37.659934997558594
91998182,2023,2023-02-20,9465,2023-02-10,"350 ",021368,,5,3,9,5000,0,3,5,,2,050,"RIVER ROAD","CROWS LANDING ROAD",634.00,S,N,B,E,N,,,,,,,,,,Y,2,0,2,2,A,-,03,22350,,N,C,C,A,A,H,-,D,A,0,,,,,Y,,A,01,1,0,1,0,0,0,0,0,0,"- ","- ",37.419151306152344,-121.020263671875,STANISLAUS,UNINCORPORATED,-121.02028656005859,37.419132232666016
92029135,2023,2023-03-27,9465,2023-03-20,"212 ",021062,,1,3,9,5000,0,1,3,,2,015,"KIERNAN AVENUE","SALIDA BLVD",8.00,E,N,B,-,N,,,,,,,,,,Y,2,0,1,2,A,-,01,23152,A,N,G,B,F,A,H,-,C,A,0,Y,,,,Y,Y,A,01,1,0,0,0,1,0,0,0,0,"- ","- ",37.708118438720703,-121.08248901367188,STANISLAUS,UNINCORPORATED,-121.08641815185547,37.710891723632812
92040144,2023,2023-04-10,9465,2023-03-24,2250,022049,,5,3,9,5000,0,3,5,,2,030,"RODDEN ROAD","MCLEOD ROAD",165.00,W,N,A,-,N,,,,,,,,,,N,2,0,1,1,A,-,01,23152,A,N,E,I,A,A,H,-,D,D,0,,,,,Y,Y,A,01,1,0,0,0,0,0,0,0,0,"- ","- ",37.792911529541016,-120.77375793457031,STANISLAUS,UNINCORPORATED,-120.77383422851562,37.792873382568359
92049910,2023,2023-04-20,9465,2023-04-14,1822,023200,,5,2,9,5000,0,3,5,,2,010,"CARPENTER ROAD","PARADISE ROAD",548.00,S,N,A,-,N,,,,,,,,,,Y,2,0,1,2,A,-,09,21801,A,N,D,C,A,A,H,-,A,D,0,,,Y,,Y,,D,22,1,0,0,0,0,0,0,0,1,"- ","- ",37.614879608154297,-121.03041839599609,STANISLAUS,UNINCORPORATED,-121.03037261962891,37.614974975585938
92053553,2023,2023-04-26,9465,2023-04-24,"630 ",018623,,1,1,9,5000,0,1,3,,2,011,"STATE ROUTE 99 (S/B) HAMMET ROAD OFF-RAMP","HAMMETT ROAD",500.00,N,N,A,-,Y,,,,,,,,,,Y,2,0,1,1,A,-,08,22107,,N,E,I,A,A,H,-,A,D,0,,,,,Y,,A,01,1,0,0,0,0,0,0,0,0,"- ","- ",37.726539611816406,-121.10517883300781,STANISLAUS,UNINCORPORATED,-121.10494232177734,37.726886749267578
92057771,2023,2023-05-01,9465,2023-04-29,2158,021235,,6,2,9,5000,0,1,3,,2,041,"STATE ROUTE 99 (SOUTHBOUND)","KEYES ROAD",2400.00,N,N,A,-,Y,STA,,99," ",R,7.129,H,,L,Y,2,0,3,2,A,-,01,23152,A,N,B,C,A,A,H,-,D,D,0,,,,,Y,Y,A,07,3,0,0,0,0,0,0,0,0,"- ","- ",37.541038513183594,-120.89675903320312,STANISLAUS,UNINCORPORATED,-120.89676666259766,37.541030883789062
92061689,2023,2023-05-04,9465,2023-04-14,2145,021022,,5,2,9,5000,0,3,5,,2,020,"ELLENWOOD ROAD","OAKDALE-WATERFORD HIGHWAY",3200.00,N,N,A,-,N,,,,,,,,,,Y,1,1,1,1,A,-,01,23152,A,N,E,8,A,A,H,-,D,D,0,,,,,Y,Y,A,01,1,0,0,0,0,0,0,0,0,"- ","- ",37.666408538818359,-120.77471923828125,STANISLAUS,UNINCORPORATED,-120.77458190917969,37.666534423828125
92086744,2023,2023-06-06,9465,2023-05-28,1625,020985,,7,2,9,5000,0,1,3,,2,028,"STATE ROUTE 4","MILTON ROAD",0.00,,Y,A,-,Y,STA,,4," "," ",4.544,H,,R,Y,2,0,2,2,A,-,05,21752,D,N,D,C,A,A,H,-,A,D,0,,,Y,,Y,,C,02,1,0,1,0,0,0,0,0,1,"- ","- ",37.944751739501953,-120.84372711181641,STANISLAUS,UNINCORPORATED,-120.84372711181641,37.94476318359375
92097719,2023,2023-06-20,9465,2023-06-18,1435,021066,,7,2,9,5000,0,3,5,,2,010,"HART ROAD",SR-132,2100.00,S,N,A,-,N,,,,,,,,,,Y,2,0,2,2,A,-,09,21801,A,N,B,C,A,A,H,-,A,D,0,,,,,Y,,A,01,1,1,0,0,0,0,0,0,0,"- ","- ",37.632099151611328,-121.12213134765625,STANISLAUS,UNINCORPORATED,-121.12214660644531,37.637889862060547
92110515,2023,2023-07-06,9465,2023-06-24,1743,021770,,6,2,9,5000,0,3,5,,2,040,"HILMAR RD.","CENTRAL AVENUE",0.00,,Y,A,-,N,,,,,,,,,,Y,2,0,2,2,A,-,01,23152,A,N,D,C,A,A,H,-,A,A,0,,,,,Y,Y,A,01,1,1,0,0,0,0,0,0,0,"- ","- ",37.426780700683594,-120.9586181640625,STANISLAUS,UNINCORPORATED,-120.95860290527344,37.426807403564453
92119134,2023,2023-07-17,9465,2023-06-16,1602,020012,,5,2,9,5000,0,1,3,,2,011,"SR-99 (N/B)","BECKWITH ROAD",4224.00,S,N,A,-,Y,STA,,99," ",R,19.453,H,,R,Y,1,1,0,3,A,-,01,23152,F,N,C,C,A,A,H,-,A,D,0,,,Y,Y,Y,,C,02,0,0,0,0,0,0,0,1,0,"- ","- ",37.675251007080078,-121.0438232421875,STANISLAUS,UNINCORPORATED,-121.04378509521484,37.675273895263672
92140399,2023,2023-08-10,9465,2023-08-02,1933,020457,,3,2,9,5000,0,3,5,,2,040,"SERVICE ROAD","CENTRAL AVENUE",235.00,W,N,A,-,N,,,,,,,,,,Y,2,0,3,2,A,-,01,23152,A,N,C,C,A,A,H,-,A,A,0,,,,,Y,Y,A,01,1,2,0,0,0,0,0,0,0,"- ","- ",37.580249786376953,-120.95791625976562,STANISLAUS,UNINCORPORATED,-120.95774078369141,37.580280303955078
92145343,2023,2023-08-16,9465,2023-08-05,1200,018363,,6,1,9,5000,0,3,5,,2,020,"VALLEY HOME ROAD","PLEASANT VALLEY ROAD",6389.00,S,N,A,-,N,,,,,,,,,,Y,2,0,5,2,A,-,06,21751,,N,A,C,A,A,H,-,A,D,0,,,,,Y,,A,01,2,0,3,0,0,0,0,0,0,"- ","- ",37.795639038085938,-120.87227630615234,STANISLAUS,UNINCORPORATED,-120.87239837646484,37.795719146728516
92154516,2023,2023-08-25,9465,2023-07-09,"415 ",021783,,7,3,9,5000,0,3,5,,2,030,"SOUTH MCCLURE ROAD","LECKRON ROAD",450.00,N,N,A,-,N,,,,,,,,,,Y,1,1,3,2,A,-,01,23152,A,N,A,E,A,A,H,-,C,D,0,,,,,Y,Y,A,01,3,0,0,0,0,0,0,0,0,"- ","- ",37.630161285400391,-120.92987060546875,STANISLAUS,UNINCORPORATED,-120.92977905273438,37.630367279052734
92171328,2023,2023-09-15,9465,2023-09-05,1740,019413,,2,2,9,5000,0,2,4,,2,025,"CLAUS ROAD","PLAINVIEW ROAD",0.00,,Y,A,-,N,,,,,,,,,,Y,2,0,2,2,A,-,03,22350,,N,C,C,A,A,H,-,A,D,0,,,,,Y,,D,22,1,0,1,0,0,0,0,0,0,"- ","- ",37.703571319580078,-120.92169952392578,STANISLAUS,UNINCORPORATED,-120.92170715332031,37.703617095947266
92175227,2023,2023-09-20,9465,2023-09-15,2010,019730,,5,2,9,5000,0,1,3,,1,031,"STATE ROUTE 132","DEL MONTE FOODS",65.00,W,N,A,-,Y,STA,,132," "," ",19.311,H,,R,N,2,0,1,2,A,-,11,21954,A,N,G,B,D,A,H,-,D,D,0,Y,,,,Y,,N,60,1,0,0,0,1,0,0,0,0,"- ","- ",37.638301849365234,-120.91766357421875,STANISLAUS,UNINCORPORATED,-120.91765594482422,37.638225555419922
92183077,2023,2023-10-02,9465,2023-09-09,1320,018259,,6,1,9,5000,0,3,5,,2,050,"DEL PUERTO CANYON ROAD","DIABLO GRANDE PARKWAY",3960.00,W,N,B,-,N,,,,,,,,,,Y,2,0,1,1,A,-,03,22350,,N,F,A,A,A,H,-,A,D,0,,,Y,,Y,,C,02,1,0,0,0,0,0,0,0,1,"- ","- ",37.468540191650391,-121.19407653808594,STANISLAUS,UNINCORPORATED,-121.19408416748047,37.468437194824219
92191973,2023,2023-10-12,9465,2023-09-21,"535 ",017966,,4,3,9,5000,0,1,3,,2,011,"STATE ROUTE 99 (NORTHBOUND)","STATE ROUTE 219 (KIERNAN AVENUE)",2270.00,N,N,A,-,Y,STA,,99," ",R,23.013,H,,R,Y,1,1,0,2,A,-,03,22350,,N,C,C,A,A,H,-,D,D,0,,,Y,,Y,,C,02,0,0,0,0,0,0,0,1,0,"- ","- ",37.712841033935547,-121.08770751953125,STANISLAUS,UNINCORPORATED,-121.08768463134766,37.712871551513672
92224405,2023,2023-10-31,9465,2023-10-21,2240,021368,,6,3,9,5000,0,1,3,,2,012,"STATE ROUTE 132","STONE AVENUE",0.00,,Y,B,-,Y,STA,,132," "," ",10.393,H,,R,Y,2,0,1,2,A,-,01,23152,A,N,A,C,A,A,H,-,D,D,0,,,,Y,Y,Y,A,01,1,0,0,0,0,0,0,0,0,"- ","- ",37.638111114501953,-121.08556365966797,STANISLAUS,UNINCORPORATED,-121.08556365966797,37.638134002685547
92225423,2023,2023-11-01,9465,2023-10-17,"750 ",017966,,2,1,9,5000,0,3,5,,2,010,"GOLD VALLEY ROAD","ORCHARD HILLS DRIVE",0.00,,Y,A,-,N,,,,,,,,,,N,2,0,1,2,A,-,11,21954,A,N,G,B,D,A,H,-,A,A,0,Y,,,,Y,,N,60,1,0,0,0,1,0,0,0,0,"- ","- ",37.698970794677734,-121.08608245849609,STANISLAUS,UNINCORPORATED,-121.08596038818359,37.698966979980469
92226358,2023,2023-11-03,9465,2023-10-14,1525,020457,,6,2,9,5000,0,1,3,,2,021,"STATE ROUTE 120 (LON DALE ROAD)","SAWYER AVENUE",75.00,W,N,A,-,Y,STA,,120," "," ",1.010,H,,R,Y,2,0,2,2,A,-,12,22450,A,N,D,C,A,A,H,-,A,A,0,,,,Y,Y,,A,01,1,1,0,0,0,0,0,0,0,"- ","- ",37.793018341064453,-120.90509796142578,STANISLAUS,UNINCORPORATED,-120.90509796142578,37.79302978515625
9222855,2021,2021-03-18,5001,2021-01-08,2127,755,D206,5,5,4,5001,0,0,0,,0,005,"MITCHELL RD","SERVICE RD",0.00,,Y,A,-,N,,,,,,,,,,Y,2,0,5,2,A,-,12,21453,A,N,A,C,A,A,H,-,C,A,0,,,,,Y,,A,01,2,2,1,0,0,0,0,0,0,"- ","- ",37.580238342285156,-120.93872833251953,STANISLAUS,CERES,-120.93872833251953,37.580245971679688
92229871,2023,2023-11-07,9465,2023-08-24,2245,021235,,4,3,9,5000,0,1,3,,2,011,"STATE ROUTE 99 (NORTHBOUND)","CARPENTER ROAD",4118.00,N,N,A,-,Y,STA,,99," ",R,19.315,H,,R,Y,2,0,7,3,A,-,01,23152,F,F,B,C,A,A,H,-,C,D,0,,,,,Y,,A,01,2,2,3,0,0,0,0,0,0,"- ","- ",37.673801422119141,-121.04209899902344,STANISLAUS,UNINCORPORATED,-121.04206085205078,37.673828125
92241017,2023,2023-11-20,9465,2023-09-11,1952,020885,,1,2,9,5000,0,3,5,,2,020,"PATTERSON ROAD","KAUFMAN ROAD",739.00,E,N,A,-,N,,,,,,,,,,N,1,1,0,2,A,-,11,21954,A,N,G,B,E,A,H,-,D,D,0,Y,,,,Y,,N,60,0,0,0,1,0,0,0,0,0,"- ","- ",37.73284912109375,-120.85144805908203,STANISLAUS,UNINCORPORATED,-120.84621429443359,37.732841491699219
92243873,2023,2023-11-24,9465,2023-11-21,"745 ",019155,,2,1,9,5000,0,3,5,,2,030,"SANTA CRUZ AVENUE","TENAYA DRIVE",40.00,N,N,A,-,N,,,,,,,,,,N,2,0,1,2,A,-,11,21954,A,N,G,B,D,A,H,-,A,D,0,Y,,,Y,Y,,N,60,1,0,0,0,1,0,0,0,0,"- ","- ",37.633808135986328,-120.97479248046875,STANISLAUS,UNINCORPORATED,-120.97476196289062,37.6337890625
92249774,2023,2023-12-01,9465,2023-09-30,1540,018955,,6,2,9,5000,0,3,5,,2,010,"CHICAGO AVENUE","CARPENTER ROAD",430.00,W,N,B,-,N,,,,,,,,,,N,1,1,2,1,A,-,08,22107,,N,F,A,A,A,B,-,A,D,0,,,Y,,Y,,C,06,0,1,1,0,0,0,0,1,2,"- ","- ",37.624141693115234,-121.03199005126953,STANISLAUS,UNINCORPORATED,-121.03187561035156,37.624141693115234
92253165,2023,2023-12-05,9465,2023-11-23,2155,020475,,4,2,9,5000,0,3,5,,2,020,"ALBERS RD","CLARIBEL ROAD",75.00,N,N,A,-,N,,,,,,,,,,Y,2,0,2,2,A,-,03,22350,,N,C,C,A,A,H,-,D,A,0,,,,,Y,,D,22,1,0,1,0,0,0,0,0,0,"- ","- ",37.711318969726562,-120.84838104248047,STANISLAUS,UNINCORPORATED,-120.84834289550781,37.711265563964844
92260177,2023,2023-12-12,9465,2023-11-29,2240,021062,,3,3,9,5000,0,2,4,,2,042,"CROWS LANDING ROAD","BLANKENBURG AVENUE",660.00,S,N,B,-,N,,,,,,,,,,Y,1,1,1,2,A,-,11,21954,A,N,G,B,E,A,H,-,E,D,0,Y,,,,Y,,N,60,0,1,0,1,0,0,0,0,0,"- ","- ",37.618961334228516,-120.99355316162109,STANISLAUS,UNINCORPORATED,-120.99358367919922,37.618988037109375
92263307,2023,2023-12-15,9465,2023-12-12,1334,020457,,2,1,9,5000,0,1,3,,2,012,"STATE ROUTE 132 (MAZE BOULEVARD)","GATES ROAD",0.00,,Y,A,-,Y,STA,,132," "," ",6.353,H,,R,Y,2,0,3,2,A,-,09,21802,A,N,D,C,A,A,H,-,A,A,0,,,,,Y,,D,22,3,0,0,0,0,0,0,0,0,"- ","- ",37.637809753417969,-121.15885925292969,STANISLAUS,UNINCORPORATED,-121.15885925292969,37.637790679931641
92295682,2023,2024-01-24,9465,2023-12-08,1020,017966,,5,1,9,5000,0,3,5,,2,010,"BANNER COURT","SPYRES WAY",20.00,E,N,A,-,N,,,,,,,,,,N,2,0,1,2,D,-,00,,,N,G,B,D,A,H,-,A,A,0,Y,,,,Y,,-,"- ",1,0,0,0,1,0,0,0,0,"- ","- ",37.702880859375,-120.99820709228516,STANISLAUS,UNINCORPORATED,-120.99832916259766,37.702869415283203
92303152,2023,2024-02-01,9465,2023-11-24,"635 ",019517,,5,1,4,5001,0,1,3,,2,041,"SR-99 (S/B) TO WHITMORE AVENUE","WHITMORE AVENUE",528.00,S,N,A,-,Y,STA,,99," ",R,11.812,H,,R,Y,1,1,0,2,A,-,11,21954,A,N,G,B,D,A,H,-,B,D,0,Y,,,,Y,,N,60,0,0,0,1,0,0,0,0,0,"- ","- ",37.593410491943359,-120.95925903320312,STANISLAUS,CERES,-120.95903015136719,37.593585968017578
92308074,2024,2024-02-07,9465,2024-01-26,1745,021783,,5,2,9,5000,0,3,5,,2,040,"HATCH ROAD","CROWS LANDING ROAD",770.00,E,N,A,-,N,,,,,,,,,,Y,2,0,3,3,A,-,01,23152,A,N,C,C,A,A,H,-,D,D,0,,,,,Y,Y,A,01,1,0,2,0,0,0,0,0,0,"- ","- ",37.609458923339844,-120.99089813232422,STANISLAUS,UNINCORPORATED,-120.99365997314453,37.609470367431641
92318599,2023,2024-02-20,9465,2023-07-25,1800,018767,,2,2,9,5000,0,3,5,,2,050,"LAS PALMAS AVE","SYCAMORE AVENUE",1056.00,E,N,A,-,N,,,,,,,,,,Y,1,1,0,2,A,-,03,22350,,N,C,2,A,A,H,-,A,D,0,,,,,Y,,A,01,0,0,0,0,0,0,0,0,0,"- ","- ",37.481349945068359,-121.10890960693359,STANISLAUS,UNINCORPORATED,-121.10943603515625,37.481060028076172
92329920,2024,2024-03-05,9465,2024-02-24,"126 ",020985,,6,3,9,5000,0,3,5,,2,020,"SAWYER AVENUE","PLEASANT VALLEY ROAD",2640.00,N,N,A,-,N,,,,,,,,,,Y,2,0,1,1,A,-,01,23152,A,N,E,I,A,A,H,-,D,D,0,,,,,Y,Y,D,22,1,0,0,0,0,0,0,0,0,"- ","- ",37.812950134277344,-120.90531158447266,STANISLAUS,UNINCORPORATED,-120.90531921386719,37.812961578369141
92330363,2024,2024-03-07,9465,2024-01-01,"340 ",021337,,1,3,9,5000,0,3,5,,2,030,"LAKE ROAD","LAVERNE POTTS ROAD",8448.00,W,N,E,-,N,,,,,,,,,,Y,1,2,2,1,A,-,01,23152,A,N,F,A,A,A,H,-,D,D,0,,,,,Y,Y,A,01,2,0,0,0,0,0,0,0,0,"- ","- ",37.623638153076172,-120.56414794921875,STANISLAUS,UNINCORPORATED,,
92336497,2024,2024-03-12,9465,2024-01-13,1955,021239,,6,2,9,5000,0,2,4,,2,042,"CROWS LANDING ROAD","EHRLICH ROAD",0.00,,Y,B,C,N,,,,,,,,,,Y,1,1,0,2,A,-,01,23152,A,N,D,C,A,B,H,-,D,D,0,,,Y,,Y,Y,D,22,0,0,0,0,0,0,0,1,0,"- ","- ",37.438339233398438,-121.00614166259766,STANISLAUS,UNINCORPORATED,-121.00621795654297,37.438270568847656
92347550,2024,2024-03-26,9465,2024-03-16,1520,021783,,6,2,9,5000,0,3,5,,2,030,"CHURCH STREET","PARKER ROAD",1320.00,S,N,A,-,N,,,,,,,,,,N,2,0,3,2,A,-,01,23152,A,N,A,C,A,A,H,-,A,D,0,,,,,Y,Y,A,01,2,1,0,0,0,0,0,0,0,"- ","- ",37.663681030273438,-120.89836120605469,STANISLAUS,UNINCORPORATED,-120.89840698242188,37.663722991943359
9236598,2021,2021-04-16,5002,2021-03-12,0911,833,B206,5,5,6,5002,0,0,0,,0,003,"EAST HATCH RD","MITCHELL RD",0.00,,Y,A,-,N,,,,,,,,,,Y,2,0,1,2,A,-,09,21806,A,N,D,C,A,A,H,-,A,A,0,,,Y,,Y,,C,02,1,0,0,0,0,0,0,0,1,"- ","- ",37.609298706054688,-120.93879699707031,STANISLAUS,MODESTO,-120.93875122070312,37.609317779541016
92367947,2024,2024-05-31,9465,2024-04-05,1314,021783,,5,1,9,5000,0,2,4,,2,042,"CROWS LANDING ROAD","KAISER ROAD",1214.00,S,N,A,-,N,,,,,,,,,,N,1,1,3,2,C,-,18,,,N,D,C,A,A,H,-,A,D,0,,,,,Y,,-,"- ",0,2,1,0,0,0,0,0,0,"- ","- ",37.556961059570312,-120.99362945556641,STANISLAUS,UNINCORPORATED,-120.99368286132812,37.555225372314453
92381446,2024,2024-05-03,9465,2024-04-20,1245,021783,,6,1,9,5000,0,3,5,,2,040,"KEYES ROAD","USTICK ROAD",1214.00,W,N,A,-,N,,,,,,,,,,N,2,0,1,3,A,-,03,22350,,N,C,C,A,A,H,-,A,D,0,,,,,Y,,A,01,1,0,0,0,0,0,0,0,0,"- ","- ",37.551429748535156,-121.01627349853516,STANISLAUS,UNINCORPORATED,-121.01620483398438,37.551429748535156
92383803,2024,2024-05-07,9465,2024-04-26,1500,019730,,5,2,9,5000,0,3,5,,2,030,"MAIN STREET","LESTER ROAD",40.00,W,N,B,-,N,,,,,,,,,,N,2,0,1,1,A,-,08,22107,,N,F,A,A,A,H,-,A,D,0,,,Y,,Y,,C,02,1,0,0,0,0,0,0,0,1,"- ","- ",37.521999359130859,-120.803466796875,STANISLAUS,UNINCORPORATED,-120.80335235595703,37.522052764892578
92393817,2024,2024-05-20,9465,2024-05-13,1740,022868,,1,2,9,5000,0,3,5,,2,030,"LAKE ROAD","ROBERTS FERRY ROAD",8976.00,E,N,A,-,N,,,,,,,,,,N,2,0,1,1,A,-,08,22107,,N,F,A,A,A,H,-,A,D,0,,,Y,,Y,,C,02,1,0,0,0,0,0,0,0,1,"- ","- ",37.630191802978516,-120.51109313964844,STANISLAUS,UNINCORPORATED,-120.58711242675781,37.627986907958984
92402293,2024,2024-05-30,9465,2024-05-18,1325,020985,,6,1,9,5000,0,2,4,,2,014,"OAKDALE ROAD","CLARATINA AVE.",2050.00,N,N,A,-,N,,,,,,,,,,Y,2,0,1,1,A,-,01,23152,A,N,E,I,A,A,H,-,A,D,0,,,,,Y,Y,A,01,1,0,0,0,0,0,0,0,0,"- ","- ",37.705478668212891,-120.95822906494141,STANISLAUS,UNINCORPORATED,-120.95826721191406,37.705448150634766
92415864,2024,2024-06-17,9465,2024-06-08,"520 ",019730,,6,3,9,5000,0,1,3,,1,032,"STATE ROUTE 132","RESERVOIR ROAD",1390.00,E,N,A,-,Y,STA,,132," "," ",32.720,H,,R,N,2,0,1,1,A,-,08,22107,,N,E,I,A,A,H,-,A,D,0,,,,,Y,,A,01,1,0,0,0,0,0,0,0,0,"- ","- ",37.646499633789062,-120.67703247070312,STANISLAUS,UNINCORPORATED,-120.67703247070312,37.646541595458984
92423005,2024,2024-06-25,9465,2024-06-16,2105,018955,,7,2,6,5002,0,1,3,,2,011,"STATE ROUTE 99 (NORTHBOUND)","CARPENTER ROAD",3794.00,N,N,A,-,Y,STA,,99," ",R,19.264,H,,R,Y,2,0,3,1,A,-,01,23152,A,N,E,J,A,A,H,-,D,D,0,,,,,Y,Y,A,01,2,1,0,0,0,0,0,0,0,"- ","- ",37.673309326171875,-121.04138946533203,STANISLAUS,MODESTO,-121.04141998291016,37.673290252685547
92425876,2024,2024-06-28,9465,2024-06-16,2105,023200,,7,2,9,5000,0,1,1,,2,055,"INTERSTATE 5","OAK FLAT ROAD",6600.00,N,N,A,-,Y,STA,,5," "," ",13.804,H,,L,Y,2,0,2,1,A,-,01,23153,A,F,F,J,A,A,H,-,D,D,0,,,,,Y,Y,-,"- ",1,1,0,0,0,0,0,0,0,"- ","- ",37.437808990478516,-121.16168975830078,STANISLAUS,UNINCORPORATED,-121.16172790527344,37.437793731689453
92428704,2024,2024-07-02,9465,2024-06-08,1425,021783,,6,2,9,5000,0,1,3,,1,032,"STATE ROUTE 132","CRABTREE ROAD",0.00,,Y,A,-,Y,STA,,132," "," ",36.589,H,,R,N,1,1,0,1,A,-,03,22350,,N,F,A,A,A,H,-,A,D,0,,,Y,,Y,,C,02,0,0,0,0,0,0,0,1,0,"- ","- ",37.644599914550781,-120.61305236816406,STANISLAUS,UNINCORPORATED,-120.61302185058594,37.644546508789062
92431527,2024,2024-07-05,9465,2024-06-20,2115,021337,,4,2,9,5000,0,1,1,,2,055,"I-5 N/B","DIABLO GRANDE PKWY",1056.00,N,N,A,-,Y,STA,,5," "," ",15.611,H,,R,N,2,0,1,2,A,-,01,23152,A,F,B,C,A,A,H,-,D,D,0,,,,,Y,Y,A,07,1,0,0,0,0,0,0,0,0,"- ","- ",37.460659027099609,-121.17758941650391,STANISLAUS,UNINCORPORATED,-121.17757415771484,37.460666656494141
92432867,2024,2025-07-01,9465,2024-06-22,"42  ",021770,,6,3,9,5000,0,3,5,,2,010,"BANGS AVE.","ENTERPRISE WAY",360.00,E,N,A,-,N,,,,,,,,,,N,2,0,1,1,A,-,01,23152,A,N,F,A,A,A,H,-,C,D,0,,,Y,,Y,Y,C,02,1,0,0,0,0,0,0,0,1,"- ","- ",37.704429626464844,-121.07340240478516,STANISLAUS,UNINCORPORATED,-121.07078552246094,37.704490661621094
92443653,2024,2024-07-19,9465,2024-07-12,1635,021337,,5,2,9,5000,0,3,5,,2,030,"WILLMS RD","ROCK RIVER RD",731.00,W,N,A,-,N,,,,,,,,,,N,2,0,1,1,A,-,08,22107,,N,F,A,A,A,H,-,A,D,0,,,Y,,Y,,C,02,1,0,0,0,0,0,0,0,1,"- ","- ",37.743148803710938,-120.59461212158203,STANISLAUS,UNINCORPORATED,-120.59450531005859,37.743167877197266
9256122,2020,2021-05-13,5007,2020-11-08,1723,5749,TPD,7,5,5,5007,0,0,0,,0,PD2,"LANDER AV","EAST LINWOOD AV",0.00,,Y,A,-,N,,,,,,,,,,Y,1,1,5,2,A,-,03,22350,,F,C,C,A,A,H,-,C,A,0,,,,,Y,,A,07,0,3,2,0,0,0,0,0,0,"- ","- ",37.478168487548828,-120.84896087646484,STANISLAUS,TURLOCK,-120.84899139404297,37.478179931640625
9259534,2021,2021-05-17,5007,2021-03-17,1640,5785,TPD,3,5,5,5007,0,0,0,,0,PD4,"NORTH WALNUT RD","WEST MONTE VISTA AV",0.00,,Y,B,-,N,,,,,,,,,,Y,2,0,3,2,A,-,12,21453,A,N,D,C,A,A,H,-,A,A,0,,,,,Y,,A,07,2,0,1,0,0,0,0,0,0,"- ","- ",37.521858215332031,-120.86724090576172,STANISLAUS,TURLOCK,-120.86725616455078,37.521865844726562
9273979,2021,2021-06-30,5001,2021-06-01,1300,454,C201,2,5,4,5001,0,0,0,,0,004,"HACKETT RD","FARRIS AV",0.00,,Y,A,-,N,,,,,,,,,,Y,2,0,2,2,A,-,09,21802,A,F,D,C,A,A,H,-,A,A,0,,,,,Y,,-,99,1,1,0,0,0,0,0,0,0,"- ","- ",37.587539672851562,-120.96321105957031,STANISLAUS,CERES,-120.96321868896484,37.587547302246094