CASE_ID,ACCIDENT_YEAR,PROC_DATE,JURIS,COLLISION_DATE,COLLISION_TIME,OFFICER_ID,REPORTING_DISTRICT,DAY_OF_WEEK,CHP_SHIFT,POPULATION,CNTY_CITY_LOC,SPECIAL_COND,BEAT_TYPE,CHP_BEAT_TYPE,CITY_DIVISION_LAPD,CHP_BEAT_CLASS,BEAT_NUMBER,PRIMARY_RD,SECONDARY_RD,DISTANCE,DIRECTION,INTERSECTION,WEATHER_1,WEATHER_2,STATE_HWY_IND,CALTRANS_COUNTY,CALTRANS_DISTRICT,STATE_ROUTE,ROUTE_SUFFIX,POSTMILE_PREFIX,POSTMILE,LOCATION_TYPE,RAMP_INTERSECTION,SIDE_OF_HWY,TOW_AWAY,COLLISION_SEVERITY,NUMBER_KILLED,NUMBER_INJURED,PARTY_COUNT,PRIMARY_COLL_FACTOR,PCF_CODE_OF_VIOL,PCF_VIOL_CATEGORY,PCF_VIOLATION,PCF_VIOL_SUBSECTION,HIT_AND_RUN,TYPE_OF_COLLISION,MVIW,PED_ACTION,ROAD_SURFACE,ROAD_COND_1,ROAD_COND_2,LIGHTING,CONTROL_DEVICE,CHP_ROAD_TYPE,PEDESTRIAN_ACCIDENT,BICYCLE_ACCIDENT,MOTORCYCLE_ACCIDENT,TRUCK_ACCIDENT,NOT_PRIVATE_PROPERTY,ALCOHOL_INVOLVED,STWD_VEHTYPE_AT_FAULT,CHP_VEHTYPE_AT_FAULT,COUNT_SEVERE_INJ,COUNT_VISIBLE_INJ,COUNT_COMPLAINT_PAIN,COUNT_PED_KILLED,COUNT_PED_INJURED,COUNT_BICYCLIST_KILLED,COUNT_BICYCLIST_INJURED,COUNT_MC_KILLED,COUNT_MC_INJURED,PRIMARY_RAMP,SECONDARY_RAMP,LATITUDE,LONGITUDE,COUNTY,CITY,POINT_X,POINT_Y
9273980,2021,2021-06-30,5002,2021-06-02,0634,827,B206,3,5,6,5002,0,0,0,,0,003,"EAST HATCH RD","HATCH RD",219.00,S,N,A,-,N,,,,,,,,,,Y,2,0,3,2,A,-,05,21651,B,N,A,C,A,A,H,-,A,D,0,,,,,Y,,A,01,3,0,0,0,0,0,0,0,0,"- ","- ",37.609298706054688,-120.93879699707031,STANISLAUS,MODESTO,-120.99365997314453,37.609470367431641
9276132,2021,2021-09-01,5004,2021-07-12,1858,320,RD21,1,5,3,5004,0,0,0,,0,022,"WEST F ST","CRANE RD",0.00,,Y,A,-,Y,STA,10,108,-,-,36.350,H,-,W,N,2,0,1,1,A,-,03,22350,,N,E,I,A,A,H,-,A,D,0,,,,,Y,,A,01,1,0,0,0,0,0,0,0,0,"- ","- ",37.756160736083984,-120.87422180175781,STANISLAUS,OAKDALE,-120.87823486328125,37.755401611328125
9288081,2021,2021-07-07,5007,2021-05-31,1530,5804,TPD,1,5,5,5007,0,0,0,,0,PD4,"W CHRISTOFFERSEN PKWY","NORTH WALNUT RD",9.00,W,N,A,-,N,,,,,,,,,,Y,2,0,1,1,A,-,08,22107,,N,E,I,A,A,H,-,A,A,0,,,Y,,Y,,C,02,1,0,0,0,0,0,0,0,1,"- ","- ",37.529129028320312,-120.86696624755859,STANISLAUS,TURLOCK,-120.86708831787109,37.529159545898438
9294442,2021,2021-09-13,5002,2021-07-10,0927,859,B207,6,5,6,5002,0,0,0,,0,003,"EAST HATCH RD","BOOTHE RD",36.00,N,N,A,-,N,,,,,,,,,,N,2,0,1,2,A,-,03,22350,,N,C,C,A,A,H,-,A,A,0,,,,,Y,,D,22,1,0,0,0,0,0,0,0,0,"- ","- ",33.760940551757812,-120.93141174316406,STANISLAUS,MODESTO,-120.93141937255859,37.609291076660156
9320345,2021,2022-02-03,5004,2021-12-18,2343,209,RD10,6,5,3,5004,0,0,0,,0,022,"N OAK AV","MAGNOLIA ST",94.00,S,N,A,-,N,,,,,,,,,,Y,1,1,0,2,A,-,17,21712,B,N,H,A,A,A,H,-,C,D,0,,,,,Y,,A,71,0,0,0,0,0,0,0,0,0,"- ","- ",37.767078399658203,-120.86238098144531,STANISLAUS,OAKDALE,-120.86257934570312,37.767051696777344
9326532,2021,2021-11-02,5002,2021-09-21,0641,818,B304,2,5,6,5002,0,0,0,,0,003,"MITCHELL RD","NICHOLAS WY",0.00,,Y,A,-,N,,,,,,,,,,Y,2,0,1,2,A,-,03,22350,,N,D,C,A,A,H,-,B,D,0,,,Y,,Y,,C,02,1,0,0,0,0,0,0,0,1,"- ","- ",37.612159729003906,-120.938720703125,STANISLAUS,MODESTO,-120.93875122070312,37.612186431884766
9348379,2021,2021-11-05,5007,2021-09-01,1348,5776,TPD,3,5,5,5007,0,0,0,,0,1348,"EAST CANAL DR","OAK ST",172.00,W,N,A,-,N,,,,,,,,,,Y,2,0,2,3,A,-,03,22350,,N,B,E,A,A,D,-,A,D,0,,,,,Y,,A,01,2,0,0,0,0,0,0,0,0,"- ","- ",37.499881744384766,-120.83612060546875,STANISLAUS,TURLOCK,-120.83734893798828,37.500186920166016
9348610,2020,2022-05-02,5007,2020-11-06,1729,5793,TPD,5,5,5,5007,0,0,0,,0,PD2,"LANDER AV","HIGH ST",0.00,,Y,A,-,N,,,,,,,,,,Y,2,0,1,2,A,-,11,21453,D,N,G,B,B,A,H,-,C,A,0,Y,,,,Y,,N,60,1,0,0,0,1,0,0,0,0,"- ","- ",37.490268707275391,-120.84896850585938,STANISLAUS,TURLOCK,-120.84897613525391,37.490478515625
9352943,2021,2021-11-08,5007,2021-09-23,2252,5793,TPD,4,5,5,5007,0,0,0,,0,PD2,"LANDER AV","EAST GLENWOOD AV",0.00,,Y,A,-,N,,,,,,,,,,Y,2,0,1,2,A,-,10,21950,A,F,G,B,D,A,H,-,C,A,0,Y,,,,Y,,A,01,1,0,0,0,1,0,0,0,0,"- ","- ",37.472099304199219,-120.84903717041016,STANISLAUS,TURLOCK,-120.84902191162109,37.475559234619141
9361929,2021,2022-01-10,5001,2021-11-01,0607,833,A008,1,5,4,5001,0,0,0,,0,004,"MORGAN RD","EAST WHITMORE AV",1383.00,N,N,A,-,N,,,,,,,,,,Y,2,0,2,2,A,-,03,22350,,N,C,E,A,A,H,-,C,D,0,,,,Y,Y,,A,01,2,0,0,0,0,0,0,0,0,"- ","- ",37.598991394042969,-120.97450256347656,STANISLAUS,CERES,-120.97528076171875,37.598628997802734
9430148,2022,2022-04-13,5007,2022-03-02,1028,5701,TPD,3,5,5,5007,0,0,0,,0,PD2,"N FIRST ST","WEST MAIN ST",105.00,N,N,A,-,N,,,,,,,,,,N,2,0,1,2,A,-,06,21755,A,N,B,C,A,A,H,-,A,D,0,,,Y,,Y,,C,03,1,0,0,0,0,0,0,0,1,"- ","- ",37.494209289550781,-120.84719848632812,STANISLAUS,TURLOCK,-120.84702301025391,37.4942626953125
9434775,2022,2022-04-14,5007,2022-02-13,1332,5792,TPD,7,5,5,5007,0,0,0,,0,PD5,"N FRONT ST","NORTH GOLDEN STATE BL",640.00,N,N,A,-,N,,,,,,,,,,Y,2,0,1,2,A,-,01,23152,B,N,G,B,D,A,H,-,A,D,0,Y,,,,Y,Y,A,01,1,0,0,0,1,0,0,0,0,"- ","- ",37.496791839599609,-120.84835815429688,STANISLAUS,TURLOCK,-120.84777069091797,37.496410369873047
94354910,2024,2024-08-15,9465,2024-06-06,1735,020985,,4,2,9,5000,0,3,5,,2,020,"ORANGE BLOSSOM ROAD","WAMBLE ROAD",201.00,W,N,A,-,N,,,,,,,,,,Y,1,1,2,2,A,-,01,23152,G,N,A,C,A,A,H,-,A,D,0,,,,,Y,Y,A,01,1,1,0,0,0,0,0,0,0,"- ","- ",37.780620574951172,-120.77555847167969,STANISLAUS,UNINCORPORATED,-120.77539825439453,37.780654907226562
94396691,2024,2024-09-17,9465,2024-08-01,2215,022229,,4,3,9,5000,0,3,5,,2,020,"MCGEE AVENUE","RICE ROAD",1460.00,N,N,A,-,N,,,,,,,,,,Y,1,1,0,1,A,-,01,23152,A,N,E,8,A,A,H,-,D,D,0,,,,,Y,Y,A,01,0,0,0,0,0,0,0,0,0,"- ","- ",37.699550628662109,-120.90763092041016,STANISLAUS,UNINCORPORATED,-120.90758514404297,37.699588775634766
9440844,2022,2022-05-11,5007,2022-03-26,2114,5696,TPD,6,5,5,5007,0,0,0,,0,PD1,"EAST CANAL DR","YOSEMITE ST",122.00,E,N,A,-,N,,,,,,,,,,Y,2,0,1,1,A,-,03,22350,,N,E,I,A,A,H,-,C,A,0,,,,,Y,,A,01,1,0,0,0,0,0,0,0,0,"- ","- ",37.499950408935547,-120.83448028564453,STANISLAUS,TURLOCK,-120.83358764648438,37.500511169433594
94434484,2023,2024-10-17,9465,2023-12-24,"307 ",021368,,7,3,6,5002,0,1,3,,2,011,"STATE ROUTE 99","BECKWITH ROAD",3326.00,N,N,B,-,Y,STA,,99," ",R,20.860,H,,L,N,1,1,0,2,A,-,00,21960,A,F,G,B,E,A,H,-,D,D,0,Y,,,,Y,,N,60,0,0,0,1,0,0,0,0,0,"- ","- ",37.689788818359375,-121.06172943115234,STANISLAUS,MODESTO,-121.06166839599609,37.689838409423828
94435067,2024,2024-10-17,9465,2024-10-12,1635,021066,,6,2,9,5000,0,1,3,,2,023,SR-108,"MESA DRIVE",255.00,W,N,A,-,Y,STA,,108," "," ",33.592,H,,R,Y,2,0,2,2,A,-,03,22350,,N,C,C,A,A,H,-,A,D,0,,,Y,,Y,,C,02,1,0,1,0,0,0,0,0,1,"- ","- ",37.73876953125,-120.9193115234375,STANISLAUS,UNINCORPORATED,-120.91934204101562,37.738780975341797
94444556,2024,2024-10-24,9465,2024-10-17,1254,020833,,4,1,9,5000,0,3,5,,2,040,"HARDING ROAD","TEGNER ROAD",0.00,,Y,A,-,N,,,,,,,,,,Y,2,0,2,2,A,-,09,21802,A,N,C,C,A,A,H,-,A,A,0,,,,,Y,,A,01,1,1,0,0,0,0,0,0,0,"- ","- ",37.463790893554688,-120.88545227050781,STANISLAUS,UNINCORPORATED,-120.88545227050781,37.463768005371094
94446723,2024,2024-10-28,9465,2024-10-12,1903,021770,,6,2,9,5000,0,1,3,,2,053,SR-33,"MCCRACKEN RD.",130.00,S,N,A,-,Y,STA,,33," "," ",25.722,H,,R,Y,2,0,1,1,A,-,08,22107,,N,E,I,A,A,H,-,D,D,0,,,Y,,Y,,C,02,1,0,0,0,0,0,0,0,1,"- ","- ",37.613819122314453,-121.26933288574219,STANISLAUS,UNINCORPORATED,-121.26931762695312,37.613822937011719
94449109,2024,2024-10-29,9465,2024-10-20,1700,019713,,7,2,9,5000,0,3,5,,2,030,"DALY AVENUE","TENAYA AVENUE",197.00,N,N,A,-,N,,,,,,,,,,Y,2,0,2,2,A,-,08,22107,,N,A,E,A,A,H,-,A,D,0,,,,Y,Y,,A,01,1,0,1,0,0,0,0,0,0,"- ","- ",37.633560180664062,-120.96336364746094,STANISLAUS,UNINCORPORATED,-120.96321868896484,37.633460998535156
94461380,2024,2024-11-07,9465,2024-11-05,"200 ",020885,,2,3,5,5007,0,1,3,,2,041,"SR-99 NORTHBOUND","LANDER AVENUE",2323.00,N,N,A,-,Y,STA,,99," ",R,2.106,H,,R,Y,2,0,1,1,A,-,01,23152,A,M,E,I,A,A,H,-,D,D,0,,,,,Y,Y,A,01,1,0,0,0,0,0,0,0,0,"- ","- ",37.476959228515625,-120.85646057128906,STANISLAUS,TURLOCK,-120.85647583007812,37.476932525634766
94462198,2024,2024-11-07,9465,2024-11-03,1155,018457,,7,1,9,5000,0,1,3,,1,032,"CRABTREE ROAD","STATE ROUTE 132",9.00,E,N,G,-,Y,STA,,132," "," ",36.597,H,,R,Y,2,0,1,1,A,-,08,22107,,N,E,I,A,A,H,-,A,A,0,,,Y,,Y,,C,02,1,0,0,0,0,0,0,0,1,"- ","- ",37.644710540771484,-120.61295318603516,STANISLAUS,UNINCORPORATED,-120.61288452148438,37.64459228515625
94463207,2024,2024-11-08,9465,2024-09-21,1255,020985,,6,1,9,5000,0,1,3,,2,012,"STATE ROUTE 132","RIVER ROAD",5280.00,E,N,A,-,Y,STA,,132," ",R,2.472,H,,R,Y,1,2,4,5,A,-,05,21460,A,N,A,2,A,A,H,-,A,D,0,,,,,Y,,A,01,1,3,0,0,0,0,0,0,0,"- ","- ",37.641300201416016,-121.22878265380859,STANISLAUS,UNINCORPORATED,-121.22877502441406,37.641273498535156
94470706,2024,2024-11-15,9465,2024-11-01,"520 ",021235,,5,3,5,5007,0,1,3,,2,041,"STATE ROUTE 99 (SOUTHBOUND)","MONTE VISTA AVENUE",1954.00,N,N,A,-,Y,STA,,99," ",R,6.036,H,,R,Y,2,0,1,1,A,-,01,23152,A,N,E,I,A,A,H,-,C,D,0,,,,,Y,,A,01,1,0,0,0,0,0,0,0,0,"- ","- ",37.526950836181641,-120.88834381103516,STANISLAUS,TURLOCK,-120.88816833496094,37.527008056640625
94546954,2025,2025-01-23,9465,2025-01-19,1825,021062,,7,2,9,5000,0,2,4,,2,042,"CROWS LANDING ROAD","FULKERTH ROAD",80.00,N,N,A,-,N,,,,,,,,,,Y,2,0,1,2,A,-,01,23152,A,N,C,C,A,A,H,-,D,D,0,,,,Y,Y,Y,A,01,1,0,0,0,0,0,0,0,0,"- ","- ",37.507869720458984,-120.99465942382812,STANISLAUS,UNINCORPORATED,-120.99462127685547,37.50775146484375
94598280,2025,2025-03-07,9465,2025-02-26,2015,020457,,3,2,9,5000,0,3,5,,2,020,"SONORA ROAD","SHURL STREET",185.00,E,N,A,-,N,,,,,,,,,,N,2,0,2,2,A,-,11,21954,A,N,G,B,E,A,H,-,D,D,0,Y,,Y,,Y,,N,60,1,1,0,0,1,0,0,0,1,"- ","- ",37.819759368896484,-120.66989898681641,STANISLAUS,UNINCORPORATED,-120.66996002197266,37.819770812988281
94613448,2025,2025-03-24,9465,2025-02-28,1825,022784,,5,2,9,5000,0,3,5,,2,020,"TERMINAL AVENUE","VAN DUSEN AVENUE",404.00,S,N,A,-,N,,,,,,,,,,N,2,0,1,2,A,-,11,21954,A,N,G,1,E,A,H,-,C,D,0,Y,,,,Y,,N,60,1,0,0,0,1,0,0,0,0,"- ","- ",37.718048095703125,-120.9310302734375,STANISLAUS,UNINCORPORATED,-120.9310302734375,37.717971801757812
94630039,2025,2025-03-28,9465,2025-03-24,1032,018274,,1,1,9,5000,0,1,3,,2,028,"STATE ROUTE 4","DUNTON ROAD",3696.00,W,N,A,-,Y,STA,,4," "," ",5.986,H,,R,Y,2,0,1,1,A,-,08,22107,,N,E,I,A,A,H,-,A,D,0,,,,,Y,,A,01,1,0,0,0,0,0,0,0,0,"- ","- ",37.941211700439453,-120.81836700439453,STANISLAUS,UNINCORPORATED,-120.81838989257812,37.941192626953125
9463673,2022,2022-09-19,5004,2022-07-14,1244,347,RD36,4,5,3,5004,0,0,0,,0,031,"E G ST","S 3RD AV",0.00,,Y,A,-,N,,,,,,,,,,Y,2,0,1,2,A,-,12,22450,,N,D,G,A,A,H,-,A,A,0,,Y,,,Y,,L,04,1,0,0,0,0,0,1,0,0,"- ","- ",37.765178680419922,-120.84689331054688,STANISLAUS,OAKDALE,-120.84710693359375,37.765132904052734
94644054,2025,2025-04-10,9465,2025-03-28,1109,021235,,5,1,9,5000,0,1,3,,2,041,"SR-99 (N/B) TO HATCH ROAD (E/B)","HATCH ROAD",20.00,S,N,A,-,Y,,,,,,,,,,Y,2,0,1,1,A,-,03,22350,,N,E,I,A,A,H,-,A,D,0,,,Y,,Y,,C,02,1,0,0,0,0,0,0,0,1,"- ","- ",37.609031677246094,-120.97545623779297,STANISLAUS,UNINCORPORATED,-120.97679901123047,37.609298706054688
9466830,2022,2023-02-24,5002,2022-12-28,2017,706,A308,3,5,6,5002,0,0,0,,0,001,"EAST HATCH RD","RICHLAND AV",760.00,W,N,A,-,N,,,,,,,,,,Y,2,0,3,3,A,-,09,21801,A,N,A,C,A,A,H,-,C,A,0,,,,,Y,,D,22,1,0,2,0,0,0,0,0,0,"- ","- ",37.610469818115234,-120.97029876708984,STANISLAUS,MODESTO,-120.96882629394531,37.609230041503906
94676429,2025,2025-05-06,9465,2025-04-27,1452,018178,,7,2,4,5001,0,1,3,,2,041,"SR-99 (N/B) TO EL CAMINO AVENUE","PINE STREET",420.00,N,N,B,-,Y,STA,,99," ",R,11.378,H,,R,Y,2,0,1,1,A,-,08,22107,,N,F,A,A,A,H,-,A,D,0,,,Y,,Y,,C,02,1,0,0,0,0,0,0,0,1,"- ","- ",37.589019775390625,-120.95358276367188,STANISLAUS,CERES,-120.9537353515625,37.588920593261719
94695137,2025,2025-05-21,9465,2025-05-11,1650,023200,,7,2,9,5000,0,1,3,,1,032,"STATE ROUTE 132","GEER ROAD",1374.00,E,N,A,-,Y,STA,,132," "," ",23.407,H,,R,Y,2,0,1,1,C,-,18,,,N,E,I,A,A,H,-,A,D,0,,,,,Y,,-,"- ",1,0,0,0,0,0,0,0,0,"- ","- ",37.638698577880859,-120.84281921386719,STANISLAUS,UNINCORPORATED,-120.84281921386719,37.638740539550781
94695786,2025,2025-05-21,9465,2025-05-13,1610,023200,,2,2,9,5000,0,3,5,,2,030,"SOUTH 9TH STREET","WISENOR AVENUE",600.00,S,N,A,-,N,,,,,,,,,,N,2,0,1,2,A,-,03,22350,,N,C,C,A,A,H,-,A,D,0,,,,,Y,,M,94,1,0,0,0,0,0,0,0,0,"- ","- ",37.6239013671875,-120.98655700683594,STANISLAUS,UNINCORPORATED,-120.98611450195312,37.622840881347656
94735212,2025,2025-06-23,9465,2025-06-08,"345 ",022784,,7,3,9,5000,0,3,5,,2,040,"RIVER ROAD","S 9TH STREET",0.00,,Y,A,-,N,,,,,,,,,,Y,2,0,2,1,A,-,01,23152,A,N,E,8,A,A,H,-,C,D,0,,,,,Y,Y,A,01,1,0,1,0,0,0,0,0,0,"- ","- ",37.626209259033203,-120.9869384765625,STANISLAUS,UNINCORPORATED,-120.98707580566406,37.626201629638672
94747528,2025,2025-07-07,9465,2025-06-09,1324,021066,,1,1,9,5000,0,1,3,,1,031,SR-132,"SANTA FE AVENUE",100.00,W,N,A,-,Y,STA,,132," "," ",20.074,H,,R,Y,1,1,0,2,A,-,01,23152,A,N,H,F,A,A,H,-,A,A,0,,,,,Y,Y,A,07,0,0,0,0,0,0,0,0,0,"- ","- ",37.638290405273438,-120.90364837646484,STANISLAUS,UNINCORPORATED,-120.90364837646484,37.638271331787109
94751530,2025,2025-07-07,9465,2025-06-28,1601,022990,,6,2,9,5000,0,3,5,,2,050,"SYCAMORE AVENUE","LAS PALMAS AVENUE",1330.00,S,N,A,-,N,,,,,,,,,,Y,2,0,1,2,A,-,09,21801,A,N,D,C,A,A,H,-,A,D,0,,,Y,,Y,,D,22,1,0,0,0,0,0,0,0,1,"- ","- ",37.476390838623047,-121.11029052734375,STANISLAUS,UNINCORPORATED,-121.11029815673828,37.476448059082031
94759839,2024,2025-07-14,9465,2024-11-23,2110,022229,,6,2,9,5000,0,3,5,,2,040,"SOUTH 9TH STREET","HATCH ROAD",1350.00,N,N,A,-,N,,,,,,,,,,N,1,1,1,2,A,-,01,23152,A,F,G,B,E,A,H,-,D,D,0,Y,,,,Y,Y,A,01,0,1,0,1,0,0,0,0,0,"- ","- ",37.612091064453125,-120.98062133789062,STANISLAUS,UNINCORPORATED,,
94763497,2025,2025-07-16,9465,2025-03-08,2300,023020,,6,3,9,5000,0,3,5,,2,030,"ARLBERG ROAD","CANAL BANK ROAD",397.00,N,N,A,-,N,,,,,,,,,,Y,1,1,1,1,A,-,01,23152,A,N,E,I,A,A,H,-,D,D,0,,,,,Y,Y,A,01,0,1,0,0,0,0,0,0,0,"- ","- ",37.629829406738281,-120.71893310546875,STANISLAUS,UNINCORPORATED,-120.71898651123047,37.629859924316406
9486185,2022,2022-09-16,5007,2022-08-15,1709,5708,TPD,1,5,5,5007,0,0,0,,0,PD5,"EAST CANAL DR","NORTH DENAIR AV",14.00,W,N,A,-,N,,,,,,,,,,N,2,0,1,2,A,-,09,21802,A,N,D,G,A,A,H,-,A,D,0,,Y,,,Y,,L,04,1,0,0,0,0,0,1,0,0,"- ","- ",37.500209808349609,-120.84454345703125,STANISLAUS,TURLOCK,-120.84358978271484,37.500339508056641
9512259,2022,2022-10-20,5001,2022-08-15,1130,818,C002,1,5,4,5001,0,0,0,,0,005,"WHITMORE AV","CENTRAL AV",99.00,W,N,A,-,N,,,,,,,,,,N,2,0,1,2,A,-,09,21804,A,N,D,C,A,A,H,-,A,D,0,,,,,Y,,A,01,1,0,0,0,0,0,0,0,0,"- ","- ",37.594810485839844,-120.95812225341797,STANISLAUS,CERES,-120.95724487304688,37.594760894775391
9515235,2022,2022-12-07,5007,2022-10-20,0657,5792,TPD,4,5,5,5007,0,0,0,,0,PD3,"TRADE WY","SPENGLER WY",0.00,,Y,A,-,N,,,,,,,,,,Y,2,0,1,2,A,-,09,21802,A,N,D,C,A,A,H,-,B,A,0,,,,,Y,,A,01,1,0,0,0,0,0,0,0,0,"- ","- ",37.484539031982422,-120.88168334960938,STANISLAUS,TURLOCK,-120.88162231445312,37.484512329101562
9520521,2022,2023-05-24,5007,2022-11-21,2343,5776,TPD,1,5,5,5007,0,0,0,,0,PD5,"GEER RD","WAYSIDE DR",192.00,N,N,A,-,N,,,,,,,,,,N,1,1,0,2,A,-,11,21954,A,F,G,B,E,A,H,-,C,D,0,Y,,,,Y,Y,N,60,0,0,0,1,0,0,0,0,0,"- ","- ",37.505149841308594,-120.84916687011719,STANISLAUS,TURLOCK,-120.84896087646484,37.504806518554688
9598463,2023,2023-08-01,5002,2023-02-12,2107,11331,,7,5,6,5002,0,0,0,,0,072,"FLOYD AV","ELLISON DR",0.00,,Y,A,-,N,,,,,,,,,,N,2,0,1,3,A,-,06,21750,,F,B,E,A,A,H,-,C,A,0,,Y,,,Y,,A,01,1,0,0,0,0,0,1,0,0,"- ","- ",,,STANISLAUS,MODESTO,-120.96302032470703,37.678058624267578
9611520,2023,2023-09-26,5001,2023-07-30,1452,831,S6,7,5,4,5001,0,0,0,,0,004,"EAST WHITMORE AV","FAIRVIEW DR",150.00,W,N,A,-,N,,,,,,,,,,N,2,0,1,2,A,-,05,21650,,N,D,G,A,A,H,-,A,D,0,,Y,,,Y,,L,04,1,0,0,0,0,0,1,0,0,"- ","- ",37.594390869140625,-120.96929168701172,STANISLAUS,CERES,-120.96881103515625,37.5948486328125
9611775,2023,2023-08-28,5004,2023-07-19,2354,318,RD3,3,5,3,5004,0,0,0,,0,042,"N YOSEMITE AV","E A ST",0.00,,Y,A,-,N,,,,,,,,,,Y,2,0,5,1,A,-,07,21658,A,N,E,I,A,A,H,-,C,A,0,,,,,Y,,A,01,1,4,0,0,0,0,0,0,0,"- ","- ",37.772640228271484,-120.85121917724609,STANISLAUS,OAKDALE,-120.85099029541016,37.772441864013672
9624162,2022,2023-11-06,5002,2022-05-05,0314,11267,,4,5,6,5002,0,0,0,,0,071,"BRIGGSMORE AV","LAKEWOOD AV",1092.00,W,N,A,-,N,,,,,,,,,,Y,1,1,0,2,A,-,11,21954,A,N,G,B,E,A,H,-,C,D,0,Y,,,,Y,,N,60,0,0,0,1,0,0,0,0,0,"- ","- ",37.666839599609375,-120.93940734863281,STANISLAUS,MODESTO,-120.94319152832031,37.666915893554688
9640117,2023,2024-01-09,5007,2023-10-06,1931,5791,TPD,5,5,5,5007,0,0,0,,0,PD5,"NORTH GOLDEN STATE BL","NORTH CENTER ST",122.00,S,N,A,-,N,,,,,,,,,,N,1,1,0,2,A,-,00,21954,,N,D,B,D,A,H,-,C,D,0,Y,,,,Y,,N,60,0,0,0,1,0,0,0,0,0,"- ","- ",37.497879028320312,-120.84841918945312,STANISLAUS,TURLOCK,-120.84855651855469,37.498119354248047
9640538,2024,2024-07-16,5007,2024-03-21,2150,5779,TPD,4,5,5,5007,0,0,0,,0,PD5,"GEER RD","EAST HAWKEYE AV",0.00,,Y,A,-,N,,,,,,,,,,Y,1,1,2,2,A,-,12,21453,A,N,D,C,A,A,H,-,C,A,0,,,,,Y,,A,01,1,1,0,0,0,0,0,0,0,"- ","- ",37.507289886474609,-120.84886169433594,STANISLAUS,TURLOCK,-120.84883117675781,37.507301330566406
9640544,2023,2024-06-05,5006,2023-07-22,2335,02649,RIVER,6,5,3,5006,0,0,0,,0,2335,"NOVI DR","ANTIQUE ROSE WY",0.00,,Y,A,-,N,,,,,,,,,,Y,1,1,0,1,A,-,01,23152,A,N,E,I,A,A,H,-,C,A,0,,,Y,,Y,Y,C,02,0,0,0,0,0,0,0,1,0,"- ","- ",37.722358703613281,-120.95684051513672,STANISLAUS,RIVERBANK,-120.95697021484375,37.722187042236328
9640622,2023,2024-06-24,5007,2023-12-29,1600,5776,TPD,5,5,5,5007,0,0,0,,0,PD4,"W CHRISTOFFERSEN PKWY","N KILROY RD",0.00,,Y,B,-,N,,,,,,,,,,Y,1,1,4,3,A,-,03,22350,,N,D,C,A,A,H,-,A,D,0,,,,,Y,,A,01,0,1,3,0,0,0,0,0,0,"- ","- ",37.528980255126953,-120.87613677978516,STANISLAUS,TURLOCK,-120.87612152099609,37.528999328613281
9671965,2023,2024-02-22,5007,2023-12-31,"39  ",5807,,7,5,5,5007,0,0,0,,0,001,"CANAL ST",MITCHELL,136.00,E,N,A,-,N,,,,,,,,,,Y,2,0,1,1,A,-,01,23152,A,N,A,I,A,A,H,-,C,D,0,,,,,Y,Y,A,01,1,0,0,0,0,0,0,0,0,"- ","- ",37.500759124755859,-120.84181213378906,STANISLAUS,TURLOCK,-120.84172058105469,37.500316619873047
9694739,2024,2024-07-10,5004,2024-05-19,1805,376,RD38,7,5,3,5004,0,0,0,,0,041,"EAST AV","E G ST",0.00,,Y,A,-,N,,,,,,,,,,Y,2,0,2,2,A,-,09,21801,A,N,D,C,A,A,H,-,A,A,0,,,Y,,Y,,A,01,1,1,0,0,0,0,0,0,1,"- ","- ",37.767810821533203,-120.84095764160156,STANISLAUS,OAKDALE,-120.84095001220703,37.767707824707031
9707593,2024,2024-07-03,5007,2024-05-16,"811 ",5755,TPD,4,5,5,5007,0,0,0,,0,PD1,"COLORADO AV","E SPRINGER DR",0.00,,Y,A,-,N,,,,,,,,,,Y,2,0,3,3,A,-,08,22107,,N,F,C,A,A,H,-,A,D,0,,,,,Y,,A,07,1,2,0,0,0,0,0,0,0,"- ","- ",37.531021118164062,-120.8350830078125,STANISLAUS,TURLOCK,-120.83509063720703,37.531009674072266
9717978,2024,2024-08-19,5007,2024-07-18,1238,5708,TPD,4,5,5,5007,0,0,0,,0,PD5,"WEST HAWKEYE AV","DONNELLY PARK DR",253.00,E,N,A,-,N,,,,,,,,,,Y,2,0,3,4,A,-,09,21804,A,N,D,C,A,A,H,-,A,D,0,,,,,Y,,A,01,2,0,1,0,0,0,0,0,0,"- ","- ",37.507888793945312,-120.85209655761719,STANISLAUS,TURLOCK,-120.85224151611328,37.507289886474609