CASE_ID,ACCIDENT_YEAR,PROC_DATE,JURIS,COLLISION_DATE,COLLISION_TIME,OFFICER_ID,REPORTING_DISTRICT,DAY_OF_WEEK,CHP_SHIFT,POPULATION,CNTY_CITY_LOC,SPECIAL_COND,BEAT_TYPE,CHP_BEAT_TYPE,CITY_DIVISION_LAPD,CHP_BEAT_CLASS,BEAT_NUMBER,PRIMARY_RD,SECONDARY_RD,DISTANCE,DIRECTION,INTERSECTION,WEATHER_1,WEATHER_2,STATE_HWY_IND,CALTRANS_COUNTY,CALTRANS_DISTRICT,STATE_ROUTE,ROUTE_SUFFIX,POSTMILE_PREFIX,POSTMILE,LOCATION_TYPE,RAMP_INTERSECTION,SIDE_OF_HWY,TOW_AWAY,COLLISION_SEVERITY,NUMBER_KILLED,NUMBER_INJURED,PARTY_COUNT,PRIMARY_COLL_FACTOR,PCF_CODE_OF_VIOL,PCF_VIOL_CATEGORY,PCF_VIOLATION,PCF_VIOL_SUBSECTION,HIT_AND_RUN,TYPE_OF_COLLISION,MVIW,PED_ACTION,ROAD_SURFACE,ROAD_COND_1,ROAD_COND_2,LIGHTING,CONTROL_DEVICE,CHP_ROAD_TYPE,PEDESTRIAN_ACCIDENT,BICYCLE_ACCIDENT,MOTORCYCLE_ACCIDENT,TRUCK_ACCIDENT,NOT_PRIVATE_PROPERTY,ALCOHOL_INVOLVED,STWD_VEHTYPE_AT_FAULT,CHP_VEHTYPE_AT_FAULT,COUNT_SEVERE_INJ,COUNT_VISIBLE_INJ,COUNT_COMPLAINT_PAIN,COUNT_PED_KILLED,COUNT_PED_INJURED,COUNT_BICYCLIST_KILLED,COUNT_BICYCLIST_INJURED,COUNT_MC_KILLED,COUNT_MC_INJURED,PRIMARY_RAMP,SECONDARY_RAMP,LATITUDE,LONGITUDE,COUNTY,CITY,POINT_X,POINT_Y
9751386,2024,2024-11-18,5007,2024-09-23,1300,99999,TPD,1,5,5,5007,0,0,0,,0,PD2,"NORTH GOLDEN STATE BL","MAIN ST",74.00,N,N,A,-,N,,,,,,,,,,Y,2,0,1,1,C,-,18,,,N,E,I,A,A,H,-,A,A,0,,,,,Y,,-,"- ",1,0,0,0,0,0,0,0,0,"- ","- ",37.494651794433594,-120.84597015380859,STANISLAUS,TURLOCK,-120.84618377685547,37.494808197021484
9751442,2024,2025-02-05,5004,2024-04-27,"135 ",354,,6,5,3,5004,0,0,0,,0,,"SOUTH YOSEMITE AV","GREGER ST",223.00,N,N,A,-,N,,,,,,,,,,Y,1,1,0,1,A,-,01,23152,A,N,E,I,A,A,H,-,C,D,0,,,,,Y,Y,A,01,0,0,0,0,0,0,0,0,0,"- ","- ",37.755401611328125,-120.83995056152344,STANISLAUS,OAKDALE,-120.84010314941406,37.755352020263672
9753407,2024,2024-12-12,5004,2024-09-30,1041,334,RD37,1,5,3,5004,0,0,0,,0,031,"F ST","GROVE AV",0.00,,Y,A,-,Y,STA,10,120,-,-,5.380,I,5,W,N,2,0,1,2,A,-,10,21950,A,N,G,B,B,A,H,-,A,A,0,Y,,,,Y,,D,22,1,0,0,0,1,0,0,0,0,"- ","- ",,,STANISLAUS,OAKDALE,-120.84264373779297,37.768417358398438
9781664,2025,2025-04-09,5004,2025-01-11,1706,389,RD38,6,5,3,5004,0,0,0,,0,041,"EAST F ST","EAST ST",0.00,,Y,A,-,N,,,,,,,,,,N,2,0,1,2,A,-,10,21950,,N,G,B,A,A,H,-,A,D,0,,Y,,,Y,,D,83,1,0,0,0,0,0,1,0,0,"- ","- ",37.768421173095703,-120.8411865234375,STANISLAUS,OAKDALE,-120.841552734375,37.768699645996094
9790834,2025,2025-04-24,5004,2025-02-14,1839,385,RD13,5,5,3,5004,0,0,0,,0,032,"YOSEMITE AV","E ST",0.00,,Y,A,-,Y,STA,10,120,-,-,5.020,I,5,E,N,2,0,1,2,A,-,10,21950,A,N,G,B,B,A,H,-,C,D,0,Y,,,,Y,,A,01,1,0,0,0,1,0,0,0,0,"- ","- ",,,STANISLAUS,OAKDALE,-120.84785461425781,37.767860412597656
9793077,2025,2025-03-13,5003,2025-02-18,1512,N323,RDNM,2,5,2,5003,0,0,0,,0,NPD,"YOLO ST","Q ST",5.00,E,N,A,-,N,,,,,,,,,,N,2,0,1,2,A,-,12,22450,,N,G,B,D,A,H,-,A,A,0,Y,,,,Y,,N,60,1,0,0,0,1,0,0,0,0,"- ","- ",37.318920135498047,-121.02667999267578,STANISLAUS,NEWMAN,-121.02690124511719,37.319015502929688
5912134,2014,2015-12-21,5007,2014-01-09,2230,5697,,4,5,5,5007,0,0,0,,0,003,"JOETT DR","TRAMWAY PL",0.00,,-,A,-,N,,,,,,,,,,Y,1,1,1,3,A,-,03,22350,,F,G,B,F,A,H,-,C,D,0,Y,,,,Y,,A,01,1,0,0,1,1,0,0,0,0,"- ","- ",37.302889999999998,-120.51815999999999,STANISLAUS,TURLOCK,-120.86347994,37.504949930000002
6290607,2014,2015-12-29,5002,2014-05-03,2108,11242,11,6,5,6,5002,0,0,0,,0,063,"RT 108","MARK RANDY PL",40.00,S,N,A,-,Y,STA,10,108,-,-,25.050,H,-,W,N,1,1,0,2,A,-,01,23152,A,F,G,B,D,A,H,-,C,D,0,Y,,,,Y,Y,A,07,0,0,0,1,0,0,0,0,0,"- ","- ",,,STANISLAUS,MODESTO,-120.99408758,37.674042120000003
6291103,2014,2014-08-19,5002,2014-04-05,0710,11317,M610,6,5,6,5002,0,0,0,,0,043,"RT 132","MCCLURE RD",235.00,W,N,A,-,Y,STA,10,132,-,-,18.600,H,-,W,N,1,1,0,1,D,-,00,,,N,E,I,A,A,H,-,A,D,0,,Y,,,Y,,-,"- ",0,0,0,0,0,1,0,0,0,"- ","- ",,,STANISLAUS,MODESTO,-120.93064798,37.63822768
6291112,2014,2014-08-20,9465,2014-04-29,0005,18274,,2,3,9,5000,0,1,1,,2,055,"RT 5","INGRAM CREEK RD",31.00,N,N,A,-,Y,STA,10,5,-,-,23.100,H,-,S,Y,1,1,0,1,A,-,08,22107,,N,E,I,A,A,H,-,D,D,1,,,,Y,Y,,G,25,0,0,0,0,0,0,0,0,0,"- ","- ",37.541170000000001,-121.26903,STANISLAUS,UNINCORPORATED,-121.26908167000001,37.540969869999998
6291727,2014,2014-12-16,5002,2014-10-02,2147,11186,M156,4,5,6,5002,0,0,0,,0,076,"OAKDALE RD","LA FORCE DR",0.00,,Y,A,-,N,,,,,,,,,,Y,1,1,1,2,A,-,03,22350,,N,D,C,A,A,H,-,C,D,0,,,,,Y,,-,,0,1,0,0,0,0,0,0,0,"- ","- ",,,STANISLAUS,MODESTO,-120.95790986999999,37.683509880000003
6292060,2014,2015-04-08,9465,2014-08-22,1945,18671,,5,2,9,5000,0,1,3,,2,023,"RT 120","KENNEDY RD",4224.00,W,N,A,-,Y,STA,10,120,-,R,15.580,H,-,W,Y,1,1,1,1,A,-,08,22107,,N,E,I,A,A,H,-,A,D,0,,,,,Y,,A,01,0,0,1,0,0,0,0,0,0,"- ","- ",37.80321,-120.67738,STANISLAUS,UNINCORPORATED,-120.67799358000001,37.803309519999999
6292385,2015,2015-07-13,5002,2015-03-20,1301,11186,M305,5,5,6,5002,0,0,0,,0,073,"OAKDALE RD","NYSTROM AV",140.00,S,N,A,-,N,,,,,,,,,,Y,1,1,1,3,A,-,09,21804,A,N,D,C,F,A,H,-,A,D,0,Y,,,,Y,,-,,0,0,1,1,0,0,0,0,0,"- ","- ",,,STANISLAUS,MODESTO,-120.95753978,37.661695620000003
6292848,2015,2016-03-03,5002,2015-12-03,0643,11226,M465,4,5,6,5002,0,0,0,,0,045,"RT 132","SOUTH SANTA CRUZ AV",0.00,,Y,B,-,Y,STA,10,132,-,-,16.200,I,5,W,N,1,1,0,2,D,-,00,,,N,G,B,B,A,H,-,C,A,0,Y,,,,Y,,-,"- ",0,0,0,1,0,0,0,0,0,"- ","- ",,,STANISLAUS,MODESTO,-120.97423099,37.638208710000001
6292972,2017,2017-10-25,5002,2017-09-04,0252,11023,M013,1,5,6,5002,0,0,0,,0,063,"PRESCOTT RD","CHEYENNE WY",0.00,,Y,A,-,N,,,,,,,,,,Y,1,1,0,2,A,-,12,21453,A,N,F,A,A,A,H,-,C,A,0,,,Y,,Y,Y,-,"- ",0,0,0,0,0,0,0,1,0,"- ","- ",,,STANISLAUS,MODESTO,-121.03161,37.693439910000002
6292979,2017,2017-10-25,5002,2017-09-20,1142,11226,M094,3,5,6,5002,0,0,0,,0,062,"WEST BRIGGSMORE AV","CARVER RD",0.00,,Y,A,-,N,,,,,,,,,,Y,1,1,1,2,A,-,12,21453,A,N,D,C,A,A,H,-,A,A,0,,,,,Y,,A,01,0,0,1,0,0,0,0,0,0,"- ","- ",,,STANISLAUS,MODESTO,-121.0221399,37.671489950000002
6340883,2014,2014-06-02,5002,2014-01-18,0136,10412,499,6,5,6,5002,0,0,0,,0,032,"WESTERN WY","COLORADO AV",16.00,E,N,A,-,N,,,,,,,,,,Y,2,0,2,1,A,-,01,23153,A,N,A,I,A,A,H,-,C,D,0,,,,,Y,Y,A,,1,0,1,0,0,0,0,0,0,"- ","- ",,,STANISLAUS,MODESTO,-121.00713476,37.626059509999997
6377633,2014,2016-03-05,5002,2014-01-28,1533,10043,M376,2,5,6,5002,0,0,0,,0,034,"RT 132","MARTIN LUTHER KING DR",0.00,,Y,A,-,Y,STA,10,132,-,-,14.440,I,5,E,N,2,0,1,2,A,-,05,21650,1,N,D,G,A,A,H,-,A,A,0,,Y,,,Y,,L,,1,0,0,0,0,0,1,0,0,"- ","- ",,,STANISLAUS,MODESTO,-121.01199262999999,37.638664149999997
6394272,2014,2014-06-16,5007,2014-02-03,1634,5739,,1,5,5,5007,0,0,0,,0,004,"FULKERTH RD","COUNTRYSIDE DR",0.00,,Y,A,-,N,,,,,,,,,,Y,2,0,2,2,A,-,12,21453,A,N,-,D,A,A,H,-,A,A,0,,,,,Y,,A,01,1,0,1,0,0,0,0,0,0,"- ","- ",,,STANISLAUS,TURLOCK,-120.87503996,37.50723996
6407000,2014,2014-06-11,5007,2014-01-04,0930,5722,,6,5,5,5007,0,0,0,,0,003,"RADIO ST","COLUMBIA ST",129.00,N,N,A,-,N,,,,,,,,,,N,2,0,1,2,A,-,"- ",,,N,G,B,E,A,H,-,A,D,0,Y,,,,Y,,N,60,1,0,0,0,1,0,0,0,0,"- ","- ",,,STANISLAUS,TURLOCK,-120.86034619,37.492134239999999
6418876,2014,2016-03-02,9465,2014-03-15,2242,18410,,6,3,9,5000,0,1,3,,2,041,"RT 99","KEYES RD",0.00,,Y,A,-,Y,STA,10,99,-,R,7.603,R,4,N,Y,2,0,1,2,A,-,01,23152,F,N,D,C,A,A,H,-,C,A,1,,,,,Y,Y,A,01,1,0,0,0,0,0,0,0,0,TO,"- ",37.548209999999997,-120.90403000000001,STANISLAUS,UNINCORPORATED,-120.90264096,37.54590649
6426131,2014,2016-01-15,9465,2014-03-14,2330,019201,,5,3,9,5000,0,1,1,,2,055,"RT 5","INGRAM CREEK RD",2640.00,N,N,A,-,Y,STA,10,5,-,-,23.510,H,-,S,Y,2,0,3,2,A,-,01,23152,A,N,C,C,A,A,H,-,D,D,1,,,,,Y,Y,A,01,1,0,2,0,0,0,0,0,0,"- ","- ",37.547759999999997,-121.27791999999999,STANISLAUS,UNINCORPORATED,-121.27446082,37.545086779999998
6432437,2014,2014-06-25,5001,2014-03-23,1635,771,5001,7,5,4,5001,0,0,0,,0,003,"MITCHELL RD","DALE RD",0.00,,Y,A,-,N,,,,,,,,,,Y,2,0,1,3,A,-,03,22350,,N,B,C,A,A,H,-,A,A,0,,,,,Y,,-,,1,0,0,0,0,0,0,0,0,"- ","- ",,,STANISLAUS,CERES,-120.93868988,37.59761992
6440089,2014,2014-07-08,9465,2014-03-24,0925,014889,,1,1,9,5000,0,2,4,,2,024,"ALBERS RD","CLARIBEL RD",0.00,,Y,B,-,N,,,,,,,,,,Y,2,0,2,2,A,-,12,21453,A,N,D,C,A,A,H,-,A,A,0,,,,,Y,,D,22,1,1,0,0,0,0,0,0,0,"- ","- ",37.711320000000001,-120.84847000000001,STANISLAUS,UNINCORPORATED,-120.84833994,37.711060000000003
6440097,2014,2016-02-22,9465,2014-03-25,1755,017439,,2,2,9,5000,0,1,3,,2,012,"RT 132","HART RD",0.00,,Y,A,-,Y,STA,10,132,-,-,8.380,I,5,E,Y,2,0,2,2,A,-,12,21453,A,N,D,C,A,A,H,-,A,A,0,,,,Y,Y,,G,27,2,0,0,0,0,0,0,0,0,"- ","- ",37.637830000000001,-121.12219,STANISLAUS,UNINCORPORATED,-121.12215952,37.637899019999999
6446141,2014,2015-03-03,9465,2014-04-02,1755,14737,,3,2,9,5000,0,3,5,,2,020,"LANGWORTH RD","CLARIBEL RD",1584.00,N,N,A,-,N,,,,,,,,,,Y,2,0,2,2,A,-,09,21804,A,N,D,C,A,A,H,-,A,D,0,,,Y,,Y,,-,"- ",1,0,1,0,0,0,0,0,1,"- ","- ",37.716030000000003,-120.89404999999999,STANISLAUS,UNINCORPORATED,-120.89403045,37.715369639999999
6457123,2014,2014-07-09,5002,2014-04-24,2054,11521,857,4,5,6,5002,0,0,0,,0,061,"TULLY RD","COLDWELL AV",0.00,,Y,A,-,N,,,,,,,,,,Y,2,0,1,2,A,-,09,21801,A,N,A,C,A,A,H,-,C,A,0,,,,,Y,,A,,1,0,0,0,0,0,0,0,0,"- ","- ",,,STANISLAUS,MODESTO,-121.01203989,37.653199979999997
6459619,2014,2014-08-11,9465,2014-05-11,0025,018825,,7,3,9,5000,0,3,5,,2,030,"MONTE VISTA AV","MONTPELIER RD",0.00,,Y,A,-,N,,,,,,,,,,Y,2,0,1,1,A,-,08,22107,,N,F,A,A,A,H,-,D,A,0,,,,,Y,,-,"- ",1,0,0,0,0,0,0,0,0,"- ","- ",37.521299999999997,-120.72750000000001,STANISLAUS,UNINCORPORATED,-120.68383995000001,37.520879989999997
6462736,2014,2016-04-09,9465,2014-04-02,1355,018216,,3,1,9,5000,0,1,3,,1,032,"RT 132","FAIRLAND AV",200.00,E,N,B,-,Y,STA,10,132,-,-,21.420,H,-,E,Y,2,0,2,3,A,-,09,21801,A,N,A,C,A,A,H,-,A,D,0,,,,,Y,,A,01,1,1,0,0,0,0,0,0,0,"- ","- ",37.638530000000003,-120.87882999999999,STANISLAUS,UNINCORPORATED,-120.87907903,37.638530410000001
6489653,2014,2014-07-30,9465,2014-05-11,1655,015816,,7,2,9,5000,0,3,5,,2,030,"HICKMAN RD","RT 132",1020.00,S,N,A,-,N,,,,,,,,,,Y,2,0,1,1,A,-,01,23152,A,N,F,A,A,A,H,-,A,D,0,,,,,Y,Y,D,22,1,0,0,0,0,0,0,0,0,"- ","- ",37.73113,-120.83609,STANISLAUS,UNINCORPORATED,-120.758358,37.635596
6503156,2014,2014-07-29,5007,2014-05-24,1922,5736,,6,5,5,5007,0,0,0,,0,004,"COUNTRYSIDE DR","FULKERTH RD",631.00,N,N,A,-,N,,,,,,,,,,Y,2,0,1,1,A,-,08,22107,,N,E,I,A,A,H,-,A,D,0,,,Y,,Y,,C,,1,0,0,0,0,0,0,0,1,"- ","- ",,,STANISLAUS,TURLOCK,-120.87619585,37.508622879999997
6508407,2014,2014-08-01,5002,2014-05-17,2032,11300,123,6,5,6,5002,0,0,0,,0,043,"CLAUS RD","CREEKWOOD DR",2414.00,S,N,A,-,N,,,,,,,,,,Y,2,0,2,2,A,-,01,23152,A,N,A,C,A,A,H,-,C,D,0,,,,,Y,Y,A,,1,1,0,0,0,0,0,0,0,"- ","- ",,,STANISLAUS,MODESTO,-120.92116661,37.643334119999999
6517525,2014,2014-08-08,5002,2014-06-16,1055,11236,384,1,5,6,5002,0,0,0,,0,040,"9TH ST","O ST",0.00,,Y,A,-,N,,,,,,,,,,N,2,0,1,2,A,-,09,21453,B,N,G,B,B,A,H,-,A,A,0,Y,,,,Y,,A,,1,0,0,0,1,0,0,0,0,"- ","- ",,,STANISLAUS,MODESTO,-121.006975,37.644565999999998
6519346,2014,2014-08-06,5007,2014-05-24,2230,5689,,6,5,5,5007,0,0,0,,0,003,"CANAL DR","FRANSIL LN",1158.00,W,N,-,-,N,,,,,,,,,,N,2,0,1,2,A,-,17,21712,B,N,H,-,A,A,H,-,C,-,0,,,,,Y,,-,,1,0,0,0,0,0,0,0,0,"- ","- ",,,STANISLAUS,TURLOCK,,
6521524,2014,2016-04-09,9465,2014-05-04,1722,017439,,7,2,9,5000,0,1,3,,1,032,"RT 132","LAKE RD",1584.00,E,N,A,-,Y,STA,10,132,-,-,44.310,H,-,E,N,2,0,1,1,A,-,08,22107,,N,F,A,A,A,H,-,A,D,0,,,Y,,Y,,C,02,1,0,0,0,0,0,0,0,1,"- ","- ",37.65943,-120.6045,STANISLAUS,UNINCORPORATED,-120.48958352,37.65207917
6527025,2014,2014-07-18,5002,2014-04-12,1511,11136,5002,6,5,6,5002,0,0,0,,0,075,"OAKDALE RD","CELESTE DR",0.00,,Y,A,-,N,,,,,,,,,,N,2,0,1,2,A,-,05,21650,1,N,A,G,A,A,H,-,A,A,0,,Y,,,Y,Y,L,,1,0,0,0,0,0,1,0,0,"- ","- ",,,STANISLAUS,MODESTO,-120.95769,37.672279969999998
6535904,2014,2014-07-25,5002,2014-05-12,2208,11311,479,1,5,6,5002,0,0,0,,0,033,"CARPENTER RD","HOUSER LN",0.00,,Y,A,-,N,,,,,,,,,,Y,2,0,1,2,A,-,08,22107,,N,D,C,A,A,H,-,C,D,0,,,Y,,Y,,A,,1,0,0,0,0,0,0,0,1,"- ","- ",,,STANISLAUS,MODESTO,-121.03046988,37.62773997
6557289,2014,2014-08-14,9465,2014-06-27,0242,018825,,5,3,9,5000,0,3,5,,2,040,"CENTRAL AV","TAYLOR RD",111.00,N,N,A,-,N,,,,,,,,,,Y,2,0,1,1,A,-,01,23152,A,N,E,I,A,A,H,-,D,D,0,,,,,Y,Y,D,22,1,0,0,0,0,0,0,0,0,"- ","- ",37.533900000000003,-120.958,STANISLAUS,UNINCORPORATED,-120.95799307999999,37.533264539999998
6559881,2014,2016-04-09,9465,2014-06-21,1135,014889,,6,1,9,5000,0,1,3,,1,032,"RT 132","CRABTREE RD",300.00,W,N,B,-,Y,STA,10,132,-,-,36.520,H,-,W,Y,2,0,2,2,A,-,08,22107,,N,E,A,A,A,H,-,A,A,0,,,Y,,Y,,C,02,1,1,0,0,0,0,0,0,2,"- ","- ",37.64385,-120.61394,STANISLAUS,UNINCORPORATED,-120.61393772,37.64372985
6560011,2014,2016-04-29,9465,2014-07-09,2022,018407,,3,2,9,5000,0,1,3,,1,031,"RT 132","CHURCH ST",0.00,,Y,A,-,Y,STA,10,132,-,-,20.140,I,5,W,N,2,0,1,2,A,-,01,21200,5,N,D,C,A,A,H,-,A,A,0,,Y,,,Y,Y,L,04,1,0,0,0,0,0,1,0,0,"- ","- ",37.638269999999999,-120.9025,STANISLAUS,UNINCORPORATED,-120.90244091,37.63827277
6560018,2014,2016-04-28,9465,2014-07-04,2224,018410,,5,3,6,5002,0,1,3,,2,011,"RT 99","BECKWITH RD",1584.00,S,N,A,-,Y,STA,10,99,-,R,19.920,H,-,S,Y,2,0,3,2,A,-,01,23152,A,F,C,C,A,A,H,-,D,D,1,,,,,Y,Y,A,07,1,2,0,0,0,0,0,0,0,"- ","- ",37.678690000000003,-121.04845,STANISLAUS,MODESTO,-121.04975435,37.67998334
6586606,2014,2014-08-15,5002,2014-07-23,2121,11233,M355,3,5,6,5002,0,0,0,,0,033,"EMERALD AV","ELM AV",58.00,N,N,A,-,N,,,,,,,,,,N,2,0,1,2,A,-,11,21954,A,N,G,B,-,A,H,-,D,D,0,Y,,,,Y,,-,,1,0,0,0,1,0,0,0,0,"- ","- ",,,STANISLAUS,MODESTO,-121.02110543000001,37.643369229999998
6291437,2014,2014-10-28,5007,2014-08-26,1819,5701,,2,5,5,5007,0,0,0,,0,001,"N QUINCY RD","CASTLEVIEW DR",0.00,,Y,A,-,N,,,,,,,,,,Y,1,1,1,2,A,-,09,21802,A,N,D,C,A,A,H,-,A,A,0,,,,,Y,,A,01,0,0,1,0,0,0,0,0,0,"- ","- ",,,STANISLAUS,TURLOCK,-120.82144987,37.512239960000002
6606044,2014,2015-12-29,9465,2014-04-24,1452,15979,,4,2,9,5000,0,1,1,,2,055,"RT 5","INGRAM CREEK RD",20.00,S,N,A,-,Y,STA,10,5,-,-,22.852,R,1,N,Y,1,2,1,2,A,-,01,23152,A,N,C,C,A,A,H,-,A,A,1,,,,,Y,Y,A,01,0,1,0,0,0,0,0,0,0,"- ","- ",37.540430000000001,-121.26712000000001,STANISLAUS,UNINCORPORATED,-121.26557835,37.53868524
6606175,2014,2014-09-29,5004,2014-05-16,1659,139,RD15,5,5,3,5004,0,0,0,,0,00N,"RT 120","E E ST",0.00,,Y,A,-,Y,STA,10,120,-,-,5.020,I,5,W,Y,1,1,1,2,A,-,09,21801,B,N,D,C,A,A,H,-,A,B,0,,,Y,,Y,,C,02,0,0,1,0,0,0,0,1,0,"- ","- ",,,STANISLAUS,OAKDALE,-120.84783692000001,37.767829589999998
6606209,2014,2014-10-02,5002,2014-06-13,0822,11242,725,5,5,6,5002,0,0,0,,0,062,"NORTH 9TH ST","COLDWELL AV",970.00,S,N,A,-,N,,,,,,,,,,Y,1,1,7,3,A,-,07,21658,A,N,D,C,A,A,H,-,A,D,0,,,,,Y,,A,01,0,1,6,0,0,0,0,0,0,"- ","- ",,,STANISLAUS,MODESTO,-121.01580094000001,37.651262500000001
6640317,2014,2014-11-05,5007,2014-09-10,0755,5722,,3,5,5,5007,0,0,0,,0,003,"S WASHINGTON RD","W LINWOOD AV",0.00,,Y,A,-,N,,,,,,,,,,Y,2,0,2,2,A,-,05,21460,A,N,A,C,A,A,G,-,A,D,0,,,,,Y,,A,01,2,0,0,0,0,0,0,0,0,"- ","- ",,,STANISLAUS,TURLOCK,-120.90365991,37.47810999
6640496,2014,2014-10-13,5007,2014-09-16,0717,5722,,2,5,5,5007,0,0,0,,0,003,"S SODERQUIST RD","WEST MAIN ST",101.00,S,N,A,-,N,,,,,,,,,,Y,2,0,1,1,A,-,03,22350,,N,B,I,A,A,H,-,A,A,0,,,Y,,Y,,C,02,1,0,0,0,0,0,0,0,1,"- ","- ",,,STANISLAUS,TURLOCK,-120.86263,37.49243208
6640519,2014,2016-04-28,9465,2014-09-16,2026,014737,,2,2,9,5000,0,3,5,,2,010,"RT 99","H ST",121.00,S,N,A,-,Y,STA,10,99,-,R,15.730,H,-,S,Y,2,0,1,1,A,-,08,22107,,N,F,A,A,A,H,-,A,D,1,,,,,Y,,A,01,1,0,0,0,0,0,0,0,0,"- ","- ",37.634889999999999,-121.00191,STANISLAUS,UNINCORPORATED,-121.00207508,37.635030190000002
6651063,2014,2014-10-10,5002,2014-09-29,1852,610,,1,5,6,5002,0,0,0,,0,003,"MITCHELL RD",NICHOLAS,150.00,S,N,A,-,N,,,,,,,,,,,2,0,1,2,A,-,17,22111,,N,G,G,A,A,H,-,A,D,0,,Y,,,Y,,L,04,1,0,0,0,0,0,1,0,0,"- ","- ",,,STANISLAUS,MODESTO,-120.93874759000001,37.611778080000001
6671106,2014,2014-10-29,9465,2014-08-30,1530,018251,,6,2,9,5000,0,3,5,,2,030,"CHURCH ST","MCNARY CT",54.00,S,N,A,-,N,,,,,,,,,,Y,2,0,2,2,A,-,09,21802,A,F,D,C,A,A,H,-,A,A,0,,,,,Y,,A,01,1,1,0,0,0,0,0,0,0,"- ","- ",37.647010000000002,-120.90264999999999,STANISLAUS,UNINCORPORATED,-120.90265407,37.64710178
6678204,2017,2018-01-18,5007,2017-10-28,2308,5710,5007,6,5,5,5007,0,0,0,,0,002,"5TH ST","F ST",203.00,N,N,A,-,N,,,,,,,,,,Y,1,1,0,1,A,-,01,23152,A,N,A,E,A,A,H,-,C,D,0,,,,,Y,Y,D,22,0,0,0,0,0,0,0,0,0,"- ","- ",,,STANISLAUS,TURLOCK,-120.84466925,37.486013460000002
6682325,2014,2014-11-20,5002,2014-09-26,1043,10545,296,5,5,6,5002,0,0,0,,0,072,"MUIRSWOOD WY","ORANGEBURG AV",20.00,S,N,A,-,N,,,,,,,,,,Y,2,0,3,1,A,-,08,22107,,F,A,I,A,A,H,-,A,D,0,,,,,Y,,-,,1,0,2,0,0,0,0,0,0,"- ","- ",,,STANISLAUS,MODESTO,-120.96251095,37.663535080000003
6690808,2014,2014-12-29,5002,2014-10-29,1915,11209,M094,3,5,6,5002,0,0,0,,0,064,"EAST BRIGGSMORE AV","CARVER RD",0.00,,Y,A,-,N,,,,,,,,,,Y,2,0,2,3,A,-,12,21453,A,N,D,D,A,A,H,-,B,A,0,,,,,Y,,A,,1,0,1,0,0,0,0,0,0,"- ","- ",,,STANISLAUS,MODESTO,-121.0221399,37.671489950000002
6701767,2014,2015-01-07,9465,2014-11-10,0545,015596,,1,3,9,5000,0,1,3,,2,041,"RT 99","KEYES RD",600.00,S,N,A,-,Y,,,99,,,,,,,N,2,0,1,2,A,-,11,21954,A,F,G,B,E,A,H,-,D,D,0,Y,,,,Y,,N,60,1,0,0,0,1,0,0,0,0,"- ","- ",37.542720000000003,-120.89861000000001,STANISLAUS,UNINCORPORATED,-120.89855163999999,37.542796029999998
6707562,2014,2015-01-09,9465,2014-11-03,1341,014588,,1,1,9,5000,0,2,4,,2,016,"CLARIBEL RD","COFFEE RD",2025.00,W,N,A,-,N,,,,,,,,,,N,2,0,1,2,A,-,08,22107,,N,C,G,A,A,H,-,A,D,0,,Y,,,Y,,L,04,1,0,0,0,0,0,1,0,0,"- ","- ",37.711179999999999,-120.98587999999999,STANISLAUS,UNINCORPORATED,-120.98363992,37.711039960000001
6713299,2014,2015-01-09,5007,2014-11-11,1747,5749,,2,5,5,5007,0,0,0,,0,003,"WEST MAIN ST","W AVE NORTH",0.00,,Y,A,-,N,,,,,,,,,,N,2,0,4,5,A,-,10,21950,A,F,G,B,B,A,H,-,C,D,0,Y,,,,Y,,A,01,1,3,0,0,4,0,0,0,0,"- ","- ",,,STANISLAUS,TURLOCK,-120.85805995,37.49273994
6718164,2014,2015-12-29,9465,2014-10-14,0605,15596,,2,1,9,5000,0,2,4,,2,044,"CARPENTER RD","WHITMORE AV",1774.00,N,N,A,-,N,,,,,,,,,,N,1,1,0,3,A,-,01,21200,5,F,H,G,A,A,H,-,D,D,0,,Y,,,Y,,L,04,0,0,0,0,0,1,0,0,0,"- ","- ",37.599679999999999,-121.03031,STANISLAUS,UNINCORPORATED,-121.03032801000001,37.59992183
6718178,2014,2015-03-12,9465,2014-11-08,1000,18363,,6,1,6,5002,0,1,3,,2,011,"RT 99","E ST",68.00,S,N,A,-,Y,STA,10,99,-,R,15.377,R,2,N,Y,1,1,0,1,A,-,08,22107,,N,H,A,A,A,H,-,A,D,1,,,Y,,Y,,C,02,0,0,0,0,0,0,0,1,0,"- ","- ",37.632939999999998,-120.99845000000001,STANISLAUS,MODESTO,-120.99781634999999,37.631127059999997
6718181,2014,2015-03-09,9465,2014-11-12,0640,12520,,3,1,9,5000,0,3,5,,2,010,"SHOEMAKE AV","DUNN RD",576.00,W,N,A,-,N,,,,,,,,,,Y,1,1,4,2,A,-,03,22350,,N,C,C,A,A,H,-,B,D,0,,,,,Y,,D,22,2,2,0,0,0,0,0,0,0,"- ","- ",37.666829999999997,-121.14303,STANISLAUS,UNINCORPORATED,-121.14306003,37.666807030000001
6718627,2017,2019-04-08,5002,2017-11-29,2020,11226,M035,3,5,6,5002,0,0,0,,0,082,"TULLY RD","WEST RUMBLE RD",0.00,,Y,A,-,N,,,,,,,,,,Y,1,2,3,3,A,-,01,23152,A,N,D,C,A,A,H,-,C,A,0,,,,,Y,,A,01,2,1,0,0,0,0,0,0,0,"- ","- ",,,STANISLAUS,MODESTO,-121.01238986,37.68206996
6750682,2014,2015-01-26,5002,2014-11-18,1310,11252,M465,2,5,6,5002,0,0,0,,0,041,"YOSEMITE BL","S SANTA ANA AV",0.00,,Y,A,-,Y,,,,,,,,,,Y,2,0,1,2,A,-,11,21950,B,N,A,B,D,A,H,-,A,D,0,Y,,,,Y,,N,60,1,0,0,0,1,0,0,0,0,"- ","- ",,,STANISLAUS,MODESTO,-120.97654998,37.63821995