CASE_ID,ACCIDENT_YEAR,PROC_DATE,JURIS,COLLISION_DATE,COLLISION_TIME,OFFICER_ID,REPORTING_DISTRICT,DAY_OF_WEEK,CHP_SHIFT,POPULATION,CNTY_CITY_LOC,SPECIAL_COND,BEAT_TYPE,CHP_BEAT_TYPE,CITY_DIVISION_LAPD,CHP_BEAT_CLASS,BEAT_NUMBER,PRIMARY_RD,SECONDARY_RD,DISTANCE,DIRECTION,INTERSECTION,WEATHER_1,WEATHER_2,STATE_HWY_IND,CALTRANS_COUNTY,CALTRANS_DISTRICT,STATE_ROUTE,ROUTE_SUFFIX,POSTMILE_PREFIX,POSTMILE,LOCATION_TYPE,RAMP_INTERSECTION,SIDE_OF_HWY,TOW_AWAY,COLLISION_SEVERITY,NUMBER_KILLED,NUMBER_INJURED,PARTY_COUNT,PRIMARY_COLL_FACTOR,PCF_CODE_OF_VIOL,PCF_VIOL_CATEGORY,PCF_VIOLATION,PCF_VIOL_SUBSECTION,HIT_AND_RUN,TYPE_OF_COLLISION,MVIW,PED_ACTION,ROAD_SURFACE,ROAD_COND_1,ROAD_COND_2,LIGHTING,CONTROL_DEVICE,CHP_ROAD_TYPE,PEDESTRIAN_ACCIDENT,BICYCLE_ACCIDENT,MOTORCYCLE_ACCIDENT,TRUCK_ACCIDENT,NOT_PRIVATE_PROPERTY,ALCOHOL_INVOLVED,STWD_VEHTYPE_AT_FAULT,CHP_VEHTYPE_AT_FAULT,COUNT_SEVERE_INJ,COUNT_VISIBLE_INJ,COUNT_COMPLAINT_PAIN,COUNT_PED_KILLED,COUNT_PED_INJURED,COUNT_BICYCLIST_KILLED,COUNT_BICYCLIST_INJURED,COUNT_MC_KILLED,COUNT_MC_INJURED,PRIMARY_RAMP,SECONDARY_RAMP,LATITUDE,LONGITUDE,COUNTY,CITY,POINT_X,POINT_Y
6750688,2014,2015-02-05,5002,2014-12-12,2157,11594,026,5,5,6,5002,0,0,0,,0,064,"PELANDALE AV","TULLY RD",2640.00,W,N,C,-,N,,,,,,,,,,Y,2,0,2,1,A,-,03,22350,,N,F,A,A,B,H,-,D,A,0,,,,,Y,,A,,1,1,0,0,0,0,0,0,0,"- ","- ",,,STANISLAUS,MODESTO,-121.02188896,37.700443749999998
6750694,2014,2015-02-12,5002,2014-11-26,1752,10877,420,3,5,6,5002,0,0,0,,0,032,"H ST","2ND ST",0.00,,Y,A,-,N,,,,,,,,,,Y,2,0,3,4,A,-,10,21950,A,N,A,B,B,A,H,-,C,A,0,Y,,,,Y,,A,,3,0,0,0,3,0,0,0,0,"- ","- ",,,STANISLAUS,MODESTO,-121.00556985999999,37.632819920000003
6750700,2014,2015-02-05,5002,2014-12-17,1805,10197,376,3,5,6,5002,0,0,0,,0,034,"MARTIN LUTHER KING DR","LOCUST AV",50.00,S,N,B,-,N,,,,,,,,,,N,2,0,1,2,A,-,05,21650,1,N,D,G,A,B,F,-,C,D,0,,Y,,,Y,,L,,1,0,0,0,0,0,1,0,0,"- ","- ",,,STANISLAUS,MODESTO,-121.01184859999999,37.63950269
6762699,2014,2015-02-09,9465,2014-12-08,0914,018216,,1,1,9,5000,0,2,4,,2,034,"GEER RD","E GRAYSON RD",678.00,N,N,E,-,N,,,,,,,,,,Y,2,0,2,2,A,-,09,21801,A,N,D,C,A,A,H,-,A,D,0,,,,Y,Y,,A,01,1,0,1,0,0,0,0,0,0,"- ","- ",37.567779999999999,-120.84704000000001,STANISLAUS,UNINCORPORATED,-120.84702,37.567531860000003
6764748,2014,2015-02-04,9465,2014-12-19,0649,018251,,5,1,9,5000,0,3,5,,2,010,"PARADISE RD","HART RD",228.00,W,N,B,-,N,,,,,,,,,,N,2,0,1,2,A,-,11,21954,A,N,G,B,E,B,H,-,B,D,0,Y,,,,Y,Y,N,60,1,0,0,0,1,0,0,0,0,"- ","- ",37.608829999999998,-121.12254,STANISLAUS,UNINCORPORATED,-121.12252709000001,37.608846540000002
6784210,2015,2015-02-20,5002,2015-01-08,2109,11714,M159,4,5,6,5002,0,0,0,,0,076,"OAKDALE RD","LANCEY DR",0.00,,Y,A,-,N,,,,,,,,,,N,2,0,1,2,A,-,11,21950,B,N,G,B,B,A,H,-,C,A,0,Y,,,,Y,,N,,1,0,0,0,1,0,0,0,0,"- ","- ",,,STANISLAUS,MODESTO,-120.95764996,37.669429989999998
6785393,2015,2015-02-18,5002,2015-01-11,2016,11679,949,7,5,6,5002,0,0,0,,0,032,"NEECE DR","ROUSE AV",88.00,N,N,A,-,N,,,,,,,,,,Y,2,0,1,1,A,-,03,22350,A,N,E,I,A,A,H,-,C,D,0,,,Y,,Y,,C,,1,0,0,0,0,0,0,0,1,"- ","- ",,,STANISLAUS,MODESTO,-121.00031057,37.620717569999996
6787618,2015,2016-09-16,9465,2015-01-11,1624,15761,,7,2,9,5000,0,1,3,,2,028,"RT 4","MILTON RD",3168.00,W,N,A,-,Y,STA,10,4,-,-,3.930,H,-,W,Y,2,0,1,2,A,-,08,22107,,F,F,A,A,A,H,-,A,D,0,,,,,Y,,D,22,1,0,0,0,0,0,0,0,0,"- ","- ",37.944659999999999,-120.87316,STANISLAUS,UNINCORPORATED,-120.85482331,37.944777080000001
6789463,2015,2015-03-30,5005,2015-01-14,1500,SQ95,5005,3,5,3,5005,0,0,0,,0,3T4,"BALDWIN RD","CLIFF SWALLOW DR",0.00,,Y,A,-,N,,,,,,,,,,Y,2,0,1,1,A,-,01,23153,A,N,E,I,A,A,H,-,A,A,0,,,,,Y,Y,A,01,1,0,0,0,0,0,0,0,0,"- ","- ",,,STANISLAUS,PATTERSON,-121.15925996,37.475469990000001
6799621,2015,2015-03-02,9465,2015-01-30,1410,16320,,5,2,9,5000,0,3,5,,2,020,"RODDEN RD","GILBERT RD",2376.00,E,N,A,-,N,,,,,,,,,,Y,2,0,1,2,A,-,03,22350,,N,A,C,A,A,H,-,A,D,0,,,Y,Y,Y,,C,02,1,0,0,0,0,0,0,0,1,"- ","- ",37.786630000000002,-120.84088,STANISLAUS,UNINCORPORATED,-120.84151461,37.786495090000003
6802677,2015,2016-09-13,9465,2015-01-27,1553,16799,,2,2,9,5000,0,1,3,,2,023,"RT 108","MONTGOMERY RD",2112.00,E,N,A,-,Y,STA,10,108,-,-,34.710,H,-,W,Y,2,0,1,2,A,-,03,22350,,N,D,C,A,A,H,-,A,D,0,,,Y,Y,Y,,C,02,1,0,0,0,0,0,0,0,1,"- ","- ",37.750070000000001,-121.9057,STANISLAUS,UNINCORPORATED,-120.90543449,37.750199209999998
6803010,2015,2015-02-26,9465,2015-01-24,0205,018894,,6,3,9,5000,0,3,5,,2,030,"FAITH HOME RD","REDWOOD RD",1027.00,N,N,B,-,N,,,,,,,,,,Y,2,0,3,1,A,-,01,23152,A,N,E,I,A,A,H,-,D,D,0,,,,,Y,Y,A,01,1,2,0,0,0,0,0,0,0,"- ","- ",37.57441,-120.92042000000001,STANISLAUS,UNINCORPORATED,-120.92041771,37.575870330000001
6803021,2015,2015-02-26,9465,2015-01-17,2040,018318,,6,2,9,5000,0,3,5,,2,020,"OAKDALE-WATERFORD HWY","ALVARADO RD",750.00,N,N,A,-,N,,,,,,,,,,Y,2,0,1,1,A,-,08,22107,,N,E,I,A,A,H,-,D,D,0,,,,,Y,,A,01,1,0,0,0,0,0,0,0,0,"- ","- ",37.728020000000001,-120.83351999999999,STANISLAUS,UNINCORPORATED,-120.83309881,37.727426319999999
6804827,2015,2015-03-03,5002,2015-01-30,1305,11252,M857,5,5,6,5002,0,0,0,,0,062,"TULLY RD","COLDWELL AV",35.00,N,N,A,-,N,,,,,,,,,,Y,2,0,2,3,A,-,08,22107,,N,A,C,A,A,H,-,A,A,0,,,,,Y,,-,,1,0,1,0,0,0,0,0,0,"- ","- ",,,STANISLAUS,MODESTO,-121.01203753999999,37.653296099999999
6822188,2015,2015-02-26,9465,2015-01-31,1150,18251,,6,1,9,5000,0,3,5,,2,050,"DEL PUERTO CANYON RD","DEL PUERTO CANYON RD MILE MARKER 15",1584.00,W,N,A,-,N,,,,,,,,,,Y,2,0,1,2,A,-,05,21752,A,N,A,C,A,A,H,-,A,D,0,,,Y,,Y,,C,02,1,0,0,0,0,0,0,0,1,"- ","- ",37.423679999999997,-121.37000999999999,STANISLAUS,UNINCORPORATED,,
6826273,2015,2015-03-19,9465,2015-02-13,1817,018410,,5,2,9,5000,0,3,5,,2,030,"ROHDE RD","STARLITE DR",300.00,N,N,A,-,N,,,,,,,,,,Y,2,0,1,2,A,-,08,22107,,F,G,B,E,A,H,-,D,D,0,Y,,,,Y,Y,A,01,1,0,0,0,1,0,0,0,0,"- ","- ",,,STANISLAUS,UNINCORPORATED,-120.92346283000001,37.563112019999998
6833640,2015,2015-03-13,9465,2015-02-16,1345,017787,,1,1,9,5000,0,3,5,,2,050,"DEL PUERTO CANYON RD","DIABLO GRANDE PKWY",10.00,W,N,A,-,N,,,,,,,,,,N,2,0,1,1,A,-,03,22350,,N,E,I,A,B,H,-,A,D,0,,,Y,,Y,,C,02,1,0,0,0,0,0,0,0,1,"- ","- ",,,STANISLAUS,UNINCORPORATED,-121.18354895,37.462692939999997
6835901,2015,2015-04-02,5001,2015-01-07,1854,469,,3,5,4,5001,0,0,0,,0,005,"MITCHELL RD","SERVICE RD",115.00,N,N,A,-,N,,,,,,,,,,Y,2,0,2,2,A,-,09,21804,A,N,A,C,A,A,H,-,C,A,0,,,,,Y,,-,,1,0,1,0,0,0,0,0,0,"- ","- ",,,STANISLAUS,CERES,-120.938734,37.580559999999998
6854163,2014,2016-01-13,9465,2014-05-13,0350,15816,,2,3,9,5000,0,1,3,,2,022,"RT 120","LANCASTER RD",13728.00,E,N,A,-,Y,STA,10,120,-,-,14.040,H,-,E,Y,1,1,1,2,A,-,05,21460,A,N,A,C,A,A,H,-,D,D,0,,,,Y,Y,,A,01,0,0,1,0,0,0,0,0,0,"- ","- ",37.805140000000002,-120.70156,STANISLAUS,UNINCORPORATED,-120.70414194999999,37.804577070000001
6854166,2014,2015-12-18,9465,2014-05-30,2312,18998,,5,3,6,5002,0,1,3,,2,011,"RT 99","SIERRA DR",453.00,N,N,A,-,Y,STA,10,99,-,R,15.460,H,-,S,N,1,1,0,2,D,-,00,,,F,G,B,E,A,H,-,D,D,1,Y,,,,Y,Y,-,"- ",0,0,0,1,0,0,0,0,0,"- ","- ",37.631790000000002,-120.99845999999999,STANISLAUS,MODESTO,-120.99883778,37.632168700000001
6854167,2014,2015-04-15,9465,2014-05-31,1410,18452,,6,2,9,5000,0,1,3,,1,031,"RT 132","SANTA FE AV",45.00,E,N,A,-,Y,STA,10,132,-,-,20.110,H,-,W,Y,1,1,6,3,A,-,03,22350,,N,C,C,A,A,H,-,A,A,0,,,,,Y,,D,22,1,3,2,0,0,0,0,0,0,"- ","- ",37.638300000000001,-120.9028,STANISLAUS,UNINCORPORATED,-120.90298835999999,37.638265949999997
6854210,2014,2016-01-11,9465,2014-10-27,1942,18292,,1,2,9,5000,0,1,1,,2,056,"RT 5","FINK RD",753.00,S,N,B,-,Y,STA,10,5,-,-,10.580,H,-,S,Y,1,1,1,3,D,-,00,,,F,E,J,A,A,H,-,D,D,1,,,,Y,Y,,-,"- ",0,1,0,0,0,0,0,0,0,"- ","- ",37.394350000000003,-121.13602,STANISLAUS,UNINCORPORATED,-121.13711665,37.39553076
6854242,2015,2015-04-14,9465,2015-02-15,2500,16917,,7,4,9,5000,0,3,5,,2,030,"MONTPELIER RD","HALL RD",3696.00,S,N,A,-,N,,,,,,,,,,Y,1,1,0,1,A,-,01,23152,A,N,E,I,A,A,H,-,D,D,0,,,,,Y,Y,D,22,0,0,0,0,0,0,0,0,0,"- ","- ",37.5777,-120.7306,STANISLAUS,UNINCORPORATED,,
6854647,2014,2015-05-15,5007,2014-08-16,2135,5749,,6,5,5,5007,0,0,0,,0,002,"EAST MARSHALL ST","UNION PACIFIC RAILROAD",0.00,,Y,A,-,N,,,,,,,,,,N,1,1,0,1,A,-,"- ",,,N,H,G,A,A,H,-,D,A,0,,Y,,,Y,,L,,0,0,0,0,0,1,0,0,0,"- ","- ",,,STANISLAUS,TURLOCK,,
6856612,2015,2016-09-13,9465,2015-03-02,1955,017477,,1,2,9,5000,0,1,3,,2,021,"RT 120","CLEVELAND AV",0.00,,Y,A,-,Y,STA,10,120,-,-,2.040,I,5,W,Y,2,0,2,3,A,-,03,22350,,N,C,C,A,A,H,-,D,D,0,,,,,Y,,A,07,2,0,0,0,0,0,0,0,0,"- ","- ",37.79139,-120.88439,STANISLAUS,UNINCORPORATED,-120.88643316,37.791475210000002
6864424,2015,2016-09-20,9465,2015-03-23,0830,16917,,1,1,9,5000,0,1,3,,2,011,"RT 99","RT 219",200.00,S,N,A,-,Y,STA,10,99,-,R,22.520,H,-,N,Y,2,0,1,2,A,-,08,22107,,N,E,I,A,A,D,-,A,D,1,,,Y,,Y,,C,02,1,0,0,0,0,0,0,0,1,"- ","- ",37.707799999999999,-121.0795,STANISLAUS,UNINCORPORATED,-121.08045361000001,37.70868857
6869865,2015,2015-06-04,5007,2015-02-13,1711,5694,,5,5,5,5007,0,0,0,,0,003,"LAMBERT WY","NORTH SODERQUIST RD",137.00,W,N,A,-,N,,,,,,,,,,N,2,0,1,2,A,-,11,21954,A,F,G,B,D,A,H,-,A,D,0,Y,,,,Y,,N,60,1,0,0,0,1,0,0,0,0,"- ","- ",,,STANISLAUS,TURLOCK,-120.86274220999999,37.49953
6879813,2015,2015-04-20,5002,2015-04-01,2243,11334,M430,3,5,6,5002,0,0,0,,0,032,"TUOLUMNE BL","FRESNO AV",45.00,E,N,A,-,N,,,,,,,,,,N,2,0,2,3,A,-,03,22350,,F,E,B,C,A,H,-,C,D,0,Y,,,,Y,Y,A,,1,1,0,0,2,0,0,0,0,"- ","- ",,,STANISLAUS,MODESTO,-121.00114463,37.627798740000003
6905617,2015,2015-05-21,9465,2015-04-09,1820,18410,,4,2,9,5000,0,1,3,,2,028,"RT 4","MILTON RD",0.00,,Y,A,-,Y,STA,10,4,-,-,4.540,I,5,E,N,1,1,5,3,A,-,09,21802,A,N,D,C,A,A,H,-,B,A,0,,,,,Y,,-,"- ",0,3,2,0,0,0,0,0,0,"- ","- ",37.944760000000002,-120.84375,STANISLAUS,UNINCORPORATED,-120.84376978,37.944763170000002
6911069,2015,2016-09-13,5004,2015-03-30,1456,252,RD28,1,5,3,5004,0,0,0,,0,00N,"RT 108","HALLMAN LN",179.00,W,N,A,-,Y,STA,10,120,-,-,5.540,H,-,W,Y,2,0,1,2,A,-,07,21658,A,N,D,C,A,A,H,-,A,D,0,,,Y,,Y,,A,01,1,0,0,0,0,0,0,0,1,"- ","- ",,,STANISLAUS,OAKDALE,-120.83972472000001,37.769277510000002
6911741,2014,2016-01-06,5004,2014-01-14,0557,170,RD15,2,5,3,5004,0,0,0,,0,00N,"RT 108/120","5TH AV",42.00,E,N,A,-,Y,STA,10,108,-,-,32.820,H,-,E,Y,2,0,1,2,A,-,08,22107,,N,D,C,A,A,H,-,C,A,0,,,Y,,Y,,A,01,1,0,0,0,0,0,0,0,1,"- ","- ",,,STANISLAUS,OAKDALE,-120.93266192999999,37.737917680000002
6914899,2015,2015-06-05,5002,2015-05-10,2123,10599,398,7,5,6,5002,0,0,0,,0,040,"G ST","BURNEY ST",0.00,,Y,A,-,N,,,,,,,,,,N,2,0,1,2,A,-,12,21453,A,N,D,G,A,A,H,-,C,A,0,,Y,,,Y,,L,,1,0,0,0,0,0,1,0,0,"- ","- ",,,STANISLAUS,MODESTO,-120.98892995,37.643709880000003
6919801,2015,2015-06-16,9465,2015-05-07,2230,18825,,4,3,9,5000,0,3,5,,2,030,"SOUTH 9TH ST","LATIMER AV",231.00,S,N,B,C,N,,,,,,,,,,N,2,0,1,2,A,-,11,21954,A,N,G,B,D,B,H,-,D,D,0,Y,,,,Y,,N,60,1,0,0,0,1,0,0,0,0,"- ","- ",37.617899999999999,-120.9847,STANISLAUS,UNINCORPORATED,-120.98478,37.617855650000003
6921451,2015,2015-05-28,9465,2015-04-23,1457,018259,,4,2,9,5000,0,3,5,,2,040,"BLAKER RD","SERVICE RD",2640.00,S,N,A,-,N,,,,,,,,,,Y,2,0,1,1,A,-,08,22107,,N,E,I,A,A,H,-,A,D,0,,,,,Y,,D,22,1,0,0,0,0,0,0,0,0,"- ","- ",37.572899999999997,-120.9661,STANISLAUS,UNINCORPORATED,-120.96618100000001,37.573090000000001
6927811,2015,2015-06-08,5002,2015-05-12,1349,10320,M169,2,5,6,5002,0,0,0,,0,034,"WOODLAND AV","ROSEMORE AV",0.00,,Y,A,-,N,,,,,,,,,,Y,2,0,3,2,A,-,12,22450,A,N,D,C,A,A,H,-,A,A,0,,,,,Y,,A,,1,2,0,0,0,0,0,0,0,"- ","- ",,,STANISLAUS,MODESTO,-121.04021991,37.65309997
6932888,2015,2016-12-05,9465,2015-05-17,0110,018825,,7,3,9,5000,0,1,1,,2,056,"RT 5","DAVIS RD",1538.00,N,N,A,-,Y,STA,10,5,-,-,9.740,H,-,S,Y,2,0,1,1,A,-,01,23152,A,N,E,I,A,A,H,-,D,D,1,,,,,Y,Y,A,01,1,0,0,0,0,0,0,0,0,"- ","- ",37.385199999999998,-121.13,STANISLAUS,UNINCORPORATED,-121.12985406,37.384829500000002
6935658,2015,2016-11-15,9465,2015-05-09,1714,020362,,6,2,9,5000,0,1,3,,2,012,"RT 132","CARPENTER RD",1014.00,W,N,A,-,Y,STA,10,132,-,-,13.230,H,-,E,Y,2,0,1,1,A,-,08,22107,,N,E,I,A,A,H,-,A,D,0,,,,,Y,,D,22,1,0,0,0,0,0,0,0,0,"- ","- ",37.63861,-121.03412,STANISLAUS,UNINCORPORATED,-121.03386061,37.638652460000003
6946467,2015,2015-07-16,9465,2015-06-01,0537,20362,,1,3,9,5000,0,3,5,,2,020,"MOUNTAIN VIEW RD","KEYES RD",0.00,,Y,A,-,N,,,,,,,,,,Y,2,0,1,2,A,-,12,22450,A,N,D,C,A,A,H,-,B,D,0,,,,Y,Y,,A,01,1,0,0,0,0,0,0,0,0,"- ","- ",37.551160000000003,-120.07634,STANISLAUS,UNINCORPORATED,-120.8790899,37.551219940000003
6946951,2015,2015-06-18,9465,2015-05-14,0750,18452,,4,1,9,5000,0,3,5,,2,030,"MONTE VISTA AV","LESTER RD",0.00,,Y,A,-,N,,,,,,,,,,N,2,0,1,2,A,-,09,21802,A,N,D,G,A,A,H,-,A,A,0,,Y,,,Y,,L,04,1,0,0,0,0,0,1,0,0,"- ","- ",37.521709999999999,-120.80312000000001,STANISLAUS,UNINCORPORATED,-120.80324994,37.521699949999999
6946955,2015,2016-11-19,9465,2015-05-16,1355,18452,,6,1,9,5000,0,1,3,,2,022,"RT 120","DILLWOOD RD",1056.00,W,N,A,-,Y,STA,10,120,-,-,7.880,H,-,W,Y,2,0,1,3,C,-,18,,,N,A,C,A,A,H,-,A,D,0,,,,,Y,,-,"- ",1,0,0,0,0,0,0,0,0,"- ","- ",37.776470000000003,-120.79828999999999,STANISLAUS,UNINCORPORATED,-120.79953508,37.776416429999998
6946956,2015,2015-06-24,9465,2015-05-22,1456,018452,,5,2,9,5000,0,3,5,,2,030,"BUSINESS PARK DR","FINCH RD",0.00,,Y,A,-,N,,,,,,,,,,Y,2,0,1,2,A,-,09,21802,A,N,D,C,A,A,H,-,A,A,0,,,,,Y,,D,22,1,0,0,0,0,0,0,0,0,"- ","- ",37.623539999999998,-120.93949000000001,STANISLAUS,UNINCORPORATED,-120.93948997,37.623679940000002
6957491,2015,2016-11-15,5004,2015-05-08,2047,190,RD13,5,5,3,5004,0,0,0,,0,00N,"RT 120","E ST",0.00,,Y,A,-,Y,STA,10,120,-,-,5.020,I,5,W,N,2,0,1,2,A,-,09,21802,A,N,H,G,A,A,H,-,C,A,0,,Y,,,Y,,L,04,1,0,0,0,0,0,1,0,0,"- ","- ",,,STANISLAUS,OAKDALE,-120.84783692000001,37.767829589999998
6960418,2015,2016-11-29,9465,2015-05-26,2040,018216,,2,2,9,5000,0,1,3,,2,041,"RT 99","MITCHELL RD",43824.00,S,N,A,-,Y,STA,10,99,-,R,9.860,H,-,N,N,2,0,2,1,A,-,01,23152,A,N,E,I,A,A,H,-,D,D,1,,,,,Y,Y,A,07,1,1,0,0,0,0,0,0,0,"- ","- ",37.57161,-120.93335,STANISLAUS,UNINCORPORATED,-120.93519163000001,37.572598579999998
6969146,2015,2015-07-07,9465,2015-06-07,1830,018452,,7,2,9,5000,0,3,5,,2,020,"RIVER RD","SAWYER AV",3696.00,E,N,A,-,N,,,,,,,,,,Y,2,0,3,1,A,-,01,23152,A,N,E,I,A,A,H,-,A,A,0,,,,,Y,Y,D,22,1,1,1,0,0,0,0,0,0,"- ","- ",37.777099999999997,-120.8954,STANISLAUS,UNINCORPORATED,-120.89661026,37.775757609999999
6969190,2015,2015-07-07,9465,2015-06-11,0835,014658,,4,1,9,5000,0,2,4,,2,016,"COFFEE RD","CLARIBEL RD",0.00,,Y,A,-,N,,,,,,,,,,Y,2,0,5,2,A,-,12,22450,A,N,D,C,A,A,D,-,A,C,0,,,,,Y,,D,22,1,1,3,0,0,0,0,0,0,"- ","- ",37.710990000000002,-120.9765,STANISLAUS,UNINCORPORATED,-120.9766399,37.711029959999998
6975692,2015,2016-11-15,9465,2015-06-18,0612,013082,,4,1,9,5000,0,1,3,,2,012,"RT 132","TEXAS RD",80.00,W,N,A,-,Y,STA,10,132,-,-,9.360,H,-,E,Y,2,0,6,2,A,-,05,21752,A,N,A,C,A,A,H,-,A,D,0,,,,,Y,,A,01,2,0,4,0,0,0,0,0,0,"- ","- ",37.637929999999997,-121.10330999999999,STANISLAUS,UNINCORPORATED,-121.104342,37.638014519999999
6992141,2015,2016-11-19,9465,2015-06-29,1800,017477,,1,2,9,5000,0,1,3,,2,021,"RT 120","WALNUT AV",0.00,,Y,A,-,Y,STA,10,120,-,-,1.540,I,5,E,Y,2,0,1,2,A,-,03,22350,,N,C,C,A,A,H,-,A,D,0,,,,,Y,,-,,1,0,0,0,0,0,0,0,0,"- ","- ",37.792079999999999,-120.8956,STANISLAUS,UNINCORPORATED,-120.89555430999999,37.792117040000001
6992257,2015,2017-01-10,9465,2015-07-12,1035,015604,,7,1,9,5000,0,1,3,,2,028,"RT 4","MILTON RD",22704.00,W,N,A,-,Y,STA,10,4,-,-,0.280,H,-,E,Y,2,0,2,3,A,-,05,21650,,N,B,C,A,A,H,-,A,D,0,,,,,Y,,-,"- ",1,1,0,0,0,0,0,0,0,"- ","- ",37.944870000000002,-120.92234000000001,STANISLAUS,UNINCORPORATED,-120.92110728999999,37.944867010000003
6992261,2015,2017-01-27,9465,2015-07-11,0627,020362,,6,1,9,5000,0,1,3,,2,041,"RT 99 N/B","MONTE VISTA AV",3214.00,N,N,A,-,Y,STA,10,99,-,R,6.330,H,-,N,Y,2,0,2,1,A,-,08,22107,,N,F,A,A,A,H,-,A,D,1,,,,,Y,,A,01,2,0,0,0,0,0,0,0,0,"- ","- ",37.527810000000002,-120.88849999999999,STANISLAUS,UNINCORPORATED,-120.88979243,37.530900250000002
7002089,2015,2016-11-19,9465,2015-06-28,0530,017542,,7,3,6,5002,0,1,3,,2,011,"RT 99","SIERRA DR",5.00,N,N,A,-,Y,STA,10,99,-,R,15.370,H,-,S,Y,2,0,1,1,A,-,01,23152,A,N,E,I,A,A,H,-,B,D,1,,,,,Y,Y,A,01,1,0,0,0,0,0,0,0,0,"- ","- ",37.631309999999999,-121.99838,STANISLAUS,MODESTO,-120.99807872,37.631034479999997
7002113,2015,2015-07-27,9465,2015-06-26,2055,018410,,5,2,9,5000,0,3,5,,2,010,"BLUE GUM AV","MORSE RD",1200.00,W,N,A,-,N,,,,,,,,,,Y,2,0,1,2,A,-,03,22350,,N,C,C,A,A,H,-,B,D,0,,,,,Y,,A,07,1,0,0,0,0,0,0,0,0,"- ","- ",37.660229999999999,-121.05383999999999,STANISLAUS,UNINCORPORATED,-121.05355446999999,37.660230599999998
7004982,2015,2015-07-24,5002,2015-07-08,1553,11478,MO74,3,5,6,5002,0,0,0,,0,064,"WEST RUMBLE RD",WYATT,0.00,,Y,A,-,N,,,,,,,,,,Y,2,0,2,2,A,-,09,21801,A,N,A,C,A,A,H,-,A,D,0,,,,,Y,,A,,1,0,1,0,0,0,0,0,0,"- ","- ",,,STANISLAUS,MODESTO,-121.02907986,37.681879889999998
7006397,2015,2016-01-15,5002,2015-09-24,0601,11186,M515,4,5,6,5002,0,0,0,,0,031,"CROWS LANDING RD","PECOS AV",50.00,S,N,A,-,N,,,,,,,,,,N,1,1,0,3,A,-,11,21954,A,F,G,B,D,A,H,-,C,D,0,Y,,,,Y,,N,60,0,0,0,1,0,0,0,0,0,"- ","- ",,,STANISLAUS,MODESTO,-120.9935861,37.616562770000002
7006564,2015,2016-04-15,5006,2015-12-07,0230,,,1,5,3,5006,0,0,0,,0,,"RT 108","PATTERSON RD",30.00,W,N,A,-,Y,STA,10,108,-,-,31.760,H,-,E,Y,1,1,0,1,A,-,01,23152,A,N,E,I,A,A,H,-,C,A,0,,,,,Y,Y,A,01,0,0,0,0,0,0,0,0,0,"- ","- ",37.732590000000002,-120.94508999999999,STANISLAUS,RIVERBANK,-120.94645408,37.732675209999996
7006783,2015,2016-01-14,5002,2015-07-02,1304,11226,M286,4,5,6,5002,0,0,0,,0,072,"WYLIE DR","BRIGHTON AV",300.00,E,N,A,-,N,,,,,,,,,,Y,1,1,0,1,A,-,08,22107,,N,E,I,A,A,H,-,A,D,0,,,,,Y,,A,01,0,0,0,0,0,0,0,0,0,"- ","- ",,,STANISLAUS,MODESTO,-120.96998379999999,37.657499999999999
7010540,2015,2015-08-04,9465,2015-07-13,0440,17477,,1,3,9,5000,0,3,5,,2,030,"MITCHELL RD","LAPHAM DR",142.00,S,N,A,-,N,,,,,,,,,,Y,2,0,2,1,A,-,01,23152,A,N,E,I,A,A,H,-,C,A,0,,,,,Y,Y,A,01,2,0,0,0,0,0,0,0,0,"- ","- ",37.637720000000002,-120.95725,STANISLAUS,UNINCORPORATED,-120.95726775,37.637401199999999
7020236,2015,2017-01-13,5002,2015-07-24,0757,11252,410,5,5,6,5002,0,0,0,,0,040,"G ST","6TH ST",0.00,,Y,A,-,Y,STA,10,99,-,R,15.377,R,4,N,Y,2,0,3,2,A,-,12,21453,A,N,D,C,A,A,H,-,A,A,0,,,,,Y,,A,,1,1,1,0,0,0,0,0,0,"- ","- ",,,STANISLAUS,MODESTO,-120.99781634999999,37.631127059999997
7033511,2015,2015-09-02,5002,2015-08-09,0122,10096,M478,7,5,6,5002,0,0,0,,0,041,"FINCH RD","MITCHELL RD",0.00,,Y,A,-,N,,,,,,,,,,Y,2,0,1,1,A,-,01,23152,A,N,E,I,A,-,H,-,C,A,0,,,,,Y,Y,-,,1,0,0,0,0,0,0,0,0,"- ","- ",,,STANISLAUS,MODESTO,-120.94402998,37.623409959999996
7047293,2015,2015-09-16,5006,2015-06-06,1220,501629,,6,5,3,5006,0,0,0,,0,,"PALMER AV","ROSS AV",0.00,,Y,A,-,N,,,,,,,,,,Y,2,0,1,2,A,-,12,22450,A,N,D,C,A,A,H,-,A,-,0,,,,,Y,,-,,1,0,0,0,0,0,0,0,0,"- ","- ",,,STANISLAUS,RIVERBANK,-120.94271994,37.731799889999998
7059326,2015,2015-10-08,5007,2015-09-20,2302,5737,,7,5,5,5007,0,0,0,,0,001,"GEER RD","EAST MONTE VISTA AV",0.00,,Y,A,-,N,,,,,,,,,,Y,2,0,3,2,A,-,12,21453,A,N,D,C,A,A,H,-,C,A,0,,,,,Y,,A,01,1,0,2,0,0,0,0,0,0,"- ","- ",,,STANISLAUS,TURLOCK,-120.84887995,37.521949929999998
7062675,2015,2015-11-24,5001,2015-10-24,0028,795,,6,5,4,5001,0,0,0,,0,001,HERNDON,HATCH,182.00,S,N,A,-,N,,,,,,,,,,Y,2,0,2,3,A,-,11,21954,A,N,G,B,D,A,H,-,D,D,0,Y,,,,Y,,N,60,1,1,0,0,2,0,0,0,0,"- ","- ",,,STANISLAUS,CERES,-120.97422,37.609299999999998