CASE_ID,ACCIDENT_YEAR,PROC_DATE,JURIS,COLLISION_DATE,COLLISION_TIME,OFFICER_ID,REPORTING_DISTRICT,DAY_OF_WEEK,CHP_SHIFT,POPULATION,CNTY_CITY_LOC,SPECIAL_COND,BEAT_TYPE,CHP_BEAT_TYPE,CITY_DIVISION_LAPD,CHP_BEAT_CLASS,BEAT_NUMBER,PRIMARY_RD,SECONDARY_RD,DISTANCE,DIRECTION,INTERSECTION,WEATHER_1,WEATHER_2,STATE_HWY_IND,CALTRANS_COUNTY,CALTRANS_DISTRICT,STATE_ROUTE,ROUTE_SUFFIX,POSTMILE_PREFIX,POSTMILE,LOCATION_TYPE,RAMP_INTERSECTION,SIDE_OF_HWY,TOW_AWAY,COLLISION_SEVERITY,NUMBER_KILLED,NUMBER_INJURED,PARTY_COUNT,PRIMARY_COLL_FACTOR,PCF_CODE_OF_VIOL,PCF_VIOL_CATEGORY,PCF_VIOLATION,PCF_VIOL_SUBSECTION,HIT_AND_RUN,TYPE_OF_COLLISION,MVIW,PED_ACTION,ROAD_SURFACE,ROAD_COND_1,ROAD_COND_2,LIGHTING,CONTROL_DEVICE,CHP_ROAD_TYPE,PEDESTRIAN_ACCIDENT,BICYCLE_ACCIDENT,MOTORCYCLE_ACCIDENT,TRUCK_ACCIDENT,NOT_PRIVATE_PROPERTY,ALCOHOL_INVOLVED,STWD_VEHTYPE_AT_FAULT,CHP_VEHTYPE_AT_FAULT,COUNT_SEVERE_INJ,COUNT_VISIBLE_INJ,COUNT_COMPLAINT_PAIN,COUNT_PED_KILLED,COUNT_PED_INJURED,COUNT_BICYCLIST_KILLED,COUNT_BICYCLIST_INJURED,COUNT_MC_KILLED,COUNT_MC_INJURED,PRIMARY_RAMP,SECONDARY_RAMP,LATITUDE,LONGITUDE,COUNTY,CITY,POINT_X,POINT_Y
7080244,2015,2015-09-30,5002,2015-09-21,1929,11741,M99,1,5,6,5002,0,0,0,,0,034,"NORTH CARPENTER RD","WOODLAND AV",0.00,,Y,A,-,N,,,,,,,,,,Y,2,0,2,2,A,-,11,21456,B,N,G,B,B,A,H,-,C,A,0,Y,,Y,,Y,,N,,2,0,0,0,1,0,0,0,1,"- ","- ",,,STANISLAUS,MODESTO,-121.03104986,37.653209969999999
7080248,2015,2015-09-30,5002,2015-09-21,0830,10253,MY27,1,5,6,5002,0,0,0,,0,033,"PARADISE RD","SUTTER AV",0.00,,Y,A,-,N,,,,,,,,,,N,2,0,1,2,A,-,11,21954,A,N,G,B,E,A,H,-,A,A,0,Y,,,,Y,,N,,1,0,0,0,1,0,0,0,0,"- ","- ",,,STANISLAUS,MODESTO,-121.01184997,37.627819950000003
7080304,2015,2015-09-30,5002,2015-09-23,1728,11742,204,3,5,6,5002,0,0,0,,0,061,"WEST GRANGER AV","CALLE DE FLORES",122.00,W,N,A,-,N,,,,,,,,,,N,2,0,1,2,A,-,09,21804,A,N,D,G,A,A,H,-,A,D,0,,Y,,,Y,,L,,1,0,0,0,0,0,1,0,0,"- ","- ",,,STANISLAUS,MODESTO,-121.00303148,37.667479999999998
7135489,2015,2015-12-11,5002,2015-11-29,2316,11756,M290,7,5,6,5002,0,0,0,,0,071,"SCENIC DR","COFFEE RD",300.00,W,N,A,-,N,,,,,,,,,,Y,2,0,1,1,A,-,08,22107,,N,E,I,A,A,H,-,C,D,0,,,,,Y,,D,,1,0,0,0,0,0,0,0,0,"- ","- ",,,STANISLAUS,MODESTO,-120.97647406,37.64871806
7154859,2015,2017-02-02,5002,2015-12-30,2143,11780,M99,3,5,6,5002,0,0,0,,0,045,"YOSEMITE BL","RUFFINO AV",0.00,,N,A,-,Y,STA,10,132,-,-,16.270,I,5,W,Y,2,0,1,2,A,-,10,21950,,N,G,B,B,A,H,-,C,D,0,Y,,,,Y,Y,-,,1,0,0,0,1,0,0,0,0,"- ","- ",,,STANISLAUS,MODESTO,-120.97295179,37.638202900000003
7154863,2015,2016-01-11,5002,2015-12-12,1135,10384,189,6,5,6,5002,0,0,0,,0,061,"WEST ORANGEBURG AV","KEARNEY AV",0.00,,Y,A,-,N,,,,,,,,,,Y,2,0,4,2,A,-,12,21453,A,N,D,C,A,A,H,-,A,A,0,,,,,Y,,-,,1,1,2,0,0,0,0,0,0,"- ","- ",,,STANISLAUS,MODESTO,-121.01671985999999,37.664069949999998
7170928,2015,2016-02-01,5002,2015-08-27,2001,11186,290,4,5,6,5002,0,0,0,,0,072,"COFFEE RD","LUCERN AV",450.00,S,N,A,-,N,,,,,,,,,,N,2,0,1,2,A,-,03,22350,,N,G,B,D,A,H,-,C,D,0,Y,,,,Y,,A,01,1,0,0,0,1,0,0,0,0,"- ","- ",,,STANISLAUS,MODESTO,-120.97556464,37.651464220000001
7171110,2015,2016-02-01,5003,2015-06-20,1113,N201,RDNM,6,5,2,5003,0,0,0,,0,0NM,"SHERMAN PKWY","BALSAM DR",109.00,E,N,A,-,N,,,,,,,,,,Y,2,0,2,1,A,-,08,22107,,N,E,I,A,A,H,-,A,D,0,,,,,Y,,A,01,1,1,0,0,0,0,0,0,0,"- ","- ",,,STANISLAUS,NEWMAN,-121.01862414,37.326598779999998
7183997,2016,2017-02-11,5002,2016-01-21,2124,11675,057,4,5,6,5002,0,0,0,,0,053,"MCHENRY AV","WOODROW AV",0.00,S,N,A,-,Y,STA,10,108,-,-,25.810,H,-,W,N,2,0,1,2,D,-,00,,,N,G,B,D,A,H,-,C,A,0,Y,,,,Y,,-,"- ",1,0,0,0,1,0,0,0,0,"- ","- ",,,STANISLAUS,MODESTO,-120.99424707999999,37.685232310000004
7190044,2016,2016-03-21,5007,2016-01-06,1728,5745,TURLO,3,5,5,5007,0,0,0,,0,001,"OLIVE AV","FULLERTON RD",119.00,S,N,A,-,N,,,,,,,,,,N,1,1,0,2,A,-,00,21954,,N,G,B,D,A,H,-,B,A,0,Y,,,,Y,,N,60,0,0,0,1,0,0,0,0,0,"- ","- ",,,STANISLAUS,TURLOCK,-120.83983302999999,37.526713219999998
7190152,2016,2016-05-04,5002,2016-02-05,1030,11317,M410,5,5,6,5002,0,0,0,,0,044,"RT 132","D ST",6.00,N,N,A,-,Y,STA,10,132,-,-,14.983,I,5,W,N,1,1,0,2,A,-,08,22107,,N,D,G,A,A,H,-,A,A,0,,Y,,Y,Y,,L,04,0,0,0,0,0,1,0,0,0,"- ","- ",,,STANISLAUS,MODESTO,-120.99665498,37.635939039999997
7190342,2016,2016-09-13,5002,2016-05-26,0534,11317,151,4,5,6,5002,0,0,0,,0,073,"CLAUS RD","MILNES RD",280.00,N,N,A,-,N,,,,,,,,,,Y,1,1,2,2,A,-,05,21460,A,N,A,C,A,A,H,-,B,D,0,,,,,Y,,A,01,2,0,0,0,0,0,0,0,0,"- ","- ",,,STANISLAUS,MODESTO,-120.92149633,37.6825689
7190525,2016,2017-03-30,5007,2016-09-01,1449,5694,5007,4,5,5,5007,0,0,0,,0,005,"EAST OLIVE AV","NORTH PALM ST",0.00,,Y,A,-,N,,,,,,,,,,N,1,1,0,2,A,-,17,21451,A,N,G,B,B,A,H,-,A,A,0,Y,,,,Y,,A,01,0,0,0,1,0,0,0,0,0,"- ","- ",,,STANISLAUS,TURLOCK,-120.84397,37.49752994
7190536,2016,2016-11-08,5002,2016-06-17,1248,11023,M558,5,5,6,5002,0,0,0,,0,031,"WEST HATCH RD","USTICK RD",555.00,E,N,A,-,N,,,,,,,,,,Y,1,1,0,2,A,-,08,22107,,N,C,E,A,A,H,-,A,D,0,,,,Y,Y,,A,01,0,0,0,0,0,0,0,0,0,"- ","- ",,,STANISLAUS,MODESTO,-121.00996991,37.606936390000001
7190665,2016,2017-02-13,5007,2016-11-04,2032,5743,5007,5,5,5,5007,0,0,0,,0,005,"NORTH GOLDEN STATE BL","FULKERTH RD",19.00,S,N,A,-,N,,,,,,,,,,Y,1,1,1,2,A,-,11,21456,B,N,-,B,B,A,H,-,C,A,0,Y,,,,Y,,N,60,0,1,0,1,0,0,0,0,0,"- ","- ",,,STANISLAUS,TURLOCK,,
7195530,2016,2017-02-11,5002,2016-02-07,1942,11621,095,7,5,6,5002,0,0,0,,0,053,"RT 108","UNION AV",0.00,,Y,A,-,Y,STA,10,108,-,-,26.350,I,5,W,Y,2,0,1,2,A,-,11,21456,B,N,G,B,B,A,H,-,C,A,0,Y,,,,Y,Y,N,,1,0,0,0,1,0,0,0,0,"- ","- ",,,STANISLAUS,MODESTO,-120.99437457000001,37.693183380000001
7198754,2016,2016-03-09,5001,2016-02-26,1716,790,5001,5,5,4,5001,0,0,0,,0,003,"MONTEREY PINE","BEECH WY",24.00,N,N,A,-,N,,,,,,,,,,N,2,0,1,2,C,-,18,,,N,G,B,E,A,H,-,A,D,0,Y,,,,Y,,-,"- ",1,0,0,0,1,0,0,0,0,"- ","- ",,,STANISLAUS,CERES,-120.92900942,37.602795909999998
7199653,2016,2016-05-25,5002,2016-02-01,0942,11226,M408,1,5,6,5002,0,0,0,,0,044,"RT 132","S MORTON AV",334.00,W,N,A,-,Y,STA,10,132,-,-,15.560,H,-,E,Y,1,1,1,1,A,-,08,22107,,N,E,I,A,A,H,-,A,D,0,,,,,Y,,A,01,0,1,0,0,0,0,0,0,0,"- ","- ",,,STANISLAUS,MODESTO,-120.98582639999999,37.637317899999999
7199656,2016,2016-05-24,5002,2016-03-27,0435,11023,M359,7,5,6,5002,0,0,0,,0,032,"S EMERALD AV","SANDBURG AV",257.00,N,N,A,-,N,,,,,,,,,,Y,1,1,0,4,A,-,01,23152,A,N,B,C,A,A,H,-,C,D,0,,,,,Y,Y,A,01,0,0,0,0,0,0,0,0,0,"- ","- ",,,STANISLAUS,MODESTO,-121.02103575,37.637125679999997
7200234,2017,2018-02-13,5006,2017-01-28,1831,S01836,RSS,6,5,3,5006,0,0,0,,0,MAIT,"RT 108","OAKDALE RD",455.00,W,N,A,-,Y,STA,10,108,-,-,30.960,H,-,E,Y,1,1,0,2,A,-,11,21954,A,N,G,B,D,A,H,-,C,D,0,Y,,,,Y,,N,60,0,0,0,1,0,0,0,0,0,"- ","- ",,,STANISLAUS,RIVERBANK,-120.96034089,37.7326482
8013814,2016,2016-04-14,5002,2016-03-29,1502,10542,390,2,5,6,5002,0,0,0,,0,041,"H ST","15TH ST",0.00,,Y,A,-,N,,,,,,,,,,Y,2,0,1,2,A,-,09,21802,A,N,D,C,A,A,H,-,A,D,0,,,Y,,Y,,A,,1,0,0,0,0,0,0,0,1,"- ","- ",,,STANISLAUS,MODESTO,-120.99319997000001,37.642179910000003
8026287,2016,2016-04-26,5002,2016-04-11,2045,11478,458,1,5,6,5002,0,0,0,,0,042,"HADDON AV",PHOENIX,200.00,E,N,A,-,N,,,,,,,,,,N,2,0,1,2,A,-,11,21956,,N,G,B,E,A,H,-,C,D,0,Y,,,,Y,,N,,1,0,0,0,1,0,0,0,0,"- ","- ",,,STANISLAUS,MODESTO,-120.96165929999999,37.641710000000003
8026331,2016,2016-04-22,5002,2016-03-04,0947,11186,M165,5,5,6,5002,0,0,0,,0,072,"ROSELLE AV","FLOYD AV",460.00,S,N,B,-,N,,,,,,,,,,N,2,0,1,2,A,-,11,21954,A,N,D,G,A,A,H,-,-,A,0,,Y,,,Y,,L,04,1,0,0,0,0,0,1,0,0,"- ","- ",,,STANISLAUS,MODESTO,-120.939678,37.676962000000003
8039556,2016,2016-05-13,5007,2016-04-16,2051,5757,,6,5,5,5007,0,0,0,,0,005,"N GOLDEN STATE","W CANAL",158.00,S,N,A,-,N,,,,,,,,,,Y,2,0,2,4,A,-,01,23152,A,N,C,C,A,A,H,-,C,A,0,,,,,Y,Y,-,,1,0,1,0,0,0,0,0,0,"- ","- ",,,STANISLAUS,TURLOCK,-120.85045887,37.500045219999997
8041031,2016,2016-05-19,5002,2016-05-14,1809,11509,M99,6,5,6,5002,0,0,0,,0,042,"SANTA CRUZ AV",OREGON,30.00,S,N,A,-,N,,,,,,,,,,Y,2,0,1,4,A,-,01,23152,E,N,A,B,C,A,H,-,A,D,0,Y,,,,Y,Y,A,,1,0,0,0,1,0,0,0,0,"- ","- ",,,STANISLAUS,MODESTO,-120.97472046,37.63094761
8041035,2016,2016-05-19,5002,2016-05-11,2150,11776,085,3,5,6,5002,0,0,0,,0,062,"WEST RUMBLE RD","CARVER RD",0.00,,Y,A,-,N,,,,,,,,,,N,2,0,1,2,A,-,09,21802,A,N,D,G,A,A,H,-,C,D,0,,Y,,,Y,,L,,1,0,0,0,0,0,1,0,0,"- ","- ",,,STANISLAUS,MODESTO,-121.02231996,37.681719889999997
8069731,2016,2016-06-27,5002,2016-06-06,2302,11856,229,1,5,6,5002,0,0,0,,0,081,"TULLY RD","LEONARD AV",150.00,N,N,A,-,N,,,,,,,,,,N,2,0,1,2,A,-,11,21954,A,N,G,B,D,A,H,-,D,D,0,Y,,,,Y,,N,,1,0,0,0,1,0,0,0,0,"- ","- ",,,STANISLAUS,MODESTO,-121.01204742,37.655081359999997
8070634,2016,2016-06-28,5001,2016-06-21,1851,813,B103,2,5,4,5001,0,0,0,,0,006,"GINKO CT","WAYNESBORO DR",0.00,,N,A,-,N,,,,,,,,,,N,2,0,1,2,A,-,03,22350,,N,D,G,A,A,H,-,A,D,0,,Y,,,Y,,-,,1,0,0,0,0,0,1,0,0,"- ","- ",37.603870000000001,-120.93138999999999,STANISLAUS,CERES,-120.93084987,37.603849969999999
8084363,2016,2016-07-28,5007,2016-06-24,1213,5517,,5,5,5,5007,0,0,0,,0,002,"F ST","5TH ST",0.00,,Y,A,-,N,,,,,,,,,,Y,2,0,2,2,A,-,09,21802,A,N,D,C,A,A,H,-,A,A,0,,,,,Y,,A,01,1,0,1,0,0,0,0,0,0,"- ","- ",,,STANISLAUS,TURLOCK,-120.84419986,37.485599929999999
8114623,2016,2017-03-03,5004,2016-08-22,1540,268,RD35,1,5,3,5004,0,0,0,,0,00S,"WEST F ST","N SCHOOL AV",145.00,W,N,A,-,Y,STA,10,108,-,-,37.500,H,-,W,Y,2,0,1,2,A,-,09,21801,A,N,D,C,A,A,H,-,A,D,0,,,Y,,Y,,A,01,1,0,0,0,0,0,0,0,1,"- ","- ",37.76202,-120.85914,STANISLAUS,OAKDALE,-120.85900311,37.761555489999999
8120901,2016,2016-09-15,5002,2016-09-01,0826,11861,190,4,5,6,5002,0,0,0,,0,061,"ROSEBURG AV","CARVER RD",9.00,E,N,A,-,N,,,,,,,,,,N,2,0,1,2,A,-,10,21950,A,N,G,B,B,A,H,-,A,D,0,Y,,,,Y,,A,,1,0,0,0,1,0,0,0,0,"- ","- ",,,STANISLAUS,MODESTO,-121.02194891000001,37.66052955
81303193,2020,2020-09-11,5002,2020-08-30,0442,13053,M704,7,5,6,5002,0,0,0,,0,MP42,"YOSEMITE BLVD","DALY AVE",0.00,,Y,A,-,Y,,,,,,,,,,Y,2,0,3,2,A,-,01,23152,A,N,D,C,A,A,H,-,C,A,0,,,,,Y,Y,A,01,1,2,0,0,0,0,0,0,0,"- ","- ",,,STANISLAUS,MODESTO,-120.96324920654297,37.638168334960938
81303222,2020,2020-09-11,5002,2020-09-05,1523,11712,516,6,5,6,5002,0,0,0,,0,MP31,"CROWS LANDING RD","KENDEE RD",0.00,,Y,A,-,Y,,,,,,,,,,Y,2,0,2,2,A,-,08,22107,,N,D,C,A,A,H,-,A,A,0,,,,,Y,,A,01,1,0,1,0,0,0,0,0,0,"- ","- ",,,STANISLAUS,MODESTO,-120.99368286132812,37.612571716308594
81313212,2020,2020-09-28,5002,2020-09-14,0902,11136,M407,1,5,6,5002,0,0,0,,0,MP41,"SR 132 (D ST)","12TH ST",0.00,,Y,B,-,Y,,,,,,,,,,N,2,0,1,2,A,-,10,21950,A,N,G,B,B,A,H,-,A,D,0,Y,,,,Y,,A,01,1,0,0,0,1,0,0,0,0,"- ","- ",,,STANISLAUS,MODESTO,,
81313213,2020,2020-09-28,5002,2020-09-14,1541,11046,488,1,5,6,5002,0,0,0,,0,MP32,"NIAN WAY","ROBERT WAY",0.00,,Y,A,-,N,,,,,,,,,,Y,2,0,1,2,A,-,03,22350,,N,D,C,A,A,H,-,A,D,0,,,Y,,Y,,C,02,1,0,0,0,0,0,0,0,1,"- ","- ",,,STANISLAUS,MODESTO,-121.01421356201172,37.617340087890625
81314548,2020,2020-09-30,5002,2020-07-29,1350,11267,M134,3,5,6,5002,0,0,0,,0,MP73,"OAKDALE RD","CLARATINA AVE",0.00,,Y,A,-,N,,,,,,,,,,Y,2,0,5,3,A,-,09,21802,A,N,D,C,A,A,H,-,A,A,0,,,,Y,Y,,A,01,2,2,1,0,0,0,0,0,0,"- ","- ",,,STANISLAUS,MODESTO,-120.95816802978516,37.699821472167969
81335292,2020,2020-10-30,5002,2020-10-27,0200,13307,,2,5,6,5002,0,0,0,,0,MP83,"STANDIFORD AVE","WESTPOINT DR",414.00,E,N,A,-,N,,,,,,,,,,Y,2,0,1,3,A,-,01,23152,A,M,C,E,A,A,H,-,C,D,0,,,,,Y,Y,A,01,1,0,0,0,0,0,0,0,0,"- ","- ",,,STANISLAUS,MODESTO,-120.999267578125,37.689178466796875
81338740,2020,2020-11-04,5002,2020-10-20,2316,13066,013,2,5,6,5002,0,0,0,,0,MP63,"STANDIFORD AVE","PRESCOTT RD",0.00,,Y,A,-,N,,,,,,,,,,Y,2,0,1,2,A,-,12,21453,A,F,D,C,A,A,H,-,C,C,0,,,,,Y,,A,01,1,0,0,0,0,0,0,0,0,"- ","- ",,,STANISLAUS,MODESTO,-121.03156280517578,37.689689636230469
81362505,2020,2020-12-10,5002,2020-07-19,1658,11267,,7,5,6,5002,0,0,0,,0,062,"SISK RD","PLAZA PARKWAY",0.00,,Y,A,-,N,,,,,,,,,,Y,1,1,4,2,A,-,01,23152,F,F,D,C,A,A,A,-,A,A,0,,,,,Y,,A,07,2,0,2,0,0,0,0,0,0,"- ","- ",,,STANISLAUS,MODESTO,-121.03832244873047,37.671108245849609
81362537,2020,2020-12-10,5002,2020-10-15,1420,13124,097,4,5,6,5002,0,0,0,,0,MP83,"SYLVAN AVE","DRAGOO PARK DR",80.00,W,N,A,-,N,,,,,,,,,,Y,2,0,1,1,A,-,08,22107,,N,E,I,A,A,H,-,A,A,0,,,,,Y,,A,01,1,0,0,0,0,0,0,0,0,"- ","- ",,,STANISLAUS,MODESTO,-120.98502349853516,37.688976287841797
81362695,2020,2020-12-10,5002,2020-11-15,0454,13106,M537,7,5,6,5002,0,0,0,,0,MP63,"PELANDALE AVE","SALIDA BLVD",0.00,,Y,E,-,N,,,,,,,,,,Y,2,0,2,1,A,-,03,22350,,N,E,I,A,A,H,-,C,A,0,,,,,Y,,A,01,1,1,0,0,0,0,0,0,0,"- ","- ",,,STANISLAUS,MODESTO,-121.07196807861328,37.698539733886719
81362697,2020,2020-12-10,5002,2020-11-15,1245,10043,M134,7,5,6,5002,0,0,0,,0,MP73,"OAKDALE RD","CLARATINA AVE",0.00,,Y,A,-,N,,,,,,,,,,Y,2,0,1,2,A,-,09,21801,A,N,D,C,A,A,H,-,A,A,0,,,Y,,Y,,D,22,1,0,0,0,0,0,0,0,1,"- ","- ",,,STANISLAUS,MODESTO,-120.95816802978516,37.699821472167969
81363986,2020,2020-12-11,5002,2020-11-13,0729,13195,123,5,5,6,5002,0,0,0,,0,MP72,"BRIGGSMORE AVE","COFFEE RD",960.00,W,N,A,-,N,,,,,,,,,,Y,2,0,1,1,A,-,03,22350,,N,F,A,A,A,H,-,A,D,0,,,,,Y,,A,01,1,0,0,0,0,0,0,0,0,"- ","- ",,,STANISLAUS,MODESTO,-120.97900390625,37.666961669921875
81374442,2020,2020-12-24,5002,2020-12-09,1954,11621,,3,5,6,5002,0,0,0,,0,MP63,"STANDIFORD AVE","CARVER RD",13.00,W,N,A,-,N,,,,,,,,,,Y,2,0,1,2,A,-,11,21955,,N,G,B,B,A,H,-,C,A,0,Y,,,,Y,,N,60,1,0,0,0,1,0,0,0,0,"- ","- ",,,STANISLAUS,MODESTO,-121.02247619628906,37.689441680908203
81374458,2020,2020-12-24,5002,2020-12-19,1310,13195,,6,5,6,5002,0,0,0,,0,MP73,"SYLVAN AVE","CARSON OAK DR",50.00,E,N,A,-,N,,,,,,,,,,N,2,0,1,1,A,-,17,21208,A,N,E,A,A,A,H,-,A,D,0,,Y,,,Y,,L,04,1,0,0,0,0,0,1,0,0,"- ","- ",,,STANISLAUS,MODESTO,-120.96009826660156,37.688968658447266
81376503,2020,2020-12-29,5002,2020-10-28,1355,11209,M026,3,5,6,5002,0,0,0,,0,MP83,"COLONIAL DR","CHARTER LN",6.00,S,N,A,-,N,,,,,,,,,,N,2,0,1,1,A,-,08,22107,,N,E,I,A,A,H,-,A,D,0,,,Y,,Y,,C,03,1,0,0,0,0,0,0,0,1,"- ","- ",,,STANISLAUS,MODESTO,-121.009033203125,37.690952301025391
81379077,2020,2021-01-01,5002,2020-09-30,0629,11023,M455,3,5,6,5002,0,0,0,,0,MP42,"STATE ROUTE 132 (YOSEMITE BL)","RUFFINO AV",12.00,W,N,A,-,Y,,,132,,,,,,,N,1,1,0,2,A,-,10,21950,A,N,G,B,B,A,H,-,C,D,0,Y,,,,Y,Y,D,22,0,0,0,1,0,0,0,0,0,"- ","- ",37.6380615234375,-120.97306060791016,STANISLAUS,MODESTO,-120.97306060791016,37.638202667236328
81382957,2020,2021-01-07,5002,2020-01-11,1851,11267,M136,6,5,6,5002,0,0,0,,0,MP72,"COFFEE RD","ENSENADA DR",115.00,N,N,B,-,N,,,,,,,,,,Y,1,1,0,2,A,-,01,23152,G,N,G,B,D,A,H,-,C,D,0,Y,,,,Y,Y,A,01,0,0,0,1,0,0,0,0,0,"- ","- ",,,STANISLAUS,MODESTO,-120.97578430175781,37.676074981689453
81394753,2021,2021-01-27,5002,2021-01-21,0917,11621,M117,4,5,6,5002,0,0,0,,0,MP82,"ORANGEBURG AVE","FIORI AVE",91.00,W,N,A,-,N,,,,,,,,,,Y,2,0,3,2,A,-,09,21801,A,N,A,C,A,A,H,-,A,D,0,,,Y,,Y,,A,01,1,1,1,0,0,0,0,0,1,"- ","- ",,,STANISLAUS,MODESTO,-120.98627471923828,37.663619995117188
81400282,2021,2021-02-02,5002,2021-01-29,1456,13095,M151,5,5,6,5002,0,0,0,,0,MP73,"CLAUS RD","FLOYD AVE",0.00,,Y,A,-,N,,,,,,,,,,Y,2,0,2,2,A,-,09,21802,A,N,D,C,A,A,H,-,A,A,0,,,,,Y,,A,07,1,0,1,0,0,0,0,0,0,"- ","- ",,,STANISLAUS,MODESTO,-120.92144012451172,37.678138732910156
81409588,2021,2021-02-17,5002,2021-02-14,2204,11697,,7,5,6,5002,0,0,0,,0,MP43,"COLFAX AVE","ADA ST",80.00,S,N,A,-,N,,,,,,,,,,N,2,0,1,1,A,-,08,22107,,N,E,J,A,A,H,-,C,D,0,,,Y,,Y,,C,03,1,0,0,0,0,0,0,0,1,"- ","- ",,,STANISLAUS,MODESTO,-120.95503997802734,37.64691162109375
81414848,2021,2021-02-25,5002,2021-02-12,1554,11621,M269,5,5,6,5002,0,0,0,,0,MP71,"COOLIDGE AVE","COFFEE RD",0.00,,Y,A,-,N,,,,,,,,,,N,2,0,1,2,A,-,05,21650,1,N,D,G,A,A,H,-,A,D,0,,Y,,,Y,,L,04,1,0,0,0,0,0,1,0,0,"- ","- ",37.665328979492188,-120.95762634277344,STANISLAUS,MODESTO,-120.9757080078125,37.665351867675781
81446699,2021,2021-04-09,5002,2021-03-16,2155,13017,M051,2,5,6,5002,0,0,0,,0,MP61,"CARPENTER RD","WOODLAND AVE",0.00,,Y,A,-,N,,,,,,,,,,N,2,0,1,2,A,-,12,21453,A,N,D,G,A,A,H,-,C,A,0,,Y,,,Y,,L,04,1,0,0,0,0,0,1,0,0,"- ","- ",37.6531982421875,-121.03115844726562,STANISLAUS,MODESTO,-121.03105163574219,37.653209686279297
81446725,2021,2021-04-09,5002,2021-04-05,1845,13196,M188,1,5,6,5002,0,0,0,,0,MP61,"ORANGEBURG AVE","KEARNEY AVE",0.00,,Y,A,-,Y,,,,,,,,,,Y,2,0,2,2,C,-,18,,,N,D,D,A,A,H,-,A,A,0,,,,,Y,,-,"- ",1,0,1,0,0,0,0,0,0,"- ","- ",37.664100646972656,-121.01663970947266,STANISLAUS,MODESTO,-121.01671600341797,37.664073944091797
81450820,2021,2021-04-15,5002,2021-03-30,1121,13066,,2,5,6,5002,0,0,0,,0,MP63,"DALE RD","PELANDALE AVE",0.00,,Y,A,-,N,,,,,,,,,,Y,2,0,1,2,A,-,12,21453,A,N,D,C,A,A,H,-,A,A,0,,,,,Y,,A,01,1,0,0,0,0,0,0,0,0,"- ","- ",37.700408935546875,-121.05010986328125,STANISLAUS,MODESTO,-121.05005645751953,37.700290679931641
81462840,2021,2021-04-30,5002,2021-03-24,2002,11698,M376,3,5,6,5002,0,0,0,,0,MP33,"MAZE BLVD","L ST",0.00,,Y,A,-,Y,,,,,,,,,,Y,2,0,3,3,A,-,01,23152,A,N,A,D,A,A,H,-,C,D,0,,,,Y,Y,Y,A,01,1,1,1,0,0,0,0,0,0,"- ","- ",37.638629913330078,-121.00794219970703,STANISLAUS,MODESTO,-121.00730895996094,37.638881683349609
81462862,2021,2021-04-30,5002,2021-04-09,1938,11698,M499,5,5,6,5002,0,0,0,,0,MP32,"TUOLUMNE BLVD","LEON AVE",0.00,,Y,A,-,N,,,,,,,,,,Y,2,0,1,2,A,-,09,21801,A,N,D,C,A,A,H,-,C,A,0,,,Y,,Y,Y,A,01,1,0,0,0,0,0,0,0,1,"- ","- ",37.627838134765625,-121.00949096679688,STANISLAUS,MODESTO,-121.009521484375,37.627822875976562
81463667,2021,2021-05-03,5002,2021-04-15,1251,13110,M166,4,5,6,5002,0,0,0,,0,MP72,"CLAUS RD","BRIGGSMORE AVE",0.00,,Y,A,-,N,,,,,,,,,,Y,2,0,1,3,A,-,12,21453,A,N,D,C,A,A,H,-,A,A,0,,,,Y,Y,,A,01,1,0,0,0,0,0,0,0,0,"- ","- ",37.666881561279297,-120.92128753662109,STANISLAUS,MODESTO,-120.92128753662109,37.666900634765625
81500872,2021,2021-06-21,5002,2021-05-15,0507,13055,M410,6,5,6,5002,0,0,0,,0,MP41,"G ST","9TH ST",0.00,,Y,A,-,Y,,,,,,,,,,Y,2,0,1,2,A,-,12,21453,A,N,D,C,A,A,H,-,B,A,0,,,,,Y,,-,"- ",1,0,0,0,0,0,0,0,0,"- ","- ",37.636878967285156,-120.99781799316406,STANISLAUS,MODESTO,-120.99784851074219,37.636856079101562
81517553,2021,2021-07-12,5002,2021-06-24,1834,13290,M304,4,5,6,5002,0,0,0,,0,MP71,"OAKDALE RD","COUNTY CENTER 3 CT",245.00,S,N,A,-,N,,,,,,,,,,Y,2,0,1,2,A,-,09,21804,A,N,D,C,A,A,H,-,A,A,0,,,Y,,Y,,A,01,1,0,0,0,0,0,0,0,1,"- ","- ",37.655570983886719,-120.95742797851562,STANISLAUS,MODESTO,-120.95742797851562,37.654899597167969
81528029,2021,2021-07-26,5002,2021-06-12,2000,11646,M359,6,5,6,5002,0,0,0,,0,MP33,"CARPENTER RD","CALIFORNIA AVE",0.00,,Y,A,-,N,,,,,,,,,,Y,2,0,4,2,A,-,09,21802,A,N,D,C,A,A,H,-,B,A,0,,,,,Y,,A,07,1,0,3,0,0,0,0,0,0,"- ","- ",37.631389617919922,-121.03054809570312,STANISLAUS,MODESTO,-121.03054809570312,37.631404876708984
81545032,2021,2021-08-16,5002,2021-08-10,1059,13393,RD009,2,5,6,5002,0,0,0,,0,MP63,"CARVER RD","PELANDALE AVE",52.00,S,N,A,-,N,,,,,,,,,,N,2,0,1,2,C,-,18,,,N,G,B,F,A,H,-,A,D,0,Y,,,,Y,,-,"- ",1,0,0,0,1,0,0,0,0,"- ","- ",37.700408935546875,-121.02256011962891,STANISLAUS,MODESTO,-121.02261352539062,37.700187683105469
81550693,2021,2021-08-23,5002,2021-08-18,1317,11754,M314,3,5,6,5002,0,0,0,,0,MP43,"EL VISTA AVE","EDGEBROOK DR (S)",123.00,S,N,A,-,N,,,,,,,,,,N,2,0,1,2,A,-,05,21202,A,F,D,G,A,A,H,-,A,A,0,,Y,,,Y,,L,04,1,0,0,0,0,0,1,0,0,"- ","- ",37.649761199951172,-120.95738220214844,STANISLAUS,MODESTO,-120.95732116699219,37.650093078613281