CASE_ID,ACCIDENT_YEAR,PROC_DATE,JURIS,COLLISION_DATE,COLLISION_TIME,OFFICER_ID,REPORTING_DISTRICT,DAY_OF_WEEK,CHP_SHIFT,POPULATION,CNTY_CITY_LOC,SPECIAL_COND,BEAT_TYPE,CHP_BEAT_TYPE,CITY_DIVISION_LAPD,CHP_BEAT_CLASS,BEAT_NUMBER,PRIMARY_RD,SECONDARY_RD,DISTANCE,DIRECTION,INTERSECTION,WEATHER_1,WEATHER_2,STATE_HWY_IND,CALTRANS_COUNTY,CALTRANS_DISTRICT,STATE_ROUTE,ROUTE_SUFFIX,POSTMILE_PREFIX,POSTMILE,LOCATION_TYPE,RAMP_INTERSECTION,SIDE_OF_HWY,TOW_AWAY,COLLISION_SEVERITY,NUMBER_KILLED,NUMBER_INJURED,PARTY_COUNT,PRIMARY_COLL_FACTOR,PCF_CODE_OF_VIOL,PCF_VIOL_CATEGORY,PCF_VIOLATION,PCF_VIOL_SUBSECTION,HIT_AND_RUN,TYPE_OF_COLLISION,MVIW,PED_ACTION,ROAD_SURFACE,ROAD_COND_1,ROAD_COND_2,LIGHTING,CONTROL_DEVICE,CHP_ROAD_TYPE,PEDESTRIAN_ACCIDENT,BICYCLE_ACCIDENT,MOTORCYCLE_ACCIDENT,TRUCK_ACCIDENT,NOT_PRIVATE_PROPERTY,ALCOHOL_INVOLVED,STWD_VEHTYPE_AT_FAULT,CHP_VEHTYPE_AT_FAULT,COUNT_SEVERE_INJ,COUNT_VISIBLE_INJ,COUNT_COMPLAINT_PAIN,COUNT_PED_KILLED,COUNT_PED_INJURED,COUNT_BICYCLIST_KILLED,COUNT_BICYCLIST_INJURED,COUNT_MC_KILLED,COUNT_MC_INJURED,PRIMARY_RAMP,SECONDARY_RAMP,LATITUDE,LONGITUDE,COUNTY,CITY,POINT_X,POINT_Y
81557626,2021,2021-08-30,5002,2021-07-05,0125,13028,M237,1,5,6,5002,0,0,0,,0,MP82,"MC HENRY AVE","MORRIS AVE",0.00,,Y,A,-,Y,,,,,,,,,,N,2,0,1,2,A,-,06,21951,,F,G,B,B,A,H,-,C,A,0,Y,,,,Y,,A,01,1,0,0,0,1,0,0,0,0,"- ","- ",37.650848388671875,-120.99423980712891,STANISLAUS,MODESTO,-120.99378204345703,37.650978088378906
8156079,2016,2016-10-31,5002,2016-10-16,0920,11854,387,7,5,6,5002,0,0,0,,0,041,"H ST","14TH ST",0.00,,Y,B,C,N,,,,,,,,,,Y,2,0,2,2,A,-,12,21453,A,N,D,-,A,B,H,-,A,A,0,,,,,Y,,A,,1,1,0,0,0,0,0,0,0,"- ","- ",,,STANISLAUS,MODESTO,-120.99416999,37.64144993
81562832,2021,2021-09-06,5002,2021-08-15,0757,13006,,7,5,6,5002,0,0,0,,0,MP42,"YOSEMITE BLVD","DALY AVE",92.00,E,N,A,-,Y,,,,,,,,,,Y,2,0,1,1,A,-,05,21650,,N,E,I,A,A,H,-,A,A,0,,,,,Y,,A,01,1,0,0,0,0,0,0,0,0,"- ","- ",37.638198852539062,-120.96338653564453,STANISLAUS,MODESTO,-120.96292877197266,37.638168334960938
81571587,2021,2021-09-16,5002,2021-08-21,0238,13244,052,6,5,6,5002,0,0,0,,0,MP61,"KANSAS AVE","MERCY AVE",83.00,E,N,A,-,N,,,,,,,,,,Y,2,0,2,1,A,-,01,23152,A,N,E,I,A,A,H,-,C,D,0,,,,,Y,Y,A,07,1,1,0,0,0,0,0,0,0,"- ","- ",37.645870208740234,-121.04460144042969,STANISLAUS,MODESTO,-121.04432678222656,37.645862579345703
81592390,2021,2021-10-11,5002,2021-06-14,0314,11621,M054,1,5,6,5002,0,0,0,,0,MP83,"SR-108 (MCHENRY AVE)","WARREN WAY",269.00,S,N,A,-,Y,,,108,,,,,,,N,1,1,0,2,D,-,00,,,N,G,B,D,A,H,-,C,D,0,Y,,,,Y,,-,"- ",0,0,0,1,0,0,0,0,0,"- ","- ",37.691139221191406,-120.99439239501953,STANISLAUS,MODESTO,-120.99443054199219,37.691139221191406
81598402,2021,2021-10-18,5002,2021-07-21,1733,11698,M376,3,5,6,5002,0,0,0,,0,,"L ST","5TH ST",0.00,,Y,A,-,Y,,,,,,,,,,Y,2,0,1,1,A,-,03,22350,,N,F,A,A,A,B,-,A,A,0,,,Y,,Y,,C,02,1,0,0,0,0,0,0,0,1,"- ","- ",37.638900756835938,-121.00730895996094,STANISLAUS,MODESTO,-121.00730895996094,37.638881683349609
81604321,2021,2021-10-25,5002,2021-09-09,2100,13268,M318,4,5,6,5002,0,0,0,,0,MP43,"RIVERSIDE DR","HADDON AVE",5.00,S,N,A,-,Y,,,,,,,,,,Y,2,0,1,3,A,-,03,22350,,F,C,C,A,A,H,-,C,A,0,,,Y,,Y,,A,01,1,0,0,0,0,0,0,0,1,"- ","- ",37.641441345214844,-120.9486083984375,STANISLAUS,MODESTO,-120.94808959960938,37.641716003417969
81611431,2021,2021-11-01,5002,2021-09-21,1950,13281,M017,2,5,6,5002,0,0,0,,0,MP62,"PRESCOTT RD","KIT LN",213.00,S,N,A,-,N,,,,,,,,,,N,2,0,1,2,A,-,11,21950,B,N,G,B,D,A,H,-,C,D,0,Y,,,,Y,,N,60,1,0,0,0,1,0,0,0,0,"- ","- ",37.684200286865234,-121.03151702880859,STANISLAUS,MODESTO,-121.03147125244141,37.683624267578125
81611609,2021,2021-11-01,5002,2021-09-25,2223,13342,M304,6,5,6,5002,0,0,0,,0,MP71,"OAKDALE RD","WYLIE DR",280.00,S,N,A,-,N,,,,,,,,,,N,2,0,1,2,A,-,11,21954,A,N,G,B,D,A,H,-,D,D,0,Y,,,,Y,Y,N,60,1,0,0,0,1,0,0,0,0,"- ","- ",37.6580810546875,-120.95745849609375,STANISLAUS,MODESTO,-120.95750427246094,37.657352447509766
81615571,2021,2021-11-04,5002,2021-10-14,0744,11661,424,4,5,6,5002,0,0,0,,0,MP41,"6TH ST","G ST",9.00,S,N,A,-,N,,,,,,,,,,Y,2,0,1,2,A,-,12,21453,A,N,D,C,A,A,H,-,A,A,0,,,,,Y,,A,01,1,0,0,0,0,0,0,0,0,"- ","- ",37.634750366210938,-121.00064849853516,STANISLAUS,MODESTO,-121.00067901611328,37.634700775146484
81635771,2021,2021-11-29,5002,2021-07-21,2152,11789,409,3,5,6,5002,0,0,0,,0,MP41,"B ST","BEARD ST",160.00,W,N,A,-,N,,,,,,,,,,N,1,1,0,2,A,-,11,21954,A,N,G,B,E,A,H,-,C,D,0,Y,,,,Y,,N,60,0,0,0,1,0,0,0,0,0,"- ","- ",37.631198883056641,-120.99324798583984,STANISLAUS,MODESTO,-120.99364471435547,37.63092041015625
81635788,2021,2021-11-29,5002,2021-11-11,2211,13244,M320,4,5,6,5002,0,0,0,,0,MP43,"SR 132 (YOSEMITE BLVD)","RIVERSIDE DR",0.00,,Y,A,-,Y,,,,,,,,,,Y,2,0,1,2,A,-,01,23152,A,N,D,C,A,A,H,-,C,D,0,,,,,Y,Y,D,22,1,0,0,0,0,0,0,0,0,"- ","- ",,,STANISLAUS,MODESTO,-120.94808197021484,37.638145446777344
81649629,2021,2021-12-13,5002,2021-09-13,0759,11531,M176,1,5,6,5002,0,0,0,,0,MP61,"W. ORANGEBURG AV","MARTIN AV",0.00,,Y,A,-,N,,,,,,,,,,Y,2,0,2,3,A,-,10,21950,A,N,G,B,B,A,H,-,A,A,0,Y,,,,Y,,A,01,2,0,0,0,2,0,0,0,0,"- ","- ",,,STANISLAUS,MODESTO,-121.02565002441406,37.664173126220703
81649631,2021,2021-12-13,5002,2021-10-05,1933,11740,M284,2,5,6,5002,0,0,0,,0,MP81,"COFFEE RD","ORANGEBURG AVE",100.00,S,N,A,-,N,,,,,,,,,,Y,2,0,1,2,A,-,09,21801,A,N,D,C,A,A,H,-,C,D,0,,,Y,,Y,,A,01,1,0,0,0,0,0,0,0,1,"- ","- ",37.663520812988281,-120.95757293701172,STANISLAUS,MODESTO,-120.97567749023438,37.663276672363281
8165321,2016,2016-11-10,5002,2016-10-20,0830,11252,M416,4,5,6,5002,0,0,0,,0,041,"7TH ST","K ST",0.00,,Y,A,-,N,,,,,,,,,,Y,2,0,2,2,A,-,12,21453,A,N,D,C,A,A,H,-,A,A,0,,,,,Y,,-,,1,0,1,0,0,0,0,0,0,"- ","- ",,,STANISLAUS,MODESTO,-121.00429999000001,37.63934991
8165456,2016,2016-11-14,5002,2016-11-02,2254,11110,014,3,5,6,5002,0,0,0,,0,063,"SNYDER AV","ST NICHOLAS DR",190.00,W,N,A,-,N,,,,,,,,,,Y,2,0,4,2,A,-,01,23153,A,N,C,-,A,A,H,-,C,D,0,,,,,Y,Y,A,,1,3,0,0,0,0,0,0,0,"- ","- ",,,STANISLAUS,MODESTO,-121.03766659999999,37.696812190000003
8166597,2016,2017-01-20,5007,2016-11-03,2104,5697,,4,5,5,5007,0,0,0,,0,004,"WEST MONTE VISTA AV","DELS LN",0.00,,Y,A,-,N,,,,,,,,,,N,1,1,0,2,A,-,11,21456,B,N,G,B,B,A,H,-,C,A,0,Y,,,,Y,,N,60,0,0,0,1,0,0,0,0,0,"- ","- ",,,STANISLAUS,TURLOCK,-120.85811991999999,37.521809910000002
8166695,2016,2018-09-27,5002,2016-12-07,0758,11317,135,3,5,6,5002,0,0,0,,0,073,"COFFEE RD","EAST RUMBLE RD",0.00,,Y,A,-,N,,,,,,,,,,Y,1,1,1,2,A,-,12,21453,A,N,D,C,A,A,H,-,A,A,0,,,Y,,Y,,C,02,0,1,0,0,0,0,0,1,0,"- ","- ",,,STANISLAUS,MODESTO,-120.97598987000001,37.681679930000001
8166801,2016,2017-03-27,5005,2016-12-12,1538,S987,MODES,1,5,3,5005,0,0,0,,0,,"KEYSTONE PACIFIC PKWY","PARK CENTER DR",0.00,W,N,A,-,N,,,,,,,,,,Y,1,1,0,1,A,-,03,22350,,N,E,I,A,A,H,-,C,A,0,,,Y,,Y,,C,02,0,0,0,0,0,0,0,1,0,"- ","- ",,,STANISLAUS,PATTERSON,-121.16484987,37.475799960000003
8166878,2016,2017-04-07,5002,2016-12-17,0556,10384,427,6,5,6,5002,0,0,0,,0,033,"PARADISE RD","SUTTER AV",205.00,W,N,A,-,N,,,,,,,,,,N,1,1,0,2,D,-,00,,,F,G,B,D,A,H,-,C,D,0,Y,,,,Y,,-,"- ",0,0,0,1,0,0,0,0,0,"- ","- ",,,STANISLAUS,MODESTO,-121.01238098,37.627447709999998
8166977,2016,2018-08-08,5004,2016-08-03,0545,187,RD26,3,5,3,5004,0,0,0,,0,00N,"RT 108","STANISLAUS AV",0.00,,Y,A,-,Y,STA,10,108,-,-,37.425,I,5,W,Y,1,1,0,2,A,-,03,22350,,N,G,B,D,A,H,-,C,D,0,Y,,,,Y,,A,07,0,0,0,1,0,0,0,0,0,"- ","- ",37.760359999999999,-120.86187,STANISLAUS,OAKDALE,-120.86022091,37.761047789999999
8167176,2018,2018-06-05,5002,2018-02-05,1318,11226,M528,1,5,6,5002,0,0,0,,0,031,"WINMOORE WY","ANGELO WY",15.00,E,N,A,-,N,,,,,,,,,,Y,1,1,0,3,A,-,01,23152,A,N,E,E,A,A,H,-,A,D,0,,,,,Y,,D,22,0,0,0,0,0,0,0,0,0,"- ","- ",,,STANISLAUS,MODESTO,-120.98799896240234,37.605339050292969
8167191,2018,2018-06-06,5002,2018-03-14,2307,11621,136,3,5,6,5002,0,0,0,,0,073,"FLOYD AV","BAHIA WY",0.00,,Y,A,-,N,,,,,,,,,,Y,1,1,1,2,A,-,01,23152,A,F,D,C,A,A,H,-,C,D,0,,,,,Y,Y,A,01,0,1,0,0,0,0,0,0,0,"- ","- ",,,STANISLAUS,MODESTO,-120.97147369384766,37.678050994873047
8167271,2017,2018-08-23,5002,2017-08-22,1810,,,2,5,6,5002,0,0,0,,0,,"MERLE AV","ROTHCHILD DR",105.00,W,N,A,-,N,,,,,,,,,,Y,1,1,0,2,A,-,01,23152,A,N,C,G,A,A,H,-,A,D,0,,Y,,,Y,Y,A,01,0,0,0,0,0,1,0,0,0,"- ","- ",37.670929999999998,-120.92679,STANISLAUS,MODESTO,-120.92670274,37.670867149999999
81674271,2021,2022-01-10,5002,2021-09-19,1739,11621,M055,7,5,6,5002,0,0,0,,0,MP83,"SR-108 (MCHENRY AV)","ROBIN HOOD DR",282.00,N,N,A,-,Y,,,,,,,,,,Y,1,1,2,3,A,-,01,23152,A,N,D,C,A,A,H,-,A,D,0,,,,,Y,Y,D,22,0,1,1,0,0,0,0,0,0,"- ","- ",,,STANISLAUS,MODESTO,-120.99424743652344,37.686214447021484
8167556,2018,2018-05-14,5002,2018-01-10,2500,11023,M026,3,5,6,5002,0,0,0,,0,083,"TULLY RD","PALMILLA DR",165.00,N,N,B,-,N,,,,,,,,,,N,1,1,0,2,A,-,11,21956,,F,G,B,E,B,H,-,C,D,0,Y,,,,Y,,N,60,0,0,0,1,0,0,0,0,0,"- ","- ",37.696388244628906,-121.01252746582031,STANISLAUS,MODESTO,-121.01261901855469,37.696372985839844
8167880,2019,2020-01-13,5002,2019-07-24,1934,11773,M228,3,5,6,5002,0,0,0,,0,081,"RT 108","ROSEBURG AV",12.00,N,N,A,-,Y,STA,10,108,-,-,24.060,I,5,E,Y,2,0,1,2,A,-,10,21950,A,F,G,B,B,A,A,H,A,A,0,Y,,,,Y,,A,,1,0,0,0,1,0,0,0,0,"- ","- ",,,STANISLAUS,MODESTO,-120.99397277832031,37.659812927246094
81679014,2021,2022-01-17,5002,2021-03-03,1748,11789,,3,5,6,5002,0,0,0,,0,MP63,"PELANDALE AVE","TULLY RD",0.00,,Y,A,-,N,,,,,,,,,,Y,1,1,1,2,A,-,09,21453,C,N,F,A,A,A,H,-,B,A,0,,,Y,,Y,,A,01,0,0,1,0,0,0,0,1,0,"- ","- ",,,STANISLAUS,MODESTO,-121.01277923583984,37.700675964355469
8168205,2017,2019-03-14,5004,2017-04-07,1642,287,,5,5,3,5004,0,0,0,,0,EAST,"RT 108","S STEARNS RD",36.00,E,N,B,-,Y,STA,10,120,-,-,6.860,H,-,W,Y,1,1,2,3,A,-,08,22107,,N,C,C,A,A,H,-,A,A,0,,,,Y,Y,,D,22,0,1,1,0,0,0,0,0,0,"- ","- ",37.775840000000002,-120.81827,STANISLAUS,OAKDALE,-120.81830397,37.775853060000003
81684320,2022,2022-01-25,5002,2022-01-15,1841,13196,M580,6,5,6,5002,0,0,0,,0,MP71,"CLAUS RD","ORANGEBURG AVE",0.00,,Y,A,-,N,,,,,,,,,,N,2,0,1,2,A,-,11,21950,B,F,G,B,B,A,H,-,C,A,0,Y,,,,Y,,N,60,1,0,0,0,1,0,0,0,0,"- ","- ",37.663658142089844,-120.92131042480469,STANISLAUS,MODESTO,-120.92131805419922,37.663642883300781
81694057,2022,2022-02-07,5002,2022-01-28,1458,11789,,5,5,6,5002,0,0,0,,0,MP43,"CLAUS RD","CREEKWOOD DR",0.00,,Y,A,-,N,,,,,,,,,,N,2,0,1,2,A,-,12,21453,A,N,D,G,A,A,H,-,A,A,0,,Y,,,Y,,L,04,1,0,0,0,0,0,1,0,0,"- ","- ",37.649971008300781,-120.92118835449219,STANISLAUS,MODESTO,-120.92112731933594,37.649951934814453
81710304,2021,2022-02-28,5002,2021-11-24,1806,13286,M939,3,5,6,5002,0,0,0,,0,MP82,"ORANGEBURG AVE","ROOSEVELT DR",156.00,W,N,A,-,N,,,,,,,,,,N,2,0,1,2,A,-,08,22107,,F,C,G,A,A,H,-,B,D,0,,Y,,,Y,,D,22,1,0,0,0,0,0,1,0,0,"- ","- ",37.663890838623047,-121.0025634765625,STANISLAUS,MODESTO,-121.00297546386719,37.663856506347656
81730488,2022,2022-03-24,5002,2022-03-10,1944,13403,610,4,5,6,5002,0,0,0,,0,MP43,"LINCOLN AVE","PENNY LN",0.00,,Y,A,-,N,,,,,,,,,,Y,2,0,1,2,A,-,01,23152,A,N,D,C,A,A,H,-,C,D,0,,,Y,,Y,Y,A,01,1,0,0,0,0,0,0,0,1,"- ","- ",37.64501953125,-120.93955230712891,STANISLAUS,MODESTO,-120.93904876708984,37.645351409912109
81738539,2022,2022-04-01,5002,2022-02-21,1952,13343,,1,5,6,5002,0,0,0,,0,MP71,"OAKDALE RD","COUNTY CENTER 3 CT",0.00,,Y,B,-,N,,,,,,,,,,N,2,0,1,2,A,-,11,21950,B,F,G,B,B,A,H,-,C,A,0,Y,,,,Y,,-,99,1,0,0,0,1,0,0,0,0,"- ","- ",37.655570983886719,-120.95742797851562,STANISLAUS,MODESTO,-120.95745849609375,37.655567169189453
81761497,2022,2022-05-02,5002,2022-03-18,2359,13288,M219,5,5,6,5002,0,0,0,,0,MP81,"COLLEGE AVE","ROSEBURG AVE",324.00,N,N,A,-,N,,,,,,,,,,Y,2,0,2,4,A,-,05,21460,,N,B,C,A,A,H,-,C,D,0,,,,,Y,,-,"- ",1,0,1,0,0,0,0,0,0,"- ","- ",,,STANISLAUS,MODESTO,-121.007568359375,37.661270141601562
81761516,2022,2022-05-02,5002,2022-04-18,0812,11413,M151,1,5,6,5002,0,0,0,,0,MP73,"CLAUS RD","SYLVAN AVE",1135.00,S,N,A,-,N,,,,,,,,,,Y,2,0,1,2,A,-,05,21460,A,N,D,C,A,A,H,-,A,D,0,,,Y,,Y,,C,02,1,0,0,0,0,0,0,0,1,"- ","- ",37.689048767089844,-120.92147827148438,STANISLAUS,MODESTO,-120.92153167724609,37.6859130859375
8176362,2016,2016-11-29,5002,2016-11-11,1339,11813,M005,5,5,6,5002,0,0,0,,0,063,"STANDIFORD AV","DALE RD",386.00,E,N,A,-,N,,,,,,,,,,Y,2,0,1,2,A,-,09,21801,A,N,D,C,A,A,H,-,A,D,0,,,Y,,Y,,A,,1,0,0,0,0,0,0,0,1,"- ","- ",,,STANISLAUS,MODESTO,-121.04848095,37.68538934
81793232,2022,2022-06-13,5002,2022-05-15,1906,13401,,7,5,6,5002,0,0,0,,0,MP63,"DALE RD","SNYDER AVE",0.00,,Y,A,-,N,,,,,,,,,,Y,2,0,6,2,A,-,12,21453,A,N,D,C,A,A,H,-,A,A,0,,,,,Y,,A,01,1,1,4,0,0,0,0,0,0,"- ","- ",37.696769714355469,-121.05010223388672,STANISLAUS,MODESTO,-121.04998016357422,37.696662902832031
81796295,2021,2022-06-16,5002,2021-12-14,1747,11531,M480,2,5,6,5002,0,0,0,,0,MP32,"PARADISE RD","BEVERLY DR",0.00,,Y,B,-,N,,,,,,,,,,N,1,1,0,2,A,-,11,21954,A,N,G,B,E,B,H,-,C,D,0,Y,,,,Y,Y,N,60,0,0,0,1,0,0,0,0,0,"- ","- ",37.621669769287109,-121.02156066894531,STANISLAUS,MODESTO,-121.02088928222656,37.621639251708984
81806424,2022,2022-06-30,5006,2022-03-30,1730,S03177,HUGHS,3,5,2,5009,0,0,0,,0,,"TULLY RD","NARCISCO WAY",0.00,,Y,A,-,N,,,,,,,,,,Y,2,0,1,2,A,-,12,22450,A,N,D,C,A,A,H,-,A,A,0,,,Y,,Y,,C,02,1,0,0,0,0,0,0,0,1,"- ","- ",,,STANISLAUS,HUGHSON,-120.87014007568359,37.607192993164062
81809498,2022,2022-07-04,5002,2022-06-04,0919,11793,M055,6,5,6,5002,0,0,0,,0,MP83,"MC HENRY AVE","WOODROW AVE",289.00,N,N,B,-,Y,STA,,108,,,25.818,H,,L,Y,2,0,2,2,A,-,09,21801,A,N,A,C,A,A,H,-,A,D,0,,,,,Y,,A,01,1,1,0,0,0,0,0,0,0,"- ","- ",37.685428619384766,-120.99434661865234,STANISLAUS,MODESTO,-120.99433898925781,37.685428619384766
81815729,2022,2022-07-13,5002,2022-05-04,1846,11267,,3,5,6,5002,0,0,0,,0,,"EL VISTA AVE","SCENIC DR",10.00,S,N,A,-,N,,,,,,,,,,Y,2,0,1,2,A,-,11,21950,B,N,G,B,B,A,H,-,A,A,0,Y,,,,Y,,N,60,1,0,0,0,1,0,0,0,0,"- ","- ",37.653068542480469,-120.95741271972656,STANISLAUS,MODESTO,-120.95738983154297,37.653041839599609
81818565,2021,2022-07-18,5002,2021-10-12,0544,11789,M416,2,5,6,5002,0,0,0,,0,MP41,"I ST","8TH ST",20.00,W,N,A,-,N,,,,,,,,,,N,1,1,0,2,A,-,11,21954,A,N,G,B,E,A,H,-,C,D,0,Y,,,,Y,,N,60,0,0,0,1,0,0,0,0,0,"- ","- ",37.638031005859375,-121.00157928466797,STANISLAUS,MODESTO,-121.0010986328125,37.638072967529297
81818587,2022,2022-07-18,5002,2022-06-26,1957,13363,M302,7,5,6,5002,0,0,0,,0,MP71,"MORNINGSIDE DR","PATTY WAY",57.00,E,N,A,-,N,,,,,,,,,,N,2,0,1,1,A,-,08,22107,,N,F,A,A,A,H,-,A,D,0,,,Y,,Y,,C,02,1,0,0,0,0,0,0,0,1,"- ","- ",,,STANISLAUS,MODESTO,-120.95431518554688,37.660369873046875
81826660,2022,2022-07-28,5002,2022-07-15,2303,13286,M537,5,5,6,5002,0,0,0,,0,,"PELANDALE AVE","SALIDA BLVD",0.00,,Y,A,-,Y,,,,,,,,,,Y,2,0,2,1,A,-,01,23152,A,N,E,I,A,A,H,-,C,A,0,,,,,Y,Y,A,07,1,0,1,0,0,0,0,0,0,"- ","- ",37.700248718261719,-121.07376861572266,STANISLAUS,MODESTO,-121.072021484375,37.698490142822266
81832738,2022,2022-08-04,5002,2022-07-24,1829,11606,M007,7,5,6,5002,0,0,0,,0,063,"SISK RD","RUMBLE RD",190.00,N,N,A,-,N,,,,,,,,,,Y,2,0,1,2,A,-,09,21804,A,N,D,C,A,A,H,-,A,A,0,,,Y,,Y,,A,01,1,0,0,0,0,0,0,0,1,"- ","- ",,,STANISLAUS,MODESTO,-121.04979705810547,37.682682037353516
81835739,2022,2022-08-09,5006,2022-07-15,1315,S03142,,5,5,3,5006,0,0,0,,0,2L7,"ATCHISON ST","1ST ST (RIVERBANK)",0.00,,Y,A,-,N,,,,,,,,,,Y,2,0,2,2,A,-,03,22350,,F,C,C,A,A,H,-,A,A,0,,,,,Y,,A,01,1,0,1,0,0,0,0,0,0,"- ","- ",37.738121032714844,-120.93882751464844,STANISLAUS,RIVERBANK,-120.93898010253906,37.737953186035156
81843033,2022,2022-08-18,5002,2022-07-31,1437,13032,,7,5,6,5002,0,0,0,,0,033,"MARTIN LUTHER KING DR","PINE ST",0.00,,Y,A,-,N,,,,,,,,,,Y,2,0,1,2,A,-,06,21750,A,N,C,C,A,A,H,-,A,D,0,,,Y,,Y,,C,02,1,0,0,0,0,0,0,0,1,"- ","- ",37.635608673095703,-121.01186370849609,STANISLAUS,MODESTO,-121.01187896728516,37.635551452636719
81847230,2022,2022-08-24,5002,2022-08-07,2215,13403,,7,5,6,5002,0,0,0,,0,,"BRIGGSMORE AVE","TULLY RD",0.00,,Y,A,-,N,,,,,,,,,,Y,2,0,2,2,A,-,01,23152,A,N,D,C,A,A,H,-,C,A,0,,,,,Y,Y,A,01,1,0,1,0,0,0,0,0,0,"- ","- ",37.670341491699219,-121.01232147216797,STANISLAUS,MODESTO,-121.01225280761719,37.670318603515625
81871614,2022,2022-09-23,5002,2022-08-07,2213,11797,M199,7,5,6,5002,0,0,0,,0,061,"KANSAS AVE","HWY 99 (ON RAMP) (W)",81.00,E,N,A,-,Y,,,,,,,,,,N,2,0,1,2,A,-,11,21956,A,F,G,B,E,A,H,-,C,D,0,Y,,,,Y,,N,60,1,0,0,0,1,0,0,0,0,"- ","- ",37.645950317382812,-121.01863861083984,STANISLAUS,MODESTO,-121.01606750488281,37.645969390869141
81875129,2022,2022-09-28,5002,2022-08-19,1932,10544,M714,5,5,6,5002,0,0,0,,0,032,"G ST","5TH ST",0.00,,Y,A,-,N,,,,,,,,,,Y,2,0,3,2,A,-,12,21453,A,N,D,C,A,A,H,-,B,A,0,,,,,Y,,A,01,1,0,2,0,0,0,0,0,0,"- ","- ",37.634029388427734,-121.00160980224609,STANISLAUS,MODESTO,-121.03657531738281,37.665504455566406
81878519,2022,2022-09-30,5002,2022-09-10,1527,11826,609,6,5,6,5002,0,0,0,,0,043,"CLAUS RD","YOSEMITE BLVD",0.00,,Y,A,-,Y,STA,,132,,,18.999,H,,L,Y,2,0,4,2,A,-,12,21453,A,N,D,C,A,A,H,-,A,A,0,,,,,Y,,A,01,1,0,3,0,0,0,0,0,0,"- ","- ",37.638278961181641,-120.92349243164062,STANISLAUS,MODESTO,-120.92349243164062,37.638336181640625
81884684,2022,2023-08-30,5002,2022-09-04,1258,11826,609,7,5,6,5002,0,0,0,,0,043,"CREEKWOOD DR","LEAVENWORTH WAY",290.00,W,N,A,-,N,,,,,,,,,,Y,2,0,1,1,A,-,08,22107,,N,E,I,A,A,H,-,A,D,0,,,Y,,Y,,C,02,1,0,0,0,0,0,0,0,1,"- ","- ",37.649551391601562,-120.92362976074219,STANISLAUS,MODESTO,-120.92415618896484,37.649799346923828
81895801,2022,2022-10-21,5002,2022-05-09,0250,13000,,1,5,6,5002,0,0,0,,0,MP33,"MAZE BLVD","DAISY LN",140.00,W,N,A,-,Y,STA,,132,,,13.672,H,,R,N,2,0,1,2,D,-,00,,,F,G,B,D,A,H,-,D,D,0,Y,,,,Y,,-,"- ",1,0,0,0,1,0,0,0,0,"- ","- ",37.638679504394531,-121.02535247802734,STANISLAUS,MODESTO,-121.02535247802734,37.638633728027344
81900452,2022,2022-10-27,5001,2022-10-21,1136,915,,5,5,4,5001,0,0,0,,0,003,"MITCHELL RD","NICHOLAS WAY",112.00,S,N,A,-,N,,,,,,,,,,Y,2,0,2,3,A,-,07,21658,A,N,G,B,B,A,H,-,A,D,0,Y,,,,Y,,A,01,2,0,0,0,1,0,0,0,0,"- ","- ",,,STANISLAUS,CERES,-120.93875122070312,37.611881256103516
81903701,2022,2022-10-28,5002,2022-02-01,1611,11531,M079,2,5,6,5002,0,0,0,,0,MP61,"W. BRIGGSMORE AVE","CARVER RD",0.00,,Y,A,-,N,,,,,,,,,,Y,1,3,3,4,A,-,12,21453,A,N,D,C,A,A,H,-,A,A,0,,,,Y,Y,,A,01,0,2,1,0,0,0,0,0,0,"- ","- ",37.671051025390625,-121.02243041992188,STANISLAUS,MODESTO,-121.02214050292969,37.671028137207031
81915448,2021,2022-11-11,5002,2021-11-14,0201,11267,,7,5,6,5002,0,0,0,,0,MP73,"SYLVAN AVE","OAKDALE RD",8.00,W,N,E,-,N,,,,,,,,,,Y,1,1,1,2,A,-,01,23152,A,N,E,I,F,A,H,-,C,A,0,Y,,,,Y,Y,A,01,1,0,0,1,0,0,0,0,0,"- ","- ",37.688701629638672,-120.95813751220703,STANISLAUS,MODESTO,-120.9580078125,37.688968658447266
81926033,2022,2022-11-24,5002,2022-10-04,0904,13398,M214,2,5,6,5002,0,0,0,,0,082,"ORANGEBURG AVE","ROOSEVELT DR",150.00,W,N,A,-,N,,,,,,,,,,N,2,0,2,3,A,-,10,21950,A,N,G,B,C,A,H,-,A,A,0,Y,,,,Y,,A,01,1,0,1,0,2,0,0,0,0,"- ","- ",37.663890838623047,-121.0025634765625,STANISLAUS,MODESTO,-121.00296020507812,37.663852691650391
81926058,2022,2022-11-24,5002,2022-10-24,1620,13315,RD01,1,5,6,5002,0,0,0,,0,073,"FLOYD AVE","LINCOLN OAK DR",0.00,,Y,A,-,N,,,,,,,,,,Y,2,0,2,2,A,-,09,21801,A,N,D,C,A,A,H,-,A,A,0,,,,,Y,,A,01,1,0,1,0,0,0,0,0,0,"- ","- ",37.678131103515625,-120.94799041748047,STANISLAUS,MODESTO,-120.94797515869141,37.678085327148438