CASE_ID,ACCIDENT_YEAR,PROC_DATE,JURIS,COLLISION_DATE,COLLISION_TIME,OFFICER_ID,REPORTING_DISTRICT,DAY_OF_WEEK,CHP_SHIFT,POPULATION,CNTY_CITY_LOC,SPECIAL_COND,BEAT_TYPE,CHP_BEAT_TYPE,CITY_DIVISION_LAPD,CHP_BEAT_CLASS,BEAT_NUMBER,PRIMARY_RD,SECONDARY_RD,DISTANCE,DIRECTION,INTERSECTION,WEATHER_1,WEATHER_2,STATE_HWY_IND,CALTRANS_COUNTY,CALTRANS_DISTRICT,STATE_ROUTE,ROUTE_SUFFIX,POSTMILE_PREFIX,POSTMILE,LOCATION_TYPE,RAMP_INTERSECTION,SIDE_OF_HWY,TOW_AWAY,COLLISION_SEVERITY,NUMBER_KILLED,NUMBER_INJURED,PARTY_COUNT,PRIMARY_COLL_FACTOR,PCF_CODE_OF_VIOL,PCF_VIOL_CATEGORY,PCF_VIOLATION,PCF_VIOL_SUBSECTION,HIT_AND_RUN,TYPE_OF_COLLISION,MVIW,PED_ACTION,ROAD_SURFACE,ROAD_COND_1,ROAD_COND_2,LIGHTING,CONTROL_DEVICE,CHP_ROAD_TYPE,PEDESTRIAN_ACCIDENT,BICYCLE_ACCIDENT,MOTORCYCLE_ACCIDENT,TRUCK_ACCIDENT,NOT_PRIVATE_PROPERTY,ALCOHOL_INVOLVED,STWD_VEHTYPE_AT_FAULT,CHP_VEHTYPE_AT_FAULT,COUNT_SEVERE_INJ,COUNT_VISIBLE_INJ,COUNT_COMPLAINT_PAIN,COUNT_PED_KILLED,COUNT_PED_INJURED,COUNT_BICYCLIST_KILLED,COUNT_BICYCLIST_INJURED,COUNT_MC_KILLED,COUNT_MC_INJURED,PRIMARY_RAMP,SECONDARY_RAMP,LATITUDE,LONGITUDE,COUNTY,CITY,POINT_X,POINT_Y
81950876,2022,2022-12-23,5002,2022-10-16,1906,11807,RD499,7,5,6,5002,0,0,0,,0,032,"SUTTER AVE","TUOLUMNE BLVD",195.00,S,N,A,-,N,,,,,,,,,,N,2,0,1,2,A,-,11,21954,A,N,G,B,D,A,H,-,C,D,0,Y,,,,Y,,N,60,1,0,0,0,1,0,0,0,0,"- ","- ",37.627811431884766,-121.01180267333984,STANISLAUS,MODESTO,-121.01183319091797,37.627285003662109
81954934,2022,2022-12-29,5002,2022-01-15,1310,13053,M057,6,5,6,5002,0,0,0,,0,MP83,"MCHENRY AV (SR-108)","EAST RUMBLE RD",73.00,N,N,A,-,Y,,,,,,,,,,Y,1,1,1,3,A,-,03,22350,,N,A,C,A,A,H,-,A,A,0,,,Y,,Y,,C,02,0,0,1,0,0,0,0,1,0,"- ","- ",,,STANISLAUS,MODESTO,-120.99418640136719,37.681980133056641
81971437,2022,2023-01-19,5002,2022-12-15,1945,13195,,4,5,6,5002,0,0,0,,0,033,"SR 132 (MAZE BLVD)","SPENCER AVE",6.00,W,N,A,-,Y,STA,,132,,,14.211,H,,R,N,2,0,1,2,A,-,11,21954,A,F,G,B,B,A,H,-,C,D,0,Y,,,,Y,Y,A,01,1,0,0,0,1,0,0,0,0,"- ","- ",37.63861083984375,-121.01644897460938,STANISLAUS,MODESTO,-121.01644897460938,37.638645172119141
81981010,2023,2023-01-30,5002,2023-01-18,"750 ",13426,,3,5,6,5002,0,0,0,,0,082,"ATHENS AVE","VICKI DR",0.00,,Y,A,-,N,,,,,,,,,,N,2,0,1,2,A,-,03,22350,,N,G,B,B,A,H,-,A,D,0,Y,,,,Y,,A,07,1,0,0,0,1,0,0,0,0,"- ","- ",37.674030303955078,-120.96044158935547,STANISLAUS,MODESTO,-120.97863006591797,37.674053192138672
81985573,2022,2023-03-30,5002,2022-12-06,1247,11267,,2,5,6,5002,0,0,0,,0,081,"MC HENRY AVE","CORSON AVE",0.00,,Y,B,-,Y,STA,,108,,,23.953,H,,L,Y,2,0,1,2,A,-,01,23152,A,F,G,B,D,A,H,-,A,D,0,Y,,,,Y,Y,A,01,1,0,0,0,1,0,0,0,0,"- ","- ",37.658298492431641,-120.9940185546875,STANISLAUS,MODESTO,-120.99394226074219,37.658302307128906
8204393,2017,2017-01-13,5002,2017-01-02,1322,11790,M217,1,5,6,5002,0,0,0,,0,081,"TULLY RD","ROSEBURG AV",0.00,,Y,A,-,N,,,,,,,,,,N,2,0,2,3,A,-,12,21453,A,N,D,C,A,A,H,-,A,A,0,,,,,Y,,A,,1,1,0,0,0,0,0,0,0,"- ","- ",,,STANISLAUS,MODESTO,-121.01213998999999,37.660419949999998
82057439,2023,2023-05-01,5005,2023-04-10,1215,S02649,PATTE,1,5,3,5005,0,0,0,,0,,"CALVINSON PKWY","GARDEN PATCH WAY",77.00,W,N,A,-,N,,,,,,,,,,N,2,0,1,1,A,-,03,22350,,N,E,I,A,A,H,-,A,D,0,,,Y,,Y,,C,02,1,0,0,0,0,0,0,0,1,"- ","- ",37.459640502929688,-121.14676666259766,STANISLAUS,PATTERSON,-121.1470947265625,37.459804534912109
82068222,2023,2023-05-16,5002,2023-05-06,2044,11531,,6,5,6,5002,0,0,0,,0,042,"EL VISTA AVE","SR-132 (YOSEMITE BLVD)",0.00,,Y,A,-,N,,,,,,,,,,N,2,0,1,2,A,-,11,21456,A,N,G,B,B,A,H,-,C,A,0,Y,,,,Y,,N,60,1,0,0,0,1,0,0,0,0,"- ","- ",,,STANISLAUS,MODESTO,-120.95720672607422,37.638172149658203
82068496,2023,2023-05-15,5006,2023-04-21,"916 ",S02582,RIVER,5,5,3,5006,0,0,0,,0,,"ATCHISON ST","2ND ST (RIVERBANK)",0.00,,Y,A,-,Y,STA,,108," "," ",32.539,H,,R,N,2,0,1,2,A,-,09,21802,A,N,D,C,A,A,H,-,A,A,0,,,,,Y,,A,08,1,0,0,0,0,0,0,0,0,"- ","- ",37.738109588623047,-120.93724060058594,STANISLAUS,RIVERBANK,-120.93724060058594,37.737960815429688
8207190,2016,2017-01-11,5007,2016-12-17,2201,5760,,6,5,5,5007,0,0,0,,0,002,"GOLF RD","EAST GLENWOOD AV",552.00,S,N,A,-,N,,,,,,,,,,Y,2,0,3,2,A,-,00,24400,B,N,D,C,A,A,H,-,D,D,0,,,,,Y,,D,22,1,2,0,0,0,0,0,0,0,"- ","- ",,,STANISLAUS,TURLOCK,-120.83070979,37.472964220000001
82074788,2023,2023-05-23,5001,2023-05-18,1742,922,,4,5,4,5001,0,0,0,,0,003,"MITCHELL RD","DALE CT",0.00,,Y,A,-,N,,,,,,,,,,Y,2,0,1,2,A,-,09,21801,A,N,D,C,A,A,H,-,A,D,0,,,Y,,Y,,A,01,1,0,0,0,0,0,0,0,1,"- ","- ",,,STANISLAUS,CERES,-120.93869018554688,37.597618103027344
82080754,2023,2023-05-30,5001,2023-05-23,1953,912,,2,5,4,5001,0,0,0,,0,003,"MITCHELL RD","HATCH RD",57.00,S,N,A,-,N,,,,,,,,,,N,2,0,2,2,A,-,07,21658,A,N,B,C,A,A,H,-,A,A,0,,,,,Y,,A,01,1,0,1,0,0,0,0,0,0,"- ","- ",,,STANISLAUS,CERES,-120.93875122070312,37.609165191650391
82083216,2023,2023-06-01,5002,2023-04-25,2102,13391,M554,2,5,6,5002,0,0,0,,0,031,"HATCH RD","CARPENTER RD",734.00,E,N,A,-,N,,,,,,,,,,Y,2,0,3,2,A,-,05,21460,A,N,A,C,A,A,H,-,D,D,0,,,,,Y,,A,07,1,1,1,0,0,0,0,0,0,"- ","- ",37.607341766357422,-121.03060913085938,STANISLAUS,MODESTO,-121.02805328369141,37.606899261474609
82100583,2023,2023-06-26,5002,2023-06-13,1925,13400,M026,2,5,6,5002,0,0,0,,0,083,"PELANDALE AVE","TULLY RD",1650.00,E,N,A,-,N,,,,,,,,,,Y,2,0,1,1,A,-,08,22107,,N,E,I,A,A,H,-,A,D,0,,,Y,,Y,,C,02,1,0,0,0,0,0,0,0,1,"- ","- ",37.700759887695312,-121.01274871826172,STANISLAUS,MODESTO,-121.007080078125,37.700630187988281
82111529,2023,2023-07-07,5002,2023-06-02,"750 ",13424,M264,5,5,6,5002,0,0,0,,0,081,"SCENIC DR","HIGH ST",12.00,S,N,A,-,N,,,,,,,,,,N,2,0,2,2,A,-,09,21801,A,N,D,C,A,A,H,-,A,D,0,,,Y,,Y,,D,22,1,0,1,0,0,0,0,0,1,"- ","- ",37.645858764648438,-120.98789978027344,STANISLAUS,MODESTO,-120.9879150390625,37.645824432373047
82131121,2023,2023-08-02,5006,2023-07-03,2022,S03033,RIVER,1,5,3,5006,0,0,0,,0,RPD,"COAD LN","TURPIN AVE",0.00,,Y,A,-,N,,,,,,,,,,N,2,0,1,2,A,-,12,22450,A,F,D,G,A,A,H,-,A,A,0,,Y,,,Y,,L,04,1,0,0,0,0,0,1,0,0,"- ","- ",,,STANISLAUS,RIVERBANK,-120.94813537597656,37.727901458740234
82134956,2023,2023-08-04,5002,2023-07-22,1903,11248,M002,6,5,6,5002,0,0,0,,0,063,"DALE RD","PELANDALE AVE",0.00,,Y,A,-,N,,,,,,,,,,Y,2,0,7,3,A,-,12,21453,A,N,D,C,A,A,H,-,A,A,0,,,,,Y,,A,01,1,4,2,0,0,0,0,0,0,"- ","- ",37.700408935546875,-121.05010986328125,STANISLAUS,MODESTO,-121.05005645751953,37.700290679931641
82136658,2023,2023-08-07,5006,2023-07-02,2104,S04300,RIVER,7,5,3,5006,0,0,0,,0,RPD,"PATTERSON RD","TERMINAL AVE",30.00,W,N,A,-,N,,,,,,,,,,Y,2,0,3,2,A,-,01,23152,A,N,D,C,A,A,H,-,C,D,0,,,,Y,Y,Y,F,26,3,0,0,0,0,0,0,0,0,"- ","- ",37.732810974121094,-120.93122100830078,STANISLAUS,RIVERBANK,-120.93141174316406,37.732681274414062
82142293,2023,2023-08-21,5005,2023-06-09,"441 ",S03497,PATTE,5,5,3,5005,0,0,0,,0,3L1,"SPERRY AVE","AMERICAN EAGLE AVE",219.00,W,N,A,-,N,,,,,,,,,,Y,1,1,1,2,A,-,03,22350,,N,D,C,A,B,D,-,C,A,0,,,,,Y,Y,A,01,0,1,0,0,0,0,0,0,0,"- ","- ",37.464160919189453,-121.14939117431641,STANISLAUS,PATTERSON,-121.1505126953125,37.464378356933594
82148042,2023,2023-08-28,5002,2023-07-17,1506,13053,,1,5,6,5002,0,0,0,,0,083,"STANDIFORD AVE","MCHENRY AV (SR-108)",350.00,W,N,A,-,Y,STA,,108," "," ",26.058,H,,L,Y,2,0,3,2,A,-,09,21804,A,N,D,C,A,A,H,-,A,D,0,,,Y,,Y,,A,01,1,1,1,0,0,0,0,0,1,"- ","- ",37.689090728759766,-120.99437713623047,STANISLAUS,MODESTO,-120.99440765380859,37.689090728759766
82159336,2023,2023-08-31,5002,2023-08-19,1018,13462,,6,5,6,5002,0,0,0,,0,062,"VIRGINIA CORRIDOR TRAIL FOOTBRIDGE","W GRANGER AVE",655.00,N,N,A,-,N,,,,,,,,,,N,2,0,2,2,B,-,22,,,N,H,G,A,A,H,-,A,D,0,,Y,,,Y,,L,04,1,1,0,0,0,0,2,0,0,"- ","- ",37.669319152832031,-121.00319671630859,STANISLAUS,MODESTO,,
82160390,2023,2023-09-01,5001,2023-08-13,1117,928,,7,5,4,5001,0,0,0,,0,003,"BOOTHE RD","SUFFOLK DR",196.00,S,N,A,-,N,,,,,,,,,,N,2,0,1,1,A,-,08,22107,,N,E,I,A,A,H,-,A,D,0,,,,,Y,,A,01,1,0,0,0,0,0,0,0,0,"- ","- ",,,STANISLAUS,CERES,-120.931396484375,37.604503631591797
82171726,2023,2023-09-18,5002,2023-09-05,2315,13055,M065,2,5,6,5002,0,0,0,,0,082,"BRIGGSMORE AVE","MCHENRY AV (SR-108)",10.00,W,N,A,-,Y,STA,,108," "," ",24.804,H,,L,N,2,0,1,2,A,-,00,21456,1,F,G,B,B,A,H,-,C,A,0,Y,,,,Y,,N,60,1,0,0,0,1,0,0,0,0,"- ","- ",37.670448303222656,-120.99411010742188,STANISLAUS,MODESTO,-120.99411010742188,37.670448303222656
82191514,2023,2023-10-05,5001,2023-10-03,2134,858,5001,2,5,4,5001,0,0,0,,0,001,"HATCH RD","CENTRAL AVE",0.00,,Y,A,-,N,,,,,,,,,,Y,2,0,2,2,A,-,09,21453,C,N,D,C,A,A,H,-,C,A,0,,,,,Y,,A,01,1,0,1,0,0,0,0,0,0,"- ","- ",,,STANISLAUS,CERES,-120.95709228515625,37.609237670898438
82202048,2023,2023-10-18,5002,2023-09-27,1400,13136,M862,3,5,6,5002,0,0,0,,0,082,"SUNRISE AVE","COOLIDGE AVE",52.00,S,N,A,-,N,,,,,,,,,,N,2,0,1,1,C,-,18,,,N,H,A,A,A,H,-,A,D,0,,Y,,,Y,,-,"- ",1,0,0,0,0,0,1,0,0,"- ","- ",37.665439605712891,-120.96671295166016,STANISLAUS,MODESTO,-120.98482513427734,37.665287017822266
82203295,2023,2023-10-20,5002,2023-08-28,1858,13053,,1,5,6,5002,0,0,0,,0,031,"CROWS LANDING RD","AMADOR AV",0.00,,Y,A,-,N,,,,,,,,,,Y,1,1,2,3,A,-,09,21804,A,N,D,C,E,A,H,-,A,D,0,Y,,,,Y,,A,01,0,1,1,1,0,0,0,0,0,"- ","- ",37.607589721679688,-120.99369812011719,STANISLAUS,MODESTO,-120.99356842041016,37.607635498046875
82207916,2022,2023-11-06,5002,2022-04-09,2113,11267,,6,5,6,5002,0,0,0,,0,MP71,"LAKEWOOD AVE","ORANGEBURG AVE",285.00,N,N,A,-,N,,,,,,,,,,N,1,1,0,2,A,-,01,21200,5,F,H,G,A,A,H,-,C,D,0,,Y,,,Y,Y,L,04,0,0,0,0,0,1,0,0,0,"- ","- ",37.663619995117188,-120.93937683105469,STANISLAUS,MODESTO,-120.93939971923828,37.664340972900391
82221187,2023,2023-10-27,5002,2023-10-19,2500,13363,,4,5,6,5002,0,0,0,,0,,"CARVER RD",UNKNOWN,0.00,,Y,A,-,N,,,,,,,,,,N,2,0,1,2,D,-,00,,,F,G,B,E,A,G,-,D,D,0,Y,,,,Y,,-,"- ",1,0,0,0,1,0,0,0,0,"- ","- ",,,STANISLAUS,MODESTO,,
82222301,2023,2023-10-30,5002,2023-07-26,1328,13424,M049,3,5,6,5002,0,0,0,,0,083,"MC HENRY AVE","MEILY WAY",166.00,N,N,A,-,Y,STA,,108," "," ",26.412,H,,L,Y,2,0,1,2,A,-,09,21801,A,N,D,C,A,A,H,-,A,D,0,,,Y,,Y,Y,A,01,1,0,0,0,0,0,0,0,0,"- ","- ",37.694110870361328,-120.99442291259766,STANISLAUS,MODESTO,-120.99445343017578,37.694110870361328
82226041,2023,2023-11-02,5001,2023-10-18,"621 ",923,,3,5,4,5001,0,0,0,,0,003,"WHITMORE AVE","FAITH HOME RD",0.00,,Y,A,-,N,,,,,,,,,,Y,2,0,1,2,A,-,12,22450,A,N,D,C,A,A,H,-,B,A,0,,,,,Y,,D,22,1,0,0,0,0,0,0,0,0,"- ","- ",,,STANISLAUS,CERES,-120.92047119140625,37.594825744628906
82233790,2023,2023-11-13,5005,2023-10-31,2358,S04420,PATTE,2,5,3,5005,0,0,0,,0,PPD,"CONDOR CT","HEARTLAND RANCH AVE",307.00,S,N,A,-,N,,,,,,,,,,Y,2,0,1,4,A,-,01,23152,B,N,D,E,A,A,H,-,C,D,0,,,,,Y,Y,A,01,1,0,0,0,0,0,0,0,0,"- ","- ",37.47100830078125,-121.14379119873047,STANISLAUS,PATTERSON,-121.14374542236328,37.47052001953125
82237535,2023,2023-11-16,5002,2023-11-04,2010,13035,M135,6,5,6,5002,0,0,0,,0,073,"OAKDALE RD","SYLVAN AVE",250.00,N,N,A,-,N,,,,,,,,,,Y,2,0,1,1,A,-,08,22107,,N,E,I,A,A,B,-,C,D,0,,,Y,,Y,,C,02,1,0,0,0,0,0,0,0,1,"- ","- ",37.688701629638672,-120.95813751220703,STANISLAUS,MODESTO,-120.95799255371094,37.689655303955078
82247462,2023,2023-11-29,5002,2023-10-30,1700,13343,,1,5,6,5002,0,0,0,,0,061,"TASSAJARA DR","PANOCHE DR",0.00,,Y,A,-,N,,,,,,,,,,N,2,0,1,2,A,-,08,22107,,N,H,C,A,A,H,-,A,D,0,,,Y,,Y,Y,A,07,1,0,0,0,0,0,0,0,1,"- ","- ",37.646389007568359,-121.04611206054688,STANISLAUS,MODESTO,-121.04563140869141,37.646251678466797
82257808,2023,2023-12-21,5002,2023-05-30,1545,11531,M271,2,5,6,5002,0,0,0,,0,081,"COFFEE RD","MORRIS AVE",0.00,,Y,A,-,N,,,,,,,,,,Y,1,1,0,2,A,-,01,23152,A,N,F,A,A,A,H,-,A,D,0,,,Y,,Y,,C,02,0,0,0,0,0,0,0,1,0,"- ","- ",37.650699615478516,-120.97599792480469,STANISLAUS,MODESTO,-120.97556304931641,37.650871276855469
82257824,2023,2023-12-11,5002,2023-12-05,2013,13409,M410,2,5,6,5002,0,0,0,,0,041,"H ST","7TH ST",0.00,,Y,A,-,N,,,,,,,,,,Y,2,0,4,2,A,-,01,23152,A,N,D,C,A,A,H,-,C,A,0,,,,,Y,Y,A,07,1,1,2,0,0,0,0,0,0,"- ","- ",37.636341094970703,-121.00138092041016,STANISLAUS,MODESTO,-121.00083160400391,37.636432647705078
82259315,2023,2023-12-15,5001,2023-08-08,2052,895,,2,5,4,5001,0,0,0,,0,005,"WHITMORE AVE","ROSE AVE",42.00,E,N,A,-,N,,,,,,,,,,Y,1,1,0,2,A,-,11,21954,A,N,G,B,D,A,H,-,C,D,0,Y,,,,Y,,N,60,0,0,0,1,0,0,0,0,0,"- ","- ",,,STANISLAUS,CERES,-120.94313812255859,37.594760894775391
82262889,2022,2023-12-22,5002,2022-08-29,1043,11531,M458,1,5,6,5002,0,0,0,,0,042,"YOSEMITE BLVD (SR-132)","PARRY AVE",340.00,W,N,A,-,Y,STA,,132,,,16.941,H,,R,N,1,1,0,2,A,-,07,21658,A,N,H,G,A,A,H,-,A,D,0,,Y,,,Y,,L,04,0,0,0,0,0,1,0,0,0,"- ","- ",37.638141632080078,-120.96085357666016,STANISLAUS,MODESTO,-120.96085357666016,37.638134002685547
82262890,2022,2023-12-25,5002,2022-10-23,2257,11789,,7,5,6,5002,0,0,0,,0,081,"SR-108 (MCHENRY AVE)","ORANGEBURG AVE",700.00,S,N,-,-,Y,,,,,,,,,,N,1,1,0,3,A,-,00,21955,A,N,G,B,D,A,H,-,C,D,0,Y,,,,Y,,N,60,0,0,0,1,0,0,0,0,0,"- ","- ",,,STANISLAUS,MODESTO,-120.993896484375,37.661766052246094
82262894,2023,2023-12-21,5002,2023-05-20,"104 ",11789,,6,5,6,5002,0,0,0,,0,063,"PELANDALE AVE","TULLY RD",0.00,,Y,A,-,N,,,,,,,,,,Y,1,1,0,1,A,-,07,21658,A,N,E,I,A,A,H,-,C,D,0,,,,,Y,,A,01,0,0,0,0,0,0,0,0,0,"- ","- ",37.700759887695312,-121.01274871826172,STANISLAUS,MODESTO,-121.01277923583984,37.700675964355469
82280929,2023,2024-01-23,5002,2023-08-19,1721,11196,,6,5,6,5002,0,0,0,,0,082,"TULLY RD","ORANGEBURG AVE",0.00,,Y,A,-,N,,,,,,,,,,Y,1,1,2,4,A,-,01,23152,A,N,D,C,A,A,H,-,A,A,0,,,,,Y,Y,A,07,0,1,1,0,0,0,0,0,0,"- ","- ",37.664028167724609,-121.01209259033203,STANISLAUS,MODESTO,-121.01219940185547,37.664047241210938
82280969,2024,2024-01-08,5002,2024-01-01,1205,13032,,1,5,6,5002,0,0,0,,0,031,"CROWS LANDING RD","ALGEN AVE",446.00,S,N,A,-,N,,,,,,,,,,Y,2,0,2,2,A,-,09,21801,A,N,D,C,A,A,H,-,A,D,0,,,,,Y,,M,47,1,0,1,0,0,0,0,0,0,"- ","- ",37.598888397216797,-120.99375152587891,STANISLAUS,MODESTO,-120.99359893798828,37.597724914550781
82290006,2023,2024-01-18,5002,2023-12-15,1739,13462,,5,5,6,5002,0,0,0,,0,082,"COLLEGE AVE","BOWEN AVE",279.00,N,N,A,-,N,,,,,,,,,,N,1,1,0,2,A,-,11,21954,A,N,G,B,D,A,H,-,D,D,0,Y,,,,Y,,N,60,0,0,0,1,0,0,0,0,0,"- ","- ",37.674720764160156,-121.00801086425781,STANISLAUS,MODESTO,-121.00775909423828,37.675537109375
82295599,2023,2024-02-07,5002,2023-10-10,2142,13053,,2,5,6,5002,0,0,0,,0,083,"STANDIFORD AV","SHERWOOD AV",40.00,W,N,A,G,N,,,,,,,,,,Y,1,1,0,2,A,-,01,23152,A,N,G,B,D,A,H,-,C,D,0,Y,,,,Y,Y,A,01,0,0,0,1,0,0,0,0,0,"- ","- ",37.689128875732422,-120.99749755859375,STANISLAUS,MODESTO,-120.99759674072266,37.689163208007812
82304566,2023,2024-02-05,5002,2023-08-31,1457,13301,M060,4,5,6,5002,0,0,0,,0,082,"MC HENRY AVE","FLOYD AVE",43.00,N,N,A,-,Y,STA,,108," "," ",25.320,H,,L,Y,2,0,1,4,A,-,12,21453,A,N,D,C,A,A,H,-,A,A,0,,,Y,,Y,,C,02,1,0,0,0,0,0,0,0,1,"- ","- ",37.678188323974609,-120.99416351318359,STANISLAUS,MODESTO,-120.99424743652344,37.678192138671875
82322216,2024,2024-02-26,5002,2024-02-09,"20  ",13462,RD01,5,5,6,5002,0,0,0,,0,081,"MC HENRY AVE","MAYNELL AVE",0.00,,Y,A,-,Y,,,,,,,,,,N,2,0,1,2,A,-,10,21950,A,F,G,B,C,A,H,-,C,D,0,Y,,,,Y,,-,99,1,0,0,0,1,0,0,0,0,"- ","- ",37.6522216796875,-120.99424743652344,STANISLAUS,MODESTO,-120.99378967285156,37.652328491210938
82340246,2024,2024-03-18,5008,2024-02-18,"241 ",169,WATER,7,5,2,5008,0,0,0,,0,WPD,"N REINWAY","KADOTA AVE",452.00,N,N,A,-,N,,,,,,,,,,Y,2,0,2,3,A,-,05,21650,,N,B,E,A,A,H,-,C,D,0,,,Y,,Y,,C,02,1,0,1,0,0,0,0,0,1,"- ","- ",,,STANISLAUS,WATERFORD,-120.77393341064453,37.644859313964844
82353507,2024,2024-04-03,5002,2024-03-09,1128,11248,M096,6,5,6,5002,0,0,0,,0,071,"MONTANA DR","LONI CT",72.00,E,N,A,-,N,,,,,,,,,,N,2,0,1,1,A,-,08,22107,,N,E,I,A,A,H,-,A,D,0,,,Y,,Y,,C,02,1,0,0,0,0,0,0,0,1,"- ","- ",37.697910308837891,-120.97921752929688,STANISLAUS,MODESTO,-120.97901916503906,37.697906494140625
82397658,2024,2024-05-27,5006,2024-04-17,"705 ",S03115,,3,5,3,5006,0,0,0,,0,RPD,"PATTERSON RD","SNEDIGAR RD",0.00,,Y,A,-,N,,,,,,,,,,Y,2,0,3,3,A,-,12,22450,A,N,D,C,A,A,H,-,A,A,0,,,,,Y,,A,07,1,1,1,0,0,0,0,0,0,"- ","- ",37.732658386230469,-120.91298675537109,STANISLAUS,RIVERBANK,-120.91310882568359,37.732597351074219
82397873,2024,2024-05-24,5002,2024-04-07,"222 ",13401,,7,5,6,5002,0,0,0,,0,042,"LINCOLN AVE","POPPYPATCH DR",0.00,,Y,A,-,N,,,,,,,,,,Y,2,0,3,2,A,-,01,23152,A,N,D,C,A,A,H,-,C,A,0,,,,,Y,Y,D,22,2,0,1,0,0,0,0,0,0,"- ","- ",37.642341613769531,-120.93953704833984,STANISLAUS,MODESTO,-120.93901824951172,37.642669677734375
82400865,2024,2024-05-30,5002,2024-04-13,1106,13488,,6,5,6,5002,0,0,0,,0,033,"PANAMA DR","FLORENCE AVE",0.00,,Y,C,-,N,,,,,,,,,,N,2,0,1,2,A,-,09,21802,A,N,D,G,A,B,H,-,A,A,0,,Y,,,Y,,L,04,1,0,0,0,0,0,1,0,0,"- ","- ",37.629661560058594,-121.02323913574219,STANISLAUS,MODESTO,-121.02323913574219,37.629703521728516
82408517,2023,2024-06-07,5002,2023-12-06,1705,13384,,3,5,6,5002,0,0,0,,0,061,"RENO AVE","CARPENTER LN",0.00,,Y,A,-,N,,,,,,,,,,N,2,0,1,1,A,-,08,22107,,N,F,A,A,A,H,-,A,B,0,,,Y,,Y,,C,06,1,0,0,0,0,0,0,0,1,"- ","- ",37.650379180908203,-121.02797698974609,STANISLAUS,MODESTO,-121.02799224853516,37.650402069091797
8281559,2017,2017-01-18,5002,2017-01-09,1807,11742,M175,1,5,6,5002,0,0,0,,0,061,"RANDAZZO AV","RICKY AV",30.00,N,N,A,-,N,,,,,,,,,,N,2,0,1,2,A,-,10,21954,B,N,G,B,D,A,H,-,C,D,0,Y,,,,Y,,A,,1,0,0,0,1,0,0,0,0,"- ","- ",,,STANISLAUS,MODESTO,-121.02721894,37.67036238
8281575,2017,2017-01-18,5002,2017-01-03,1717,13043,2,2,5,6,5002,0,0,0,,0,073,"ROSELLE AV","FLOYD AV",475.00,S,N,B,C,N,,,,,,,,,,Y,2,0,1,2,A,-,09,21804,A,N,D,C,A,B,H,-,C,A,0,,,,,Y,,A,,1,0,0,0,0,0,0,0,0,"- ","- ",,,STANISLAUS,MODESTO,,
8286090,2017,2017-01-31,5002,2017-01-20,0030,10096,M308,5,5,6,5002,0,0,0,,0,071,"OAKDALE RD","MORNINGSIDE DR",0.00,,Y,C,-,N,,,,,,,,,,Y,2,0,1,2,A,-,09,21804,A,N,D,G,A,B,H,-,C,D,0,,Y,,,Y,,L,,1,0,0,0,0,0,1,0,0,"- ","- ",,,STANISLAUS,MODESTO,-120.95751987,37.66039988
8286125,2017,2018-02-16,5002,2017-01-14,1555,11606,M097,6,5,6,5002,0,0,0,,0,083,"RT 108",SYLVAN,63.00,S,N,A,-,Y,STA,10,108,-,-,26.040,H,-,E,Y,2,0,2,2,A,-,03,22350,,N,C,C,A,A,H,-,A,A,0,,,Y,,Y,,C,,1,0,1,0,0,0,0,0,1,"- ","- ",,,STANISLAUS,MODESTO,-120.99439107000001,37.688620399999998
8300038,2017,2017-12-26,5002,2017-01-12,1459,11317,M120,4,5,6,5002,0,0,0,,0,082,"WEST BRIGGSMORE AV","RT 108",1300.00,W,N,A,-,N,,,,,,,,,,Y,2,0,1,5,A,-,03,22350,,N,C,C,A,A,H,-,A,D,0,,,,,Y,,D,22,1,0,0,0,0,0,0,0,0,"- ","- ",,,STANISLAUS,MODESTO,-120.998469,37.670161999999998
8302636,2017,2017-03-16,5002,2017-02-04,0223,11098,M079,6,5,6,5002,0,0,0,,0,062,"PRESCOTT RD","MOUNT VERNON DR",46.00,S,N,A,-,N,,,,,,,,,,Y,2,0,1,1,A,-,01,23152,,N,A,I,A,A,H,-,C,D,0,,,,,Y,Y,A,,1,0,0,0,0,0,0,0,0,"- ","- ",,,STANISLAUS,MODESTO,-121.03130727,37.673473690000002
8313476,2017,2018-03-16,5002,2017-02-08,1611,11566,,3,5,6,5002,0,0,0,,0,081,"MCHENRY AV","ORANGEBURG AV",366.00,S,N,B,-,Y,STA,10,108,-,-,24.250,H,-,E,N,2,0,1,2,A,-,09,21804,A,N,D,G,A,B,H,-,A,A,0,,Y,,,Y,,L,,1,0,0,0,0,0,1,0,0,"- ","- ",,,STANISLAUS,MODESTO,-120.99401315999999,37.662523280000002
8331852,2017,2017-04-07,5002,2017-03-27,1738,13077,M169,1,5,6,5002,0,0,0,,0,061,"CARPENTER RD","CUMMINS DR",138.00,N,N,A,-,N,,,,,,,,,,N,2,0,1,2,A,-,08,22107,,N,B,G,A,A,H,-,A,D,0,,Y,,,Y,,-,,1,0,0,0,0,0,1,0,0,"- ","- ",,,STANISLAUS,MODESTO,-121.03113,37.659008890000003
8338428,2017,2017-04-06,5002,2017-03-25,1556,11804,134,6,5,6,5002,0,0,0,,0,073,"SYLVAN AV","COFFEE RD",0.00,,Y,A,-,N,,,,,,,,,,N,2,0,1,2,A,-,08,22107,,N,D,G,A,A,H,-,A,A,0,,Y,,,Y,,A,,1,0,0,0,0,0,1,0,0,"- ","- ",,,STANISLAUS,MODESTO,-120.97608991,37.688899970000001