CASE_ID,ACCIDENT_YEAR,PROC_DATE,JURIS,COLLISION_DATE,COLLISION_TIME,OFFICER_ID,REPORTING_DISTRICT,DAY_OF_WEEK,CHP_SHIFT,POPULATION,CNTY_CITY_LOC,SPECIAL_COND,BEAT_TYPE,CHP_BEAT_TYPE,CITY_DIVISION_LAPD,CHP_BEAT_CLASS,BEAT_NUMBER,PRIMARY_RD,SECONDARY_RD,DISTANCE,DIRECTION,INTERSECTION,WEATHER_1,WEATHER_2,STATE_HWY_IND,CALTRANS_COUNTY,CALTRANS_DISTRICT,STATE_ROUTE,ROUTE_SUFFIX,POSTMILE_PREFIX,POSTMILE,LOCATION_TYPE,RAMP_INTERSECTION,SIDE_OF_HWY,TOW_AWAY,COLLISION_SEVERITY,NUMBER_KILLED,NUMBER_INJURED,PARTY_COUNT,PRIMARY_COLL_FACTOR,PCF_CODE_OF_VIOL,PCF_VIOL_CATEGORY,PCF_VIOLATION,PCF_VIOL_SUBSECTION,HIT_AND_RUN,TYPE_OF_COLLISION,MVIW,PED_ACTION,ROAD_SURFACE,ROAD_COND_1,ROAD_COND_2,LIGHTING,CONTROL_DEVICE,CHP_ROAD_TYPE,PEDESTRIAN_ACCIDENT,BICYCLE_ACCIDENT,MOTORCYCLE_ACCIDENT,TRUCK_ACCIDENT,NOT_PRIVATE_PROPERTY,ALCOHOL_INVOLVED,STWD_VEHTYPE_AT_FAULT,CHP_VEHTYPE_AT_FAULT,COUNT_SEVERE_INJ,COUNT_VISIBLE_INJ,COUNT_COMPLAINT_PAIN,COUNT_PED_KILLED,COUNT_PED_INJURED,COUNT_BICYCLIST_KILLED,COUNT_BICYCLIST_INJURED,COUNT_MC_KILLED,COUNT_MC_INJURED,PRIMARY_RAMP,SECONDARY_RAMP,LATITUDE,LONGITUDE,COUNTY,CITY,POINT_X,POINT_Y
8342519,2017,2018-04-10,5002,2017-04-01,2035,13036,M100,6,5,6,5002,0,0,0,,0,083,"RT 108","RUMBLE RD",527.00,N,N,A,-,Y,STA,10,108,-,-,25.660,H,-,W,N,2,0,1,2,A,-,08,22107,,N,D,G,A,A,H,-,C,D,0,,Y,,,Y,,L,,1,0,0,0,0,0,1,0,0,"- ","- ",,,STANISLAUS,MODESTO,-120.99421399000001,37.68302413
8342615,2017,2017-04-11,5002,2017-04-01,1838,11857,408,6,5,6,5002,0,0,0,,0,041,"SOUTH MORTON BL","12TH ST",95.00,E,N,A,-,N,,,,,,,,,,Y,2,0,1,1,A,-,03,22350,,M,E,I,A,A,H,-,A,D,0,,,,,Y,,-,,1,0,0,0,0,0,0,0,0,"- ","- ",,,STANISLAUS,MODESTO,-120.98779,37.633710000000001
8349027,2017,2018-04-10,5002,2017-04-06,0503,11742,M257,4,5,6,5002,0,0,0,,0,081,"MCHENRY AV","HINTZE AV",32.00,N,N,A,-,Y,STA,10,108,-,-,23.780,H,-,E,N,2,0,1,2,A,-,11,21954,A,F,D,B,-,A,H,-,C,D,0,Y,,,,Y,Y,-,"- ",1,0,0,0,1,0,0,0,0,"- ","- ",,,STANISLAUS,MODESTO,-120.99393152,37.655818789999998
8356359,2017,2017-05-18,5002,2017-05-07,1354,11566,248,7,5,6,5002,0,0,0,,0,081,"VIRGINIA AV","ALICE ST",0.00,,Y,B,-,N,,,,,,,,,,N,2,0,1,2,A,-,09,21801,A,N,D,G,A,A,H,-,A,D,0,,Y,,,Y,Y,L,,1,0,0,0,0,0,1,0,0,"- ","- ",,,STANISLAUS,MODESTO,-121.00280988,37.647259980000001
8359081,2017,2018-04-10,5002,2017-04-24,1205,11413,097,1,5,6,5002,0,0,0,,0,083,"STANIFORD AV","RT 108",0.00,,Y,B,-,Y,STA,10,108,-,-,26.060,I,5,W,Y,2,0,2,3,A,-,11,21461,5,N,G,B,B,A,H,-,A,A,0,Y,,,,Y,,N,,1,1,0,0,2,0,0,0,0,"- ","- ",,,STANISLAUS,MODESTO,-120.99429999,37.688912999999999
8359101,2017,2017-05-09,5002,2017-04-27,1452,10545,468,4,5,6,5002,0,0,0,,0,042,"MONTEREY AV","THRASHER AV",44.00,E,N,A,-,N,,,,,,,,,,N,2,0,1,2,A,-,21,22106,,N,G,B,E,A,H,-,A,D,0,Y,,,,Y,,A,,1,0,0,0,1,0,0,0,0,"- ","- ",,,STANISLAUS,MODESTO,-120.97015807,37.627290000000002
8361391,2017,2017-05-16,5001,2017-05-04,1152,704,B204,4,5,4,5001,0,0,0,,0,003,"HATCH RD",ANGIE,15.00,W,N,A,-,N,,,,,,,,,,N,2,0,1,2,A,-,09,21804,A,N,D,G,A,A,H,-,A,A,0,,Y,,,Y,,L,04,1,0,0,0,0,0,1,0,0,"- ","- ",37.608879999999999,-120.93978,STANISLAUS,CERES,-120.94021177,37.609319409999998
8369639,2017,2017-05-31,5002,2017-05-05,1540,521,A210,5,5,6,5002,0,0,0,,0,001,"EAST HATCH RD","RICHLAND AV",1392.00,W,N,A,-,N,,,,,,,,,,Y,2,0,1,3,A,-,03,22350,,N,C,C,A,A,H,-,A,A,0,,,,,Y,,A,01,1,0,0,0,0,0,0,0,0,"- ","- ",37.608910000000002,-120.97018,STANISLAUS,MODESTO,-120.97100505,37.609359220000002
8372821,2017,2017-05-30,5007,2017-04-04,2310,5765,,2,5,5,5007,0,0,0,,0,004,"WALNUT RD","BLUETHROAT DR",44.00,S,N,A,-,N,,,,,,,,,,Y,2,0,1,1,A,-,08,22107,,N,E,J,A,A,H,-,C,D,0,,,,,Y,,A,01,1,0,0,0,0,0,0,0,0,"- ","- ",,,STANISLAUS,TURLOCK,-120.86717503,37.523899239999999
8376200,2017,2017-06-01,5001,2017-02-05,0053,,,7,5,4,5001,0,0,0,,0,,"9TH ST","EL CAMINO AV",50.00,E,N,A,-,N,,,,,,,,,,Y,2,0,2,2,A,-,01,23152,A,N,E,I,A,A,H,-,A,A,0,,,,,Y,Y,A,01,1,0,1,0,0,0,0,0,0,"- ","- ",37.584209999999999,-120.94783,STANISLAUS,CERES,-120.94792271,37.584212970000003
8380946,2017,2017-06-05,5002,2017-05-16,0730,13058,135,2,5,6,5002,0,0,0,,0,073,"EAST RUMBLE RD","BAY LN",0.00,,Y,A,-,N,,,,,,,,,,N,2,0,2,3,A,-,10,21950,A,N,G,B,B,A,H,-,A,D,0,Y,,,,Y,,A,,2,0,0,0,2,0,0,0,0,"- ","- ",,,STANISLAUS,MODESTO,-120.97407991999999,37.681709939999998
8381549,2017,2017-06-09,5007,2017-05-12,2036,5719,,5,5,5,5007,0,0,0,,0,002,"S ROSE ST","ALFREDA ST",108.00,N,N,A,-,N,,,,,,,,,,N,2,0,1,2,A,-,05,21202,A,N,C,G,A,A,H,-,D,D,0,,Y,,,Y,Y,L,04,1,0,0,0,0,0,1,0,0,"- ","- ",,,STANISLAUS,TURLOCK,-120.83328039,37.487729430000002
8383909,2017,2017-06-08,5002,2017-05-29,2104,11236,869,1,5,6,5002,0,0,0,,0,071,"EAST ORANGEBURG AV","CHRISTIANSEN DR",81.00,E,N,A,-,N,,,,,,,,,,Y,2,0,1,2,A,-,01,23152,A,N,B,C,A,A,H,-,C,D,0,,,,,Y,Y,D,,1,0,0,0,0,0,0,0,0,"- ","- ",,,STANISLAUS,MODESTO,-120.95094018,37.66357
8386989,2017,2018-04-20,5002,2017-06-25,1657,11566,,7,5,6,5002,0,0,0,,0,082,"RT 108-MCHENRY AV","BRIGGSMORE AV",3.00,S,N,A,-,Y,STA,10,108,-,-,24.780,H,-,W,N,2,0,1,1,C,-,18,,,N,H,A,A,A,H,-,A,A,0,,,,,Y,,-,"- ",1,0,0,0,0,0,0,0,0,"- ","- ",,,STANISLAUS,MODESTO,-120.99402034000001,37.670081600000003
8397379,2017,2017-06-27,5002,2017-05-31,1848,13066,M168,3,5,6,5002,0,0,0,,0,061,"WOODLAND AV","PEEK AV",71.00,E,N,A,-,N,,,,,,,,,,N,2,0,1,2,A,-,11,21954,A,N,G,B,E,A,H,-,C,D,0,Y,,,,Y,,N,,1,0,0,0,1,0,0,0,0,"- ","- ",,,STANISLAUS,MODESTO,-121.0469148,37.653012349999997
84020008,2024,2024-08-12,5002,2024-07-12,1430,13527,,5,5,6,5002,0,0,0,,0,042,"EL VISTA AVE","EDGEBROOK DR (S)",12.00,S,N,A,-,N,,,,,,,,,,Y,2,0,2,2,A,-,09,21802,A,N,D,C,A,A,H,-,A,A,0,,,,,Y,Y,A,01,1,1,0,0,0,0,0,0,0,"- ","- ",37.649761199951172,-120.95738220214844,STANISLAUS,MODESTO,-120.95732879638672,37.650398254394531
84020011,2024,2024-08-12,5002,2024-07-18,1852,13409,,4,5,6,5002,0,0,0,,0,062,"TULLY RD","ROSEBURG AVE",0.00,,Y,A,-,N,,,,,,,,,,Y,2,0,3,2,A,-,12,21453,A,N,D,C,A,A,H,-,A,A,0,,,,,Y,,A,01,1,1,1,0,0,0,0,0,0,"- ","- ",37.660381317138672,-121.01249694824219,STANISLAUS,MODESTO,-121.01213836669922,37.660419464111328
8403572,2017,2017-07-11,5002,2017-06-28,0125,13012,,3,5,6,5002,0,0,0,,0,063,"PELANDALE AV","SALIDA BL",0.00,,Y,A,-,N,,,,,,,,,,Y,2,0,1,1,A,-,01,23152,,N,A,I,A,A,H,-,C,A,0,,,,,Y,Y,D,,1,0,0,0,0,0,0,0,0,"- ","- ",,,STANISLAUS,MODESTO,-121.07196988,37.698539920000002
8404324,2017,2017-07-13,5002,2017-05-05,2248,11226,M009,5,5,6,5002,0,0,0,,0,063,"PELANDALE AV","DALE RD",751.00,E,N,A,-,N,,,,,,,,,,Y,1,1,3,2,A,-,01,23152,A,N,B,C,A,A,H,-,D,D,0,,,,,Y,,A,01,3,0,0,0,0,0,0,0,0,"- ","- ",,,STANISLAUS,MODESTO,-121.04747691999999,37.700259670000001
8404956,2018,2020-05-26,5002,2018-02-24,2119,11226,068,6,5,6,5002,0,0,0,,0,633,"STANDIFORD AV","CHANCELLOR AV",138.00,E,N,A,-,N,,,,,,,,,,N,1,1,0,2,A,-,11,21954,A,N,G,B,D,A,H,-,C,D,0,Y,,,,Y,Y,N,60,0,0,0,1,0,0,0,0,0,"- ","- ",,,STANISLAUS,MODESTO,-121.01434326171875,37.689376831054688
8411359,2017,2017-08-18,5002,2017-07-18,1734,11404,,2,5,6,5002,0,0,0,,0,033,CARPENTER,CALIFORNIA,0.00,,Y,A,-,N,,,,,,,,,,Y,2,0,3,3,A,-,09,21802,A,N,A,C,A,A,H,-,A,D,0,,,,,Y,,A,,2,0,1,0,0,0,0,0,0,"- ","- ",,,STANISLAUS,MODESTO,-121.03054992,37.631399960000003
8417038,2017,2017-07-28,5006,2017-06-07,2054,S01834,RPS,3,5,3,5006,0,0,0,,0,001,"8TH ST","PATTERSON RD",0.00,,Y,B,-,N,,,,,,,,,,N,2,0,1,2,A,-,11,21954,A,N,G,B,D,A,H,-,D,D,0,Y,,,,Y,,N,60,1,0,0,0,1,0,0,0,0,"- ","- ",,,STANISLAUS,RIVERBANK,-120.92684995,37.732680000000002
84353246,2024,2024-08-14,5001,2024-08-08,"427 ",755,,4,5,4,5001,0,0,0,,0,001,"HATCH RD","HERNDON AVE",323.00,E,N,A,-,N,,,,,,,,,,Y,2,0,1,1,A,-,03,22350,,N,E,I,A,A,H,-,C,D,0,,,,,Y,,A,01,1,0,0,0,0,0,0,0,0,"- ","- ",,,STANISLAUS,CERES,-120.97311401367188,37.609348297119141
84356575,2024,2024-08-16,5002,2024-05-20,1544,10152,,1,5,6,5002,0,0,0,,0,073,"COFFEE RD","SYLVAN MEADOWS DR",0.00,,Y,A,-,N,,,,,,,,,,Y,2,0,4,3,A,-,12,21453,A,N,D,C,A,A,H,-,A,A,0,,,,,Y,,A,07,2,1,1,0,0,0,0,0,0,"- ","- ",37.691318511962891,-120.97608184814453,STANISLAUS,MODESTO,-120.97611999511719,37.691314697265625
8435811,2017,2017-08-29,5002,2017-08-10,1640,11854,961,4,5,6,5002,0,0,0,,0,032,"TUOLUMNE BL","ROSELAWN AV",0.00,,Y,A,-,N,,,,,,,,,,Y,2,0,1,3,A,-,09,21801,A,F,D,C,A,A,H,-,A,A,0,,,,,Y,Y,A,,1,0,0,0,0,0,0,0,0,"- ","- ",,,STANISLAUS,MODESTO,-121.00492986,37.627829910000003
84361261,2024,2024-08-20,5002,2024-07-18,"625 ",13513,,4,5,6,5002,0,0,0,,0,063,"RUMBLE RD","CONANT AVE",0.00,,Y,A,-,N,,,,,,,,,,N,2,0,1,2,A,-,09,21800,A,N,B,C,A,A,H,-,A,A,0,,,,,Y,,A,01,1,0,0,0,0,0,0,0,0,"- ","- ",37.682331085205078,-121.04058837890625,STANISLAUS,MODESTO,-121.04053497314453,37.682281494140625
84370593,2024,2024-08-27,5002,2024-06-19,1713,13478,,3,5,6,5002,0,0,0,,0,083,"SYLVAN AVE","DRAGOO PARK DR",0.00,,Y,A,-,N,,,,,,,,,,Y,2,0,3,2,A,-,12,21453,A,N,D,C,A,A,H,-,A,A,0,,,,,Y,,-,"- ",1,1,1,0,0,0,0,0,0,"- ","- ",37.689018249511719,-120.98471832275391,STANISLAUS,MODESTO,-120.98474884033203,37.688968658447266
84387699,2024,2024-09-10,5002,2024-07-25,1844,13409,,4,5,6,5002,0,0,0,,0,082,"SR-108 (MCHENRY AVE)","FLOYD AVE",0.00,,Y,A,-,Y,,,,,,,,,,N,2,0,2,3,A,-,10,21950,A,N,G,B,B,A,H,-,A,A,0,Y,,,,Y,,A,01,1,0,1,0,2,0,0,0,0,"- ","- ",,,STANISLAUS,MODESTO,-120.99412536621094,37.678165435791016
84399771,2024,2024-09-19,5001,2024-09-12,"730 ",486,,4,5,4,5001,0,0,0,,0,003,"ROSE AVE","DALE AVE",0.00,,Y,A,-,N,,,,,,,,,,Y,2,0,1,2,A,-,12,22450,A,N,D,C,A,A,H,-,B,A,0,,,,,Y,,A,01,1,0,0,0,0,0,0,0,0,"- ","- ",,,STANISLAUS,CERES,-120.94327545166016,37.597564697265625
84401806,2024,2024-09-20,5002,2024-08-24,"445 ",13028,,6,5,6,5002,0,0,0,,0,073,"SYLVAN AVE","LITT RD (W)",0.00,,Y,A,-,N,,,,,,,,,,Y,2,0,1,1,A,-,01,23152,A,N,E,I,A,A,H,-,C,D,0,,,,,Y,Y,A,01,1,0,0,0,0,0,0,0,0,"- ","- ",,,STANISLAUS,MODESTO,-120.93080902099609,37.688972473144531
84405442,2024,2024-09-24,5002,2024-08-17,2035,13519,,6,5,6,5002,0,0,0,,0,082,"BRIGGSMORE AVE","COLLEGE AVE",127.00,W,N,A,-,N,,,,,,,,,,Y,2,0,1,2,A,-,04,21703,,N,C,C,A,A,H,-,C,A,0,,,Y,,Y,,C,02,1,0,0,0,0,0,0,0,1,"- ","- ",37.670318603515625,-121.00800323486328,STANISLAUS,MODESTO,-121.00811767578125,37.670486450195312
84443480,2024,2024-10-24,5002,2024-09-23,1716,13513,,1,5,6,5002,0,0,0,,0,063,"VINTAGE DR","GAGOS DR",186.00,W,N,A,-,N,,,,,,,,,,Y,2,0,1,1,A,-,01,23152,A,N,F,A,A,A,H,-,A,A,0,,,Y,,Y,Y,C,02,1,0,0,0,0,0,0,0,1,"- ","- ",37.692531585693359,-121.06043243408203,STANISLAUS,MODESTO,-121.06098175048828,37.692153930664062
84446646,2024,2024-10-28,5008,2024-10-02,"805 ",S03077,,3,5,2,5008,0,0,0,,0,WPD,"HICKMAN RD","YOSEMITE BLVD",585.00,S,N,A,-,N,,,,,,,,,,Y,2,0,3,5,A,-,16,24002,A,N,B,C,A,A,H,-,A,A,0,,,,,Y,,A,07,1,2,0,0,0,0,0,0,0,"- ","- ",37.636070251464844,-120.75919342041016,STANISLAUS,WATERFORD,,
84453248,2024,2024-11-01,5001,2024-05-15,1300,915,,3,5,4,5001,0,0,0,,0,003,"MITCHELL RD","HATCH RD",373.00,N,N,A,-,N,,,,,,,,,,Y,1,1,0,2,A,-,08,22107,,N,D,G,A,A,H,-,A,D,0,,Y,,,Y,,L,04,0,0,0,0,0,1,0,0,0,"- ","- ",,,STANISLAUS,CERES,-120.93874359130859,37.610343933105469
84453249,2024,2024-11-01,5001,2024-07-04,2024,956,,4,5,4,5001,0,0,0,,0,003,"HATCH RD","EASTGATE BLVD",11.00,E,N,A,-,N,,,,,,,,,,Y,1,1,0,1,A,-,01,23152,A,N,E,I,A,A,H,-,A,A,0,,,,,Y,Y,A,01,0,0,0,0,0,0,0,0,0,"- ","- ",37.609390258789062,-120.92645263671875,STANISLAUS,CERES,,
84476444,2024,2024-11-25,5002,2024-09-27,1643,13035,,5,5,6,5002,0,0,0,,0,082,"ORANGEBURG AVE","BRONSON AVE",0.00,,Y,A,-,N,,,,,,,,,,Y,2,0,3,2,A,-,09,21801,A,N,D,C,A,A,H,-,A,D,0,,,Y,,Y,,A,07,1,1,1,0,0,0,0,0,1,"- ","- ",37.663959503173828,-121.00550079345703,STANISLAUS,MODESTO,-121.00537109375,37.663909912109375
84476477,2024,2024-11-20,5002,2024-10-20,2030,13478,,7,5,6,5002,0,0,0,,0,071,"COFFEE RD","MULTNOMAH DR",155.00,N,N,A,-,N,,,,,,,,,,N,2,0,1,2,A,-,11,21954,A,N,G,B,D,A,H,-,C,D,0,Y,,,,Y,,N,60,1,0,0,0,1,0,0,0,0,"- ","- ",37.659351348876953,-120.97602081298828,STANISLAUS,MODESTO,-120.97563934326172,37.659976959228516
84485279,2024,2025-04-21,5002,2024-08-01,1329,11196,,4,5,6,5002,0,0,0,,0,083,"STANDIFORD AVE","SHERWOOD AVE",227.00,W,N,A,-,N,,,,,,,,,,Y,1,1,0,3,A,-,03,22350,,N,E,I,A,A,H,-,A,D,0,,,,,Y,,A,01,0,0,0,0,0,0,0,0,0,"- ","- ",37.689029693603516,-120.99758911132812,STANISLAUS,MODESTO,-120.99824523925781,37.689167022705078
84486959,2024,2024-12-02,5001,2024-11-22,1854,755,,5,5,4,5001,0,0,0,,0,004,"SUNGATE CT","SODA CANYON DR",22.00,W,N,C,-,N,,,,,,,,,,Y,2,0,2,1,A,-,08,22107,,N,E,I,A,B,H,-,C,D,0,,,,,Y,,A,01,1,1,0,0,0,0,0,0,0,"- ","- ",,,STANISLAUS,CERES,-120.96989440917969,37.584304809570312
84529362,2023,2025-04-04,5002,2023-08-02,"827 ",11267,,3,5,6,5002,0,0,0,,0,,"SNYDER AVE","PRESCOTT RD",0.00,,Y,A,-,Y,,,,,,,,,,N,1,1,0,2,A,-,09,21453,B,F,H,G,A,A,H,-,A,A,0,,Y,,,Y,,D,22,0,0,0,0,0,1,0,0,0,"- ","- ",37.696910858154297,-121.03163146972656,STANISLAUS,MODESTO,-121.03169250488281,37.696914672851562
84567153,2025,2025-02-06,5002,2025-01-31,1217,13299,,5,5,6,5002,0,0,0,,0,072,"COFFEE RD","BRIGGSMORE AVE",260.00,N,N,B,-,N,,,,,,,,,,Y,2,0,2,2,A,-,03,22350,,N,D,I,A,B,H,-,A,D,0,,,,,Y,,A,01,1,0,1,0,0,0,0,0,0,"- ","- ",37.667110443115234,-120.95755767822266,STANISLAUS,MODESTO,-120.97570037841797,37.667861938476562
84599186,2025,2025-03-17,5001,2025-02-25,"542 ",939,,2,5,4,5001,0,0,0,,0,005,"MITCHELL RD","SERVICE RD",0.00,,Y,A,-,N,,,,,,,,,,N,2,0,2,2,A,-,12,21453,A,N,D,C,A,A,H,-,B,A,0,,,,,Y,,D,22,2,0,0,0,0,0,0,0,0,"- ","- ",,,STANISLAUS,CERES,-120.93872833251953,37.580245971679688
84638696,2025,2025-05-09,5006,2025-02-18,1722,129,,2,5,3,5006,0,0,0,,0,RPD,"PATTERSON RD","HOWARD AVE",0.00,,Y,B,-,Y,STA,,108," "," ",31.657,H,,R,Y,2,0,2,2,A,-,03,22350,,N,D,C,A,A,H,-,A,D,0,,,Y,,Y,,C,02,1,1,0,0,0,0,0,0,1,"- ","- ",37.732879638671875,-120.94724273681641,STANISLAUS,RIVERBANK,-120.94723510742188,37.732673645019531
84640672,2025,2025-04-08,5002,2025-02-07,1608,13579,,5,5,6,5002,0,0,0,,0,043,"NORSEMAN DR","CREEKWOOD DR",10.00,N,N,A,-,N,,,,,,,,,,Y,2,0,1,1,A,-,03,22350,,N,E,I,A,A,H,-,A,A,0,,,Y,,Y,,C,02,1,0,0,0,0,0,0,0,1,"- ","- ",37.649990081787109,-120.917236328125,STANISLAUS,MODESTO,-120.91716003417969,37.650016784667969
84645491,2025,2025-04-11,5006,2025-03-19,1745,129,,3,5,3,5006,0,0,0,,0,RPD,"PATTERSON RD","ROSELLE AVE",406.00,E,N,-,-,N,,,,,,,,,,N,2,0,1,1,A,-,03,22350,,N,H,J,A,A,H,-,A,D,0,,Y,,,Y,,L,04,1,0,0,0,0,0,1,0,0,"- ","- ",37.732868194580078,-120.94035339355469,STANISLAUS,RIVERBANK,-120.93905639648438,37.732711791992188
8465079,2017,2017-10-25,5002,2017-09-03,0255,11402,,7,5,6,5002,0,0,0,,0,032,"7TH ST","B ST",200.00,S,N,A,-,N,,,,,,,,,,Y,2,0,3,2,A,-,01,23152,A,N,A,C,A,A,H,-,C,D,0,,,,,Y,Y,A,,1,0,2,0,0,0,0,0,0,"- ","- ",,,STANISLAUS,MODESTO,-120.99466,37.63015
8465099,2017,2017-10-19,5002,2017-10-04,0053,13106,MODES,3,5,6,5002,0,0,0,,0,083,"STANDIFORD AV","CHANCELLOR AV",215.00,E,N,A,-,N,,,,,,,,,,Y,2,0,2,2,A,-,03,22350,,N,B,C,A,A,H,-,C,D,0,,,,,Y,,A,,1,0,1,0,0,0,0,0,0,"- ","- ",,,STANISLAUS,MODESTO,-121.01407740000001,37.689370719999999
8465521,2017,2019-04-10,5005,2017-11-23,0430,S01665,PPS,4,5,3,5005,0,0,0,,0,6T33,"SPERRY RD","SOUTH 9TH ST",185.00,E,N,A,-,N,,,,,,,,,,N,1,1,0,2,A,-,00,20001,A,F,G,B,D,A,H,-,D,D,0,Y,,,,Y,Y,-,,0,0,0,1,0,0,0,0,0,"- ","- ",,,STANISLAUS,PATTERSON,-121.13386257000001,37.464300000000001
8465663,2018,2019-03-01,5002,2018-11-17,1025,11023,M479,6,5,6,5002,0,0,0,,0,061,"S CARPENTER RD","CHICAGO AV",907.00,N,N,A,-,N,,,,,,,,,,Y,1,1,2,3,A,-,03,22350,,N,D,C,A,A,H,-,A,D,0,,,Y,,Y,,C,06,0,1,1,0,0,0,0,1,0,"- ","- ",,,STANISLAUS,MODESTO,-121.03046417236328,37.626819610595703
8465719,2018,2019-04-08,5002,2018-12-31,1740,11267,405,1,5,6,5002,0,0,0,,0,041,"RT 132","D ST",0.00,,Y,A,-,Y,STA,10,132,-,-,15.340,I,5,E,Y,1,1,0,1,A,-,01,23152,A,N,E,I,A,A,H,-,C,A,0,,,,,Y,Y,A,07,0,0,0,0,0,0,0,0,0,"- ","- ",,,STANISLAUS,MODESTO,-120.98979187011719,37.637413024902344
8465767,2018,2019-05-07,5007,2018-12-22,1608,5694,5007,6,5,5,5007,0,0,0,,0,003,"FULKERTH RD","RT 99",0.00,,Y,A,-,Y,STA,10,99,-,R,4.699,R,4,N,Y,1,1,0,2,A,-,01,23152,F,N,D,C,A,A,H,-,A,D,0,,,Y,,Y,,C,02,0,0,0,0,0,0,0,1,0,"- ",NO,,,STANISLAUS,TURLOCK,-120.87869262695312,37.509239196777344
8465890,2018,2020-05-21,5002,2018-12-05,1856,11023,M537,3,5,6,5002,0,0,0,,0,063,"PELANDALE AV","CHAPMAN RD",23.00,W,N,B,-,N,,,,,,,,,,N,1,1,0,2,A,-,11,21950,B,F,G,B,B,B,H,-,C,A,0,Y,,,,Y,,N,60,0,0,0,1,0,0,0,0,0,"- ","- ",,,STANISLAUS,MODESTO,-121.063720703125,37.700218200683594
8465900,2018,2019-07-08,5007,2018-12-14,1904,5739,5007,5,5,5,5007,0,0,0,,0,001,"EAST MONTE VISTA AV","GEER RD",381.00,E,N,A,-,N,,,,,,,,,,Y,1,1,3,4,A,-,01,23152,A,N,C,D,A,A,H,-,C,D,0,,,,,Y,Y,D,22,2,1,0,0,0,0,0,0,0,"- ","- ",,,STANISLAUS,TURLOCK,-120.84756469726562,37.521953582763672
8465994,2019,2019-08-12,5002,2019-06-15,0152,11621,,6,5,6,5002,0,0,0,,0,041,"RT 132","YOSEMITE BL",0.00,,Y,A,-,Y,STA,10,132,-,-,15.340,I,5,W,Y,1,2,2,5,A,-,03,22350,,N,E,I,F,A,H,-,C,A,0,Y,,,,Y,,A,01,0,2,0,2,0,0,0,0,0,"- ","- ",,,STANISLAUS,MODESTO,-120.98979187011719,37.637413024902344
8466141,2017,2017-10-10,5002,2017-09-11,1534,11807,098,1,5,6,5002,0,0,0,,0,083,"SYLVAN MEADOWS DR","ALMOND BLOSSOM CT",50.00,W,N,B,-,N,,,,,,,,,,Y,2,0,1,1,A,-,08,22107,,N,E,I,A,A,H,-,A,D,0,,,,,Y,,-,,1,0,0,0,0,0,0,0,0,"- ","- ",,,STANISLAUS,MODESTO,-120.98402278,37.691948119999999
8466158,2017,2017-10-05,5002,2017-09-13,1345,13085,,3,5,6,5002,0,0,0,,0,082,"TULLY RD","ORANGEBURG AV",29.00,N,N,A,-,N,,,,,,,,,,Y,2,0,2,2,A,-,03,22350,,N,C,C,A,A,H,-,A,A,0,,,,,Y,,A,01,1,1,0,0,0,0,0,0,0,"- ","- ",,,STANISLAUS,MODESTO,-121.01220087,37.664129639999999
84702882,2025,2025-05-28,5002,2025-03-17,1653,13409,,1,5,6,5002,0,0,0,,0,033,"COMSTOCK CT","ELM AVE",282.00,N,N,B,-,N,,,,,,,,,,Y,2,0,1,2,A,-,08,22107,,N,D,E,A,A,H,-,A,D,0,,,Y,,Y,,C,02,1,0,0,0,0,0,0,0,1,"- ","- ",,,STANISLAUS,MODESTO,-121.02680969238281,37.644012451171875
8470386,2017,2017-10-23,5007,2017-09-21,0447,5743,5007,4,5,5,5007,0,0,0,,0,004,"NORTH GOLDEN STATE BL","TUOLUMNE RD",862.00,N,N,A,-,N,,,,,,,,,,,2,0,1,2,A,-,11,21954,A,N,G,B,E,A,H,-,C,D,0,Y,,,,Y,,N,60,1,0,0,0,1,0,0,0,0,"- ","- ",,,STANISLAUS,TURLOCK,-120.87149228,37.516416470000003
84714020,2025,2025-06-13,5002,2025-01-23,1747,11740,,4,5,6,5002,0,0,0,,0,033,"CHICAGO AVE","HARON LN",124.00,W,N,A,-,N,,,,,,,,,,Y,2,0,1,2,A,-,11,21954,A,N,G,B,E,A,H,-,D,D,0,Y,,,,Y,,A,01,1,0,0,0,1,0,0,0,0,"- ","- ",37.625968933105469,-121.01690673828125,STANISLAUS,MODESTO,-121.01671600341797,37.625968933105469
8471887,2017,2018-06-05,5002,2017-08-17,0648,13107,215,4,5,6,5002,0,0,0,,0,082,"RT 108","W COOLIDGE AV",36.00,N,N,A,-,Y,STA,10,108,-,-,24.440,I,5,E,Y,2,0,2,3,A,-,11,21954,A,N,G,B,D,A,H,-,A,D,0,Y,,,,Y,,-,"- ",1,1,0,0,2,0,0,0,0,"- ","- ",,,STANISLAUS,MODESTO,-120.99405127999999,37.66523248
8472715,2017,2017-11-02,5007,2017-09-02,2225,5736,,6,5,5,5007,0,0,0,,0,005,"GEER RD","NORTH GOLDEN STATE BL",30.00,N,N,A,-,N,,,,,,,,,,Y,2,0,1,1,A,-,01,23152,C,N,F,J,A,A,H,-,C,A,0,,,,,Y,Y,A,01,1,0,0,0,0,0,0,0,0,"- ","- ",,,STANISLAUS,TURLOCK,-120.84901391,37.498833750000003
84728354,2025,2025-07-23,5002,2025-02-10,1923,11196,,1,5,6,5002,0,0,0,,0,073,"BRIGGSMORE AVE","HELD DR",185.00,E,N,A,-,N,,,,,,,,,,Y,1,1,1,1,A,-,01,23152,A,N,E,I,A,A,H,-,C,D,0,,,,,Y,Y,D,22,1,0,0,0,0,0,0,0,0,"- ","- ",37.666988372802734,-120.91349029541016,STANISLAUS,MODESTO,-120.91287231445312,37.667091369628906