CASE_ID,ACCIDENT_YEAR,PROC_DATE,JURIS,COLLISION_DATE,COLLISION_TIME,OFFICER_ID,REPORTING_DISTRICT,DAY_OF_WEEK,CHP_SHIFT,POPULATION,CNTY_CITY_LOC,SPECIAL_COND,BEAT_TYPE,CHP_BEAT_TYPE,CITY_DIVISION_LAPD,CHP_BEAT_CLASS,BEAT_NUMBER,PRIMARY_RD,SECONDARY_RD,DISTANCE,DIRECTION,INTERSECTION,WEATHER_1,WEATHER_2,STATE_HWY_IND,CALTRANS_COUNTY,CALTRANS_DISTRICT,STATE_ROUTE,ROUTE_SUFFIX,POSTMILE_PREFIX,POSTMILE,LOCATION_TYPE,RAMP_INTERSECTION,SIDE_OF_HWY,TOW_AWAY,COLLISION_SEVERITY,NUMBER_KILLED,NUMBER_INJURED,PARTY_COUNT,PRIMARY_COLL_FACTOR,PCF_CODE_OF_VIOL,PCF_VIOL_CATEGORY,PCF_VIOLATION,PCF_VIOL_SUBSECTION,HIT_AND_RUN,TYPE_OF_COLLISION,MVIW,PED_ACTION,ROAD_SURFACE,ROAD_COND_1,ROAD_COND_2,LIGHTING,CONTROL_DEVICE,CHP_ROAD_TYPE,PEDESTRIAN_ACCIDENT,BICYCLE_ACCIDENT,MOTORCYCLE_ACCIDENT,TRUCK_ACCIDENT,NOT_PRIVATE_PROPERTY,ALCOHOL_INVOLVED,STWD_VEHTYPE_AT_FAULT,CHP_VEHTYPE_AT_FAULT,COUNT_SEVERE_INJ,COUNT_VISIBLE_INJ,COUNT_COMPLAINT_PAIN,COUNT_PED_KILLED,COUNT_PED_INJURED,COUNT_BICYCLIST_KILLED,COUNT_BICYCLIST_INJURED,COUNT_MC_KILLED,COUNT_MC_INJURED,PRIMARY_RAMP,SECONDARY_RAMP,LATITUDE,LONGITUDE,COUNTY,CITY,POINT_X,POINT_Y
84729922,2025,2025-06-24,5002,2025-06-02,1911,13602,,1,5,6,5002,0,0,0,,0,082,"COLLEGE AVE","DURANT ST",22.00,N,N,A,-,N,,,,,,,,,,Y,2,0,3,1,A,-,01,23152,A,N,E,I,A,A,H,-,A,D,0,,,,,Y,Y,A,01,3,0,0,0,0,0,0,0,0,"- ","- ",37.677970886230469,-121.00778198242188,STANISLAUS,MODESTO,-121.00775909423828,37.67803955078125
84738294,2025,2025-06-25,5009,2025-02-05,1822,S03890,,3,5,3,5005,0,0,0,,0,PPD,"SPERRY AVE","LAS PALMAS AVE",80.00,W,N,A,-,N,,,,,,,,,,Y,2,0,3,3,A,-,01,23152,A,F,C,C,A,A,H,-,C,A,0,,,,,Y,Y,A,01,1,2,0,0,0,0,0,0,0,"- ","- ",37.464111328125,-121.14418029785156,STANISLAUS,PATTERSON,-121.14485931396484,37.464344024658203
84745302,2024,2025-08-04,5002,2024-12-05,2059,13132,,4,5,6,5002,0,0,0,,0,033,"NORTH CARPENTER RD","ELM AVE",0.00,,Y,A,-,N,,,,,,,,,,Y,1,1,0,2,A,-,09,21802,A,N,D,C,A,A,H,-,C,A,0,,,Y,,Y,,A,01,0,0,0,0,0,0,0,1,0,"- ","- ",,,STANISLAUS,MODESTO,-121.03024291992188,37.643245697021484
84763176,2025,2025-07-16,5002,2025-05-25,1546,13632,,7,5,6,5002,0,0,0,,0,033,"PARADISE AVE","S MADISON ST",0.00,,Y,A,-,N,,,,,,,,,,Y,2,0,1,2,A,-,09,21801,A,N,D,C,A,A,H,-,A,D,0,,,Y,,Y,,A,07,1,0,0,0,0,0,0,0,0,"- ","- ",37.629001617431641,-121.01036834716797,STANISLAUS,MODESTO,-121.01036071777344,37.628971099853516
84782335,2025,2025-07-30,5002,2025-06-15,1910,13516,,7,5,6,5002,0,0,0,,0,083,"STANDIFORD AVE","POLARIS ST",0.00,,Y,A,-,N,,,,,,,,,,Y,2,0,1,2,A,-,09,21802,A,F,F,A,A,A,H,-,B,D,0,,,Y,,Y,,-,99,1,0,0,0,0,0,0,0,0,"- ","- ",37.689159393310547,-121.00171661376953,STANISLAUS,MODESTO,-121.00164031982422,37.689208984375
84791131,2024,2025-08-06,5002,2024-09-01,2031,13528,,7,5,6,5002,0,0,0,,0,083,"MCHENRY AVE (SR108)","SYLVAN AVE",0.00,,Y,A,-,Y,STA,,108," "," ",26.058,H,,L,Y,2,0,3,2,A,-,12,21453,A,N,D,C,A,A,H,-,C,A,0,,,Y,,Y,,C,03,2,0,1,0,0,0,0,0,2,"- ","- ",37.689090728759766,-120.99437713623047,STANISLAUS,MODESTO,-120.99440765380859,37.689090728759766
8479247,2017,2017-10-27,5002,2017-10-15,0058,11026,587,7,5,6,5002,0,0,0,,0,071,"CLAUS RD","BRIGGSMORE AV",252.00,S,N,A,-,N,,,,,,,,,,Y,2,0,3,2,A,-,09,21804,A,N,D,C,A,A,H,-,C,D,0,,,Y,,Y,,A,,1,1,1,0,0,0,0,0,1,"- ","- ",,,STANISLAUS,MODESTO,-120.92129169,37.666207970000002
8479282,2017,2017-10-26,5002,2017-10-11,1450,10253,M045,3,5,6,5002,0,0,0,,0,082,BRIGGSMORE,"TULLY RD",300.00,E,N,A,-,N,,,,,,,,,,Y,2,0,1,3,A,-,03,22350,,N,C,C,A,A,H,-,A,A,0,,,,,Y,,A,01,1,0,0,0,0,0,0,0,0,"- ","- ",,,STANISLAUS,MODESTO,-121.01121362000001,37.670479999999998
84813693,2025,2025-08-22,5002,2025-02-04,1928,11267,,2,5,6,5002,0,0,0,,0,073,"SYLVAN AVE","CARSON OAK DR",0.00,,Y,C,-,N,,,,,,,,,,Y,1,1,0,2,A,-,09,21801,A,N,D,C,A,B,H,-,C,D,0,,,Y,,Y,,A,01,0,0,0,0,0,0,0,1,0,"- ","- ",37.688961029052734,-120.96028900146484,STANISLAUS,MODESTO,-120.96027374267578,37.688968658447266
84829421,2025,2025-09-05,5002,2025-02-13,1014,10152,,4,5,6,5002,0,0,0,,0,061,"WEST ORANGEBURG AV","EVERGREEN AV",565.00,S,N,C,-,N,,,,,,,,,,Y,1,1,2,2,A,-,01,23152,F,N,D,C,A,B,H,-,A,D,0,,,,,Y,,A,01,0,0,2,0,0,0,0,0,0,"- ","- ",37.667430877685547,-121.03040313720703,STANISLAUS,MODESTO,-121.02962493896484,37.666053771972656
8493270,2017,2018-07-09,5002,2017-09-08,2219,11861,334,5,5,6,5002,0,0,0,,0,043,"YOSEMITE BL","RIVERSIDE DR",140.00,W,N,A,-,Y,STA,10,132,-,-,17.610,H,-,E,Y,2,0,1,2,A,-,03,22350,,N,C,C,A,A,H,-,C,A,0,,,,,Y,,A,01,1,0,0,0,0,0,0,0,0,"- ","- ",,,STANISLAUS,MODESTO,-120.94879297999999,37.638169920000003
8506204,2017,2017-12-29,5002,2017-11-21,1808,11413,39B,2,5,6,5002,0,0,0,,0,041,"G ST","17TH ST",17.00,E,N,A,-,N,,,,,,,,,,N,2,0,1,2,A,-,10,21950,A,N,G,B,-,A,H,-,C,A,0,Y,,,,Y,Y,A,01,1,0,0,0,1,0,0,0,0,"- ","- ",,,STANISLAUS,MODESTO,-120.99014742999999,37.64266215
8531872,2018,2018-01-23,5002,2018-01-02,1352,10023,123,2,5,6,5002,0,0,0,,0,072,"COFFEE RD","NORWEGIAN DR",245.00,N,N,B,-,N,,,,,,,,,,N,2,0,1,2,A,-,17,21209,A,N,D,C,A,A,H,-,A,D,0,,,Y,,Y,,C,02,1,0,0,0,0,0,0,0,1,"- ","- ",,,STANISLAUS,MODESTO,-120.97573089599609,37.671703338623047
8531937,2017,2018-01-22,5002,2017-12-28,1845,11530,389,4,5,6,5002,0,0,0,,0,041,"I ST","16TH ST",86.00,W,N,A,-,N,,,,,,,,,,Y,2,0,1,2,A,-,11,21954,A,F,A,B,D,A,H,-,C,D,0,Y,,,,Y,Y,-,,1,0,0,0,1,0,0,0,0,"- ","- ",,,STANISLAUS,MODESTO,-120.99373281,37.64371525
8544984,2017,2018-02-05,5002,2017-12-16,1810,11818,435,6,5,6,5002,0,0,0,,0,041,"SOUTH 9TH ST","RIVER RD",537.00,N,N,A,-,N,,,,,,,,,,N,2,0,1,2,A,-,17,21209,A,F,H,G,A,A,H,-,C,D,0,,Y,,,Y,,-,,1,0,0,0,0,0,1,0,0,"- ","- ",,,STANISLAUS,MODESTO,-120.98785193000001,37.628064989999999
8545157,2018,2018-02-08,5002,2018-01-24,0712,13093,M097,3,5,6,5002,0,0,0,,0,083,MCHENRY,"UNION AV",0.00,,Y,B,-,N,,,,,,,,,,N,2,0,1,2,A,-,17,21451,A,F,D,G,A,A,H,-,A,A,0,,Y,,,Y,,A,,1,0,0,0,0,0,1,0,0,"- ","- ",,,STANISLAUS,MODESTO,-120.99436950683594,37.693168640136719
8566726,2017,2018-03-12,5007,2017-11-25,1733,5749,,6,5,5,5007,0,0,0,,0,002,"LANDER AV","BERNELL AV",0.00,,Y,A,-,N,,,,,,,,,,Y,2,0,1,2,A,-,10,21950,A,N,G,B,B,A,H,-,C,D,0,Y,,,,Y,,A,01,1,0,0,0,1,0,0,0,0,"- ","- ",,,STANISLAUS,TURLOCK,-120.84896997,37.483549930000002
8567386,2018,2018-03-16,5002,2018-02-26,1137,13025,508,1,5,6,5002,0,0,0,,0,032,"ROUSE AV","ROUSE AV 630",0.00,,Y,B,-,N,,,,,,,,,,Y,2,0,1,1,A,-,08,22107,,M,E,I,A,B,H,-,A,D,0,,,,,Y,,D,,1,0,0,0,0,0,0,0,0,"- ","- ",,,STANISLAUS,MODESTO,-121.002171,37.620596999999997
8579990,2018,2018-03-27,5007,2018-03-03,0042,5755,,6,5,5,5007,0,0,0,,0,002,"WEST F ST","5TH ST",150.00,E,N,B,-,N,,,,,,,,,,Y,2,0,4,2,A,-,01,23153,A,F,C,E,A,B,H,-,C,D,0,,,,Y,Y,Y,D,22,2,2,0,0,0,0,0,0,0,"- ","- ",,,STANISLAUS,TURLOCK,-120.84381866455078,37.485874176025391
8584175,2018,2018-03-30,5007,2018-03-01,1626,5778,,4,5,5,5007,0,0,0,,0,003,"WEST MAIN ST","CLINTON RD",242.00,E,N,C,-,N,,,,,,,,,,Y,2,0,3,2,A,-,05,21650,,N,A,C,A,B,F,-,A,D,0,,,,,Y,Y,D,22,2,0,1,0,0,0,0,0,0,"- ","- ",,,STANISLAUS,TURLOCK,-120.89823913574219,37.492660522460938
8593126,2018,2018-08-09,5002,2018-03-16,1142,11136,M420,5,5,6,5002,0,0,0,,0,033,"H ST","5TH ST",0.00,,Y,B,-,Y,STA,10,99,-,-,15.454,R,4,S,Y,2,0,1,2,D,-,00,,,N,D,C,A,B,H,-,A,A,0,,,,,Y,,-,"- ",1,0,0,0,0,0,0,0,0,"- ","- ",,,STANISLAUS,MODESTO,-120.99907684326172,37.6324462890625
8593130,2018,2018-04-09,5002,2018-03-18,0153,11698,257,7,5,6,5002,0,0,0,,0,081,"FAIRMONT AV","ILA WY",0.00,,Y,A,-,N,,,,,,,,,,Y,2,0,1,1,A,-,08,22107,,N,E,I,A,A,H,-,C,A,0,,,,,Y,,A,01,1,0,0,0,0,0,0,0,0,"- ","- ",,,STANISLAUS,MODESTO,-120.99114990234375,37.657279968261719
8593936,2018,2018-05-04,5002,2018-04-01,0254,11622,479,7,5,6,5002,0,0,0,,0,033,"CARPENTER RD","CHICAGO AV",0.00,,Y,A,-,N,,,,,,,,,,N,2,0,1,2,A,-,"- ",,,F,G,B,D,A,H,-,C,D,0,Y,,,,Y,Y,-,,1,0,0,0,1,0,0,0,0,"- ","- ",,,STANISLAUS,MODESTO,-121.03044128417969,37.62432861328125
8594073,2018,2018-04-18,5002,2018-03-31,2055,11856,729,6,5,6,5002,0,0,0,,0,032,"PARADISE AV","MARTIN LUTHER KING DR",27.00,W,N,A,-,N,,,,,,,,,,Y,2,0,3,1,A,-,01,23152,A,N,A,I,A,A,H,-,C,A,0,,,,,Y,Y,A,,2,1,0,0,0,0,0,0,0,"- ","- ",,,STANISLAUS,MODESTO,-121.01184844970703,37.627819061279297
8598296,2018,2018-08-21,5002,2018-04-08,2317,11856,099,7,5,6,5002,0,0,0,,0,083,"MCHENRY AV","SANDIFORD AV",0.00,,Y,A,-,Y,STA,10,108,-,-,26.060,I,6,W,N,2,0,1,2,A,-,09,21453,B,F,D,G,A,A,H,-,C,A,0,,Y,,,Y,,A,,1,0,0,0,0,0,1,0,0,"- ","- ",,,STANISLAUS,MODESTO,-120.99430084228516,37.688911437988281
8604080,2018,2018-08-21,5002,2018-04-22,2048,11789,455,7,5,6,5002,0,0,0,,0,042,"YOSEMITE BL","SANTA ANA AV",0.00,,Y,A,-,Y,STA,10,132,-,-,16.090,I,5,W,N,2,0,2,3,A,-,03,22350,,N,D,B,B,A,H,-,D,D,0,Y,,,,Y,,A,,1,0,1,0,2,0,0,0,0,"- ","- ",,,STANISLAUS,MODESTO,-120.97624206542969,37.638214111328125
8610113,2018,2018-05-10,5002,2018-04-09,0615,13096,M939,1,5,6,5002,0,0,0,,0,082,"EAST ORANGEBURG AV","ROOSEVELT DR",174.00,W,N,A,-,N,,,,,,,,,,N,2,0,1,2,A,-,10,21950,A,N,G,B,C,A,H,-,B,A,0,Y,,,,Y,,-,,1,0,0,0,1,0,0,0,0,"- ","- ",,,STANISLAUS,MODESTO,-121.00304412841797,37.663856506347656
8618672,2018,2018-08-09,5004,2018-01-17,0000,1874,CO,3,5,3,5004,0,0,0,,0,0CO,"RT 108","N STERNS RD",0.00,,Y,A,-,Y,STA,10,120,-,-,6.900,I,5,W,Y,2,0,4,2,A,-,01,23152,A,N,D,C,A,A,H,-,C,A,0,,,,,Y,Y,-,99,4,0,0,0,0,0,0,0,0,"- ","- ",36.77825927734375,-119.41793060302734,STANISLAUS,OAKDALE,-120.81703948974609,37.776103973388672
8620423,2018,2018-05-29,5002,2018-04-24,2018,13189,MODES,2,5,6,5002,0,0,0,,0,071,"BRIGHTON AV","WYLIE DR",300.00,S,N,A,-,N,,,,,,,,,,N,2,0,1,2,A,-,03,22350,,F,C,G,A,A,H,-,D,D,0,,Y,,,Y,,A,,1,0,0,0,0,0,1,0,0,"- ","- ",,,STANISLAUS,MODESTO,-120.97102355957031,37.656684875488281
8623463,2018,2018-06-07,5002,2018-05-03,2018,11773,M067,4,5,6,5002,0,0,0,,0,063,"CARVER RD","STANDIFORD AV",0.00,,Y,A,-,N,,,,,,,,,,Y,2,0,1,2,A,-,12,21453,A,N,D,C,A,A,H,-,C,A,0,,,,,Y,,-,,1,0,0,0,0,0,0,0,0,"- ","- ",,,STANISLAUS,MODESTO,-121.02243041992188,37.689441680908203
8627888,2018,2018-06-07,5002,2018-05-13,0011,11098,,7,5,6,5002,0,0,0,,0,073,"SYLVAN AV","ROSELLE AV",12.00,E,N,A,-,N,,,,,,,,,,Y,2,0,1,1,A,-,01,23152,,N,H,I,A,A,H,-,C,D,0,,,,,Y,Y,-,,1,0,0,0,0,0,0,0,0,"- ","- ",,,STANISLAUS,MODESTO,,
8633878,2018,2018-06-19,5002,2018-05-24,1916,11854,039,4,5,6,5002,0,0,0,,0,082,"TULLY RD","MOUNT VERNON DR",0.00,,Y,A,-,N,,,,,,,,,,Y,2,0,7,2,A,-,12,21453,A,N,D,C,A,A,H,-,A,A,0,,,,,Y,,-,,2,4,1,0,0,0,0,0,0,"- ","- ",,,STANISLAUS,MODESTO,-121.01233673095703,37.677181243896484
8643557,2018,2018-06-28,5002,2018-06-02,0255,11621,101,6,5,6,5002,0,0,0,,0,073,"OAKDALE RD","LA FORCE DR",0.00,,Y,A,-,N,,,,,,,,,,Y,2,0,4,2,A,-,01,23152,A,N,D,C,A,A,H,-,C,A,0,,,,,Y,Y,A,01,1,2,1,0,0,0,0,0,0,"- ","- ",,,STANISLAUS,MODESTO,-120.95790863037109,37.683509826660156
8646328,2018,2018-07-03,5001,2018-05-27,1430,600,C303,7,5,4,5001,0,0,0,,0,004,"S CENTRAL AV","SERVICE RD",0.00,,Y,A,-,N,,,,,,,,,,Y,2,0,3,2,A,-,12,21453,A,N,D,C,A,A,H,-,A,A,0,,,,,Y,,A,01,2,0,1,0,0,0,0,0,0,"- ","- ",37.580268859863281,-120.95697784423828,STANISLAUS,CERES,-120.95693,37.580280000000002
8648237,2018,2020-05-22,5002,2018-04-01,1108,11267,180,7,5,6,5002,0,0,0,,0,061,"NORTH 9TH ST","CARVER RD",1531.00,N,N,A,-,N,,,,,,,,,,Y,1,1,0,2,A,-,11,21954,A,N,G,B,D,A,H,-,A,D,0,Y,,,,Y,,N,60,0,0,0,1,0,0,0,0,0,"- ","- ",,,STANISLAUS,MODESTO,-121.02581787109375,37.659664154052734
8648256,2018,2020-05-26,5002,2018-09-06,2031,11023,078,4,5,6,5002,0,0,0,,0,062,"PRESCOTT RD","PEACH DR",52.00,S,N,A,-,N,,,,,,,,,,N,1,1,0,2,A,-,11,21954,A,N,G,B,D,A,H,-,C,D,0,Y,,,,Y,Y,N,60,0,0,0,1,0,0,0,0,0,"- ","- ",37.676090240478516,-121.03132629394531,STANISLAUS,MODESTO,-121.03135681152344,37.676727294921875
8648257,2018,2018-10-12,5002,2018-09-11,0007,11267,389,2,5,6,5002,0,0,0,,0,041,"14TH ST","H ST",192.00,N,N,A,-,N,,,,,,,,,,Y,1,1,0,1,A,-,03,22350,,N,E,I,A,A,H,-,C,A,0,,,,,Y,,A,01,0,0,0,0,0,0,0,0,0,"- ","- ",,,STANISLAUS,MODESTO,-120.99463653564453,37.641822814941406
8648613,2019,2019-02-21,5002,2019-01-07,1748,11023,457,1,5,6,5002,0,0,0,,0,042,"RT 132","N CONEJO AV",2.00,E,N,A,-,Y,STA,10,132,-,-,16.660,H,-,W,N,1,1,0,2,A,-,11,21954,A,N,G,B,E,A,H,-,C,D,0,Y,,,,Y,,N,60,0,0,0,1,0,0,0,0,0,"- ","- ",,,STANISLAUS,MODESTO,-120.96591186523438,37.638191223144531
8655956,2018,2018-07-19,5002,2018-07-02,1634,13035,134,1,5,6,5002,0,0,0,,0,073,"COFFEE RD","SYLVAN MEADOWS",102.00,S,N,A,-,N,,,,,,,,,,Y,2,0,1,2,A,-,09,21801,A,N,F,A,A,A,H,-,A,D,0,,,Y,,Y,,D,,1,0,0,0,0,0,0,0,1,"- ","- ",,,STANISLAUS,MODESTO,-120.97610473632812,37.6910400390625
8667171,2018,2018-11-19,5002,2018-07-13,1243,11854,106,5,5,6,5002,0,0,0,,0,082,"RT 108","KAVANAGH AV",147.00,N,N,A,-,Y,STA,10,108,-,-,25.470,H,-,E,Y,2,0,2,2,A,-,09,21801,A,N,D,C,A,A,H,-,A,D,0,,,,,Y,,-,,1,0,1,0,0,0,0,0,0,"- ","- ",,,STANISLAUS,MODESTO,-120.99427032470703,37.680229187011719
8668670,2018,2018-08-09,5002,2018-07-03,2133,13127,M305,2,5,6,5002,0,0,0,,0,071,"LAKEWOOD AV","BRIGGSMORE AV",279.00,S,N,A,-,N,,,,,,,,,,N,2,0,1,2,A,-,10,21950,A,N,G,B,D,A,H,-,C,A,0,Y,,,,Y,,A,,1,0,0,0,1,0,0,0,0,"- ","- ",,,STANISLAUS,MODESTO,-120.93941497802734,37.666145324707031
8669458,2018,2018-08-15,5007,2018-07-13,2056,5776,5007,5,5,5,5007,0,0,0,,0,002,"LANDER AV","BERNELL AV",7.00,N,N,A,-,N,,,,,,,,,,N,2,0,1,2,A,-,10,21950,A,N,G,B,B,A,H,-,C,D,0,Y,,,,Y,,A,07,1,0,0,0,1,0,0,0,0,"- ","- ",,,STANISLAUS,TURLOCK,-120.84896850585938,37.483570098876953
8671714,2018,2018-08-28,5002,2018-07-29,1458,13129,115,7,5,6,5002,0,0,0,,0,082,"FLOYD AV","SUNRISE AV",0.00,,Y,A,-,N,,,,,,,,,,Y,2,0,1,3,A,-,03,22350,A,N,C,C,A,A,H,-,A,D,0,,,,,Y,,A,08,1,0,0,0,0,0,0,0,0,"- ","- ",,,STANISLAUS,MODESTO,-120.98499298095703,37.6781005859375
8671861,2018,2018-08-10,5002,2018-05-26,0235,11698,M257,6,5,6,5002,0,0,0,,0,081,"ILA WY","FRANCES AV",130.00,N,N,A,-,N,,,,,,,,,,Y,2,0,1,1,A,-,08,22107,,N,E,I,A,A,H,-,C,A,0,,,,,Y,,A,01,1,0,0,0,0,0,0,0,0,"- ","- ",,,STANISLAUS,MODESTO,-120.99117279052734,37.653556823730469
8672358,2018,2018-08-17,5002,2018-07-19,1020,13068,M134,4,5,6,5002,0,0,0,,0,073,"OAKDALE RD","MABLE AV",0.00,,Y,A,-,N,,,,,,,,,,Y,2,0,4,2,A,-,04,21703,,N,C,C,A,A,H,-,A,A,0,,,,,Y,,-,,1,0,3,0,0,0,0,0,0,"- ","- ",,,STANISLAUS,MODESTO,-120.95809173583984,37.696250915527344
8672512,2018,2018-08-09,5002,2018-06-20,1902,11812,M458,3,5,6,5002,0,0,0,,0,042,"HADDON AV","PARRY AV",0.00,,Y,A,-,N,,,,,,,,,,Y,2,0,2,2,A,-,12,22450,,F,D,C,A,A,H,-,A,D,0,,,,,Y,,-,,1,1,0,0,0,0,0,0,0,"- ","- ",,,STANISLAUS,MODESTO,-120.95952606201172,37.641719818115234
8683608,2018,2019-03-14,5002,2018-08-18,1137,13053,M484,6,5,6,5002,0,0,0,,0,032,"ROUSE AV",ANNILANE,74.00,E,N,A,-,N,,,,,,,,,,N,1,1,0,2,A,-,08,22107,,F,G,B,E,A,H,-,A,D,0,Y,,,,Y,Y,A,,0,0,0,1,0,0,0,0,0,"- ","- ",,,STANISLAUS,MODESTO,-121.01465606689453,37.620548248291016
8683636,2018,2018-10-08,5002,2018-08-08,1728,13018,305,3,5,6,5002,0,0,0,,0,071,"LAKEWOOD AV","BRIGGSMORE AV",269.00,S,N,A,-,N,,,,,,,,,,Y,2,0,2,2,A,-,09,21804,A,N,D,C,A,A,H,-,A,D,0,,,,,Y,,D,,1,0,1,0,0,0,0,0,0,"- ","- ",,,STANISLAUS,MODESTO,-120.93941497802734,37.666172027587891
8683750,2018,2018-09-04,5002,2018-07-29,1219,13109,5002,7,5,6,5002,0,0,0,,0,041,"9TH ST","B ST",1450.00,S,N,A,-,N,,,,,,,,,,Y,2,0,1,2,A,-,01,23152,F,N,G,G,A,A,H,-,A,D,0,,Y,,,Y,,A,,1,0,0,0,0,0,1,0,0,"- ","- ",,,STANISLAUS,MODESTO,-120.98886871337891,37.629478454589844
8685119,2018,2018-08-27,5007,2018-07-27,1035,5710,5007,5,5,5,5007,0,0,0,,0,002,"EAST OLIVE AV","PALM ST",159.00,E,N,A,-,N,,,,,,,,,,Y,2,0,3,3,A,-,09,21804,A,N,D,C,A,A,H,-,A,D,0,,,,,Y,,A,01,1,1,1,0,0,0,0,0,0,"- ","- ",,,STANISLAUS,TURLOCK,-120.84356689453125,37.497821807861328
8685922,2018,2018-10-05,5001,2018-08-18,0743,795,D003,6,5,4,5001,0,0,0,,0,005,"MITCHELL RD",ROEDING,800.00,N,N,A,-,N,,,,,,,,,,Y,2,0,2,1,A,-,08,22107,,N,E,I,A,A,H,-,A,D,0,,,,,Y,,A,01,2,0,0,0,0,0,0,0,0,"- ","- ",37.591670989990234,-120.93949890136719,STANISLAUS,CERES,-120.93877410888672,37.589668273925781
8709105,2018,2018-10-11,5002,2018-09-14,1120,13068,,5,5,6,5002,0,0,0,,0,081,"MORRIS AV","ENSLEN AV",0.00,,Y,A,-,N,,,,,,,,,,Y,2,0,1,2,A,-,09,21801,,F,D,C,A,A,H,-,A,D,0,,,,,Y,Y,-,,1,0,0,0,0,0,0,0,0,"- ","- ",,,STANISLAUS,MODESTO,-121.00058746337891,37.651111602783203
8709117,2018,2018-10-22,5002,2018-09-18,1936,11310,708,2,5,6,5002,0,0,0,,0,041,"6TH ST","H ST",0.00,,Y,A,-,N,,,,,,,,,,Y,2,0,2,2,A,-,12,21453,A,N,D,C,A,A,H,-,C,A,0,,,,,Y,,A,,1,0,1,0,0,0,0,0,0,"- ","- ",,,STANISLAUS,MODESTO,-121.00183868408203,37.635658264160156
8711962,2018,2018-10-12,5002,2018-09-22,1319,13040,M027,6,5,6,5002,0,0,0,,0,083,"STANDIFORD AV","TULLY RD",394.00,E,N,A,-,N,,,,,,,,,,Y,2,0,1,2,A,-,09,21804,A,N,D,C,A,A,H,-,A,D,0,,,,,Y,,-,,1,0,0,0,0,0,0,0,0,"- ","- ",,,STANISLAUS,MODESTO,-121.01114654541016,37.689323425292969
8746728,2018,2019-01-24,5009,2018-11-18,0102,S01468,,7,5,2,5009,0,0,0,,0,,"WALKER LN","1ST ST",0.00,,Y,A,-,N,,,,,,,,,,Y,2,0,2,1,A,-,01,23153,A,N,E,I,A,A,H,-,-,A,0,,,,,Y,Y,A,01,1,1,0,0,0,0,0,0,0,"- ","- ",,,STANISLAUS,HUGHSON,-120.86895751953125,37.600231170654297
8752361,2018,2019-01-22,5002,2018-11-04,1730,10303,468,7,5,6,5002,0,0,0,,0,042,"OREGON DR","THRASHER AV",0.00,,Y,A,-,N,,,,,,,,,,N,2,0,1,1,A,-,03,22350,,N,-,-,A,A,H,-,A,-,0,,,,,Y,,-,,1,0,0,0,0,0,0,0,0,"- ","- ",,,STANISLAUS,MODESTO,-120.9703369140625,37.631031036376953
8766557,2018,2019-01-11,5002,2018-12-08,0247,11023,M180,6,5,6,5002,0,0,0,,0,061,"WEST ORANGEBURG AV","MARTIN AV",520.00,W,N,A,-,N,,,,,,,,,,Y,2,0,1,3,A,-,03,22350,,N,E,I,A,A,H,-,C,D,0,,,,,Y,Y,D,22,1,0,0,0,0,0,0,0,0,"- ","- ",,,STANISLAUS,MODESTO,-121.02742767333984,37.664241790771484
8768792,2018,2019-01-08,5002,2018-11-18,0028,11797,M078,7,5,6,5002,0,0,0,,0,062,"MOUNT VERNON DR","SCOTT AV",23.00,E,N,A,-,N,,,,,,,,,,Y,2,0,1,1,A,-,08,22107,,N,E,I,A,A,H,-,C,D,0,,,,,Y,,-,,1,0,0,0,0,0,0,0,0,"- ","- ",,,STANISLAUS,MODESTO,-121.02772521972656,37.674957275390625
8773171,2018,2019-01-12,5002,2018-12-11,1539,13197,398,2,5,6,5002,0,0,0,,0,041,"G ST","17TH ST",0.00,,Y,A,-,N,,,,,,,,,,N,2,0,1,2,A,-,10,21950,A,N,G,B,B,A,H,-,A,A,0,Y,,,,Y,,-,,1,0,0,0,1,0,0,0,0,"- ","- ",,,STANISLAUS,MODESTO,-120.99018859863281,37.642631530761719
8791190,2019,2019-02-04,5002,2019-01-14,1752,11712,405,1,5,6,5002,0,0,0,,0,041,"14TH ST","F ST",24.00,S,N,A,-,N,,,,,,,,,,N,2,0,1,2,A,-,02,21654,A,N,G,B,D,B,H,-,D,D,0,Y,,,,Y,Y,N,,1,0,0,0,1,0,0,0,0,"- ","- ",,,STANISLAUS,MODESTO,-120.99181365966797,37.639472961425781
8791964,2018,2019-02-11,5002,2018-12-31,1744,13195,487,1,5,6,5002,0,0,0,,0,032,"ROUSE AV","WADE AV",60.00,W,N,A,-,N,,,,,,,,,,N,2,0,1,2,A,-,08,22107,,F,G,B,E,A,H,-,C,D,0,Y,,,,Y,Y,D,22,1,0,0,0,1,0,0,0,0,"- ","- ",,,STANISLAUS,MODESTO,-121.02091217041016,37.620521545410156
8799462,2019,2019-02-22,5002,2019-01-31,1935,11712,217,4,5,6,5002,0,0,0,,0,081,"TULLY RD","ROSEBURG AV",9.00,N,N,A,-,N,,,,,,,,,,N,2,0,1,2,A,-,10,21950,A,N,G,B,B,A,H,-,C,A,0,Y,,,,Y,,A,,1,0,0,0,1,0,0,0,0,"- ","- ",,,STANISLAUS,MODESTO,-121.01213836669922,37.660446166992188
8808192,2019,2019-05-29,5002,2019-02-11,0829,11023,M055,1,5,6,5002,0,0,0,,0,083,"STANDIFORD AV","POLARIS ST",112.00,W,N,A,-,N,,,,,,,,,,Y,1,1,0,2,A,-,17,22517,,N,B,C,A,A,H,-,A,D,0,,,,,Y,,A,01,0,0,0,0,0,0,0,0,0,"- ","- ",37.689189910888672,-121.00177764892578,STANISLAUS,MODESTO,-121.00202941894531,37.689212799072266
8808420,2019,2019-08-14,5007,2019-06-26,1922,5769,,3,5,5,5007,0,0,0,,0,,"W CHRISTOFFERSEN PKWY","PANORAMA AV",0.00,,Y,A,-,N,,,,,,,,,,Y,1,1,0,2,A,-,00,21954,,N,D,B,D,A,H,-,B,D,0,Y,,,,Y,,N,60,0,0,0,1,0,0,0,0,0,"- ","- ",,,STANISLAUS,TURLOCK,-120.87151,37.529290000000003