CASE_ID,ACCIDENT_YEAR,PROC_DATE,JURIS,COLLISION_DATE,COLLISION_TIME,OFFICER_ID,REPORTING_DISTRICT,DAY_OF_WEEK,CHP_SHIFT,POPULATION,CNTY_CITY_LOC,SPECIAL_COND,BEAT_TYPE,CHP_BEAT_TYPE,CITY_DIVISION_LAPD,CHP_BEAT_CLASS,BEAT_NUMBER,PRIMARY_RD,SECONDARY_RD,DISTANCE,DIRECTION,INTERSECTION,WEATHER_1,WEATHER_2,STATE_HWY_IND,CALTRANS_COUNTY,CALTRANS_DISTRICT,STATE_ROUTE,ROUTE_SUFFIX,POSTMILE_PREFIX,POSTMILE,LOCATION_TYPE,RAMP_INTERSECTION,SIDE_OF_HWY,TOW_AWAY,COLLISION_SEVERITY,NUMBER_KILLED,NUMBER_INJURED,PARTY_COUNT,PRIMARY_COLL_FACTOR,PCF_CODE_OF_VIOL,PCF_VIOL_CATEGORY,PCF_VIOLATION,PCF_VIOL_SUBSECTION,HIT_AND_RUN,TYPE_OF_COLLISION,MVIW,PED_ACTION,ROAD_SURFACE,ROAD_COND_1,ROAD_COND_2,LIGHTING,CONTROL_DEVICE,CHP_ROAD_TYPE,PEDESTRIAN_ACCIDENT,BICYCLE_ACCIDENT,MOTORCYCLE_ACCIDENT,TRUCK_ACCIDENT,NOT_PRIVATE_PROPERTY,ALCOHOL_INVOLVED,STWD_VEHTYPE_AT_FAULT,CHP_VEHTYPE_AT_FAULT,COUNT_SEVERE_INJ,COUNT_VISIBLE_INJ,COUNT_COMPLAINT_PAIN,COUNT_PED_KILLED,COUNT_PED_INJURED,COUNT_BICYCLIST_KILLED,COUNT_BICYCLIST_INJURED,COUNT_MC_KILLED,COUNT_MC_INJURED,PRIMARY_RAMP,SECONDARY_RAMP,LATITUDE,LONGITUDE,COUNTY,CITY,POINT_X,POINT_Y
8813666,2019,2019-03-18,5002,2019-02-03,1904,1904,284,7,5,6,5002,0,0,0,,0,071,"COFFEE RD","EAST ORANGEBURG AV",216.00,N,N,B,-,N,,,,,,,,,,N,2,0,1,2,A,-,10,21954,B,N,G,B,D,A,H,-,C,D,0,Y,,,,Y,,-,,1,0,0,0,1,0,0,0,0,"- ","- ",,,STANISLAUS,MODESTO,-120.97568511962891,37.664142608642578
8822801,2019,2019-03-27,5002,2019-03-11,0038,13012,M260,1,5,6,5002,0,0,0,,0,MP81,"DOWNEY AV","KIMBLE ST",0.00,W,N,A,-,N,,,,,,,,,,N,2,0,1,2,A,-,09,21804,A,N,D,G,A,A,H,-,C,A,0,,Y,,,Y,,A,,1,0,0,0,0,0,1,0,0,"- ","- ",,,STANISLAUS,MODESTO,-120.98912048339844,37.645500183105469
8822838,2019,2019-03-27,5002,2019-03-06,2126,11248,M737,3,5,6,5002,0,0,0,,0,041,"LA LOMA AV","JAMES ST",0.00,,Y,A,-,N,,,,,,,,,,Y,2,0,1,1,A,-,05,21650,,N,E,I,A,A,H,-,C,D,0,,,Y,,Y,,C,,1,0,0,0,0,0,0,0,1,"- ","- ",,,STANISLAUS,MODESTO,-120.987413,37.643766999999997
8826540,2019,2019-07-19,5002,2019-01-20,0147,10791,,7,5,6,5002,0,0,0,,0,042,"RT 132","DALY AV",0.00,,Y,A,-,Y,STA,10,132,-,-,16.810,I,5,E,Y,2,0,1,2,A,-,01,23152,A,N,D,C,A,A,H,-,C,A,0,,,,,Y,Y,A,01,1,0,0,0,0,0,0,0,0,"- ","- ",,,STANISLAUS,MODESTO,-120.96321105957031,37.638187408447266
8833082,2019,2019-04-12,5007,2019-03-08,1339,5774,5007,5,5,5,5007,0,0,0,,0,004,"NORTH TULLY RD","SHADOW PARK DR",0.00,,Y,A,-,N,,,,,,,,,,Y,2,0,2,2,A,-,03,22350,,N,C,C,A,A,H,-,A,D,0,,,,,Y,,A,01,1,0,1,0,0,0,0,0,0,"- ","- ",,,STANISLAUS,TURLOCK,-120.87178802490234,37.513881683349609
8836767,2019,2019-04-24,5002,2019-03-08,0910,13116,M215,5,5,6,5002,0,0,0,,0,082,"WEST GRANGER AV","FLORIDA AV",0.00,,Y,A,-,N,,,,,,,,,,N,2,0,1,2,A,-,11,21950,B,N,G,B,D,A,H,-,A,D,0,Y,,,Y,Y,,N,,1,0,0,0,1,0,0,0,0,"- ","- ",,,STANISLAUS,MODESTO,-120.99624633789062,37.667331695556641
8846829,2019,2019-08-27,5002,2019-05-04,1239,13086,M260,6,5,6,5002,0,0,0,,0,081,"RT 108","WRIGHT ST",176.00,S,N,A,-,Y,STA,10,108,-,-,23.220,H,-,W,Y,2,0,4,2,A,-,03,22350,,N,C,C,A,A,H,-,A,D,0,,,,,Y,,D,,2,2,0,0,0,0,0,0,0,"- ","- ",,,STANISLAUS,MODESTO,-120.99373626708984,37.647758483886719
8858440,2019,2019-05-21,5002,2019-05-02,2031,11793,M435,4,5,6,5002,0,0,0,,0,041,"9TH ST","D ST",0.00,,Y,A,-,N,,,,,,,,,,Y,2,0,2,2,A,-,09,21801,A,N,A,C,A,A,H,-,C,A,0,,,,,Y,,-,,1,1,0,0,0,0,0,0,0,"- ","- ",,,STANISLAUS,MODESTO,-120.99437713623047,37.634021759033203
8877339,2019,2019-06-13,5002,2019-06-03,1852,11750,M264,1,5,6,5002,0,0,0,,0,081,"HIGH ST","REDWOOD AV",0.00,,Y,A,-,N,,,,,,,,,,N,2,0,1,2,A,-,12,22450,A,N,D,G,A,A,H,-,A,A,0,,Y,,,Y,,L,,1,0,0,0,0,0,1,0,0,"- ","- ",,,STANISLAUS,MODESTO,-120.98789215087891,37.647331237792969
8877347,2019,2019-06-13,5002,2019-06-01,1650,13067,,6,5,6,5002,0,0,0,,0,073,"FLOYD AV","VERA CRUZ DR",0.00,,Y,A,-,N,,,,,,,,,,N,2,0,1,2,A,-,08,22107,,N,D,G,A,A,H,-,A,D,0,,Y,,,Y,,A,,1,0,0,0,0,0,1,0,0,"- ","- ",,,STANISLAUS,MODESTO,-120.97408294677734,37.67803955078125
8888711,2019,2019-07-16,5002,2019-06-07,1634,13096,M705,5,5,6,5002,0,0,0,,0,071,"OAKDALE RD","PEPPERMINT DR",129.00,N,N,A,-,N,,,,,,,,,,Y,2,0,1,2,A,-,03,22350,,N,D,C,A,A,H,-,A,D,0,,,,,Y,,-,,1,0,0,0,0,0,0,0,0,"- ","- ",,,STANISLAUS,MODESTO,-120.95751190185547,37.659393310546875
8889788,2019,2019-07-18,5002,2019-05-15,2121,11845,,3,5,6,5002,0,0,0,,0,062,"STANIFORD AV","DALE RD",0.00,,Y,C,-,N,,,,,,,,,,N,2,0,1,2,A,-,11,21453,D,F,G,B,D,B,H,-,C,A,0,Y,,,,Y,Y,N,,1,0,0,0,1,0,0,0,0,"- ","- ",,,STANISLAUS,MODESTO,-121.04981231689453,37.685310363769531
8911001,2019,2020-05-21,5002,2019-12-05,1800,11267,055,4,5,6,5002,0,0,0,,0,082,"RT 108","ROBIN HOOD DR",250.00,N,N,A,-,Y,STA,10,108,-,-,25.870,H,-,E,Y,1,1,0,4,A,-,11,21954,A,F,G,B,D,A,H,-,C,D,0,Y,,,,Y,Y,N,60,0,0,0,1,0,0,0,0,0,"- ","- ",,,STANISLAUS,MODESTO,-120.99435424804688,37.686119079589844
8911265,2020,2020-06-29,5002,2020-05-18,0630,861,A201,1,5,6,5002,0,0,0,,0,001,"EAST HATCH RD","CENTRAL AV",35.00,W,N,B,-,N,,,,,,,,,,Y,1,1,2,2,A,-,08,22107,,N,E,I,A,B,H,-,A,A,0,,,,,Y,,A,01,0,2,0,0,0,0,0,0,0,"- ","- ",37.609241485595703,-120.95704650878906,STANISLAUS,MODESTO,-120.95721435546875,37.609237670898438
8911340,2020,2020-07-22,5001,2020-03-11,1503,704,C307,3,5,4,5001,0,0,0,,0,004,"BLAKER RD","SERVICE RD",1843.00,S,N,A,-,N,,,,,,,,,,Y,1,1,3,1,A,-,08,22107,,N,E,I,A,A,A,-,A,D,0,,,,,Y,,A,01,2,1,0,0,0,0,0,0,0,"- ","- ",37.576858520507812,-120.96552276611328,STANISLAUS,CERES,-120.966159,37.575276000000002
8911465,2020,2020-08-25,5001,2020-07-07,0438,818,A008,2,5,4,5001,0,0,0,,0,004,"EAST WHITMORE AV","FAIRVIEW DR",276.00,W,N,A,-,N,,,,,,,,,,Y,1,1,0,2,A,-,11,21955,,N,G,B,D,A,H,-,C,D,0,Y,,,,Y,,N,60,0,0,0,1,0,0,0,0,0,"- ","- ",37.5948486328125,-120.97032165527344,STANISLAUS,CERES,-120.96924591064453,37.594841003417969
8911621,2019,2020-09-28,5004,2019-09-13,0618,S01836,MODES,5,5,3,5004,0,0,0,,0,007,"SOUTH YOSEMITE AV","WARNERVILLE RD",528.00,S,N,A,-,N,,,,,,,,,,Y,1,1,2,3,A,-,01,23152,A,N,A,C,A,A,H,-,D,D,0,,,,,Y,Y,A,01,1,0,1,0,0,0,0,0,0,"- ","- ",,,STANISLAUS,OAKDALE,-120.83997344970703,37.747360229492188
8914166,2019,2019-08-30,5002,2019-07-18,1422,13172,M612,4,5,6,5002,0,0,0,,0,MP63,"DALE RD","VENEMAN AV",0.00,,Y,A,-,N,,,,,,,,,,Y,2,0,2,2,A,-,12,21453,A,N,D,C,A,A,H,-,A,A,0,,,,,Y,,-,"- ",2,0,0,0,0,0,0,0,0,"- ","- ",,,STANISLAUS,MODESTO,-121.04987335205078,37.689350128173828
8914192,2019,2019-08-08,5002,2019-07-02,1141,11808,024,2,5,6,5002,0,0,0,,0,062,"BUDD ST","PARK PL",0.00,,Y,A,-,N,,,,,,,,,,N,2,0,1,2,A,-,09,21801,A,F,D,C,A,A,H,-,A,A,0,,,,,Y,,-,,1,0,0,0,0,0,0,0,0,"- ","- ",,,STANISLAUS,MODESTO,-121.03861999511719,37.677761077880859
8917258,2019,2019-08-15,5002,2019-04-21,1658,11267,198,7,5,6,5002,0,0,0,,0,061,"NORTH 9TH ST","COLDWELL AV",0.00,,Y,A,-,N,,,,,,,,,,Y,2,0,1,2,A,-,12,21453,A,F,D,C,A,A,H,-,A,A,0,,,,,Y,,A,07,1,0,0,0,0,0,0,0,0,"- ","- ",,,STANISLAUS,MODESTO,-121.01809692382812,37.6531982421875
8935547,2019,2019-09-24,5002,2019-09-01,2254,11854,154,7,5,6,5002,0,0,0,,0,072,"EAST BRIGGSMORE AV","ROSELLE AV",2220.00,W,N,A,-,N,,,,,,,,,,Y,2,0,1,1,A,-,03,22350,,N,E,I,A,A,H,-,D,D,0,,,,,Y,Y,-,,1,0,0,0,0,0,0,0,0,"- ","- ",,,STANISLAUS,MODESTO,-120.94707489013672,37.667102813720703
8935704,2019,2019-09-19,5002,2019-08-24,2034,13155,M104,6,5,6,5002,0,0,0,,0,083,"CLAREMONT AV","HEARTWOOD WY",50.00,E,N,A,-,N,,,,,,,,,,Y,2,0,2,2,A,-,01,23152,A,N,A,E,A,A,H,-,B,D,0,,,,,Y,Y,-,,1,1,0,0,0,0,0,0,0,"- ","- ",,,STANISLAUS,MODESTO,-120.9808349609375,37.686569213867188
8936454,2019,2019-09-18,5002,2019-08-16,2350,831,B304,5,5,6,5002,0,0,0,,0,003,"MITCHELL RD","ADRIEN WY",83.00,N,N,A,-,N,,,,,,,,,,N,2,0,1,2,A,-,00,21954,,N,G,B,D,A,H,-,C,D,0,Y,,,,Y,,N,60,1,0,0,0,1,0,0,0,0,"- ","- ",37.610691070556641,-120.939208984375,STANISLAUS,MODESTO,-120.93874359130859,37.610706329345703
8939072,2019,2021-05-25,5001,2019-01-03,1938,565,D206,4,5,4,5001,0,0,0,,0,005,"MITCHELL RD","SERVICE RD",0.00,,Y,A,-,N,,,,,,,,,,Y,1,1,5,2,A,-,09,21453,C,F,A,C,A,A,H,-,C,A,0,,,,,Y,,A,01,4,1,0,0,0,0,0,0,0,"- ","- ",37.580238342285156,-120.93872833251953,STANISLAUS,CERES,-120.93873000000001,37.580249999999999
8939258,2019,2019-12-19,5007,2019-11-10,0015,5769,,7,5,5,5007,0,0,0,,0,003,"WEST MAIN ST","W AVENUE",0.00,,Y,A,-,N,,,,,,,,,,Y,1,1,0,1,A,-,01,23152,B,N,E,I,A,A,H,-,C,A,0,,,,,Y,Y,A,01,0,0,0,0,0,0,0,0,0,"- ","- ",,,STANISLAUS,TURLOCK,-120.85806274414062,37.492740631103516
8939321,2019,2019-10-07,5007,2019-09-07,1752,5749,5007,6,5,5,5007,0,0,0,,0,003,"PICARD LN","5TH ST",0.00,,Y,A,-,N,,,,,,,,,,N,1,1,0,2,A,-,10,21950,A,N,G,B,B,A,H,-,A,A,0,Y,,,,Y,,D,22,0,0,0,1,0,0,0,0,0,"- ","- ",,,STANISLAUS,TURLOCK,-120.83582305908203,37.477390289306641
8939446,2019,2020-01-10,5002,2019-09-23,2224,11023,M609,1,5,6,5002,0,0,0,,0,043,"CLAUS RD","RT 132",1080.00,N,N,A,-,N,,,,,,,,,,Y,1,1,0,1,A,-,01,23152,A,N,E,I,A,A,H,-,C,D,0,,,,,Y,Y,A,01,0,0,0,0,0,0,0,0,0,"- ","- ",37.638248443603516,-120.92333221435547,STANISLAUS,MODESTO,,
8939661,2019,2020-03-09,5002,2019-07-10,1942,112667,714,3,5,6,5002,0,0,0,,0,033,"5TH ST","I ST",0.00,,Y,A,-,N,,,,,,,,,,Y,1,1,0,2,A,-,01,21200,5,N,D,G,A,A,H,-,A,A,0,,Y,,,Y,Y,L,04,0,0,0,0,0,1,0,0,0,"- ","- ",,,STANISLAUS,MODESTO,-121.00388336181641,37.635971069335938
8940629,2019,2019-10-09,5004,2019-09-06,0727,239,RD6,5,5,3,5004,0,0,0,,0,032,"E C ST","N 1ST AV",0.00,,Y,A,-,N,,,,,,,,,,N,2,0,1,2,A,-,10,21950,A,N,G,B,B,A,H,-,A,A,0,Y,,,,Y,,A,01,1,0,0,0,1,0,0,0,0,"- ","- ",37.769081115722656,-120.85195159912109,STANISLAUS,OAKDALE,-120.85198974609375,37.769100189208984
8942057,2019,2019-10-04,5001,2019-09-22,1304,521,A008,7,5,4,5001,0,0,0,,0,004,"MORGAN RD","ROCKEFELLER DR",159.00,S,N,A,-,N,,,,,,,,,,Y,2,0,2,2,A,-,09,21804,B,N,A,C,A,A,H,-,A,D,0,,,,,Y,,A,01,1,1,0,0,0,0,0,0,0,"- ","- ",37.601940155029297,-120.97528839111328,STANISLAUS,CERES,-120.97531127929688,37.601512908935547
8945661,2019,2019-10-07,5007,2019-04-26,0925,5784,STANI,5,5,5,5007,0,0,0,,0,001,"NORTH OLIVE AV","S POTOMAC AV",22.00,N,N,A,-,N,,,,,,,,,,Y,2,0,2,2,A,-,09,21802,A,N,D,C,A,A,H,-,A,D,0,,,,,Y,,A,01,1,1,0,0,0,0,0,0,0,"- ","- ",,,STANISLAUS,TURLOCK,-120.83986663818359,37.524089813232422
8950272,2019,2019-10-10,5002,2019-08-14,0746,11267,296,3,5,6,5002,0,0,0,,0,071,"EAST ORANGEBURG AV","STEUBEN WY",12.00,W,N,A,-,N,,,,,,,,,,Y,2,0,1,2,A,-,11,21950,B,N,G,B,B,A,H,-,A,D,0,Y,,,,Y,,N,60,1,0,0,0,1,0,0,0,0,"- ","- ",,,STANISLAUS,MODESTO,-120.96429443359375,37.663681030273438
8960347,2019,2019-11-20,5007,2019-07-25,2152,5793,,4,5,5,5007,0,0,0,,0,004,"MONTE VISTA AV","GOLDEN STATE BL",0.00,,Y,A,-,N,,,,,,,,,,Y,2,0,5,2,A,-,09,21800,A,N,D,C,A,A,H,-,C,A,0,,,,,Y,,-,,1,2,2,0,0,0,0,0,0,"- ","- ",,,STANISLAUS,TURLOCK,-120.87754058837891,37.521728515625
8961893,2019,2019-10-23,5002,2019-10-02,2151,11661,166,3,5,6,5002,0,0,0,,0,072,"EAST BRIGGSMORE AV","CLAUS RD",0.00,,Y,A,-,N,,,,,,,,,,Y,2,0,2,2,A,-,12,21453,A,N,D,C,A,A,H,-,C,A,0,,,,,Y,,-,,1,1,0,0,0,0,0,0,0,"- ","- ",,,STANISLAUS,MODESTO,-120.92128753662109,37.666900634765625
8962507,2019,2019-10-24,5006,2019-09-15,1431,S01670,RPS,7,5,3,5006,0,0,0,,0,001,"PATTERSON RD","ROSELLE AV",135.00,E,N,A,-,N,,,,,,,,,,Y,2,0,1,1,A,-,03,22350,,N,E,I,A,A,H,-,A,D,0,,,,,Y,,A,01,1,0,0,0,0,0,0,0,0,"- ","- ",,,STANISLAUS,RIVERBANK,-120.93999481201172,37.732719421386719
8967217,2019,2019-10-30,5002,2019-09-11,2130,13189,M949,3,5,6,5002,0,0,0,,0,032,"NEECE DR","ROUSE AV",675.00,N,N,A,-,N,,,,,,,,,,N,2,0,1,2,A,-,11,21954,A,F,G,B,D,A,H,-,C,D,0,Y,,,,Y,,N,60,1,0,0,0,1,0,0,0,0,"- ","- ",,,STANISLAUS,MODESTO,-120.99909973144531,37.621944427490234
8975754,2019,2019-12-20,5002,2019-10-29,1909,876,A403,2,5,6,5002,0,0,0,,0,001,"HERNDON RD",EUGENE,22.00,N,N,A,-,N,,,,,,,,,,N,2,0,1,2,A,-,11,21954,A,N,G,B,D,A,H,-,C,D,0,Y,,,,Y,,N,60,1,0,0,0,1,0,0,0,0,"- ","- ",37.611721038818359,-120.97563171386719,STANISLAUS,MODESTO,-120.97535705566406,37.611961364746094
8976511,2019,2020-01-10,5001,2019-11-09,1405,803,D004,6,5,4,5001,0,0,0,,0,005,"MITCHELL RD","WHITMORE AV",654.00,S,N,A,-,N,,,,,,,,,,Y,2,0,2,2,A,-,09,21804,A,N,D,C,A,A,H,-,A,A,0,,,Y,,Y,,D,22,2,0,0,0,0,0,0,0,2,"- ","- ",37.592578887939453,-120.938232421875,STANISLAUS,CERES,-120.93873596191406,37.592952728271484
8976664,2019,2020-01-23,5001,2019-11-01,0929,747,A206,5,5,4,5001,0,0,0,,0,001,HERNDON,"EVANS RD",0.00,,Y,A,-,N,,,,,,,,,,Y,2,0,2,2,A,-,09,21801,A,N,H,G,A,A,H,-,A,D,0,,Y,,,Y,,A,01,1,0,1,0,0,0,1,0,0,"- ","- ",37.602760314941406,-120.96919250488281,STANISLAUS,CERES,-120.96903991699219,37.602619171142578
8978590,2019,2020-01-24,5002,2019-11-02,1817,13244,M134,6,5,6,5002,0,0,0,,0,073,"OAKDALE RD","SYLVAN AV",188.00,S,N,A,-,N,,,,,,,,,,Y,2,0,2,2,A,-,11,21955,,N,G,B,D,A,H,-,B,A,0,Y,,,,Y,Y,N,60,1,1,0,0,1,0,0,0,0,"- ","- ",,,STANISLAUS,MODESTO,-120.95798492431641,37.688453674316406
8984169,2018,2019-12-03,5003,2018-03-09,1559,N218,RDNM,5,5,2,5003,0,0,0,,0,0NM,"CANYON CREEK DR",CANTON,58.00,W,N,A,-,N,,,,,,,,,,N,2,0,1,2,A,-,05,21650,,N,G,B,A,A,H,-,A,D,0,,Y,,,Y,,L,04,1,0,0,0,0,0,1,0,0,"- ","- ",37.306049346923828,-121.02484130859375,STANISLAUS,NEWMAN,-121.02500999999999,37.306057000000003
8984192,2018,2019-12-04,5003,2018-09-20,0516,N216,RDNM,4,5,2,5003,0,0,0,,0,0NM,"N ST","TELEPHONE POLE 765",42.00,S,N,A,-,N,,,,,,,,,,N,2,0,1,2,D,-,00,,,F,G,B,E,A,H,-,D,D,0,Y,,,,Y,,-,"- ",1,0,0,0,1,0,0,0,0,"- ","- ",37.322139739990234,-121.02336120605469,STANISLAUS,NEWMAN,,
8989515,2018,2019-12-05,5005,2018-02-15,1810,S02034,5005,4,5,3,5005,0,0,0,,0,3B3,"WARD AV","9TH ST",0.00,,Y,A,-,N,,,,,,,,,,N,2,0,2,3,A,-,10,21950,A,N,G,B,B,A,H,-,B,D,0,Y,,,,Y,,A,01,2,0,0,0,2,0,0,0,0,"- ","- ",,,STANISLAUS,PATTERSON,-121.14093017578125,37.472599029541016
8998058,2019,2019-12-12,5002,2019-10-11,1947,11621,420,5,5,6,5002,0,0,0,,0,033,"I ST","4TH ST",108.00,E,N,A,-,N,,,,,,,,,,N,2,0,1,2,A,-,"- ",,,F,G,B,D,A,H,-,C,D,0,Y,,,,Y,Y,N,60,1,0,0,0,1,0,0,0,0,"- ","- ",,,STANISLAUS,MODESTO,-121.00456237792969,37.63543701171875
90011293,2015,2015-10-19,9465,2015-08-13,1500,017787,,4,2,9,5000,0,1,3,,2,021,"STATE ROUTE 120","CLEVELAND AVENUE",35.00,W,N,A,-,Y,,,120,,,,,,,Y,2,0,1,2,A,-,03,22350,,N,C,C,A,A,H,-,A,D,0,,,Y,,Y,,C,02,1,0,0,0,0,0,0,0,1,"- ","- ",37.791550000000001,-120.88641,STANISLAUS,UNINCORPORATED,-120.88641077,37.791474979999997
90012122,2015,2015-10-19,9465,2015-08-14,0441,018945,,5,3,9,5000,0,1,1,,2,055,"INTERSTATE 5 (SOUTHBOUND)","DAVIS ROAD",1320.00,N,N,A,-,Y,,,5,,,,,,,Y,2,0,2,1,A,-,08,22107,,N,F,A,A,A,H,-,D,D,0,,,,,Y,,A,07,1,0,1,0,0,0,0,0,0,"- ","- ",37.3767,-121.1268,STANISLAUS,UNINCORPORATED,-121.12687115999999,37.376677239999999
90013031,2015,2015-10-19,9465,2015-08-15,2320,018768,,6,3,9,5000,0,3,5,,2,040,"CENTRAL AVENUE","E. TAYLOR ROAD",200.00,S,N,A,-,N,,,,,,,,,,Y,2,0,1,1,A,-,01,23152,A,N,E,I,A,A,H,-,D,D,0,,,Y,,Y,Y,C,02,1,0,0,0,0,0,0,0,1,"- ","- ",37.536540000000002,-120.95717,STANISLAUS,UNINCORPORATED,-120.95804325,37.53241139
90014827,2015,2015-10-19,9465,2015-08-13,1940,012845,,4,2,9,5000,0,3,5,,2,020,"MILTON ROAD","CALAVERAS CO. LINE",5280.00,S,N,A,-,N,,,,,,,,,,Y,2,0,1,1,A,-,08,22107,,N,F,A,A,A,H,-,A,A,0,,,,,Y,,D,22,1,0,0,0,0,0,0,0,0,"- ","- ",37.99568,-120.849,STANISLAUS,UNINCORPORATED,,
90015920,2015,2015-10-19,9465,2015-09-02,1842,018251,,3,2,9,5000,0,3,5,,2,030,"ZEERING ROAD","CHICA AVENUE",66.00,E,N,A,-,N,,,,,,,,,,N,2,0,1,2,A,-,01,23152,A,N,B,C,A,A,H,-,A,D,0,,,Y,,Y,Y,C,02,1,0,0,0,0,0,0,0,1,"- ","- ",37.52901,-120.79625,STANISLAUS,UNINCORPORATED,-120.79628249,37.528995790000003
9001737,2019,2020-01-08,5002,2019-11-26,1430,11023,M879,2,5,6,5002,0,0,0,,0,082,"WEST RUMBLE RD","WALES ST",112.00,E,N,B,-,N,,,,,,,,,,Y,2,0,1,2,A,-,03,22350,,N,D,C,A,A,H,-,A,D,0,,,Y,,Y,,C,02,1,0,0,0,0,0,0,0,1,"- ","- ",,,STANISLAUS,MODESTO,-121.00802612304688,37.682044982910156
90018298,2015,2017-10-30,9465,2015-08-14,1450,016799,,5,2,9,5000,0,1,3,,2,015,"STATE ROUTE 219 (KIERNAN AVENUE)","STODDARD ROAD",528.00,W,N,A,-,Y,,,219,,,,,,,Y,2,0,2,1,A,-,08,22107,,N,F,J,A,A,H,-,A,D,0,,,,,Y,,A,01,1,1,0,0,0,0,0,0,0,"- ","- ",37.710999999999999,-121.07241999999999,STANISLAUS,UNINCORPORATED,-121.07241968,37.710982260000002
90020598,2015,2016-01-07,9465,2015-01-10,0058,018457,,6,3,9,5000,0,3,5,,2,040,"GRAYSON ROAD","MORGAN ROAD",0.00,,Y,B,-,N,,,,,,,,,,Y,1,1,3,2,A,-,01,23152,A,N,D,C,A,A,H,-,D,A,0,,,,,Y,Y,-,"- ",0,2,1,0,0,0,0,0,0,"- ","- ",37.565809999999999,-120.97543,STANISLAUS,UNINCORPORATED,-120.9754099,37.56581989
90025974,2015,2015-10-19,9465,2015-09-19,2300,018318,,6,3,9,5000,0,1,3,,2,052,"STATE ROUTE 132 (MAZE BOULEVARD)","MCCRACKEN ROAD",0.00,,Y,A,-,Y,,,132,,,,,,,Y,2,0,5,2,A,-,01,23152,E,N,D,C,A,A,H,-,D,D,0,,,,,Y,,A,01,3,1,1,0,0,0,0,0,0,"- ","- ",37.638300000000001,-121.2694,STANISLAUS,UNINCORPORATED,-121.26940021999999,37.638303479999998
90027937,2015,2015-10-19,9465,2015-09-27,2222,018998,,7,3,9,5000,0,1,1,,2,056,"INTERSTATE 5 (SOUTHBOUND)","STATE ROUTE 140",900.00,N,N,A,-,Y,,,5,,,,,,,Y,2,0,2,2,A,-,03,22350,,N,C,C,A,A,D,-,C,D,0,,,,Y,Y,,A,07,2,0,0,0,0,0,0,0,0,"- ","- ",37.247540000000001,-121.08922,STANISLAUS,UNINCORPORATED,-121.08908048000001,37.247574409999999
90035137,2015,2015-10-21,9465,2015-10-08,2340,020374,,4,3,9,5000,0,2,4,,2,026,"CLARIBEL ROAD","BENTLEY ROAD",1760.00,E,N,A,-,N,,,,,,,,,,Y,2,0,2,2,A,-,05,21650,,N,A,C,A,A,H,-,D,D,0,,,,,Y,,A,01,1,1,0,0,0,0,0,0,0,"- ","- ",37.423969999999997,-120.51378,STANISLAUS,UNINCORPORATED,-120.86052644,37.711035430000003
90035230,2015,2015-12-09,9465,2015-10-11,2309,020362,,7,3,9,5000,0,3,5,,2,040,"E. WHITMORE AVENUE","LODI AVENUE",0.00,,Y,A,-,N,,,,,,,,,,Y,2,0,1,2,A,-,06,21750,A,F,C,G,A,A,H,-,D,D,0,,Y,,,Y,,-,99,1,0,0,0,0,0,1,0,0,"- ","- ",37.594859999999997,-120.98907,STANISLAUS,UNINCORPORATED,-120.98905996000001,37.594859960000001
90035634,2015,2015-10-21,9465,2015-10-13,1945,017477,,2,2,9,5000,0,1,3,,2,015,"STATE ROUTE 219 (KIERNAN AVENUE)","PENTECOST DRIVE",0.00,,Y,A,-,Y,,,219,,,,,,,Y,2,0,3,2,A,-,09,21802,A,N,D,C,A,A,H,-,C,A,0,,,,,Y,,A,07,2,0,1,0,0,0,0,0,0,"- ","- ",37.711269999999999,-121.00218,STANISLAUS,UNINCORPORATED,-121.00218203,37.711121740000003
9003894,2021,2021-10-21,5008,2021-03-12,1800,S01666,5008,5,5,2,5008,0,0,0,,0,,"YOSEMITE BL","SKYLINE BL",150.00,W,N,A,-,Y,STA,10,132,-,-,29.070,H,-,E,Y,2,0,2,1,A,-,03,22350,,N,F,I,A,A,H,-,B,D,0,,,,,Y,,A,01,1,1,0,0,0,0,0,0,0,"- ","- ",,,STANISLAUS,WATERFORD,-120.74107360839844,37.639698028564453
90039139,2015,2015-10-29,9465,2015-06-07,0001,018768,,7,3,9,5000,0,1,3,,2,028,"STATE ROUTE 4","CALAVERAS/STANISLAUS COUNTY LINE",375.00,W,N,A,-,Y,,,4,,,,,,,Y,1,1,2,1,A,-,01,23152,A,N,F,A,A,A,H,-,D,D,0,,,,,Y,Y,A,07,1,1,0,0,0,0,0,0,0,"- ","- ",37.938809999999997,-120.77191000000001,STANISLAUS,UNINCORPORATED,-120.77190793,37.938767599999998
90049949,2015,2015-11-12,9465,2015-10-07,2043,014737,,3,2,9,5000,0,2,4,,2,024,"ALBERS ROAD","PATTERSON ROAD",1848.00,N,N,A,-,N,,,,,,,,,,Y,1,1,1,2,A,-,05,21651,A,N,A,C,A,A,H,-,D,C,0,,,,Y,Y,,D,22,0,1,0,0,0,0,0,0,0,"- ","- ",37.737270000000002,-120.83971,STANISLAUS,UNINCORPORATED,-120.83972651000001,37.73785342
90052341,2015,2015-11-17,9465,2015-11-10,2120,017167,,2,2,9,5000,0,3,5,,2,030,"9TH STREET","HOSMER AVENUE",0.00,,Y,A,-,N,,,,,,,,,,Y,2,0,2,2,A,-,03,22350,,N,D,C,A,A,H,-,C,D,0,,,,,Y,,A,01,1,0,1,0,0,0,0,0,0,"- ","- ",37.62294,-120.98621,STANISLAUS,UNINCORPORATED,-120.98610995,37.622819970000002