CASE_ID,ACCIDENT_YEAR,PROC_DATE,JURIS,COLLISION_DATE,COLLISION_TIME,OFFICER_ID,REPORTING_DISTRICT,DAY_OF_WEEK,CHP_SHIFT,POPULATION,CNTY_CITY_LOC,SPECIAL_COND,BEAT_TYPE,CHP_BEAT_TYPE,CITY_DIVISION_LAPD,CHP_BEAT_CLASS,BEAT_NUMBER,PRIMARY_RD,SECONDARY_RD,DISTANCE,DIRECTION,INTERSECTION,WEATHER_1,WEATHER_2,STATE_HWY_IND,CALTRANS_COUNTY,CALTRANS_DISTRICT,STATE_ROUTE,ROUTE_SUFFIX,POSTMILE_PREFIX,POSTMILE,LOCATION_TYPE,RAMP_INTERSECTION,SIDE_OF_HWY,TOW_AWAY,COLLISION_SEVERITY,NUMBER_KILLED,NUMBER_INJURED,PARTY_COUNT,PRIMARY_COLL_FACTOR,PCF_CODE_OF_VIOL,PCF_VIOL_CATEGORY,PCF_VIOLATION,PCF_VIOL_SUBSECTION,HIT_AND_RUN,TYPE_OF_COLLISION,MVIW,PED_ACTION,ROAD_SURFACE,ROAD_COND_1,ROAD_COND_2,LIGHTING,CONTROL_DEVICE,CHP_ROAD_TYPE,PEDESTRIAN_ACCIDENT,BICYCLE_ACCIDENT,MOTORCYCLE_ACCIDENT,TRUCK_ACCIDENT,NOT_PRIVATE_PROPERTY,ALCOHOL_INVOLVED,STWD_VEHTYPE_AT_FAULT,CHP_VEHTYPE_AT_FAULT,COUNT_SEVERE_INJ,COUNT_VISIBLE_INJ,COUNT_COMPLAINT_PAIN,COUNT_PED_KILLED,COUNT_PED_INJURED,COUNT_BICYCLIST_KILLED,COUNT_BICYCLIST_INJURED,COUNT_MC_KILLED,COUNT_MC_INJURED,PRIMARY_RAMP,SECONDARY_RAMP,LATITUDE,LONGITUDE,COUNTY,CITY,POINT_X,POINT_Y
90053784,2015,2015-11-18,9465,2015-09-09,0554,014588,,3,3,9,5000,0,1,3,,2,053,"STATE ROUTE 33","LEMON AVENUE",32.00,N,N,A,-,Y,,,33,,,,,,,Y,1,1,1,3,A,-,03,22350,,N,C,C,A,A,H,-,D,D,0,,,,Y,Y,,F,26,1,0,0,0,0,0,0,0,0,"- ","- ",37.497770000000003,-121.14652,STANISLAUS,UNINCORPORATED,-121.14661350999999,37.497702519999997
90054160,2015,2015-11-19,9465,2015-11-11,0930,015398,,3,1,9,5000,0,3,5,,2,030,"TULLY RD.","HATCH RD.",0.00,,Y,A,-,N,,,,,,,,,,Y,2,0,4,2,A,-,09,21802,A,N,D,C,A,A,H,-,A,A,0,,,,,Y,,A,01,2,0,2,0,0,0,0,0,0,"- ","- ",37.609209999999997,-120.87013,STANISLAUS,UNINCORPORATED,-120.87013992,37.609279919999999
90058387,2015,2015-11-24,9465,2015-11-07,0620,018452,,6,1,9,5000,0,3,5,,2,020,"TIM BELL ROAD","WARNERVILLE ROAD",1584.00,S,N,A,-,N,,,,,,,,,,Y,2,0,2,2,A,-,17,24404,C,N,C,C,A,A,H,-,B,D,0,,,,,Y,,M,46,1,0,1,0,0,0,0,0,0,"- ","- ",37.72775,-120.68309000000001,STANISLAUS,UNINCORPORATED,-120.68311921,37.728300990000001
90058473,2015,2015-11-24,9465,2015-11-14,1650,018800,,6,2,9,5000,0,3,5,,2,040,"CENTRAL AVENUE","TAYLOR ROAD",880.00,N,N,A,-,N,,,,,,,,,,Y,2,0,1,1,A,-,01,23152,A,N,E,I,A,A,H,-,D,A,0,,,,,Y,Y,A,01,1,0,0,0,0,0,0,0,0,"- ","- ",37.53942,-120.9569,STANISLAUS,UNINCORPORATED,-120.95767758,37.535354290000001
90060984,2015,2015-11-30,9465,2015-11-14,1935,018274,,6,2,9,5000,0,1,3,,2,021,"STATE ROUTE 120","26 MILE ROAD",513.00,E,N,A,-,Y,,,120,,,,,,,N,2,0,1,2,A,-,00,21760,C,N,H,G,A,A,D,-,D,D,0,,Y,,,Y,,D,22,1,0,0,0,0,0,1,0,0,"- ","- ",37.787529999999997,-120.86271000000001,STANISLAUS,UNINCORPORATED,-120.86267977,37.787567070000001
90061675,2015,2015-11-30,9465,2015-11-20,2029,020362,,5,2,9,5000,0,1,1,,2,056,"INTERSTATE 5 (NORTHBOUND)","FINK ROAD",2100.00,S,N,A,-,Y,,,5,,,,,,,Y,2,0,1,1,A,-,08,22107,,N,E,I,A,A,H,-,D,D,0,,,,,Y,Y,A,01,1,0,0,0,0,0,0,0,0,"- ","- ",37.387090000000001,-121.13104,STANISLAUS,UNINCORPORATED,-121.13090735,37.38718128
90069205,2015,2015-12-10,9465,2015-11-28,0016,020374,,6,3,9,5000,0,2,4,,2,042,"CROWS LANDING ROAD","HATCH ROAD",0.00,,Y,A,-,N,,,,,,,,,,Y,2,0,6,3,A,-,01,23152,A,N,D,C,A,A,H,-,C,A,0,,,,,Y,Y,A,01,2,0,4,0,0,0,0,0,0,"- ","- ",37.363379999999999,-120.59368000000001,STANISLAUS,UNINCORPORATED,-120.99365999,37.609469910000001
90072261,2015,2016-04-28,9465,2015-11-29,1630,019713,,7,2,9,5000,0,3,5,,2,030,"LAKE ROAD","TURLOCK LAKE RECREATION AREA ENTRANCE",0.00,,Y,A,-,N,,,,,,,,,,Y,2,0,1,2,A,-,09,21801,A,N,A,C,A,A,H,-,D,D,0,,,Y,,Y,,D,22,1,0,0,0,0,0,0,0,1,"- ","- ",37.626460000000002,-120.59568,STANISLAUS,UNINCORPORATED,-120.595572,37.626511000000001
90074738,2015,2015-12-15,9465,2015-12-07,2235,014737,,1,3,9,5000,0,3,5,,2,010,"HART ROAD","PARADISE ROAD",0.00,,Y,E,-,N,,,,,,,,,,Y,2,0,1,1,A,-,01,23152,A,N,E,I,A,A,H,-,D,A,0,,,,,Y,Y,A,01,1,0,0,0,0,0,0,0,0,"- ","- ",37.608139999999999,-121.12161999999999,STANISLAUS,UNINCORPORATED,-121.12173987,37.608849939999999
90078722,2015,2015-12-21,9465,2015-11-17,1000,014588,,2,1,9,5000,0,1,1,,2,056,"INTERSTATE 5 (S/B) TO STUHR ROAD","STUHR ROAD",320.00,N,N,B,-,Y,,,5,,,,R,,,Y,2,0,2,1,A,-,01,23152,A,N,F,A,A,A,H,-,A,D,0,,,,,Y,Y,A,01,1,1,0,0,0,0,0,0,0,"- ","- ",37.325620000000001,-121.1103,STANISLAUS,UNINCORPORATED,-121.1103,37.325620000000001
90081888,2015,2015-12-24,9465,2015-12-14,0540,014658,,1,3,9,5000,0,1,3,,2,022,"STATE ROUTE 108/120","KENNEDY ROAD",4224.00,W,N,A,-,Y,,,120,,,,,,,Y,2,0,3,3,A,-,05,21460,C,F,D,C,A,B,H,-,D,D,0,,,,,Y,,-,99,1,1,1,0,0,0,0,0,0,"- ","- ",37.803280000000001,-120.67798999999999,STANISLAUS,UNINCORPORATED,-120.67798627000001,37.803308569999999
90082225,2015,2015-12-24,9465,2015-10-25,1140,016917,,7,1,9,5000,0,3,5,,2,020,"PATTERSON ROAD","LANGWORTH ROAD",1584.00,E,N,A,-,N,,,,,,,,,,Y,1,1,1,2,A,-,01,23152,E,N,A,C,A,A,H,-,A,A,0,,,,,Y,,A,01,1,0,0,0,0,0,0,0,0,"- ","- ",37.732700000000001,-120.88809999999999,STANISLAUS,UNINCORPORATED,-120.88893313,37.732776809999997
90083004,2015,2015-12-28,9465,2015-12-16,1440,018671,,3,2,9,5000,0,3,5,,2,030,"GRATTON ROAD","GRAYSON ROAD",13.00,N,N,A,-,N,,,,,,,,,,Y,2,0,3,2,A,-,12,22450,A,N,D,C,A,A,H,-,A,A,0,,,Y,,Y,,C,06,1,2,0,0,0,0,0,0,1,"- ","- ",37.5657,-120.79170000000001,STANISLAUS,UNINCORPORATED,-120.79208044000001,37.565715699999998
90090699,2015,2016-06-17,9465,2015-10-28,1945,017202,,3,2,6,5002,0,1,3,,2,011,"STATE ROUTE 99 (NORTHBOUND)","CARPENTER ROAD",2640.00,N,N,A,-,Y,,,99,,,,,,,Y,1,1,2,4,A,-,01,23152,E,N,C,C,A,A,H,-,D,D,0,,,Y,,Y,,D,22,0,0,2,0,0,0,0,1,0,"- ","- ",37.67107,-121.03886,STANISLAUS,MODESTO,-121.03882221000001,37.671115530000002
90092015,2015,2016-01-11,9465,2015-11-15,2245,018768,,7,3,9,5000,0,3,5,,2,030,"MITCHELL ROAD","FINCH ROAD",488.00,N,N,A,-,N,,,,,,,,,,N,1,1,0,2,A,-,11,21954,A,N,G,B,D,A,H,-,D,D,0,Y,,,,Y,,N,60,0,0,0,1,0,0,0,0,0,"- ","- ",37.624000000000002,-120.94544,STANISLAUS,UNINCORPORATED,-120.94541842,37.624168419999997
9010807,2019,2020-02-14,5002,2019-12-09,0204,13080,5C02,1,5,6,5002,0,0,0,,0,031,"WEST HATCH RD","USTICK RD",520.00,W,N,A,-,N,,,,,,,,,,Y,2,0,1,2,A,-,01,23152,A,N,B,E,A,B,H,-,C,D,0,,,,,Y,Y,-,,1,0,0,0,0,0,0,0,0,"- ","- ",,,STANISLAUS,MODESTO,-121.01354217529297,37.606254577636719
90120662,2016,2016-02-22,9465,2016-02-11,1505,015290,,4,2,9,5000,0,3,5,,2,050,"RIVER ROAD","MINNIE STREET",2640.00,N,N,A,B,N,,,,,,,,,,Y,2,0,1,1,A,-,08,22107,,N,F,A,A,A,H,-,A,D,0,,,,,Y,,A,07,1,0,0,0,0,0,0,0,0,"- ","- ",37.570160000000001,-121.19087,STANISLAUS,UNINCORPORATED,-121.19010946,37.569626059999997
90121350,2016,2016-02-23,9465,2016-02-13,0300,018410,,6,3,9,5000,0,1,3,,2,041,"STATE ROUTE 99 (SOUTHBOUND)","HATCH ROAD",2112.00,N,N,A,-,Y,,,99,,,,,,,Y,2,0,1,1,A,-,01,23152,A,N,F,A,A,A,H,-,D,D,0,,,Y,,Y,Y,C,02,1,0,0,0,0,0,0,0,1,"- ","- ",37.615740000000002,-120.98236,STANISLAUS,UNINCORPORATED,-120.98241331,37.615655320000002
90122244,2015,2016-02-23,9465,2015-12-04,2002,018800,,5,2,9,5000,0,3,5,,2,030,"SANTA FE AVENUE","LEEDOM ROAD",816.00,S,N,A,-,N,,,,,,,,,,Y,1,2,1,2,A,-,05,21650,,N,A,C,A,A,H,-,D,D,0,,,,,Y,,A,01,1,0,0,0,0,0,0,0,0,"- ","- ",37.614359999999998,-120.89124,STANISLAUS,UNINCORPORATED,-120.89127482000001,37.614381330000001
90126627,2016,2016-03-01,9465,2016-02-20,2050,018216,,6,2,9,5000,0,1,3,,2,012,"SR-132 (MAZE BLVD)","N. GATES RD/ PARADISE RD",12144.00,W,N,A,-,Y,,,132,,,,,,,Y,2,0,1,1,A,-,01,23152,A,N,E,I,A,A,H,-,D,D,0,,,,,Y,Y,A,01,1,0,0,0,0,0,0,0,0,"- ","- ",37.638159999999999,-121.20079,STANISLAUS,UNINCORPORATED,-121.20079260999999,37.638265539999999
90128457,2016,2016-03-03,9465,2016-02-05,1858,017202,,5,2,9,5000,0,3,5,,2,040,"CARPENTER ROAD","HATCH ROAD",0.00,,Y,A,-,N,,,,,,,,,,N,2,0,1,2,A,-,11,21954,A,F,G,B,D,A,H,-,C,A,0,Y,,,,Y,Y,N,60,1,0,0,0,1,0,0,0,0,"- ","- ",37.607239999999997,-121.03046999999999,STANISLAUS,UNINCORPORATED,-121.03043992000001,37.607339930000002
90133428,2016,2016-03-10,9465,2016-02-28,0250,018825,,7,3,9,5000,0,3,5,,2,040,"CENTRAL AVENUE","BRADBURY ROAD",3168.00,S,N,A,-,N,,,,,,,,,,Y,2,0,1,2,A,-,01,23152,A,N,A,C,A,A,H,-,D,D,0,,,,Y,Y,Y,A,07,1,0,0,0,0,0,0,0,0,"- ","- ",37.440600000000003,-120.95820000000001,STANISLAUS,UNINCORPORATED,-120.95833231,37.440551460000002
9013370,2019,2020-06-16,5007,2019-12-24,1909,5792,5007,2,5,5,5007,0,0,0,,0,003,"WEST MAIN ST","RT 99",0.00,,Y,A,-,Y,STA,10,99,-,R,3.270,R,4,N,Y,2,0,3,2,A,-,12,21453,A,F,D,C,A,A,H,-,C,A,0,,,,Y,Y,,A,01,2,0,1,0,0,0,0,0,0,"- ",NF,,,STANISLAUS,TURLOCK,-120.86852264404297,37.490150451660156
90140387,2016,2016-03-21,9465,2016-01-24,1428,018457,,7,2,9,5000,0,1,3,,2,011,"STATE ROUTE 99 (SOUTHBOUND)","WOODLAND AVENUE",235.00,N,N,A,-,Y,,,,,,,,,,Y,1,1,0,1,C,-,18,,,N,E,I,A,A,H,-,A,D,0,,,Y,,Y,,-,"- ",0,0,0,0,0,0,0,1,0,"- ","- ",37.653820000000003,-121.07537000000001,STANISLAUS,UNINCORPORATED,-121.02543756,37.653767600000002
90154676,2016,2016-04-11,9465,2016-02-25,1815,018945,,4,2,9,5000,0,3,5,,2,010,"WOODLAND AVENUE","LONE PALM AVENUE",35.00,W,N,A,-,N,,,,,,,,,,Y,1,1,0,3,A,-,12,22450,A,N,B,C,A,A,H,-,B,A,0,,,Y,,Y,,D,22,0,0,0,0,0,0,0,1,0,"- ","- ",37.653239999999997,-121.02361000000001,STANISLAUS,UNINCORPORATED,-121.02357089,37.653210000000001
90160906,2016,2016-04-19,9465,2016-03-18,1559,018945,,5,2,9,5000,0,1,3,,2,028,"STATE ROUTE 4","MILTON ROAD",770.00,E,N,A,-,Y,,,4,,,,,,,Y,1,1,4,1,A,-,08,22107,,N,E,I,A,A,H,-,A,D,0,,,,,Y,,A,01,1,2,1,0,0,0,0,0,0,"- ","- ",37.944830000000003,-120.84106,STANISLAUS,UNINCORPORATED,-120.84105997,37.944764290000002
90175909,2016,2016-05-10,9465,2016-04-26,2205,015596,,2,3,9,5000,0,3,5,,2,010,"SISK ROAD","WESSEX LANE",535.00,N,N,A,-,N,,,,,,,,,,Y,2,0,1,2,A,-,11,21954,A,N,G,B,D,A,H,-,D,D,0,Y,,,,Y,,N,60,1,0,0,0,1,0,0,0,0,"- ","- ",37.713410000000003,-121.07758,STANISLAUS,UNINCORPORATED,-121.07765746,37.713549110000002
90176420,2016,2016-05-10,9465,2016-04-05,2038,016917,,2,2,9,5000,0,3,5,,2,030,"EAST AVENUE","NORTH VINCENT ROAD",1320.00,W,N,A,-,N,,,,,,,,,,N,2,0,1,2,A,-,17,21200,,N,H,G,A,A,H,-,D,D,0,,Y,,,Y,Y,L,04,1,0,0,0,0,0,1,0,0,"- ","- ",37.492460000000001,-120.78077999999999,STANISLAUS,UNINCORPORATED,-120.78064899,37.492453330000004
90176435,2016,2016-08-11,9465,2016-04-05,2039,016917,,2,2,9,5000,0,3,5,,2,030,"EAST AVENUE","NORTH VINCENT ROAD",1320.00,W,N,A,-,N,,,,,,,,,,N,1,1,0,2,A,-,03,22350,,F,G,B,E,A,H,-,D,D,0,Y,,,,Y,Y,A,01,0,0,0,1,0,0,0,0,0,"- ","- ",37.492460000000001,-120.78077999999999,STANISLAUS,UNINCORPORATED,-120.78064899,37.492453330000004
90177444,2016,2016-05-11,9465,2016-04-28,0952,017787,,4,1,9,5000,0,1,3,,2,011,"STATE ROUTE 99 (NORTHBOUND)","PELANDALE AVENUE",1848.00,N,N,A,-,Y,,,99,,,,,,,Y,2,0,1,2,A,-,07,21658,A,N,B,C,A,A,H,-,A,D,0,,,Y,,Y,,A,07,1,0,0,0,0,0,0,0,1,"- ","- ",37.704099999999997,-121.07529,STANISLAUS,UNINCORPORATED,-121.07527071,37.704121890000003
90177975,2016,2016-05-12,9465,2016-04-29,1645,019713,,5,2,9,5000,0,3,5,,2,050,"SMITH STREET","AMELIA STREET",0.00,,Y,A,-,N,,,,,,,,,,N,2,0,1,2,A,-,12,22450,A,N,D,C,A,A,H,-,A,A,0,,,Y,,Y,,C,03,1,0,0,0,0,0,0,0,1,"- ","- ",37.564329999999998,-121.17858,STANISLAUS,UNINCORPORATED,-121.17849995,37.564219950000002
90182560,2016,2016-05-18,9465,2016-05-08,1802,018292,,7,2,9,5000,0,3,5,,2,030,"MCNULTY AVENUE","CHALMER WAY",29.00,S,N,A,-,N,,,,,,,,,,Y,2,0,2,2,A,-,08,22107,,N,D,E,A,A,H,-,A,D,0,,,,,Y,Y,M,96,1,1,0,0,0,0,0,0,0,"- ","- ",37.532130000000002,-120.79106,STANISLAUS,UNINCORPORATED,-120.79022209999999,37.532220379999998
90182886,2016,2016-05-19,9465,2016-05-08,1645,018800,,7,2,9,5000,0,3,5,,2,020,"STEARNS ROAD","SIERRA ROAD",1308.00,S,N,A,-,N,,,,,,,,,,N,2,0,1,1,A,-,08,22107,,N,F,A,A,A,H,-,A,A,0,,,Y,,Y,,C,02,1,0,0,0,0,0,0,0,1,"- ","- ",37.752980000000001,-120.81732,STANISLAUS,UNINCORPORATED,-120.81730433,37.758268790000002
90184659,2016,2016-05-23,9465,2016-05-08,0325,020374,,7,3,9,5000,0,1,3,,2,041,"STATE ROUTE 99 (SOUTHBOUND)","MITCHELL ROAD",1024.00,N,N,A,-,Y,,,99,,,,,,,Y,2,0,1,2,A,-,01,23152,A,N,C,C,A,A,H,-,D,D,0,,,,,Y,Y,A,01,1,0,0,0,0,0,0,0,0,"- ","- ",37.577399999999997,-120.941,STANISLAUS,UNINCORPORATED,-120.94085482,37.577610319999998
90186092,2016,2016-05-24,9465,2016-03-31,1855,16320,,4,2,9,5000,0,3,5,,2,020,"MILNES ROAD","ALBERS ROAD",2904.00,E,N,A,-,N,,,,,,,,,,Y,1,1,0,2,D,-,00,,,N,A,C,A,A,H,-,A,D,0,,,,Y,Y,Y,-,"- ",0,0,0,0,0,0,0,0,0,"- ","- ",37.682070000000003,-120.83825,STANISLAUS,UNINCORPORATED,-120.83813683,37.682137529999999
90187483,2016,2016-05-25,9465,2016-04-21,1045,015098,,4,1,9,5000,0,3,5,,2,010,"TOOMES ROAD","BACON ROAD",528.00,S,N,B,-,N,,,,,,,,,,Y,1,1,0,2,A,-,08,22107,,N,C,E,A,A,H,-,A,D,0,,,,,Y,,A,07,0,0,0,0,0,0,0,0,0,"- ","- ",37.6935,-121.0956,STANISLAUS,UNINCORPORATED,-121.09563088,37.694920029999999
90191243,2016,2016-05-31,9465,2016-05-24,0615,014658,,2,1,9,5000,0,3,5,,2,020,"26 MILE ROAD","DORSEY ROAD",600.00,S,N,A,-,N,,,,,,,,,,Y,2,0,1,2,A,-,03,22350,,N,C,C,A,A,H,-,A,D,0,,,,,Y,,D,22,1,0,0,0,0,0,0,0,0,"- ","- ",37.833399999999997,-120.8693,STANISLAUS,UNINCORPORATED,-120.86931,37.833537
90194747,2016,2016-06-06,9465,2016-05-07,0720,020270,,6,1,9,5000,0,1,3,,2,022,"STATE ROUTE 108/120","KENNEDY ROAD",11616.00,W,N,A,-,Y,,,,,,,,,,Y,2,0,3,3,A,-,05,21460,A,N,A,C,A,B,H,-,A,D,0,,,,,Y,,D,22,1,0,2,0,0,0,0,0,0,"- ","- ",37.804569999999998,-120.70415,STANISLAUS,UNINCORPORATED,,
9020905,2019,2020-07-16,5002,2019-10-08,2142,11267,,2,5,6,5002,0,0,0,,0,081,"RT 108","FRANCIS AV",0.00,,Y,A,-,Y,STA,10,108,-,-,23.620,I,5,W,N,2,0,1,2,A,-,11,21954,A,N,G,B,B,A,H,-,C,D,0,Y,,,,Y,,N,60,1,0,0,0,1,0,0,0,0,"- ","- ",,,STANISLAUS,MODESTO,-120.99381256103516,37.653537750244141
90216631,2016,2016-07-06,9465,2016-06-27,0844,014588,,1,1,9,5000,0,1,1,,2,056,"INTERSTATE 5 (NORTHBOUND)","FINK ROAD",3960.00,N,N,A,-,Y,,,5,,,,,,,Y,2,0,2,1,A,-,08,22107,,N,F,A,A,A,H,-,A,D,0,,,,,Y,,A,07,1,1,0,0,0,0,0,0,0,"- ","- ",37.413089999999997,-121.14864,STANISLAUS,UNINCORPORATED,-121.14873769,37.413033370000001
90230129,2016,2016-07-26,9465,2016-03-07,0655,014737,,1,1,9,5000,0,3,5,,2,010,"BECKWITH ROAD","ADAIR ROAD",800.00,W,N,B,C,N,,,,,,,,,,Y,1,2,1,1,A,-,08,22107,,N,E,I,A,B,H,-,A,D,0,,,,,Y,,A,01,0,0,1,0,0,0,0,0,0,"- ","- ",37.681640000000002,-121.10306,STANISLAUS,UNINCORPORATED,-121.10275444,37.681740019999999
90234264,2016,2016-08-01,9465,2016-07-13,1005,018800,,3,1,9,5000,0,1,1,,2,055,"INTERSTATE 5 (NORTHBOUND)","SPERRY ROAD",6864.00,S,N,A,-,Y,,,5,,,,,,,Y,2,0,1,1,A,-,08,22107,,N,E,I,A,A,H,-,A,D,0,,,,,Y,,A,01,1,0,0,0,0,0,0,0,0,"- ","- ",37.447740000000003,-121.16822999999999,STANISLAUS,UNINCORPORATED,-121.16817385,37.447784540000001
90249756,2016,2016-08-22,9465,2016-08-06,1805,012845,,6,2,9,5000,0,1,3,,2,013,"STATE ROUTE 108 (PATTERSON ROAD)","SKITTONE ROAD",75.00,E,N,A,-,Y,,,108,,,,,,,Y,2,0,2,2,A,-,03,22350,,N,C,C,A,A,H,-,A,D,0,,,,,Y,,A,01,1,0,1,0,0,0,0,0,0,"- ","- ",37.732819999999997,-120.98524,STANISLAUS,UNINCORPORATED,-120.98524012,37.73277126
90255995,2016,2016-08-29,9465,2016-08-16,2200,018825,,2,3,9,5000,0,3,5,,2,020,"WARNERVILLE ROAD","STEARNS ROAD",1390.00,W,N,A,-,N,,,,,,,,,,N,2,0,1,1,A,-,08,22107,,N,F,A,A,A,H,-,D,D,0,,,Y,,Y,,C,02,1,0,0,0,0,0,0,0,1,"- ","- ",37.7425,-120.8214,STANISLAUS,UNINCORPORATED,-120.82138227,37.742558500000001
90258590,2016,2016-09-19,9465,2016-06-10,0100,018381,,5,3,9,5000,0,1,1,,2,056,"INTERSTATE 5 (NORTHBOUND)","PETE MILLER ROAD",1537.00,N,N,A,-,Y,,,5,,,,,,,Y,1,1,5,1,A,-,08,22107,,N,F,A,A,A,H,-,D,D,0,,,,,Y,,A,07,3,2,0,0,0,0,0,0,0,"- ","- ",37.264499999999998,-121.09339,STANISLAUS,UNINCORPORATED,-121.09342014000001,37.264492199999999
90262981,2016,2016-10-19,9465,2016-08-24,0535,16320,,3,3,9,5000,0,1,3,,2,012,"STATE ROUTE 132 (MAZE BOULEVARD)","PARADISE ROAD",0.00,,Y,A,-,Y,,,,,,,,,,Y,1,1,1,2,A,-,09,21802,A,N,D,C,A,A,H,-,C,A,0,,,,Y,Y,,D,22,0,1,0,0,0,0,0,0,0,"- ","- ",37.636850000000003,-121.1558,STANISLAUS,UNINCORPORATED,,
90266893,2016,2016-09-13,9465,2016-08-27,1240,015596,,6,1,9,5000,0,1,3,,2,011,"SR-99 N/B","PELANDALE AVENUE",1584.00,S,N,A,-,Y,,,99,,,,,,N,Y,2,0,1,4,A,-,03,22350,,N,C,C,A,A,H,-,A,D,0,,,Y,,Y,,C,02,1,0,0,0,0,0,0,0,1,"- ","- ",37.693759999999997,-121.066,STANISLAUS,UNINCORPORATED,-121.06595466,37.693810820000003
90271021,2016,2016-09-19,9465,2016-09-06,2055,020952,,2,2,9,5000,0,3,5,,2,050,"HOWARD ROAD",HENDERSON,1820.00,E,N,A,-,N,,,,,,,,,,Y,2,0,1,1,A,-,01,23152,A,N,E,I,A,A,H,-,D,D,0,,,,,Y,Y,A,01,1,0,0,0,0,0,0,0,0,"- ","- ",37.5364,-121.2452,STANISLAUS,UNINCORPORATED,-121.24437286,37.536532880000003
90272329,2016,2016-09-21,9465,2016-08-01,0550,015398,,1,3,9,5000,0,2,4,,2,044,"CARPENTER ROAD","FULKERTH ROAD",267.00,S,N,A,-,N,,,,,,,,,,Y,1,1,2,2,A,-,05,21752,D,N,A,C,A,A,H,-,B,A,0,,,,,Y,Y,A,01,1,0,1,0,0,0,0,0,0,"- ","- ",37.506999999999998,-121.03086,STANISLAUS,UNINCORPORATED,-121.03088,37.507066729999998
90277775,2016,2016-09-28,9465,2016-08-13,1625,020313,,6,2,9,5000,0,3,5,,2,020,"PLAINVIEW ROAD","TERMINAL AVENUE",0.00,,Y,A,-,N,,,,,,,,,,Y,1,1,2,2,A,-,09,21802,A,N,D,C,A,A,H,-,A,A,0,,,,,Y,,A,08,0,0,2,0,0,0,0,0,0,"- ","- ",37.703589999999998,-120.92627,STANISLAUS,UNINCORPORATED,-120.92627997,37.703579900000001
90279609,2016,2016-09-29,9465,2016-09-28,1040,015247,,3,1,9,5000,0,2,4,,2,058,"LAS PALMAS AVENUE","SYCAMORE AVENUE",21120.00,E,N,A,-,N,,,,,,,,,,Y,2,0,1,1,A,-,08,22107,,N,E,I,A,A,H,-,A,D,0,,,,,Y,,A,01,1,0,0,0,0,0,0,0,0,"- ","- ",37.48189,-121.10749,STANISLAUS,UNINCORPORATED,-121.08116,37.49362
9027993,2019,2020-02-12,5002,2019-12-16,1555,MR58,M480,1,5,6,5002,0,0,0,,0,033,"PARADISE RD","PINE TREE LN",232.00,E,N,A,-,N,,,,,,,,,,Y,2,0,2,2,A,-,03,22350,,N,C,C,A,A,H,-,A,D,0,,,,,Y,,-,,1,1,0,0,0,0,0,0,0,"- ","- ",,,STANISLAUS,MODESTO,-121.02300262451172,37.620223999023438
90281925,2016,2017-02-16,9465,2016-06-16,2155,019152,,4,2,9,5000,0,1,3,,1,031,"STATE ROUTE 132 (YOSEMITE BOULEVARD)","GEER ROAD",0.00,,Y,A,-,Y,,,132,,,,,,,Y,1,1,3,2,A,-,12,21453,A,N,D,C,A,A,H,-,C,A,0,,,,,Y,,A,01,1,1,1,0,0,0,0,0,0,"- ","- ",37.638730000000002,-120.84766999999999,STANISLAUS,UNINCORPORATED,-120.84766999999999,37.638730000000002
90283123,2016,2016-10-04,9465,2016-08-09,2100,020952,,2,2,9,5000,0,3,5,,2,050,"POMELO AVENUE","SYCAMORE AVENUE",0.00,,Y,A,-,N,,,,,,,,,,Y,1,2,1,3,A,-,01,23152,A,N,D,C,A,A,H,-,D,A,0,,,,,Y,Y,A,07,1,0,0,0,0,0,0,0,0,"- ","- ",37.4544,-121.0943,STANISLAUS,UNINCORPORATED,-121.09440986,37.454469899999999
90285966,2016,2016-10-06,9465,2016-09-20,1929,018274,,2,2,9,5000,0,1,3,,2,041,"STATE ROUTE 99 (NORTHBOUND)","MITCHELL ROAD",2112.00,S,N,A,-,Y,,,99,,,,,,,Y,2,0,3,3,A,-,07,21658,A,F,B,C,A,A,H,-,D,D,0,,,,,Y,Y,A,07,1,1,1,0,0,0,0,0,0,"- ","- ",37.571559999999998,-120.93386,STANISLAUS,UNINCORPORATED,-120.93389249000001,37.571519279999997
90288303,2016,2016-10-10,9465,2016-10-02,0035,020374,,7,3,9,5000,0,3,5,,2,030,"LAKE ROAD","LAMPLEY ROAD",60.00,E,N,A,-,N,,,,,,,,,,Y,2,0,1,1,A,-,01,23152,A,N,A,I,A,A,H,-,D,A,0,,,,,Y,Y,A,01,1,0,0,0,0,0,0,0,0,"- ","- ",37.62379,-120.71097,STANISLAUS,UNINCORPORATED,-120.71077286000001,37.623780699999998
90289020,2016,2016-10-11,9465,2016-09-28,1809,018274,,3,2,9,5000,0,3,5,,2,030,"MONTE VISTA AVENUE","HALL ROAD",385.00,W,N,A,F,N,,,,,,,,,,N,2,0,1,2,A,-,03,22350,,N,H,G,A,A,H,-,A,D,0,,Y,,,Y,,D,22,1,0,0,0,0,0,1,0,0,"- ","- ",37.521340000000002,-120.74106,STANISLAUS,UNINCORPORATED,-120.74100726,37.521331799999999