CASE_ID,ACCIDENT_YEAR,PROC_DATE,JURIS,COLLISION_DATE,COLLISION_TIME,OFFICER_ID,REPORTING_DISTRICT,DAY_OF_WEEK,CHP_SHIFT,POPULATION,CNTY_CITY_LOC,SPECIAL_COND,BEAT_TYPE,CHP_BEAT_TYPE,CITY_DIVISION_LAPD,CHP_BEAT_CLASS,BEAT_NUMBER,PRIMARY_RD,SECONDARY_RD,DISTANCE,DIRECTION,INTERSECTION,WEATHER_1,WEATHER_2,STATE_HWY_IND,CALTRANS_COUNTY,CALTRANS_DISTRICT,STATE_ROUTE,ROUTE_SUFFIX,POSTMILE_PREFIX,POSTMILE,LOCATION_TYPE,RAMP_INTERSECTION,SIDE_OF_HWY,TOW_AWAY,COLLISION_SEVERITY,NUMBER_KILLED,NUMBER_INJURED,PARTY_COUNT,PRIMARY_COLL_FACTOR,PCF_CODE_OF_VIOL,PCF_VIOL_CATEGORY,PCF_VIOLATION,PCF_VIOL_SUBSECTION,HIT_AND_RUN,TYPE_OF_COLLISION,MVIW,PED_ACTION,ROAD_SURFACE,ROAD_COND_1,ROAD_COND_2,LIGHTING,CONTROL_DEVICE,CHP_ROAD_TYPE,PEDESTRIAN_ACCIDENT,BICYCLE_ACCIDENT,MOTORCYCLE_ACCIDENT,TRUCK_ACCIDENT,NOT_PRIVATE_PROPERTY,ALCOHOL_INVOLVED,STWD_VEHTYPE_AT_FAULT,CHP_VEHTYPE_AT_FAULT,COUNT_SEVERE_INJ,COUNT_VISIBLE_INJ,COUNT_COMPLAINT_PAIN,COUNT_PED_KILLED,COUNT_PED_INJURED,COUNT_BICYCLIST_KILLED,COUNT_BICYCLIST_INJURED,COUNT_MC_KILLED,COUNT_MC_INJURED,PRIMARY_RAMP,SECONDARY_RAMP,LATITUDE,LONGITUDE,COUNTY,CITY,POINT_X,POINT_Y
90289446,2016,2016-10-11,9465,2016-10-06,1708,020190,,4,2,9,5000,0,1,3,,2,023,SR-108,"CLAUS ROAD",0.00,,Y,A,-,Y,,,,,,,,,,Y,2,0,1,2,A,-,09,21802,A,N,D,C,A,A,H,-,A,D,0,,,Y,,Y,,A,01,1,0,0,0,0,0,0,0,1,"- ","- ",37.441099999999999,-120.55200000000001,STANISLAUS,UNINCORPORATED,-120.92222988,37.737089959999999
90301518,2016,2016-11-14,9465,2016-07-15,2355,018768,,5,3,9,5000,0,1,3,,2,015,"STATE ROUTE 219 (KIERNAN AVENUE)","TULLY ROAD",22.00,W,N,A,-,Y,,,219,,,,,,,Y,1,3,1,2,A,-,01,23152,A,F,C,C,A,A,H,-,C,A,0,,,,,Y,Y,A,01,0,1,0,0,0,0,0,0,0,"- ","- ",37.711190000000002,-121.01311,STANISLAUS,UNINCORPORATED,-121.01311042,37.711147269999998
90303379,2016,2016-10-27,9465,2016-10-04,0650,014658,,2,1,9,5000,0,3,5,,2,030,"BLEDSOE ROAD","KEYES ROAD",1998.00,S,N,A,-,N,,,,,,,,,,Y,1,1,1,2,A,-,05,21650,,N,A,C,A,A,H,-,B,D,0,,,,,Y,,D,22,0,1,0,0,0,0,0,0,0,"- ","- ",37.3247,-120.37390000000001,STANISLAUS,UNINCORPORATED,-120.62736452999999,37.545593789999998
90303409,2016,2016-10-27,9465,2016-10-24,1205,014658,,1,1,9,5000,0,3,5,,2,030,"HAWKINS ROAD","LAKE ROAD",420.00,S,N,B,-,N,,,,,,,,,,Y,2,0,1,1,A,-,08,22107,,N,E,I,A,A,H,-,A,D,0,,,,,Y,,D,22,1,0,0,0,0,0,0,0,0,"- ","- ",37.613399999999999,-120.6456,STANISLAUS,UNINCORPORATED,-120.64566112999999,37.614106739999997
9030395,2019,2020-06-16,5002,2019-12-31,1157,11026,095,2,5,6,5002,0,0,0,,0,083,"RT 108","MEILY WY",0.00,,Y,A,-,Y,STA,10,108,-,-,26.420,I,5,E,Y,2,0,3,2,A,-,09,21802,A,N,D,C,A,-,H,-,A,D,0,,,,,Y,,-,,1,2,0,0,0,0,0,0,0,"- ","- ",,,STANISLAUS,MODESTO,-120.99448394775391,37.694194793701172
90310240,2016,2016-11-03,9465,2016-10-25,0640,014588,,2,1,9,5000,0,1,1,,2,056,"INTERSTATE 5 (SOUTHBOUND)","SHIELLS ROAD",1056.00,N,N,B,-,Y,,,5,,,,,,,Y,2,0,1,2,A,-,03,22350,,N,C,C,A,A,H,-,D,D,0,,,,Y,Y,,D,22,1,0,0,0,0,0,0,0,0,"- ","- ",37.308160000000001,-121.10518,STANISLAUS,UNINCORPORATED,-121.10499127,37.308197610000001
90315451,2016,2016-11-09,9465,2016-11-02,2210,018768,,3,3,9,5000,0,1,3,,2,011,"STATE ROUTE 99 (NORTHBOUND)","TUOLUMNE BLVD",322.00,S,N,A,-,Y,,,99,,,,,,,Y,2,0,1,4,A,-,03,22350,,F,C,C,A,A,H,-,C,D,0,,,,,Y,,A,07,1,0,0,0,0,0,0,0,0,"- ","- ",37.626480000000001,-120.99653000000001,STANISLAUS,UNINCORPORATED,-120.99653635,37.626478589999998
90326172,2016,2016-11-21,9465,2016-11-13,0655,019517,,7,1,9,5000,0,1,3,,2,041,"STATE ROUTE 99 (SOUTHBOUND)","GOLF ROAD",195.00,N,N,A,-,Y,,,99,,,,,,,Y,2,0,1,1,A,-,08,22107,,N,E,I,A,A,H,-,A,D,0,,,,,Y,,A,01,1,0,0,0,0,0,0,0,0,"- ","- ",37.466740000000001,-120.83145,STANISLAUS,UNINCORPORATED,-120.83141706000001,37.466823439999999
9032838,2019,2020-02-06,5002,2019-12-29,0226,13015,M002,7,5,6,5002,0,0,0,,0,063,"PELANDALE AV","DALE RD",0.00,,Y,A,-,N,,,,,,,,,,Y,2,0,1,1,A,-,01,23152,A,N,E,I,A,A,H,-,C,A,0,,,,,Y,Y,A,,1,0,0,0,0,0,0,0,0,"- ","- ",,,STANISLAUS,MODESTO,-121.05005645751953,37.700290679931641
90333921,2016,2016-11-30,9465,2016-11-20,2150,015290,,7,2,9,5000,0,1,3,,2,023,"STATE ROUTE 108","MESA DRIVE",230.00,E,N,B,C,Y,,,108,,,,,,,Y,2,0,1,1,A,-,08,22107,,N,E,I,A,B,H,-,D,D,0,,,,,Y,,A,01,1,0,0,0,0,0,0,0,0,"- ","- ",37.739910000000002,-120.91875,STANISLAUS,UNINCORPORATED,-120.91878656999999,37.739926050000001
90338521,2016,2016-12-06,9465,2016-10-22,1605,020362,,6,2,9,5000,0,3,5,,2,020,"WILLMS ROAD","STATE ROUTE 108/120",3168.00,S,N,A,-,N,,,,,,,,,,Y,1,1,0,1,A,-,01,23152,A,N,E,I,A,A,H,-,A,D,0,,,,,Y,Y,D,22,0,0,0,0,0,0,0,0,0,"- ","- ",37.8063,-120.6544,STANISLAUS,UNINCORPORATED,,
90340580,2016,2016-12-08,9465,2016-11-27,1247,020270,,7,1,9,5000,0,3,5,,2,030,"MAIN STREET","LESTER ROAD",203.00,W,N,A,-,N,,,,,,,,,,Y,2,0,1,1,A,-,08,22107,,N,E,I,A,A,H,-,A,D,0,,,,,Y,,D,22,1,0,0,0,0,0,0,0,0,"- ","- ",37.521169999999998,-120.80394,STANISLAUS,UNINCORPORATED,-120.80389304000001,37.521901049999997
90345110,2016,2016-12-14,9465,2016-12-05,1740,019553,,1,2,9,5000,0,1,3,,2,015,"STATE ROUTE 219 (KIERNAN AVENUE)","TULLY ROAD",250.00,W,N,A,-,Y,,,219,,,,,,,Y,2,0,1,2,A,-,03,22350,,N,C,C,A,A,H,-,D,D,0,,,,,Y,,A,01,1,0,0,0,0,0,0,0,0,"- ","- ",37.71125,-121.01504,STANISLAUS,UNINCORPORATED,-121.01504083,37.711166400000003
90345762,2016,2016-12-15,9465,2016-11-01,2015,015290,,2,2,9,5000,0,3,5,,2,050,"MARSHALL ROAD","DELTA MENDOTA CANAL",650.00,E,N,A,-,N,,,,,,,,,,Y,1,1,0,1,A,-,08,22107,,N,E,I,A,A,H,-,D,D,0,,,,,Y,,A,01,0,0,0,0,0,0,0,0,0,"- ","- ",37.43533,-121.13164999999999,STANISLAUS,UNINCORPORATED,,
90345879,2016,2017-02-01,9465,2016-11-20,0345,020374,,7,3,9,5000,0,3,5,,2,030,"CODONI AVENUE","FINCH ROAD",400.00,N,N,B,-,N,,,,,,,,,,Y,1,1,0,1,A,-,01,23152,A,N,E,I,A,B,H,-,D,A,0,,,,,Y,Y,A,01,0,0,0,0,0,0,0,0,0,"- ","- ",37.626089999999998,-120.91122,STANISLAUS,UNINCORPORATED,-120.91116678,37.626168069999999
90355132,2016,2016-12-27,9465,2016-12-18,1225,020362,,7,1,9,5000,0,3,5,,2,030,"TENAYA DRIVE","DALY AVENUE",310.00,E,N,A,-,N,,,,,,,,,,Y,2,0,3,1,A,-,08,22107,,N,F,A,A,A,H,-,A,D,0,,,,,Y,,A,07,1,0,2,0,0,0,0,0,0,"- ","- ",37.375639999999997,-120.57404,STANISLAUS,UNINCORPORATED,-120.9623077,37.632477659999999
90367225,2016,2017-01-11,9465,2016-10-21,2140,018768,,5,2,9,5000,0,1,3,,2,011,"STATE ROUTE 99 (NORTHBOUND)","NORTH 9TH STREET",670.00,S,N,A,-,Y,,,99,,,,,,,Y,1,1,2,1,A,-,01,23152,E,N,E,I,A,A,H,-,D,D,0,,,,,Y,,A,01,1,1,0,0,0,0,0,0,0,"- ","- ",37.657629999999997,-121.02565,STANISLAUS,UNINCORPORATED,-121.02588363,37.657630089999998
90367336,2016,2017-01-11,9465,2016-12-02,1639,020362,,5,2,9,5000,0,3,5,,2,030,"GOLDEN STATE BOULEVARD","MERCED COUNTY LINE",485.00,N,N,A,-,N,,,,,,,,,,Y,1,1,3,1,A,-,01,23152,A,N,F,A,A,A,H,-,B,D,0,,,,,Y,Y,A,01,2,1,0,0,0,0,0,0,0,"- ","- ",37.467260000000003,-120.81668999999999,STANISLAUS,UNINCORPORATED,,
90371061,2017,2017-01-17,9465,2017-01-08,0200,020599,,7,3,5,5007,0,1,3,,2,041,"STATE ROUTE 99 (NORTHBOUND)","MAIN STREET",1584.00,N,N,B,C,Y,,,99,,,,,,,Y,2,0,2,1,A,-,01,23152,A,N,E,I,A,B,H,-,C,D,0,,,,,Y,Y,A,01,1,1,0,0,0,0,0,0,0,"- ","- ",37.498069999999998,-120.87229000000001,STANISLAUS,TURLOCK,-120.87264089,37.497883469999998
90392099,2016,2017-02-13,9465,2016-11-30,0542,014737,,3,3,9,5000,0,3,5,,2,030,"MONTPELIER ROAD","MONTE VISTA AVENUE",0.00,,Y,B,E,N,,,,,,,,,,Y,1,1,0,3,D,-,00,,,N,D,C,E,B,H,-,D,D,0,Y,,,,Y,,-,"- ",0,0,0,1,0,0,0,0,0,"- ","- ",37.529049999999998,-120.68380000000001,STANISLAUS,UNINCORPORATED,-120.68383995000001,37.520879989999997
9039590,2020,2020-03-10,5001,2020-01-10,1723,861,D203,5,5,4,5001,0,0,0,,0,005,"MITCHELL RD","ROEDING RD",160.00,N,N,A,-,N,,,,,,,,,,Y,2,0,1,2,A,-,03,22350,,N,C,C,A,A,H,-,C,A,0,,,,,Y,,A,01,1,0,0,0,0,0,0,0,0,"- ","- ",,,STANISLAUS,CERES,-120.93876647949219,37.587909698486328
90397461,2016,2017-02-21,9465,2016-11-10,0445,017167,,4,3,9,5000,0,1,3,,1,032,"STATE ROUTE 132 (YOSEMITE BOULEVARD)","LAKE ROAD",9504.00,W,N,A,-,Y,,,132,,,,,,,Y,1,1,0,2,A,-,11,21954,A,N,G,B,E,A,H,-,D,D,0,Y,,,,Y,,N,60,0,0,0,1,0,0,0,0,0,"- ","- ",37.63353,-120.51787,STANISLAUS,UNINCORPORATED,-120.51787054,37.633515760000002
90403241,2017,2017-03-01,9465,2017-02-20,1218,018274,,1,1,9,5000,0,3,5,,2,040,"CARPENTER ROAD","CROWS LANDING ROAD",7392.00,N,N,B,C,N,,,,,,,,,,Y,2,0,1,1,A,-,08,22107,,N,E,I,A,B,H,-,A,D,0,,,,,Y,,A,01,1,0,0,0,0,0,0,0,0,"- ","- ",37.451329999999999,-121.02641,STANISLAUS,UNINCORPORATED,-121.02508167000001,37.450012839999999
90407877,2017,2017-03-08,9465,2017-02-27,2130,019982,,1,2,9,5000,0,3,5,,2,030,"MITCHELL ROAD (NORTHBOUND)","FINCH ROAD",800.00,S,N,A,-,N,,,,,,,,,,Y,2,0,1,1,A,-,08,22107,,N,E,I,A,A,H,-,D,D,0,,,,,Y,,A,01,1,0,0,0,0,0,0,0,0,"- ","- ",37.62041,-120.93913000000001,STANISLAUS,UNINCORPORATED,-120.94178173,37.622152030000002
90408590,2017,2017-03-16,9465,2017-02-20,0725,014658,,1,1,9,5000,0,3,5,,2,020,"MILNES ROAD","ALBERS ROAD",5320.00,E,N,B,C,N,,,,,,,,,,Y,1,2,0,2,A,-,05,21650,,N,A,C,A,B,H,-,B,D,0,,,,,Y,,D,22,0,0,0,0,0,0,0,0,0,"- ","- ",37.682099999999998,-120.8278,STANISLAUS,UNINCORPORATED,-120.82978925,37.682178149999999
90408851,2017,2017-03-09,9465,2017-02-25,1442,019155,,6,2,6,5002,0,1,3,,2,041,"STATE ROUTE 99 (NORTHBOUND)","CROWS LANDING ROAD",10.00,N,N,A,-,Y,,,99,,,,,,,Y,2,0,1,2,A,-,03,22350,,N,C,C,A,A,H,-,A,D,0,,,Y,Y,Y,,C,02,1,0,0,0,0,0,0,0,1,"- ","- ",37.619039999999998,-120.99370999999999,STANISLAUS,MODESTO,-120.99373548,37.619011069999999
90408916,2017,2017-03-09,9465,2017-01-21,0420,019713,,6,3,9,5000,0,1,3,,2,041,"STATE ROUTE 99 (NORTHBOUND)","CROWS LANDING ROAD",1584.00,S,N,C,-,Y,,,99,,,,,,,Y,1,1,3,2,A,-,01,23152,A,F,B,C,A,B,H,-,D,D,0,,,,,Y,Y,A,01,2,1,0,0,0,0,0,0,0,"- ","- ",37.617229999999999,-120.98828,STANISLAUS,UNINCORPORATED,-120.98828552000001,37.617184629999997
90409122,2017,2017-03-09,9465,2017-01-19,0529,018945,,4,3,9,5000,0,1,3,,2,012,"STATE ROUTE 132","STONE AVENUE",1170.00,E,N,B,-,Y,,,132,,,,,,,Y,1,1,1,5,A,-,05,21650,,N,B,C,A,B,H,-,D,D,0,,,,,Y,,A,01,1,0,0,0,0,0,0,0,0,"- ","- ",37.63823,-121.07388,STANISLAUS,UNINCORPORATED,-121.07387996999999,37.638216270000001
90415729,2017,2017-03-20,9465,2017-03-10,2235,020599,,5,3,9,5000,0,2,4,,2,042,"CROWS LANDING ROAD","CLAUSEN ROAD",1056.00,N,N,A,-,N,,,,,,,,,,Y,2,0,1,2,A,-,01,23152,A,N,B,C,A,A,H,-,D,D,0,,,,,Y,Y,D,22,1,0,0,0,0,0,0,0,0,"- ","- ",37.460590000000003,-121.00019,STANISLAUS,UNINCORPORATED,-121.00058317,37.459496080000001
90421243,2017,2017-03-27,9465,2017-02-12,1906,018767,,7,2,9,5000,0,1,3,,2,023,"STATE ROUTE 108","SNEDIGAR ROAD",50.00,E,N,A,-,Y,,,108,,,,,,,Y,2,0,1,2,A,-,03,22350,,N,C,C,A,A,H,-,D,D,0,,,Y,,Y,,A,01,1,0,0,0,0,0,0,0,1,"- ","- ",37.745669999999997,-120.91387,STANISLAUS,UNINCORPORATED,-120.91386575999999,37.745666
90424730,2017,2017-03-30,9465,2017-02-24,1835,019517,,5,2,9,5000,0,1,1,,2,056,"INTERSTATE 5 (NORTHBOUND)","STUHR ROAD",986.00,S,N,A,-,Y,,,5,,,,,,,Y,1,1,1,2,A,-,01,23152,A,N,A,C,A,A,H,-,D,D,0,,,,,Y,Y,A,01,0,1,0,0,0,0,0,0,0,"- ","- ",37.322150000000001,-121.10883,STANISLAUS,UNINCORPORATED,-121.10872304999999,37.322186119999998
90433824,2017,2017-04-13,9465,2017-03-05,0400,020575,,7,3,9,5000,0,1,1,,2,055,"INTERSTATE 5 (SOUTHBOUND)","INGRAM CREEK ROAD",6336.00,N,N,B,-,Y,,,5,,,,,,,Y,1,1,1,1,A,-,08,22107,,N,E,I,A,A,H,-,D,D,0,,,,,Y,Y,A,01,0,1,0,0,0,0,0,0,0,"- ","- ",37.551600000000001,-121.2829,STANISLAUS,UNINCORPORATED,-121.28290367,37.551595229999997
90440949,2017,2017-04-24,9465,2017-04-14,1103,014737,,5,1,9,5000,0,3,5,,2,020,"SONORA ROAD","ORANGE BLOSSOM ROAD",7392.00,N,N,A,-,N,,,,,,,,,,Y,2,0,1,1,A,-,08,22107,,N,F,A,A,A,H,-,A,D,0,,,Y,,Y,,C,02,1,0,0,0,0,0,0,0,1,"- ","- ",37.838439999999999,-120.70977000000001,STANISLAUS,UNINCORPORATED,-120.67038264,37.819633799999998
90441434,2017,2017-04-25,9465,2017-04-15,0630,018825,,6,1,4,5001,0,1,3,,2,041,"STATE ROUTE 99 (NORTHBOUND)","WHITMORE AVENUE",2102.00,N,N,A,-,Y,,,99,,,,,,,Y,2,0,3,2,A,-,07,21658,A,N,C,C,A,A,H,-,B,D,0,,,,Y,Y,,A,07,1,0,2,0,0,0,0,0,0,"- ","- ",37.598799999999997,-120.965,STANISLAUS,CERES,-120.96499068999999,37.5988106
90446028,2017,2017-05-01,9465,2017-04-15,0150,020457,,6,3,9,5000,0,3,5,,2,050,"W. STUHR RD","JORGENSEN ROAD",3274.00,W,N,A,-,N,,,,,,,,,,N,2,0,3,1,A,-,01,23152,A,N,E,I,A,A,H,-,D,D,0,,,,,Y,Y,A,01,2,1,0,0,0,0,0,0,0,"- ","- ",37.333500000000001,-121.0865,STANISLAUS,UNINCORPORATED,-121.08778448,37.333415199999997
9044997,2020,2020-10-19,5004,2020-01-19,2017,236,RD37,7,5,3,5004,0,0,0,,0,031,"RT 120","6TH AV",3.00,W,N,A,-,Y,STA,10,120,-,-,5.320,I,5,E,N,2,0,1,2,A,-,06,21951,,N,G,B,B,A,H,-,C,D,0,Y,,,,Y,,-,,1,0,0,0,1,0,0,0,0,"- ","- ",37.767978668212891,-120.84288024902344,STANISLAUS,OAKDALE,-120.84358215332031,37.768119812011719
90453700,2017,2017-05-11,9465,2017-02-12,1907,018767,,7,2,9,5000,0,1,3,,2,023,"STATE ROUTE 108","SNEDIGAR ROAD",0.00,,Y,A,-,Y,,,108,,,,,,,N,1,1,0,2,C,-,18,,,N,G,B,E,A,H,-,D,D,0,Y,,,,Y,,-,"- ",0,0,0,1,0,0,0,0,0,"- ","- ",37.745669999999997,-120.91387,STANISLAUS,UNINCORPORATED,-120.91386575999999,37.745666
90456408,2017,2017-05-16,9465,2017-05-05,1820,017787,,5,2,9,5000,0,1,3,,2,013,"STATE ROUTE 108 (PATTERSON ROAD)","LADD ROAD",31.00,E,N,A,-,Y,,,108,,,,,,,Y,2,0,3,2,A,-,01,23152,A,N,A,C,A,A,H,-,A,A,0,,,,,Y,Y,A,07,1,2,0,0,0,0,0,0,0,"- ","- ",37.732750000000003,-120.99301,STANISLAUS,UNINCORPORATED,-120.99300976000001,37.732748639999997
90465778,2017,2017-05-26,9465,2017-05-19,1146,018945,,5,1,9,5000,0,1,3,,2,011,"STATE ROUTE 99 (NORTHBOUND)","PELANDALE AVENUE",2790.00,S,N,A,-,Y,,,99,,,,,,,Y,2,0,1,2,A,-,08,22107,,N,D,C,A,A,H,-,A,D,0,,,,Y,Y,,A,01,1,0,0,0,0,0,0,0,0,"- ","- ",37.694740000000003,-121.06689,STANISLAUS,UNINCORPORATED,-121.06692471,37.694710860000001
90466940,2017,2017-05-30,9465,2017-03-13,2020,020313,,1,2,9,5000,0,3,5,,2,030,"FRAZINE ROAD","GARST ROAD",2016.00,S,N,A,-,N,,,,,,,,,,Y,2,0,2,2,A,-,11,21954,A,N,G,B,E,A,H,-,D,D,0,Y,,Y,,Y,Y,N,60,2,0,0,0,1,0,0,0,1,"- ","- ",37.646929999999998,-120.91177999999999,STANISLAUS,UNINCORPORATED,-120.91177571999999,37.647305129999999
90467083,2017,2017-05-30,9465,2017-03-01,1840,017787,,3,2,9,5000,0,3,5,,2,020,"TERMINAL AVENUE","PLAINVIEW ROAD",1165.00,S,N,A,-,N,,,,,,,,,,Y,1,1,3,2,A,-,05,21650,,N,A,C,A,A,H,-,D,D,0,,,,,Y,,-,"- ",1,2,0,0,0,0,0,0,0,"- ","- ",37.70091,-120.92515,STANISLAUS,UNINCORPORATED,-120.92500898999999,37.700544319999999
90467205,2017,2017-05-30,9465,2017-05-19,1738,019155,,5,2,9,5000,0,1,3,,2,011,"STATE ROUTE 99 (SOUTHBOUND)","STATE ROUTE 219 (KIERNAN AVENUE)",2640.00,S,N,A,-,Y,,,99,,,,,,,Y,2,0,1,2,A,-,03,22350,,N,C,C,A,A,H,-,A,D,0,,,Y,,Y,,C,02,1,0,0,0,0,0,0,0,1,"- ","- ",37.703940000000003,-121.0754,STANISLAUS,UNINCORPORATED,-121.07542305,37.703913919999998
90468508,2017,2017-05-31,9465,2017-05-24,2005,018767,,3,2,9,5000,0,3,5,,2,050,"LAIRD STREET","JESSIE STREET",102.00,S,N,A,-,N,,,,,,,,,,N,2,0,1,1,A,-,21,22106,,N,F,A,A,A,H,-,A,D,0,,,Y,,Y,,C,06,1,0,0,0,0,0,0,0,1,"- ","- ",37.564599999999999,-121.17999,STANISLAUS,UNINCORPORATED,-121.17999317,37.56456575
90474117,2017,2017-06-08,9465,2017-04-21,1043,014588,,5,1,9,5000,0,1,1,,2,055,"INTERSTATE 5 (SOUTHBOUND)","KERN CREEK ROAD",5280.00,S,N,A,-,Y,,,5,,,,,,,Y,2,0,6,3,A,-,07,21658,A,F,B,C,A,A,H,-,A,D,0,,,,,Y,,A,01,2,2,2,0,0,0,0,0,0,"- ","- ",37.50414,-121.22488,STANISLAUS,UNINCORPORATED,-121.2248664,37.504156350000002
90475576,2017,2017-06-12,9465,2017-05-31,0815,014658,,3,1,9,5000,0,3,5,,2,020,"SONORA ROAD","ORANGE BLOSSOM ROAD",700.00,N,N,B,C,N,,,,,,,,,,Y,2,0,4,1,A,-,08,22107,,N,E,I,A,B,H,-,A,D,0,,,,,Y,,A,01,2,2,0,0,0,0,0,0,0,"- ","- ",37.827950000000001,-120.69199999999999,STANISLAUS,UNINCORPORATED,-120.68775966,37.827339950000002
90478503,2017,2017-06-15,9465,2017-03-26,1545,019155,,7,2,9,5000,0,3,5,,2,020,"MILTON ROAD","STATE ROUTE 4",16368.00,N,N,A,-,N,,,,,,,,,,Y,1,1,1,1,A,-,08,22107,,N,E,I,A,A,H,-,A,D,0,,,,,Y,,A,07,1,0,0,0,0,0,0,0,0,"- ","- ",37.991079999999997,-120.84705,STANISLAUS,UNINCORPORATED,-120.84583073,37.989295890000001
90478644,2017,2017-06-15,9465,2017-06-03,2000,020457,,6,2,9,5000,0,3,5,,2,030,"HAWKINS RD","LAKE ROAD",3062.00,S,N,A,-,N,,,,,,,,,,Y,2,0,2,1,A,-,01,23152,A,N,E,I,A,A,H,-,B,D,0,,,,,Y,Y,A,01,1,1,0,0,0,0,0,0,0,"- ","- ",37.607329999999997,-120.64566000000001,STANISLAUS,UNINCORPORATED,-120.64566822,37.606852199999999
90482994,2017,2017-06-21,9465,2017-05-07,0322,020457,,7,3,9,5000,0,1,3,,2,015,"STATE ROUTE 219 (KIERNAN AVENUE)","TULLY ROAD",0.00,,N,B,-,Y,,,,,,,,,,Y,1,1,0,2,A,-,11,21954,A,N,G,B,E,A,H,-,D,D,0,Y,,,,Y,Y,N,60,0,0,0,1,0,0,0,0,0,"- ","- ",37.711120000000001,-120.01492,STANISLAUS,UNINCORPORATED,,
90492658,2017,2017-07-03,9465,2017-06-22,0224,018778,,4,3,9,5000,0,1,3,,2,011,"SR-99 N/B","WOODLAND AVENUE",1592.00,N,N,A,-,Y,,,99,,,,,,N,Y,2,0,1,1,A,-,01,23152,A,M,E,I,A,A,H,-,D,D,0,,,,,Y,Y,A,01,1,0,0,0,0,0,0,0,0,"- ","- ",37.65654,-121.0257,STANISLAUS,UNINCORPORATED,-121.02588248000001,37.656538079999997
90498089,2017,2017-07-11,9465,2017-07-01,2047,018767,,6,2,9,5000,0,1,3,,2,053,"STATE ROUTE 33","POMELO AVENUE",0.00,,Y,A,-,Y,,,33,,,,,,,Y,2,0,4,2,A,-,05,21460,A,F,B,C,A,A,H,-,A,D,0,,,,,Y,,A,07,1,3,0,0,0,0,0,0,0,"- ","- ",37.447049999999997,-121.11051999999999,STANISLAUS,UNINCORPORATED,-121.11053398999999,37.447039920000002
90498266,2017,2017-07-11,9465,2017-05-29,0158,020651,,1,3,9,5000,0,1,1,,2,055,"INTERSTATE 5 (SOUTHBOUND)","INGRAM CREEK ROAD",8237.00,N,N,A,-,Y,,,5,,,,,,,Y,1,1,0,1,A,-,01,23152,F,N,E,J,A,A,H,-,D,D,0,,,,,Y,,A,01,0,0,0,0,0,0,0,0,0,"- ","- ",37.555610000000001,-121.28833,STANISLAUS,UNINCORPORATED,-121.28824727999999,37.555717229999999
90502236,2017,2017-08-08,9465,2017-07-09,0425,020486,,7,3,9,5000,0,2,4,,2,042,"CROWS LANDING ROAD","RUBLE ROAD",27.00,N,N,A,-,N,,,,,,,,,,Y,2,0,2,2,A,-,03,22350,,N,C,C,A,A,H,-,D,D,0,,,,,Y,,A,01,2,0,0,0,0,0,0,0,0,"- ","- ",37.48601,-120.99455,STANISLAUS,UNINCORPORATED,-120.9945,37.485814150000003
90503137,2017,2017-07-18,9465,2017-05-08,1145,020486,,1,1,6,5002,0,1,3,,2,011,"STATE ROUTE 99 (NORTHBOUND)","STATE ROUTE 219 (KIERNAN AVENUE)",276.00,N,N,A,-,Y,,,,,,,,,,Y,2,0,1,2,A,-,07,21658,A,N,B,C,A,A,H,-,A,D,0,,,Y,,Y,,-,"- ",1,0,0,0,0,0,0,0,1,"- ","- ",37.710120000000003,-121.0825,STANISLAUS,MODESTO,,
9050619,2020,2020-05-22,5002,2020-02-25,2117,811,B400,2,5,6,5002,0,0,0,,0,003,"MITCHELL RD","RIVER RD",249.00,N,N,A,-,N,,,,,,,,,,N,2,0,1,2,A,-,11,21950,B,N,G,B,D,A,H,-,D,D,0,Y,,,,Y,,N,60,1,0,0,0,1,0,0,0,0,"- ","- ",,,STANISLAUS,MODESTO,-120.93876647949219,37.614662170410156
90509712,2017,2017-07-27,9465,2017-07-11,2003,018274,,2,2,9,5000,0,3,5,,2,050,"SMITH STREET","AMELIA STREET",125.00,S,N,A,-,N,,,,,,,,,,N,2,0,1,1,A,-,08,22107,,N,F,A,A,A,H,-,B,D,0,,,Y,,Y,,C,02,1,0,0,0,0,0,0,0,1,"- ","- ",37.56391,-121.17838,STANISLAUS,UNINCORPORATED,-121.17835381,37.563897019999999
90509928,2017,2017-07-27,9465,2017-07-12,2304,020599,,3,3,9,5000,0,3,5,,2,030,"7TH STREET","ANNA AVENUE",0.00,,Y,A,-,N,,,,,,,,,,N,2,0,1,1,A,-,03,22350,,N,E,I,A,A,H,-,C,A,0,,,,,Y,,-,99,1,0,0,0,0,0,0,0,0,"- ","- ",37.561549999999997,-120.91547,STANISLAUS,UNINCORPORATED,-120.91546987,37.561559930000001
90511751,2017,2017-07-28,9465,2017-07-19,1615,018292,,3,2,9,5000,0,3,5,,2,020,"26 MILE ROAD","EASTMAN ROAD",1584.00,N,N,A,-,N,,,,,,,,,,Y,2,0,1,2,A,-,09,21804,A,N,B,C,A,A,H,-,A,D,0,,,Y,,Y,,D,22,1,0,0,0,0,0,0,0,1,"- ","- ",37.868090000000002,-120.87952,STANISLAUS,UNINCORPORATED,-120.87959600000001,37.866613000000001