CASE_ID,ACCIDENT_YEAR,PROC_DATE,JURIS,COLLISION_DATE,COLLISION_TIME,OFFICER_ID,REPORTING_DISTRICT,DAY_OF_WEEK,CHP_SHIFT,POPULATION,CNTY_CITY_LOC,SPECIAL_COND,BEAT_TYPE,CHP_BEAT_TYPE,CITY_DIVISION_LAPD,CHP_BEAT_CLASS,BEAT_NUMBER,PRIMARY_RD,SECONDARY_RD,DISTANCE,DIRECTION,INTERSECTION,WEATHER_1,WEATHER_2,STATE_HWY_IND,CALTRANS_COUNTY,CALTRANS_DISTRICT,STATE_ROUTE,ROUTE_SUFFIX,POSTMILE_PREFIX,POSTMILE,LOCATION_TYPE,RAMP_INTERSECTION,SIDE_OF_HWY,TOW_AWAY,COLLISION_SEVERITY,NUMBER_KILLED,NUMBER_INJURED,PARTY_COUNT,PRIMARY_COLL_FACTOR,PCF_CODE_OF_VIOL,PCF_VIOL_CATEGORY,PCF_VIOLATION,PCF_VIOL_SUBSECTION,HIT_AND_RUN,TYPE_OF_COLLISION,MVIW,PED_ACTION,ROAD_SURFACE,ROAD_COND_1,ROAD_COND_2,LIGHTING,CONTROL_DEVICE,CHP_ROAD_TYPE,PEDESTRIAN_ACCIDENT,BICYCLE_ACCIDENT,MOTORCYCLE_ACCIDENT,TRUCK_ACCIDENT,NOT_PRIVATE_PROPERTY,ALCOHOL_INVOLVED,STWD_VEHTYPE_AT_FAULT,CHP_VEHTYPE_AT_FAULT,COUNT_SEVERE_INJ,COUNT_VISIBLE_INJ,COUNT_COMPLAINT_PAIN,COUNT_PED_KILLED,COUNT_PED_INJURED,COUNT_BICYCLIST_KILLED,COUNT_BICYCLIST_INJURED,COUNT_MC_KILLED,COUNT_MC_INJURED,PRIMARY_RAMP,SECONDARY_RAMP,LATITUDE,LONGITUDE,COUNTY,CITY,POINT_X,POINT_Y
9051355,2019,2020-07-06,5002,2019-11-21,1757,11267,228,4,5,6,5002,0,0,0,,0,081,"MCHENRY AV","FAIRMONT AV",0.00,,Y,A,-,Y,STA,10,108,-,-,23.890,I,5,W,Y,2,0,1,2,A,-,11,21950,B,N,G,B,B,A,H,-,C,D,0,Y,,,,Y,,N,60,1,0,0,0,1,0,0,0,0,"- ","- ",,,STANISLAUS,MODESTO,-120.99385070800781,37.657390594482422
90522607,2017,2017-08-14,9465,2017-08-06,1150,019155,,7,1,9,5000,0,3,5,,2,010,"CHAIRTY WAY","JERUSALEM CT.",60.00,E,N,A,-,N,,,,,,,,,,N,2,0,1,2,A,-,09,21801,A,N,D,C,A,A,H,-,A,D,0,,,Y,,Y,,A,01,1,0,0,0,0,0,0,0,1,"- ","- ",37.71481,-121.00041,STANISLAUS,UNINCORPORATED,-121.00052257999999,37.714759999999998
90524222,2017,2017-08-16,9465,2017-08-04,0015,019152,,5,3,9,5000,0,2,4,,2,025,"CLAUS ROAD","RICE ROAD",426.00,N,N,A,-,N,,,,,,,,,,Y,2,0,2,2,A,-,09,21804,A,N,D,C,A,A,H,-,D,D,0,,,,,Y,,A,01,1,0,1,0,0,0,0,0,0,"- ","- ",37.69753,-120.92162,STANISLAUS,UNINCORPORATED,-120.92167972999999,37.697529830000001
90524953,2017,2017-08-16,9465,2017-08-08,1816,018274,,2,2,9,5000,0,3,5,,2,050,"PRUNE AVENUE","ELM AVENUE",2112.00,E,N,A,-,N,,,,,,,,,,Y,2,0,2,1,A,-,08,22107,,N,E,I,A,A,H,-,A,D,0,,,,,Y,,A,07,1,1,0,0,0,0,0,0,0,"- ","- ",37.446249999999999,-121.05761,STANISLAUS,UNINCORPORATED,-121.05873398,37.445752179999999
90526015,2017,2017-08-18,9465,2017-08-09,2130,020374,,3,2,9,5000,0,1,3,,2,015,"STATE ROUTE 219 (KIERNAN AVENUE)","CARVER ROAD",950.00,W,N,A,-,Y,,,219,,,,,,,N,2,0,1,2,A,-,17,21209,A,N,A,G,A,A,H,-,D,A,0,,Y,,,Y,,A,07,1,0,0,0,0,0,1,0,0,"- ","- ",37.711219999999997,-121.02556,STANISLAUS,UNINCORPORATED,-121.02555996,37.711213710000003
90527953,2017,2017-08-22,9465,2017-05-25,1425,019161,,4,2,9,5000,0,3,5,,2,030,"PAULSON ROAD","CENTER STREET",628.00,S,N,A,-,N,,,,,,,,,,Y,1,1,0,1,A,-,01,23152,A,N,E,I,A,A,H,-,A,D,0,,,,,Y,Y,D,22,0,0,0,0,0,0,0,0,0,"- ","- ",37.485489999999999,-120.83596,STANISLAUS,UNINCORPORATED,-120.83454542,37.483840989999997
90533989,2017,2017-08-25,9465,2017-08-18,0445,020599,,5,3,9,5000,0,1,3,,1,032,"STATE ROUTE 132","CRABTREE ROAD",610.00,W,N,A,-,Y,,,132,,,,,,,N,2,0,1,1,A,-,03,22350,,N,F,A,A,A,H,-,D,D,0,,,Y,,Y,,C,02,1,0,0,0,0,0,0,0,1,"- ","- ",37.643030000000003,-120.61413,STANISLAUS,UNINCORPORATED,-120.61415191,37.64303701
9053949,2020,2020-09-25,5007,2020-02-16,2016,5694,,7,5,5,5007,0,0,0,,0,002,"RT 99","LANDER AV",120.00,N,N,A,-,Y,STA,10,99,-,R,1.834,R,3,N,Y,2,0,1,1,A,-,03,22350,,N,-,A,A,A,H,-,C,A,0,,,,,Y,,A,01,1,0,0,0,0,0,0,0,0,"- ","- ",,,STANISLAUS,TURLOCK,-120.85209655761719,37.475212097167969
9053961,2020,2020-06-05,5007,2020-02-09,2129,5505,TURLO,7,5,5,5007,0,0,0,,0,001,"EAST MONTE VISTA AV","RADCLIFFE WY",37.00,E,N,A,-,N,,,,,,,,,,N,2,0,1,2,A,-,15,21201,A,N,G,G,A,A,H,-,D,D,0,,Y,,,Y,Y,L,04,1,0,0,0,0,0,1,0,0,"- ","- ",,,STANISLAUS,TURLOCK,-120.84241485595703,37.521888732910156
90541111,2017,2018-03-19,9465,2017-04-09,2500,017787,,7,4,9,5000,0,3,5,,2,020,"WELLSFORD ROAD","PARKER ROAD",802.00,N,N,A,-,N,,,,,,,,,,N,1,1,0,2,D,-,00,,,F,G,B,E,A,H,-,A,D,0,Y,,,,Y,,-,"- ",0,0,0,1,0,0,0,0,0,"- ","- ",37.669539999999998,-120.87549,STANISLAUS,UNINCORPORATED,-120.87547813,37.669712160000003
90542241,2017,2017-09-06,9465,2017-08-26,1630,019553,,6,2,9,5000,0,3,5,,2,010,"BECKWITH ROAD","NORTH HART ROAD",1584.00,E,N,A,-,N,,,,,,,,,,Y,2,0,3,1,A,-,01,23152,A,N,E,I,A,A,H,-,A,D,0,,,,,Y,Y,A,01,1,0,2,0,0,0,0,0,0,"- ","- ",37.681440000000002,-121.1173,STANISLAUS,UNINCORPORATED,-121.11734857,37.681502649999999
90543917,2017,2017-09-08,9465,2017-08-28,2055,021239,,1,2,9,5000,0,3,5,,2,030,"SANTA FE AVENUE","SOUTH AVENUE",1980.00,S,N,A,-,N,,,,,,,,,,N,2,0,1,2,A,-,08,22107,,N,G,B,E,A,H,-,D,D,0,Y,,,,Y,,A,01,1,0,0,0,1,0,0,0,0,"- ","- ",37.626370000000001,-120.90018000000001,STANISLAUS,UNINCORPORATED,-120.90001933000001,37.625793160000001
90544395,2017,2017-09-11,9465,2017-08-21,2350,020642,,1,3,9,5000,0,3,5,,2,040,"CROWS LANDING ROAD","BUTTE AVENUE",400.00,N,N,A,-,N,,,,,,,,,,N,2,0,1,2,A,-,11,21954,A,N,G,B,D,A,H,-,C,D,0,Y,,,,Y,,N,60,1,0,0,0,1,0,0,0,0,"- ","- ",37.606479999999998,-120.99381,STANISLAUS,UNINCORPORATED,-120.99356581000001,37.606838490000001
90545116,2017,2017-09-11,9465,2017-09-04,1145,020807,,1,1,9,5000,0,3,5,,2,030,"9TH STREET","HOSMER AVENUE",0.00,,Y,A,-,N,,,,,,,,,,N,2,0,1,2,A,-,09,21801,A,N,D,A,A,A,H,-,A,D,0,,,,,Y,,A,01,1,0,0,0,0,0,0,0,0,"- ","- ",37.62283,-120.98605000000001,STANISLAUS,UNINCORPORATED,-120.98610995,37.622819970000002
90547082,2017,2017-09-13,9465,2017-07-29,0230,020587,,6,3,9,5000,0,3,5,,2,030,"KEYES ROAD","SANTA FE AVENUE",80.00,W,N,A,-,N,,,,,,,,,,Y,1,2,0,2,A,-,01,23152,A,N,H,F,A,A,H,-,C,A,0,,,,,Y,,D,22,0,0,0,0,0,0,0,0,0,"- ","- ",37.55115,-120.82262,STANISLAUS,UNINCORPORATED,-120.82253593,37.551130000000001
90552315,2017,2017-09-20,9465,2017-09-09,1730,019517,,6,2,9,5000,0,1,1,,2,055,"INTERSTATE 5","INGRAM CREEK ROAD",5808.00,N,N,A,-,Y,,,5,,,,,,,Y,2,0,2,1,A,-,01,23152,A,N,F,A,A,A,H,-,A,D,0,,,,,Y,Y,A,01,1,1,0,0,0,0,0,0,0,"- ","- ",37.552149999999997,-121.28342000000001,STANISLAUS,UNINCORPORATED,-121.28349591,37.552051609999999
90554346,2017,2017-09-25,9465,2017-09-22,0820,013647,,5,1,9,5000,0,1,3,,2,041,"SR-99 (S/B) TO HATCH ROAD","HATCH ROAD",0.00,,Y,A,-,Y,,,99,,,,R,,,N,2,0,1,2,A,-,06,21755,,N,B,C,A,A,H,-,A,A,0,,,Y,,Y,,C,02,1,0,0,0,0,0,0,0,1,"- ","- ",37.609499999999997,-120.97750000000001,STANISLAUS,UNINCORPORATED,-120.97750000000001,37.609499999999997
9055512,2020,2020-10-16,5002,2020-02-11,1233,11531,,2,5,6,5002,0,0,0,,0,081,"RT 108-MCHENRY AV","EAST MORRIS AV",0.00,,Y,A,-,Y,STA,10,108,-,-,23.440,I,5,E,Y,2,0,1,2,A,-,09,21801,B,N,D,C,A,A,H,-,A,A,0,,,Y,,Y,,C,02,1,0,0,0,0,0,0,0,1,"- ","- ",,,STANISLAUS,MODESTO,-120.99387359619141,37.650970458984375
90563577,2017,2017-10-05,9465,2017-09-24,1734,021226,,7,2,9,5000,0,2,4,,2,042,"CROWS LANDING ROAD","KEYES ROAD",0.00,,Y,A,-,N,,,,,,,,,,Y,2,0,2,2,A,-,12,22450,A,N,D,C,A,A,H,-,A,A,0,,,Y,,Y,,-,"- ",1,1,0,0,0,0,0,0,2,"- ","- ",37.551279999999998,-120.99415,STANISLAUS,UNINCORPORATED,-120.99367993,37.551319999999997
90563587,2017,2017-10-05,9465,2017-09-22,2130,020374,,5,2,9,5000,0,3,5,,2,040,"7TH AVENUE","PECOS AVENUE",200.00,N,N,A,-,N,,,,,,,,,,N,2,0,1,2,A,-,08,22107,,F,G,B,E,A,H,-,D,D,0,Y,,,,Y,Y,A,01,1,0,0,0,1,0,0,0,0,"- ","- ",37.61683,-120.98674,STANISLAUS,UNINCORPORATED,-120.98523778000001,37.615533990000003
90566536,2017,2017-10-10,9465,2017-09-19,1710,021022,,2,2,9,5000,0,3,5,,2,030,"NORSEMAN DRIVE","GARST ROAD",600.00,N,N,A,-,N,,,,,,,,,,N,2,0,1,1,A,-,01,23152,A,N,E,I,A,A,H,-,A,D,0,,,,,Y,Y,A,01,1,0,0,0,0,0,0,0,0,"- ","- ",37.654600000000002,-120.91685,STANISLAUS,UNINCORPORATED,-120.916965,37.654435999999997
90567352,2017,2017-10-11,9465,2017-09-26,1041,021783,,2,1,6,5002,0,1,3,,2,011,"STATE ROUTE 99 (SOUTHBOUND)","BRIGGSMORE AVENUE",899.00,N,N,A,-,Y,,,99,,,,,,,Y,2,0,1,1,A,-,08,22107,,N,E,I,A,A,D,-,A,A,0,,,,,Y,,A,01,1,0,0,0,0,0,0,0,0,"- ","- ",37.667400000000001,-121.03422,STANISLAUS,MODESTO,-121.03425048,37.667332350000002
90569728,2017,2017-10-13,9465,2017-10-01,2350,021239,,7,3,4,5001,0,2,4,,2,042,"CROWS LANDING ROAD","KEYES ROAD",22.00,N,N,A,-,N,,,,,,,,,,Y,2,0,2,2,A,-,12,22450,A,N,D,C,A,A,H,-,C,A,0,,,,Y,Y,,-,"- ",2,0,0,0,0,0,0,0,0,"- ","- ",37.55133,-120.99366999999999,STANISLAUS,CERES,-120.99368,37.551380420000001
90571996,2017,2017-10-18,9465,2017-10-05,1405,018778,,4,2,9,5000,0,3,5,,2,050,"STUHR ROAD","EASTIN ROAD",0.00,,Y,A,-,N,,,,,,,,,,Y,2,0,2,2,A,-,09,21801,A,N,D,C,A,A,H,-,A,A,0,,,,Y,Y,,G,79,1,1,0,0,0,0,0,0,0,"- ","- ",37.333390000000001,-121.06748,STANISLAUS,UNINCORPORATED,-121.06747991,37.333350090000003
90573945,2017,2017-10-19,9465,2017-10-09,0830,019155,,1,1,9,5000,0,1,3,,2,023,"STATE ROUTE 108","LANCASTER ROAD",4752.00,E,N,A,-,Y,,,,,,,,,,Y,2,0,1,1,A,-,00,22017,,N,F,A,A,A,H,-,A,D,0,,,,,Y,,A,07,1,0,0,0,0,0,0,0,0,"- ","- ",37.792209999999997,-120.72541,STANISLAUS,UNINCORPORATED,-120.72520925000001,37.793233749999999
90574491,2017,2017-10-23,9465,2017-08-14,1201,013647,,1,1,9,5000,0,3,5,,2,040,"S. CENTRAL AVENUE","HILMAR ROAD",120.00,N,N,A,-,N,,,,,,,,,,Y,1,1,0,2,A,-,09,21801,A,N,F,A,A,A,H,-,A,A,0,,,Y,,Y,,M,46,0,0,0,0,0,0,0,1,0,"- ","- ",34.427100000000003,-120.9586,STANISLAUS,UNINCORPORATED,-120.95859511,37.427139529999998
90576639,2017,2017-10-23,9465,2017-10-10,0943,018274,,2,1,9,5000,0,1,3,,1,054,"STATE ROUTE 33","4TH STREET",262.00,N,N,A,-,Y,,,33,,,,,,,Y,2,0,8,2,A,-,09,21801,A,N,A,C,A,A,H,-,A,D,0,,,,,Y,,A,01,1,4,3,0,0,0,0,0,0,"- ","- ",37.395420000000001,-121.07349000000001,STANISLAUS,UNINCORPORATED,-121.07347993,37.395428109999997
90579147,2017,2017-10-26,9465,2017-10-14,0955,018998,,6,1,9,5000,0,3,5,,2,020,"MILTON ROAD","SAN JOAQUIN COUNTY LINE",2600.00,S,N,A,-,N,,,,,,,,,,N,2,0,1,1,D,-,00,,,N,F,A,A,A,H,-,A,D,0,,Y,,,Y,,-,"- ",1,0,0,0,0,0,1,0,0,"- ","- ",38.002510000000001,-120.85056,STANISLAUS,UNINCORPORATED,,
90587943,2017,2017-11-06,9465,2017-10-21,1115,018998,,6,1,9,5000,0,1,3,,2,041,"STATE ROUTE 99 (NORTHBOUND)","CROWS LANDING ROAD",2100.00,S,N,A,-,Y,,,99,,,,,,,Y,2,0,2,1,A,-,03,22350,,N,F,A,A,A,H,-,A,D,0,,,Y,,Y,,C,02,1,1,0,0,0,0,0,0,2,"- ","- ",37.616680000000002,-120.98488,STANISLAUS,UNINCORPORATED,-120.98487095999999,37.61674412
90587985,2017,2017-11-06,9465,2017-10-23,0745,018382,,1,1,9,5000,0,2,4,,2,034,"GEER RD","SR-132 (YOSEMITE BLVD)",30.00,S,N,A,-,N,,,,,,,,,,N,2,0,1,2,A,-,11,21950,B,N,G,B,B,A,H,-,A,D,0,Y,,,,Y,,N,60,1,0,0,0,1,0,0,0,0,"- ","- ",37.638649999999998,-120.84774,STANISLAUS,UNINCORPORATED,-120.847697,37.638641999999997
90591294,2017,2017-11-09,9465,2017-11-02,0127,020952,,4,3,9,5000,0,3,5,,2,040,"KEYES ROAD","JESSUP ROAD",528.00,E,N,A,-,N,,,,,,,,,,Y,2,0,2,2,A,-,05,21460,A,N,A,C,A,A,H,-,D,D,0,,,,Y,Y,,A,01,1,0,1,0,0,0,0,0,0,"- ","- ",37.55021,-120.9177,STANISLAUS,UNINCORPORATED,-120.91768413,37.550231840000002
90592993,2017,2017-11-13,9465,2017-11-07,1735,020260,,2,2,9,5000,0,1,3,,2,011,"STATE ROUTE 99 (NORTHBOUND)","KIERNAN AVENUE",1635.00,N,N,A,-,Y,,,99,,,,,,,Y,2,0,2,3,A,-,03,22350,,N,C,C,A,A,H,-,D,D,0,,,,,Y,,A,01,1,0,1,0,0,0,0,0,0,"- ","- ",37.71181,-121.08562999999999,STANISLAUS,UNINCORPORATED,-121.08561379,37.711842580000003
90595673,2017,2017-11-16,9465,2017-11-04,1605,021226,,6,2,9,5000,0,3,5,,2,030,"HAWKINS ROAD","LAKE ROAD",3696.00,S,N,B,-,N,,,,,,,,,,Y,2,0,1,1,A,-,01,23152,A,N,E,I,A,A,H,-,A,D,0,,,,,Y,Y,A,01,1,0,0,0,0,0,0,0,0,"- ","- ",37.605400000000003,-120.64569,STANISLAUS,UNINCORPORATED,-120.64566992,37.60511133
90595677,2017,2017-11-16,9465,2017-10-07,1609,020190,,6,2,9,5000,0,3,5,,2,020,"TERMINAL AVENUE","CLAUS ROAD",2165.00,N,N,A,-,N,,,,,,,,,,Y,1,1,2,2,A,-,01,23152,A,N,A,C,A,A,H,-,A,D,0,,,,,Y,Y,A,01,2,0,0,0,0,0,0,0,0,"- ","- ",37.698320000000002,-120.92408,STANISLAUS,UNINCORPORATED,-120.92390284,37.697891540000001
90596092,2017,2017-11-16,9465,2017-09-01,0538,014588,,5,3,9,5000,0,3,5,,2,050,"MCCRACKEN ROAD","GAFFERY ROAD",0.00,,Y,A,-,N,,,,,,,,,,Y,1,1,6,2,A,-,12,22450,A,N,A,C,A,A,H,-,D,A,0,,,,,Y,,A,07,0,6,0,0,0,0,0,0,0,"- ","- ",37.59496,-121.26913,STANISLAUS,UNINCORPORATED,-121.26920989,37.594739910000001
90596199,2017,2017-11-16,9465,2017-11-11,0903,16320,,6,1,6,5002,0,1,3,,2,011,"STATE ROUTE 99 (NORTHBOUND)","PELANDALE AVENUE",3960.00,S,N,A,-,Y,,,99,,,,,,,Y,2,0,2,1,A,-,08,22107,,N,E,I,A,A,H,-,A,D,0,,,,,Y,,A,01,1,0,1,0,0,0,0,0,0,"- ","- ",37.690649999999998,-121.06246,STANISLAUS,MODESTO,-121.06254976,37.690540839999997
90606537,2017,2017-11-30,9465,2017-11-09,0520,021235,,4,3,5,5007,0,3,5,,2,030,"GOLDEN STATE BLVD (1600 BLOCK)","LINWOOD AVENUE",0.00,,N,A,C,N,,,,,,,,,,Y,2,0,3,4,A,-,03,22350,,N,G,B,E,B,H,-,D,D,0,Y,,,,Y,,A,01,2,0,1,0,2,0,0,0,0,"- ","- ",37.47822,-120.82884,STANISLAUS,TURLOCK,,
90625007,2017,2019-03-08,9465,2017-11-06,1115,019155,,1,1,9,5000,0,3,5,,2,010,"DONALD STREET","HANCOCK STREET",0.00,,Y,A,-,N,,,,,,,,,,Y,2,0,2,2,A,-,12,22450,A,F,D,C,A,A,H,-,A,D,0,,,,,Y,,A,01,1,0,1,0,0,0,0,0,0,"- ","- ",37.611710000000002,-121.02091,STANISLAUS,UNINCORPORATED,-121.02089997,37.611719960000002
90630682,2017,2018-01-02,9465,2017-10-26,1658,020190,,4,2,4,5001,0,1,3,,2,041,"STATE ROUTE 99 (NORTHBOUND)","HATCH ROAD",2429.00,S,N,A,-,Y,,,99,,,,,,,Y,1,1,0,1,A,-,08,22107,,N,F,A,A,A,H,-,A,D,0,,,Y,,Y,,C,02,0,0,0,0,0,0,0,1,0,"- ","- ",37.604219999999998,-120.9713,STANISLAUS,CERES,-120.97123774000001,37.60429105
90632638,2017,2018-01-04,9465,2017-12-21,0200,019152,,4,3,9,5000,0,1,1,,2,055,"INTERSTATE 5 (SOUTHBOUND)","STUHR ROAD",1200.00,S,N,A,-,Y,,,5,,,,,,,Y,2,0,1,2,A,-,01,23152,A,N,C,C,A,A,H,-,D,D,0,,,,Y,Y,Y,A,07,1,0,0,0,0,0,0,0,0,"- ","- ",37.320720000000001,-121.10872999999999,STANISLAUS,UNINCORPORATED,-121.10862117000001,37.320756760000002
90633306,2017,2018-01-04,9465,2017-11-12,1435,019713,,7,2,9,5000,0,1,1,,2,056,"INTERSTATE 5","ORESTIMBA ROAD (U/C)",3696.00,S,N,A,-,Y,,,5,,,,,,,Y,1,1,3,7,A,-,03,22350,,N,C,C,A,A,H,-,A,D,0,,,,,Y,,D,22,0,3,0,0,0,0,0,0,0,"- ","- ",37.307980000000001,-121.10458,STANISLAUS,UNINCORPORATED,-121.10460653,37.307973789999998
90633843,2017,2018-01-05,9465,2017-12-24,1745,021226,,7,2,9,5000,0,3,5,,2,050,"RIVER ROAD","AZEVEDO ROAD",2640.00,N,N,A,-,N,,,,,,,,,,Y,2,0,1,1,A,-,01,23152,A,N,E,I,A,A,H,-,D,D,0,,,,,Y,Y,D,22,1,0,0,0,0,0,0,0,0,"- ","- ",37.368490000000001,-120.99093000000001,STANISLAUS,UNINCORPORATED,-120.99014008,37.367224469999996
90638797,2018,2018-01-12,9465,2018-01-06,1720,020663,,6,2,9,5000,0,3,5,,2,040,"CENTRAL AVENUE","WEST MAIN STREET",403.00,N,N,A,-,N,,,,,,,,,,Y,2,0,2,1,A,-,01,23152,A,N,E,I,A,A,H,-,D,D,0,,,,,Y,Y,D,22,2,0,0,0,0,0,0,0,0,"- ","- ",37.464000701904297,-120.95839691162109,STANISLAUS,UNINCORPORATED,-120.95845031738281,37.493934631347656
9064746,2020,2020-05-19,5005,2020-02-21,1649,S03076,PATTE,5,5,3,5005,0,0,0,,0,,"EAST LAS PALMAS AV","HARTLEY ST",75.00,W,N,A,-,N,,,,,,,,,,Y,2,0,1,1,A,-,03,22350,,N,E,I,A,A,H,-,A,A,0,,,,,Y,Y,A,01,1,0,0,0,0,0,0,0,0,"- ","- ",,,STANISLAUS,PATTERSON,-121.12180328369141,37.475379943847656
90650065,2018,2018-01-29,9465,2018-01-20,0158,020599,,6,3,9,5000,0,3,5,,2,030,"FINCH ROAD","GARNER ROAD",1584.00,W,N,A,-,N,,,,,,,,,,Y,2,0,1,2,A,-,01,23152,A,N,A,E,A,A,H,-,C,D,0,,,,,Y,Y,A,07,1,0,0,0,0,0,0,0,0,"- ","- ",37.625118255615234,-120.91594696044922,STANISLAUS,UNINCORPORATED,-120.92832946777344,37.624717712402344
90653786,2018,2018-02-02,9465,2018-01-25,1523,021226,,4,2,9,5000,0,3,5,,2,010,"OAKDALE ROAD","CLARATINA AVENUE",1584.00,N,N,B,-,N,,,,,,,,,,Y,2,0,1,2,A,-,01,23152,A,N,C,C,A,B,H,-,A,D,0,,,,,Y,Y,A,01,1,0,0,0,0,0,0,0,0,"- ","- ",37.704841613769531,-120.95828247070312,STANISLAUS,UNINCORPORATED,-120.95823669433594,37.704170227050781
90660103,2018,2018-02-13,9465,2018-02-08,1503,018767,,4,2,9,5000,0,1,3,,2,021,"STATE ROUTE 120","RIVER ROAD",60.00,N,N,A,-,Y,,,120,,,,,,,Y,2,0,1,2,A,-,01,23152,F,N,A,C,A,A,H,-,A,D,0,,,,,Y,,A,07,1,0,0,0,0,0,0,0,0,"- ","- ",37.784320831298828,-120.85871887207031,STANISLAUS,UNINCORPORATED,-120.85871124267578,37.784332275390625
90660695,2018,2018-02-13,9465,2018-01-25,1820,019161,,4,2,9,5000,0,3,5,,2,040,"ATLANTIC DRIVE","MIDWAY AVENUE",0.00,,Y,A,-,N,,,,,,,,,,Y,2,0,4,3,A,-,03,22350,,N,C,C,A,A,H,-,C,D,0,,,,,Y,,A,08,1,2,1,0,0,0,0,0,0,"- ","- ",37.608318328857422,-120.97846221923828,STANISLAUS,UNINCORPORATED,-120.97850799560547,37.608371734619141
90661311,2017,2018-02-14,9465,2017-11-22,0353,020486,,3,3,9,5000,0,1,3,,2,052,"SR-132 WESTBOUND","KASSON ROAD",587.00,E,N,A,-,Y,,,132,,,,,,W,Y,1,1,0,1,A,-,01,23152,F,N,E,I,A,A,H,-,C,A,0,,,,,Y,,A,01,0,0,0,0,0,0,0,0,0,"- ","- ",37.63984,-121.24675999999999,STANISLAUS,UNINCORPORATED,-121.24675405000001,37.63974863
9066950,2020,2020-05-20,5002,2020-02-12,1356,11413,054,3,5,6,5002,0,0,0,,0,083,"SYLVAN AV","BRIDGEFORD LN",280.00,W,N,A,-,N,,,,,,,,,,Y,2,0,1,3,A,-,04,21703,,N,C,-,A,A,H,-,A,A,0,,,,,Y,,-,,1,0,0,0,0,0,0,0,0,"- ","- ",,,STANISLAUS,MODESTO,-120.99234771728516,37.689090728759766
90680738,2018,2018-03-13,9465,2018-03-04,2100,020486,,7,2,9,5000,0,1,3,,2,041,"STATE ROUTE 99 (SOUTHBOUND)","W CANAL DRIVE",229.00,N,N,A,-,Y,,,99,,,,,,,Y,2,0,1,1,A,-,13,22515,A,N,G,B,A,A,H,-,D,D,0,,,,,Y,,A,08,1,0,0,0,0,0,0,0,0,"- ","- ",37.500480651855469,-120.87444305419922,STANISLAUS,UNINCORPORATED,-120.87435913085938,37.500522613525391
90682592,2018,2018-03-15,9465,2018-02-28,2300,020190,,3,3,9,5000,0,3,5,,2,010,"3424 HAMMETT ROAD","BECKWITH ROAD",2300.00,N,N,B,-,N,,,,,,,,,,Y,2,0,1,1,A,-,01,23152,A,N,E,I,A,A,H,-,D,D,0,,,,,Y,Y,D,22,1,0,0,0,0,0,0,0,0,"- ","- ",37.688201904296875,-121.10456085205078,STANISLAUS,UNINCORPORATED,-121.10462188720703,37.688056945800781
90684765,2018,2018-03-19,9465,2018-03-08,0023,020985,,4,3,9,5000,0,3,5,,2,030,"RIVERSIDE DRIVE","MITCHELL ROAD",0.00,,Y,A,-,N,,,,,,,,,,Y,2,0,1,1,A,-,01,23152,A,N,E,I,A,A,H,-,C,A,0,,,,,Y,Y,A,01,1,0,0,0,0,0,0,0,0,"- ","- ",37.625541687011719,-120.94812774658203,STANISLAUS,UNINCORPORATED,-120.94815063476562,37.625659942626953
90699116,2018,2018-04-05,9465,2018-03-24,2019,020457,,6,2,9,5000,0,3,5,,2,020,"STEARNS ROAD","TWILDO ROAD",43.00,N,N,A,-,N,,,,,,,,,,Y,2,0,1,1,A,-,03,22350,,N,E,I,A,A,H,-,D,D,0,,,Y,,Y,Y,C,02,1,0,0,0,0,0,0,0,1,"- ","- ",37.773769378662109,-120.81771850585938,STANISLAUS,UNINCORPORATED,-120.81776428222656,37.773666381835938
90706449,2018,2018-04-16,9465,2018-04-08,0930,019730,,7,1,9,5000,0,3,5,,2,020,"SONORA ROAD","ELLEN STREET",0.00,,Y,A,-,N,,,,,,,,,,N,2,0,1,1,A,-,03,22350,,N,F,A,A,A,H,-,A,D,0,,Y,,,Y,,L,04,1,0,0,0,0,0,1,0,0,"- ","- ",37.818771362304688,-120.67302703857422,STANISLAUS,UNINCORPORATED,-120.67314910888672,37.818809509277344
90708449,2018,2018-04-18,9465,2018-04-14,2301,020642,,6,3,9,5000,0,1,1,,2,056,"INTERSTATE 5 NB","DAVIS ROAD",2640.00,S,N,A,-,Y,,,5,,,,,,N,Y,2,0,5,3,A,-,01,23152,A,N,B,C,A,A,H,-,D,D,0,,,,,Y,Y,A,01,1,1,3,0,0,0,0,0,0,"- ","- ",37.367298126220703,-121.12339019775391,STANISLAUS,UNINCORPORATED,-121.12344360351562,37.367282867431641
90708746,2018,2018-04-19,9465,2018-02-03,0230,020374,,6,3,9,5000,0,1,3,,2,011,"STATE ROUTE 99 (NORTHBOUND)","HAMMETT ROAD",1730.00,S,N,A,-,Y,,,99,,,,,,,Y,2,0,1,1,A,-,08,22107,,N,F,A,A,A,H,-,D,D,0,,,,,Y,,A,07,1,0,0,0,0,0,0,0,0,"- ","- ",37.722679138183594,-121.10043334960938,STANISLAUS,UNINCORPORATED,-121.10037231445312,37.722724914550781