CASE_ID,ACCIDENT_YEAR,PROC_DATE,JURIS,COLLISION_DATE,COLLISION_TIME,OFFICER_ID,REPORTING_DISTRICT,DAY_OF_WEEK,CHP_SHIFT,POPULATION,CNTY_CITY_LOC,SPECIAL_COND,BEAT_TYPE,CHP_BEAT_TYPE,CITY_DIVISION_LAPD,CHP_BEAT_CLASS,BEAT_NUMBER,PRIMARY_RD,SECONDARY_RD,DISTANCE,DIRECTION,INTERSECTION,WEATHER_1,WEATHER_2,STATE_HWY_IND,CALTRANS_COUNTY,CALTRANS_DISTRICT,STATE_ROUTE,ROUTE_SUFFIX,POSTMILE_PREFIX,POSTMILE,LOCATION_TYPE,RAMP_INTERSECTION,SIDE_OF_HWY,TOW_AWAY,COLLISION_SEVERITY,NUMBER_KILLED,NUMBER_INJURED,PARTY_COUNT,PRIMARY_COLL_FACTOR,PCF_CODE_OF_VIOL,PCF_VIOL_CATEGORY,PCF_VIOLATION,PCF_VIOL_SUBSECTION,HIT_AND_RUN,TYPE_OF_COLLISION,MVIW,PED_ACTION,ROAD_SURFACE,ROAD_COND_1,ROAD_COND_2,LIGHTING,CONTROL_DEVICE,CHP_ROAD_TYPE,PEDESTRIAN_ACCIDENT,BICYCLE_ACCIDENT,MOTORCYCLE_ACCIDENT,TRUCK_ACCIDENT,NOT_PRIVATE_PROPERTY,ALCOHOL_INVOLVED,STWD_VEHTYPE_AT_FAULT,CHP_VEHTYPE_AT_FAULT,COUNT_SEVERE_INJ,COUNT_VISIBLE_INJ,COUNT_COMPLAINT_PAIN,COUNT_PED_KILLED,COUNT_PED_INJURED,COUNT_BICYCLIST_KILLED,COUNT_BICYCLIST_INJURED,COUNT_MC_KILLED,COUNT_MC_INJURED,PRIMARY_RAMP,SECONDARY_RAMP,LATITUDE,LONGITUDE,COUNTY,CITY,POINT_X,POINT_Y
90709473,2018,2018-04-20,9465,2018-03-26,2200,017167,,1,3,9,5000,0,3,5,,2,020,"ELLENWOOD ROAD","CLARIBEL ROAD",10930.00,S,N,A,-,N,,,,,,,,,,Y,1,1,0,1,A,-,01,23152,A,N,E,I,A,A,H,-,D,D,0,,,,,Y,Y,A,01,0,0,0,0,0,0,0,0,0,"- ","- ",37.680931091308594,-120.77454376220703,STANISLAUS,UNINCORPORATED,-120.7744140625,37.68096923828125
90711330,2018,2018-04-23,9465,2018-04-22,1450,019553,,7,2,9,5000,0,3,5,,2,020,"ORANGE BLOSSOM ROAD","GRAPE ARBOR ROAD",3700.00,W,N,A,-,N,,,,,,,,,,Y,2,0,1,1,A,-,08,22107,,N,E,I,A,A,H,-,A,D,0,,,Y,,Y,,C,02,1,0,0,0,0,0,0,0,1,"- ","- ",37.823860168457031,-120.70314025878906,STANISLAUS,UNINCORPORATED,-120.70310211181641,37.823837280273438
90712029,2018,2018-04-24,9465,2018-04-15,1648,021235,,7,2,9,5000,0,3,5,,2,030,"FINCH ROAD","MCCLURE ROAD",623.00,E,N,A,-,N,,,,,,,,,,Y,2,0,1,1,A,-,01,23152,A,N,E,I,A,A,H,-,A,D,0,,,,,Y,Y,D,22,1,0,0,0,0,0,0,0,0,"- ","- ",37.625011444091797,-120.92739868164062,STANISLAUS,UNINCORPORATED,-120.92770385742188,37.624935150146484
90713038,2018,2018-05-03,9465,2018-02-22,2010,021062,,4,2,9,5000,0,3,5,,2,040,"WHITMORE AVENUE","CARPENTER ROAD",1750.00,W,N,B,-,N,,,,,,,,,,Y,1,1,4,3,A,-,11,21956,,N,G,B,E,A,H,-,D,D,0,Y,,,,Y,,N,60,0,1,3,1,0,0,0,0,0,"- ","- ",37.595020294189453,-121.03759765625,STANISLAUS,UNINCORPORATED,-121.03633117675781,37.595058441162109
90719017,2018,2018-05-03,9465,2018-04-29,1835,019553,,7,2,9,5000,0,1,3,,1,032,"STATE ROUTE 132","LA GRANGE ROAD",4200.00,W,N,A,-,Y,,,132,,,,,,,Y,2,0,1,1,A,-,08,22107,,N,E,I,A,A,H,-,A,D,0,,,,,Y,,A,01,1,0,0,0,0,0,0,0,0,"- ","- ",37.659530639648438,-120.48484802246094,STANISLAUS,UNINCORPORATED,-120.48483276367188,37.659526824951172
90725458,2018,2018-08-29,9465,2018-05-04,0640,019517,,5,1,9,5000,0,3,5,,2,040,"SHILOH ROAD","DOS RIOS LANE",1056.00,N,N,A,-,N,,,,,,,,,,Y,2,0,1,1,A,-,08,22107,,N,F,A,A,A,H,-,A,D,0,,,,,Y,,A,01,1,0,0,0,0,0,0,0,0,"- ","- ",37.575698852539062,-121.14041900634766,STANISLAUS,UNINCORPORATED,-121.14034271240234,37.576179504394531
90730319,2018,2018-05-21,9465,2018-05-11,1712,020874,,5,2,9,5000,0,1,3,,2,012,"STATE ROUTE 132","STONE AVENUE",20.00,E,N,A,-,Y,,,132,,,,,,,Y,2,0,3,3,A,-,03,22350,,N,C,C,A,A,H,-,A,D,0,,,,,Y,,A,01,1,1,1,0,0,0,0,0,0,"- ","- ",37.638191223144531,-121.08585357666016,STANISLAUS,UNINCORPORATED,-121.08584594726562,37.638130187988281
90739021,2018,2018-06-01,9465,2018-05-21,2125,020374,,1,2,9,5000,0,2,4,,2,044,"CARPENTER ROAD","MONTE VISTA AVENUE",1079.00,N,N,A,-,N,,,,,,,,,,Y,2,0,3,2,A,-,08,22107,,N,C,C,A,A,H,-,D,D,0,,,,,Y,Y,A,01,1,0,2,0,0,0,0,0,0,"- ","- ",37.525459289550781,-121.03079986572266,STANISLAUS,UNINCORPORATED,-121.03080749511719,37.525371551513672
90741726,2018,2018-06-05,9465,2018-05-25,1313,014588,,5,1,9,5000,0,1,1,,2,056,"INTERSTATE 5 (NORTHBOUND)","SHIELLS ROAD",2112.00,S,N,B,-,Y,,,5,,,,,,,Y,2,0,1,2,A,-,03,22350,,N,C,C,A,A,H,-,A,D,0,,,,,Y,,A,01,1,0,0,0,0,0,0,0,0,"- ","- ",37.295650482177734,-121.10150146484375,STANISLAUS,UNINCORPORATED,-121.10140991210938,37.295673370361328
90742961,2018,2018-06-07,9465,2018-05-26,0835,019155,,6,1,9,5000,0,1,3,,2,015,"STATE ROUTE 219 (KIERNAN AVENUE)","CARVER ROAD",40.00,W,N,A,-,Y,,,219,,,,,,,Y,2,0,1,1,A,-,08,22107,,N,F,I,A,A,H,-,A,A,0,,,,,Y,,A,01,1,0,0,0,0,0,0,0,0,"- ","- ",37.711101531982422,-121.02243041992188,STANISLAUS,UNINCORPORATED,-121.02243041992188,37.711235046386719
90744404,2018,2018-06-08,9465,2018-06-01,1603,020663,,5,2,9,5000,0,1,3,,2,041,"STATE ROUTE 99 (SOUTHBOUND)","FAITH HOME ROAD",500.00,S,N,A,-,Y,,,99,,,,,,,Y,2,0,1,1,A,-,08,22107,,N,E,I,A,A,H,-,A,D,0,,,,,Y,,D,22,1,0,0,0,0,0,0,0,0,"- ","- ",37.557708740234375,-120.91770172119141,STANISLAUS,UNINCORPORATED,-120.91782379150391,37.557575225830078
90745035,2018,2018-06-11,9465,2018-06-01,1502,021320,,5,2,9,5000,0,1,3,,2,012,"SR-132 E/B","FAUST ROAD",550.00,E,N,A,-,Y,,,132,,,,,,E,Y,2,0,1,2,A,-,03,22350,,N,C,C,A,A,H,-,A,A,0,,,,,Y,,A,07,1,0,0,0,0,0,0,0,0,"- ","- ",37.637821197509766,-121.13421630859375,STANISLAUS,UNINCORPORATED,-121.13421630859375,37.637840270996094
90752365,2018,2018-06-20,9465,2018-06-09,1115,021136,,6,1,9,5000,0,1,3,,2,012,SR-132,"GATES ROAD",1320.00,E,N,A,-,Y,,,132,,,,,,,Y,2,0,1,2,A,-,09,21804,A,N,D,C,A,A,H,-,A,D,0,,,Y,,Y,,A,01,1,0,0,0,0,0,0,0,1,"- ","- ",37.637378692626953,-121.154296875,STANISLAUS,UNINCORPORATED,-121.154296875,37.637825012207031
90753154,2018,2018-06-21,9465,2018-05-03,0948,018059,,4,1,9,5000,0,3,5,,2,040,"MITCHELL ROAD","MONTE VISTA AVENUE",0.00,,Y,A,-,N,,,,,,,,,,Y,1,1,2,3,A,-,09,21802,A,N,D,C,A,A,H,-,A,A,0,,,,Y,Y,,A,01,0,2,0,0,0,0,0,0,0,"- ","- ",37.5218505859375,-120.94068145751953,STANISLAUS,UNINCORPORATED,-120.94062042236328,37.521820068359375
9075436,2020,2020-06-23,5002,2020-03-05,1449,13157,174,4,5,6,5002,0,0,0,,0,061,"KANSAS AV","CARPENTER RD",142.00,E,N,A,-,N,,,,,,,,,,Y,2,0,1,2,A,-,09,21804,A,N,D,C,A,A,H,-,A,A,0,,,Y,,Y,,A,01,1,0,0,0,0,0,0,0,1,"- ","- ",,,STANISLAUS,MODESTO,-121.02980804443359,37.645992279052734
9075485,2020,2020-06-24,5002,2020-03-11,1955,11773,M161,3,5,6,5002,0,0,0,,0,061,"WEST ORANGEBURG AV","EVERGREEN AV",282.00,S,N,A,-,N,,,,,,,,,,N,2,0,1,2,A,-,11,21954,A,N,G,B,D,A,H,-,D,D,0,Y,,,,Y,,N,60,1,0,0,0,1,0,0,0,0,"- ","- ",,,STANISLAUS,MODESTO,-121.03007507324219,37.666736602783203
90761525,2018,2018-07-03,9465,2018-06-27,0045,021062,,3,3,9,5000,0,2,4,,2,042,"CROWS LANDING ROAD","HATCH RD",0.00,,Y,A,-,N,,,,,,,,,,Y,2,0,1,2,A,-,09,21801,A,N,A,C,A,A,H,-,C,A,0,,,,Y,Y,,G,25,1,0,0,0,0,0,0,0,0,"- ","- ",37.609420776367188,-120.99362182617188,STANISLAUS,UNINCORPORATED,-120.99365997314453,37.609470367431641
90766847,2018,2018-07-11,9465,2018-06-03,0650,021321,,7,1,9,5000,0,2,4,,2,058,"E LAS PALMAS AVENUE","ELM AVENUE",870.00,W,N,A,-,N,,,,,,,,,,Y,1,1,0,1,A,-,01,23152,F,N,E,I,A,A,H,-,B,D,0,,,,,Y,,A,01,0,0,0,0,0,0,0,0,0,"- ","- ",37.485710144042969,-121.09918975830078,STANISLAUS,UNINCORPORATED,-121.09941864013672,37.485668182373047
90767031,2018,2018-07-11,9465,2018-07-03,1810,018292,,2,2,9,5000,0,1,3,,2,041,"STATE ROUTE 99 (NORTHBOUND)","TUOLUMNE BLVD",1056.00,S,N,A,-,Y,,,99,,,,,,,Y,2,0,1,2,A,-,08,22107,,N,E,I,A,A,H,-,A,D,0,,,Y,,Y,,C,02,1,0,0,0,0,0,0,0,1,"- ","- ",37.625068664550781,-120.99622344970703,STANISLAUS,UNINCORPORATED,-120.99622344970703,37.625068664550781
90767376,2018,2018-07-11,9465,2018-07-05,1345,020395,,4,1,9,5000,0,1,3,,2,011,"STATE ROUTE 99 (NORTHBOUND)","BRIGGSMORE AVENUE",2640.00,S,N,B,-,Y,,,99,,,,,,,Y,2,0,1,4,A,-,01,23152,A,F,B,C,A,A,H,-,A,D,0,,,,,Y,Y,A,07,1,0,0,0,0,0,0,0,0,"- ","- ",37.662189483642578,-121.02654266357422,STANISLAUS,UNINCORPORATED,-121.02648162841797,37.662227630615234
90771218,2018,2018-07-17,9465,2018-06-21,1755,021066,,4,2,9,5000,0,1,1,,2,056,"I-5 (N/B)","CALIFORNIA AQUEDUCT",350.00,S,N,A,-,Y,,,5,,,,,,,Y,1,1,1,2,A,-,08,22107,,N,B,C,A,A,H,-,A,D,0,,,,Y,Y,,A,07,0,1,0,0,0,0,0,0,0,"- ","- ",37.338329315185547,-121.11399078369141,STANISLAUS,UNINCORPORATED,-121.11393737792969,37.338344573974609
90775999,2018,2018-07-25,9465,2018-07-04,2334,020952,,3,3,9,5000,0,3,5,,2,040,"CENTRAL AVENUE","TAYLOR ROAD",480.00,N,N,A,-,N,,,,,,,,,,Y,1,1,0,1,A,-,01,23152,A,N,E,J,A,A,H,-,D,D,0,,,,,Y,Y,A,01,0,0,0,0,0,0,0,0,0,"- ","- ",37.538070678710938,-120.95680999755859,STANISLAUS,UNINCORPORATED,-120.95792388916016,37.534275054931641
90777291,2018,2018-07-26,9465,2018-07-20,1550,020985,,5,2,9,5000,0,1,3,,2,012,"STATE ROUTE 132","FAUST ROAD",975.00,E,N,A,-,Y,,,132,,,,,,,Y,2,0,3,2,A,-,03,22350,,N,C,C,A,A,H,-,A,D,0,,,,,Y,,A,01,1,0,2,0,0,0,0,0,0,"- ","- ",37.637821197509766,-121.1324462890625,STANISLAUS,UNINCORPORATED,-121.13245391845703,37.637847900390625
90779298,2017,2018-08-09,9465,2017-05-13,0818,018410,,6,1,9,5000,0,2,4,,2,042,"CROWS LANDING ROAD","SOUTH SEVENTH STREET",569.00,S,N,A,-,N,,,,,,,,,,Y,1,2,0,1,C,-,18,,,N,E,I,A,A,H,-,A,D,0,,,,,Y,,-,"- ",0,0,0,0,0,0,0,0,0,"- ","- ",37.62359,-120.99362000000001,STANISLAUS,UNINCORPORATED,-120.99356524,37.62321567
90780037,2018,2018-08-24,9465,2018-07-16,0005,021066,,1,3,9,5000,0,3,5,,2,020,"ORANGE BLOSSOM ROAD","HONOLULU BAR RECREATION AREA",82.00,N,N,A,-,N,,,,,,,,,,Y,2,0,1,1,A,-,01,23152,A,F,E,I,A,A,H,-,D,D,0,,,,,Y,Y,A,01,1,0,0,0,0,0,0,0,0,"- ","- ",37.800308227539062,-120.72714233398438,STANISLAUS,UNINCORPORATED,,
90787674,2018,2018-10-16,9465,2018-06-08,1440,021636,,5,2,6,5002,0,1,3,,2,011,"STATE ROUTE 99 NORTHBOUND","WOODLAND AVENUE",1056.00,N,N,A,-,Y,,,99,,,,,,N,Y,1,1,0,2,C,-,18,,,N,C,C,A,A,H,-,A,D,0,,,Y,,Y,,-,"- ",0,0,0,0,0,0,0,1,0,"- ","- ",37.655559539794922,-121.02584075927734,STANISLAUS,MODESTO,-121.02583312988281,37.655559539794922
9079554,2020,2020-06-22,5002,2020-03-14,2023,755,B304,6,5,6,5002,0,0,0,,0,003,"MITCHELL RD","NICHOLAS WY",102.00,N,N,C,-,N,,,,,,,,,,Y,2,0,1,3,A,-,01,23152,A,N,E,I,A,B,H,-,C,D,0,,,,,Y,Y,A,01,1,0,0,0,0,0,0,0,0,"- ","- ",37.612419128417969,-120.93905639648438,STANISLAUS,MODESTO,-120.93873596191406,37.612468719482422
90806354,2018,2018-09-05,9465,2018-08-23,1819,021320,,4,2,9,5000,0,3,5,,2,040,"CARPENTER ROAD","REDWOOD ROAD",350.00,N,N,A,-,N,,,,,,,,,,Y,2,0,1,2,C,-,18,,,N,H,J,A,A,H,-,A,D,0,,,,,Y,,-,"- ",1,0,0,0,0,0,0,0,0,"- ","- ",37.574428558349609,-121.03021240234375,STANISLAUS,UNINCORPORATED,-121.03020477294922,37.574302673339844
90814271,2018,2018-09-17,9465,2018-08-29,0835,018222,,3,1,9,5000,0,1,1,,2,055,"INTERSTATE 5 (SOUTHBOUND)","KHALSA RD",10.00,N,N,A,-,Y,,,5,,,,,,,Y,2,0,3,1,A,-,08,22107,,N,E,I,A,A,H,-,A,D,0,,,,,Y,,A,01,1,1,1,0,0,0,0,0,0,"- ","- ",37.565620422363281,-121.3011474609375,STANISLAUS,UNINCORPORATED,-121.30110168457031,37.565685272216797
90815558,2018,2018-09-18,9465,2018-09-04,2210,021062,,2,3,9,5000,0,3,5,,2,040,"CENTRAL AVENUE","SIMMONS ROAD",1521.00,N,N,B,-,N,,,,,,,,,,Y,2,0,1,1,A,-,01,23152,A,N,E,I,A,A,H,-,D,D,0,,,,,Y,,A,01,1,0,0,0,0,0,0,0,0,"- ","- ",37.474208831787109,-120.95816802978516,STANISLAUS,UNINCORPORATED,-120.95819091796875,37.475185394287109
90816437,2018,2018-09-19,9465,2018-09-09,2058,021226,,7,2,6,5002,0,1,3,,2,011,"STATE ROUTE 99 (SOUTHBOUND)","CARPENTER ROAD",1200.00,N,N,A,-,Y,,,99,,,,,,,Y,2,0,1,1,A,-,08,22107,,N,E,I,A,A,H,-,C,D,0,,,,,Y,,A,07,1,0,0,0,0,0,0,0,0,"- ","- ",37.667301177978516,-121.03420257568359,STANISLAUS,MODESTO,-121.03419494628906,37.667308807373047
90817300,2018,2018-11-19,9465,2018-06-15,1803,021320,,5,2,9,5000,0,3,5,,2,040,"MOFFETT ROAD","SERVICE ROAD",0.00,,Y,A,-,N,,,,,,,,,,N,1,1,0,2,A,-,17,21200,,F,D,G,A,A,H,-,A,A,0,,Y,,,Y,,L,04,0,0,0,0,0,1,0,0,0,"- ","- ",37.580268859863281,-120.94785308837891,STANISLAUS,UNINCORPORATED,-120.94781,37.580249999999999
90821119,2018,2018-09-25,9465,2018-09-15,1130,018222,,6,1,9,5000,0,3,5,,2,050,"DEL PUERTO CANYON ROAD","SPERRY AVENUE",80256.00,E,N,A,-,N,,,,,,,,,,Y,2,0,1,1,A,-,08,22107,,N,E,I,A,A,H,-,A,D,0,,,Y,,Y,,C,02,1,0,0,0,0,0,0,0,1,"- ","- ",37.422969818115234,-121.36502075195312,STANISLAUS,UNINCORPORATED,,
90822535,2018,2018-11-19,9465,2018-09-17,0624,018671,,1,1,9,5000,0,3,5,,2,050,"MARSHALL ROAD","ARMSTRONG ROAD",500.00,W,N,A,-,N,,,,,,,,,,Y,2,0,1,2,A,-,05,21650,,N,A,C,A,A,H,-,B,D,0,,,,,Y,,M,46,1,0,0,0,0,0,0,0,0,"- ","- ",37.434810638427734,-121.06920623779297,STANISLAUS,UNINCORPORATED,-121.06900024414062,37.434894561767578
90824699,2018,2018-09-28,9465,2018-09-19,0655,014658,,3,1,9,5000,0,2,4,,2,034,"GEER ROAD","KEYES ROAD",0.00,,Y,A,-,N,,,,,,,,,,Y,2,0,5,2,A,-,12,21453,A,N,D,C,A,A,H,-,A,A,0,,,,,Y,,A,07,1,2,2,0,0,0,0,0,0,"- ","- ",37.551181793212891,-120.84677124023438,STANISLAUS,UNINCORPORATED,-120.84707641601562,37.551181793212891
90824784,2018,2018-09-28,9465,2018-09-14,1603,021235,,5,2,9,5000,0,1,3,,2,041,"STATE ROUTE 99 (NORTHBOUND)","WHITMORE AVENUE",1815.00,N,N,A,-,Y,,,,,,,,,,Y,2,0,1,2,A,-,03,22350,,N,C,C,A,A,H,-,A,D,0,,,,Y,Y,,D,22,1,0,0,0,0,0,0,0,0,"- ","- ",37.598320007324219,-120.96440887451172,STANISLAUS,UNINCORPORATED,-120.96478271484375,37.598289489746094
90831944,2018,2018-10-09,9465,2018-09-08,2014,021636,,6,2,9,5000,0,3,5,,2,030,"SR-132 E/B","ROOT ROAD",1584.00,E,N,A,-,Y,,,132,,,,,,E,Y,2,0,1,2,A,-,03,22350,,F,C,C,A,A,H,-,A,D,0,,,,,Y,,A,07,1,0,0,0,0,0,0,0,0,"- ","- ",37.638420104980469,-120.88790893554688,STANISLAUS,UNINCORPORATED,-120.88790893554688,37.638427734375
90833407,2018,2018-11-06,9465,2018-09-29,2140,021062,,6,2,9,5000,0,3,5,,2,050,"VILLAMANUCHA ROAD","KILBURN ROAD",1046.00,W,N,A,-,N,,,,,,,,,,Y,2,0,1,2,A,-,03,22350,,N,C,C,A,A,H,-,D,D,0,,,,,Y,,A,07,1,0,0,0,0,0,0,0,0,"- ","- ",37.377708435058594,-121.01184844970703,STANISLAUS,UNINCORPORATED,-121.01138305664062,37.377449035644531
90840804,2018,2018-10-22,9465,2018-10-20,2102,020833,,6,2,9,5000,0,3,5,,2,010,"CARPENTER ROAD","PARADISE ROAD",156.00,N,N,A,-,N,,,,,,,,,,Y,2,0,2,2,A,-,01,23152,A,N,C,C,A,A,H,-,C,A,0,,,,,Y,Y,A,08,1,1,0,0,0,0,0,0,0,"- ","- ",37.616809844970703,-121.03050231933594,STANISLAUS,UNINCORPORATED,-121.03038787841797,37.616909027099609
90844309,2018,2018-10-25,9465,2018-10-10,2100,019713,,3,2,9,5000,0,3,5,,2,050,"MARY STREET","RIVER ROAD",190.00,E,N,A,-,N,,,,,,,,,,N,2,0,2,3,A,-,05,21650,,F,G,B,E,A,H,-,C,D,0,Y,,,,Y,Y,A,01,1,1,0,0,2,0,0,0,0,"- ","- ",37.561550140380859,-121.18035125732422,STANISLAUS,UNINCORPORATED,-121.18061828613281,37.561485290527344
90846307,2018,2018-10-26,9465,2018-07-19,2210,021136,,4,3,6,5002,0,3,5,,2,040,"SOUTH 7TH STREET","PECOS AVENUE",677.00,E,N,A,-,N,,,,,,,,,,N,1,1,0,2,A,-,17,21200,,N,D,G,A,A,H,-,D,D,0,,Y,,,Y,,L,04,0,0,0,0,0,1,0,0,0,"- ","- ",37.61370849609375,-120.98316192626953,STANISLAUS,MODESTO,-120.98320770263672,37.613746643066406
90849191,2018,2018-10-30,9465,2018-10-24,2219,021226,,3,3,9,5000,0,1,3,,1,054,"STATE ROUTE 33","STUHR ROAD",390.00,N,N,A,-,Y,,,33,,,,,,,Y,2,0,1,1,A,-,08,22107,,N,E,I,A,A,H,-,C,D,0,,,,,Y,,A,01,1,0,0,0,0,0,0,0,0,"- ","- ",37.333900451660156,-121.02778625488281,STANISLAUS,UNINCORPORATED,-121.02775573730469,37.333915710449219
90854134,2018,2018-11-06,9465,2018-10-03,0339,021321,,3,3,9,5000,0,1,3,,2,041,"STATE ROUTE 99 (NORTHBOUND)","SERVICE ROAD",100.00,N,N,B,-,Y,,,99,,,,,,,Y,1,1,0,1,A,-,08,22107,,N,E,I,A,B,H,-,D,D,0,,,,,Y,,A,01,0,0,0,0,0,0,0,0,0,"- ","- ",37.580459594726562,-120.94402313232422,STANISLAUS,UNINCORPORATED,-120.94407653808594,37.580390930175781
90880771,2018,2018-12-11,9465,2018-12-10,0724,018259,,1,1,9,5000,0,2,4,,2,058,"LAS PALMAS AVENUE","ELM AVENUE",0.00,,Y,B,-,N,,,,,,,,,,Y,2,0,3,2,A,-,12,21453,A,F,D,C,A,A,H,-,A,A,0,,,,,Y,,D,22,2,0,1,0,0,0,0,0,0,"- ","- ",37.486850738525391,-121.09683227539062,STANISLAUS,UNINCORPORATED,-121.09681701660156,37.486858367919922
90883018,2018,2018-12-14,9465,2018-12-10,2035,020985,,1,2,9,5000,0,3,5,,2,030,"FINCH ROAD","MARIPOSA ROAD",658.00,E,N,A,-,N,,,,,,,,,,Y,2,0,2,2,A,-,01,23152,F,N,A,C,A,A,H,-,C,D,0,,,,,Y,,A,01,1,0,1,0,0,0,0,0,0,"- ","- ",37.623729705810547,-120.931640625,STANISLAUS,UNINCORPORATED,-120.93202972412109,37.623737335205078
90885556,2018,2018-12-18,9465,2018-10-27,1102,019155,,6,1,9,5000,0,3,5,,2,010,"PARADISE ROAD","ILLINOIS AVENUE",0.00,,Y,A,-,N,,,,,,,,,,Y,1,1,0,2,A,-,05,21752,D,N,D,C,A,A,H,-,A,D,0,,,Y,,Y,,C,02,0,0,0,0,0,0,0,1,0,"- ","- ",37.609169006347656,-121.06697845458984,STANISLAUS,UNINCORPORATED,-121.06696319580078,37.609210968017578
90893526,2018,2018-12-28,9465,2018-12-24,1316,018945,,1,1,9,5000,0,3,5,,2,040,"WHITMORE AVENUE","VIVIAN ROAD",0.00,,Y,A,-,N,,,,,,,,,,Y,2,0,2,2,A,-,09,21802,A,N,D,C,A,A,H,-,A,A,0,,,,,Y,,D,22,1,0,1,0,0,0,0,0,0,"- ","- ",37.595161437988281,-120.04895782470703,STANISLAUS,UNINCORPORATED,-121.04856109619141,37.595218658447266
90895128,2018,2019-01-01,9465,2018-12-24,0230,021636,,1,3,9,5000,0,1,3,,2,041,"STATE ROUTE 99 (NORTHBOUND)","MONTE VISTA AVENUE",1584.00,N,N,A,-,Y,,,99,,,,,,,Y,2,0,1,1,A,-,08,22107,,N,E,I,A,A,H,-,D,D,0,,,,,Y,,D,22,1,0,0,0,0,0,0,0,0,"- ","- ",37.526248931884766,-120.88761901855469,STANISLAUS,UNINCORPORATED,-120.88773345947266,37.526191711425781
90895441,2018,2019-01-02,9465,2018-12-20,0233,021226,,4,3,9,5000,0,1,3,,2,011,"STATE ROUTE 99 (SOUTHBOUND)","HAMMETT ROAD",2640.00,S,N,A,-,Y,,,99,,,,,,,Y,2,0,1,2,A,-,01,23152,A,N,C,E,A,A,H,-,D,D,0,,,,Y,Y,Y,A,07,1,0,0,0,0,0,0,0,0,"- ","- ",37.719951629638672,-121.09770202636719,STANISLAUS,UNINCORPORATED,-121.09768676757812,37.719966888427734
90897407,2018,2019-01-03,9465,2018-12-28,1820,019553,,5,2,9,5000,0,3,5,,2,040,"HARDING ROAD","LANDER AVENUE",860.00,E,N,A,-,N,,,,,,,,,,N,2,0,1,2,A,-,11,21954,A,N,G,B,E,A,H,-,D,D,0,Y,,,,Y,Y,N,60,1,0,0,0,1,0,0,0,0,"- ","- ",37.463508605957031,-120.84612274169922,STANISLAUS,UNINCORPORATED,-120.846085,37.463509000000002
9090220,2020,2020-10-12,5002,2020-03-17,2344,13280,,2,5,6,5002,0,0,0,,0,083,"STANDIFORD AV","COLUMBINE DR",496.00,E,N,B,-,N,,,,,,,,,,Y,2,0,1,1,A,-,08,22107,,N,E,I,A,A,H,-,C,A,0,,,,,Y,,-,,1,0,0,0,0,0,0,0,0,"- ","- ",,,STANISLAUS,MODESTO,-120.99992370605469,37.689189910888672
90911159,2019,2019-01-24,9465,2019-01-13,1315,020912,,7,1,9,5000,0,3,5,,2,030,"RHODE ROAD","MOORE ROAD",330.00,N,N,A,-,N,,,,,,,,,,Y,2,0,1,1,A,-,01,23152,A,N,E,I,A,A,H,-,A,D,0,,,,,Y,Y,D,22,1,0,0,0,0,0,0,0,0,"- ","- ",37.525028228759766,-120.93701934814453,STANISLAUS,UNINCORPORATED,-120.937031,37.575145999999997
90914441,2019,2019-01-29,9465,2019-01-21,1305,015979,,1,1,9,5000,0,3,5,,2,030,"SANTA FE AVENUE","LEEDOM ROAD",1584.00,N,N,A,-,N,,,,,,,,,,Y,2,0,4,2,A,-,03,22350,,N,C,C,A,A,D,H,A,D,0,,,,,Y,,A,01,1,0,3,0,0,0,0,0,0,"- ","- ",37.620059967041016,-120.89810943603516,STANISLAUS,UNINCORPORATED,-120.89708709716797,37.619075775146484
90929894,2018,2019-02-20,9465,2018-12-22,0034,020642,,6,3,9,5000,0,1,3,,2,011,"STATE ROUTE 99 (SOUTHBOUND)","PELANDALE AVENUE",1267.00,N,N,B,-,Y,,,99,,,,,,,Y,1,3,1,3,A,-,01,23152,A,N,B,C,A,A,H,-,D,A,0,,,,,Y,Y,A,07,0,0,1,0,0,0,0,0,0,"- ","- ",37.702320098876953,-121.07353973388672,STANISLAUS,UNINCORPORATED,-121.07357788085938,37.702278137207031
9093484,2020,2020-07-27,5002,2020-04-11,1910,13127,M235,6,5,6,5002,0,0,0,,0,081,"SYCAMORE AV","COLDWELL AV",0.00,,Y,A,-,N,,,,,,,,,,N,2,0,1,1,A,-,08,22107,,N,E,I,A,A,H,-,A,D,0,,,,,Y,Y,M,94,1,0,0,0,0,0,0,0,0,"- ","- ",,,STANISLAUS,MODESTO,-120.997802734375,37.652839660644531