CASE_ID,ACCIDENT_YEAR,PROC_DATE,JURIS,COLLISION_DATE,COLLISION_TIME,OFFICER_ID,REPORTING_DISTRICT,DAY_OF_WEEK,CHP_SHIFT,POPULATION,CNTY_CITY_LOC,SPECIAL_COND,BEAT_TYPE,CHP_BEAT_TYPE,CITY_DIVISION_LAPD,CHP_BEAT_CLASS,BEAT_NUMBER,PRIMARY_RD,SECONDARY_RD,DISTANCE,DIRECTION,INTERSECTION,WEATHER_1,WEATHER_2,STATE_HWY_IND,CALTRANS_COUNTY,CALTRANS_DISTRICT,STATE_ROUTE,ROUTE_SUFFIX,POSTMILE_PREFIX,POSTMILE,LOCATION_TYPE,RAMP_INTERSECTION,SIDE_OF_HWY,TOW_AWAY,COLLISION_SEVERITY,NUMBER_KILLED,NUMBER_INJURED,PARTY_COUNT,PRIMARY_COLL_FACTOR,PCF_CODE_OF_VIOL,PCF_VIOL_CATEGORY,PCF_VIOLATION,PCF_VIOL_SUBSECTION,HIT_AND_RUN,TYPE_OF_COLLISION,MVIW,PED_ACTION,ROAD_SURFACE,ROAD_COND_1,ROAD_COND_2,LIGHTING,CONTROL_DEVICE,CHP_ROAD_TYPE,PEDESTRIAN_ACCIDENT,BICYCLE_ACCIDENT,MOTORCYCLE_ACCIDENT,TRUCK_ACCIDENT,NOT_PRIVATE_PROPERTY,ALCOHOL_INVOLVED,STWD_VEHTYPE_AT_FAULT,CHP_VEHTYPE_AT_FAULT,COUNT_SEVERE_INJ,COUNT_VISIBLE_INJ,COUNT_COMPLAINT_PAIN,COUNT_PED_KILLED,COUNT_PED_INJURED,COUNT_BICYCLIST_KILLED,COUNT_BICYCLIST_INJURED,COUNT_MC_KILLED,COUNT_MC_INJURED,PRIMARY_RAMP,SECONDARY_RAMP,LATITUDE,LONGITUDE,COUNTY,CITY,POINT_X,POINT_Y
90944042,2019,2019-03-12,9465,2019-03-04,2000,019713,,1,2,9,5000,0,1,3,,2,053,"STATE ROUTE 33","BELL ROAD",5280.00,S,N,A,-,Y,,,33,,,,,,,Y,2,0,1,1,A,-,01,23152,A,N,F,A,A,A,H,-,D,D,0,,,,,Y,Y,A,01,1,0,0,0,0,0,0,0,0,"- ","- ",37.420658111572266,-121.09140014648438,STANISLAUS,UNINCORPORATED,-121.09146118164062,37.420616149902344
90944799,2019,2019-03-13,9465,2019-02-14,0435,021337,,4,3,9,5000,0,1,1,,2,055,"I-5 N/B","DAVIS ROAD",5808.00,S,N,B,C,Y,,,5,,,,,,N,Y,1,1,0,1,A,-,08,22107,,N,F,A,A,B,H,-,D,D,0,,,,,Y,,A,01,0,0,0,0,0,0,0,0,0,"- ","- ",37.365100860595703,-121.12261962890625,STANISLAUS,UNINCORPORATED,-121.12272644042969,37.365066528320312
90955241,2019,2019-03-28,9465,2019-03-11,1745,020575,,1,2,9,5000,0,1,3,,2,045,SR-165,"GREENWAY AVENUE",50.00,N,N,A,-,Y,,,165,,,,,,,N,2,0,1,2,A,-,09,21804,A,N,B,G,A,A,H,-,A,D,0,,Y,,Y,Y,,L,04,1,0,0,0,0,0,1,0,0,"- ","- ",37.467540740966797,-120.84903717041016,STANISLAUS,UNINCORPORATED,-120.84904479980469,37.467540740966797
90958809,2019,2019-04-04,9465,2019-03-15,1345,019155,,5,1,9,5000,0,1,3,,2,013,"STATE ROUTE 108","ST FRANCIS AVENUE",906.00,E,N,A,-,Y,,,108,,,,,,,Y,2,0,1,2,A,-,01,23152,A,F,D,C,A,A,H,-,A,D,0,,,Y,,Y,Y,A,01,1,0,0,0,0,0,0,0,1,"- ","- ",37.724369049072266,-120.99510955810547,STANISLAUS,UNINCORPORATED,-120.99510955810547,37.724369049072266
90961480,2019,2019-04-04,9465,2019-03-28,1705,018844,,4,2,9,5000,0,1,3,,2,021,"SR-120 E/B (LON DALE ROAD)","26 MILE ROAD",962.00,E,N,B,C,Y,,,120,,,,,,E,Y,2,0,5,3,A,-,03,22350,,N,C,C,A,B,H,-,A,D,0,,,,,Y,,A,07,1,0,4,0,0,0,0,0,0,"- ","- ",37.78656005859375,-120.86155700683594,STANISLAUS,UNINCORPORATED,-120.86151123046875,37.786617279052734
90964785,2019,2019-04-10,9465,2019-03-25,1550,019730,,1,2,9,5000,0,3,5,,2,020,"RIVER ROAD","CLEVELAND AVENUE",425.00,E,N,B,-,N,,,,,,,,,,Y,2,0,1,1,A,-,08,22107,,N,F,A,A,A,H,-,A,D,0,,,,,Y,,D,22,1,0,0,0,0,0,0,0,0,"- ","- ",37.780239105224609,-120.88294982910156,STANISLAUS,UNINCORPORATED,-120.88311004638672,37.780097961425781
90964793,2019,2019-04-16,9465,2019-03-31,1328,020457,,7,1,9,5000,0,1,3,,2,011,"VIVIAN ROAD","GRAYSON ROAD",0.00,,Y,A,-,N,,,,,,,,,,Y,2,0,7,2,A,-,01,23152,F,N,D,C,A,A,H,-,A,A,0,,,,,Y,,D,22,4,3,0,0,0,0,0,0,0,"- ","- ",37.5660400390625,-121.04827117919922,STANISLAUS,UNINCORPORATED,-121.0484619140625,37.565959930419922
90974543,2019,2019-07-25,9465,2019-04-20,1135,020395,,6,1,9,5000,0,3,5,,2,050,"FIG AVENUE","ELM AVENUE",0.00,,Y,B,-,N,,,,,,,,,,Y,2,0,3,2,A,-,12,22450,A,N,D,C,A,A,H,-,A,D,0,,,,,Y,,A,01,2,0,1,0,0,0,0,0,0,"- ","- ",37.474319458007812,-121.0877685546875,STANISLAUS,UNINCORPORATED,-121.08773040771484,37.474281311035156
9097971,2020,2020-10-06,5002,2020-03-04,0236,10096,M609,3,5,6,5002,0,0,0,,0,043,"RT 132","CLAUS RD",0.00,,Y,A,-,Y,STA,10,132,-,-,19.010,I,5,W,Y,2,0,2,2,A,-,12,21453,A,N,D,C,A,A,H,-,C,A,0,,,,,Y,,A,,1,0,1,0,0,0,0,0,0,"- ","- ",,,STANISLAUS,MODESTO,-120.92312622070312,37.638240814208984
90995785,2019,2019-05-24,9465,2019-03-07,0045,020912,,4,3,6,5002,0,1,3,,2,011,"SR-99 N/B","PELANDALE AVENUE",1900.00,S,N,B,-,Y,,,99,,,,,,N,Y,1,1,0,2,A,-,11,21954,A,N,G,B,E,A,H,-,C,D,0,Y,,,,Y,Y,N,60,0,0,0,1,0,0,0,0,0,"- ","- ",37.695339202880859,-121.06739807128906,STANISLAUS,MODESTO,-121.06743621826172,37.695304870605469
90996754,2019,2019-05-28,9465,2019-05-17,0040,020985,,5,3,6,5002,0,1,3,,2,011,"STATE ROUTE 99 (NORTHBOUND)","BECKWITH ROAD",2965.00,S,N,A,-,Y,,,99,,,,,,,Y,2,0,2,3,A,-,01,23152,A,N,E,I,A,A,H,-,D,D,0,,,,Y,Y,Y,A,01,1,0,1,0,0,0,0,0,0,"- ","- ",37.678459167480469,-121.04763031005859,STANISLAUS,MODESTO,-121.047607421875,37.678485870361328
90999588,2019,2019-05-30,9465,2019-03-22,0220,021239,,5,3,9,5000,0,3,5,,2,020,"CLARIBEL ROAD","TERMINAL AVENUE",329.00,E,N,A,-,N,,,,,,,,,,Y,1,1,1,1,A,-,01,23152,A,N,E,I,A,A,H,-,D,D,0,,,,,Y,Y,A,01,0,0,1,0,0,0,0,0,0,"- ","- ",37.710948944091797,-120.92817687988281,STANISLAUS,UNINCORPORATED,-120.92822265625,37.710895538330078
91005020,2019,2019-06-06,9465,2019-05-19,1458,019553,,7,2,9,5000,0,1,3,,1,032,"STATE ROUTE 132","TUOLUMNE COUNTY LINE",677.00,W,N,B,-,Y,,,132,,,,,,,Y,1,1,5,2,A,-,08,22107,,N,D,C,A,A,H,-,A,D,0,,,,,Y,,A,01,0,0,5,0,0,0,0,0,0,"- ","- ",37.638149261474609,-120.39485931396484,STANISLAUS,UNINCORPORATED,-120.39484405517578,37.638172149658203
91005400,2019,2019-06-07,9465,2019-05-20,0158,021549,,1,3,9,5000,0,3,5,,2,040,"SEATTLE STREET","COLUSA AVENUE",312.00,N,N,A,-,N,,,,,,,,,,Y,2,0,1,2,A,-,13,22515,A,N,G,E,A,A,H,-,D,D,0,,,,,Y,,D,22,1,0,0,0,0,0,0,0,0,"- ","- ",37.604259490966797,-120.99784088134766,STANISLAUS,UNINCORPORATED,-120.99790954589844,37.604225158691406
91005425,2019,2019-06-07,9465,2019-05-08,0020,019152,,3,3,9,5000,0,1,1,,2,055,"INTERSTATE 5","SAN JOAQUIN COUNTY LINE",3864.00,S,N,A,-,Y,,,5,,,,,,,Y,1,1,0,2,A,-,01,23152,A,N,C,C,A,A,H,-,C,D,0,,,,Y,Y,Y,A,07,0,0,0,0,0,0,0,0,0,"- ","- ",37.584129333496094,-121.32450866699219,STANISLAUS,UNINCORPORATED,-121.32451629638672,37.584125518798828
91006738,2019,2019-06-10,9465,2019-04-28,2040,019713,,7,2,9,5000,0,3,5,,2,040,"SERVICE ROAD","COLLINS ROAD",150.00,E,N,A,-,N,,,,,,,,,,Y,1,1,0,2,A,-,03,22350,,N,C,G,A,A,H,-,C,D,0,,Y,,,Y,Y,A,01,0,0,0,0,0,1,0,0,0,"- ","- ",37.580188751220703,-120.94949340820312,STANISLAUS,UNINCORPORATED,-120.94971700000001,37.580252000000002
9101079,2020,2020-10-30,5002,2020-05-14,2213,13290,M468,4,5,6,5002,0,0,0,,0,MP42,"LARKIN AV","KERR AV",0.00,,Y,A,-,N,,,,,,,,,,Y,2,0,2,2,A,-,12,22450,A,F,D,C,A,A,H,-,C,A,0,,,,,Y,,-,,2,0,0,0,0,0,0,0,0,"- ","- ",,,STANISLAUS,MODESTO,-120.97171020507812,37.62921142578125
91012016,2019,2019-06-18,9465,2019-03-29,1358,021022,,5,1,9,5000,0,1,3,,2,053,SR-33,"FRANK COX ROAD",35.00,N,N,A,-,Y,,,33,,,,,,,Y,1,1,0,2,A,-,09,21802,A,F,E,I,A,A,H,-,A,A,0,,,,,Y,,A,07,0,0,0,0,0,0,0,0,0,"- ","- ",37.539379119873047,-121.18824768066406,STANISLAUS,UNINCORPORATED,-121.18820953369141,37.5394287109375
91012758,2019,2019-06-18,9465,2019-06-11,0858,017558,,2,1,9,5000,0,1,3,,2,011,SR-120,"RODDEN ROAD",20.00,S,N,A,-,Y,,,120,,,,,,,Y,2,0,1,2,A,-,03,22350,,N,C,C,A,A,H,-,A,A,0,,,,,Y,,A,07,1,0,0,0,0,0,0,0,0,"- ","- ",37.78369140625,-120.85794067382812,STANISLAUS,UNINCORPORATED,-120.85793304443359,37.783702850341797
91014142,2019,2019-06-20,9465,2019-04-20,0110,021062,,6,3,9,5000,0,1,3,,2,021,"STATE ROUTE 120","PIONEER AVENUE",476.00,E,N,A,-,Y,,,120,,,,,,,Y,1,1,0,2,A,-,11,21956,,N,G,B,E,A,H,-,D,D,0,Y,,,,Y,Y,N,60,0,0,0,1,0,0,0,0,0,"- ","- ",37.793258666992188,-120.91190338134766,STANISLAUS,UNINCORPORATED,-120.91190338134766,37.793254852294922
91017441,2019,2019-06-25,9465,2019-06-20,1710,020985,,4,2,9,5000,0,3,5,,2,030,"GRATTON ROAD","HAWKEYE AVENUE",1660.00,N,N,A,-,N,,,,,,,,,,Y,2,0,1,2,C,-,18,,,N,E,I,A,A,H,-,A,D,0,,,,,Y,,-,"- ",1,0,0,0,0,0,0,0,0,"- ","- ",37.511810302734375,-120.79415130615234,STANISLAUS,UNINCORPORATED,-120.79415130615234,37.511699676513672
91021608,2019,2019-07-01,9465,2019-06-21,1900,019376,,5,2,9,5000,0,3,5,,2,010,"GARRISON AVENUE","MAZE BLVD",1225.00,S,N,A,-,N,,,,,,,,,,Y,2,0,2,1,A,-,08,22107,,N,E,J,A,A,H,-,A,D,0,,,,,Y,,A,42,2,0,0,0,0,0,0,0,0,"- ","- ",37.626338958740234,-121.06255340576172,STANISLAUS,UNINCORPORATED,-121.06271362304688,37.6348876953125
91021652,2019,2019-07-01,9465,2019-06-22,1206,018059,,6,1,9,5000,0,3,5,,2,030,"CRABTREE ROAD","STATE ROUTE 132",135.00,N,N,A,-,Y,,,,,,,,,,Y,2,0,1,2,A,-,09,21802,A,F,F,A,A,A,H,-,A,A,0,,,Y,,Y,,-,99,1,0,0,0,0,0,0,0,1,"- ","- ",37.644809722900391,-120.61290740966797,STANISLAUS,UNINCORPORATED,,
91028817,2019,2019-07-11,9465,2019-06-27,1341,021136,,4,1,9,5000,0,3,5,,2,030,"TAYLOR ROAD","HICKMAN ROAD",0.00,,Y,A,-,N,,,,,,,,,,Y,2,0,3,2,A,-,09,21802,A,N,D,C,A,A,H,-,A,D,0,,,,,Y,,D,22,1,1,1,0,0,0,0,0,0,"- ","- ",37.53662109375,-120.7572021484375,STANISLAUS,UNINCORPORATED,-120.75717926025391,37.536640167236328
9102883,2020,2020-09-22,5002,2020-03-29,2033,11740,M458,7,5,6,5002,0,0,0,,0,042,"RT 132","PARRY AV",20.00,,N,A,-,Y,STA,10,132,-,-,17.020,I,5,E,N,2,0,1,2,A,-,08,22107,,N,D,G,A,A,H,-,C,D,0,,Y,,,Y,,L,,1,0,0,0,0,0,1,0,0,"- ","- ",,,STANISLAUS,MODESTO,-120.95942687988281,37.638179779052734
91034294,2019,2019-07-19,9465,2019-07-10,1220,019517,,3,1,9,5000,0,3,5,,2,040,"FULKERTH ROAD","CARPENTER ROAD",0.00,,Y,A,-,N,,,,,,,,,,Y,2,0,7,2,A,-,12,22450,A,N,D,C,A,A,H,-,A,D,0,,,,,Y,Y,A,07,1,3,3,0,0,0,0,0,0,"- ","- ",37.507831573486328,-121.03092193603516,STANISLAUS,UNINCORPORATED,-121.0308837890625,37.507801055908203
91040676,2019,2019-07-29,9465,2019-07-19,2125,021136,,5,2,9,5000,0,3,5,,2,030,"SANTA FE AVENUE",SR-132,2140.00,S,N,A,-,N,,,,,,,,,,Y,2,0,2,3,A,-,03,22350,,N,C,C,A,A,H,-,D,D,0,,,,,Y,,D,22,1,1,0,0,0,0,0,0,0,"- ","- ",37.632450103759766,-120.90154266357422,STANISLAUS,UNINCORPORATED,-120.901628,37.632511999999998
91040944,2019,2019-07-29,9465,2019-07-22,0555,015398,,1,3,9,5000,0,3,5,,2,020,"LA GRANGE ROAD","OLD LA GRANGE ROAD",443.00,S,N,A,-,N,,,,,,,,,,Y,2,0,1,1,C,-,18,,,N,H,H,A,A,H,-,A,D,0,,,Y,,Y,,-,"- ",1,0,0,0,0,0,0,0,1,"- ","- ",37.671531677246094,-120.46913909912109,STANISLAUS,UNINCORPORATED,-120.46910858154297,37.671546936035156
91041033,2019,2019-07-29,9465,2019-07-21,0640,018844,,7,1,9,5000,0,1,3,,2,041,"SR-99 N/B","LANDER AVENUE",1043.00,S,N,A,-,Y,,,99,,,,,,N,Y,2,0,1,1,A,-,08,22107,,N,E,I,A,A,H,-,A,D,0,,,,,Y,,A,01,1,0,0,0,0,0,0,0,0,"- ","- ",37.472618103027344,-120.84564971923828,STANISLAUS,UNINCORPORATED,-120.84563446044922,37.472667694091797
91045657,2019,2019-08-05,9465,2019-07-27,1017,019553,,6,1,9,5000,0,3,5,,2,040,"JENNINGS ROAD","ZEERING ROAD",143.00,N,N,A,-,N,,,,,,,,,,Y,2,0,1,1,A,-,01,23152,A,N,E,I,A,A,H,-,A,D,0,,,,,Y,Y,A,07,1,0,0,0,0,0,0,0,0,"- ","- ",37.530158996582031,-121.06741333007812,STANISLAUS,UNINCORPORATED,-121.06732940673828,37.530033111572266
91053596,2019,2019-08-16,9465,2019-08-11,0840,018844,,7,1,9,5000,0,3,5,,2,030,"KEYES ROAD","SR-99 N/B FROM KEYES ROAD",26.00,W,N,A,-,Y,,,,,,,,,,Y,2,0,1,2,A,-,09,21801,A,N,D,C,A,A,H,-,A,D,0,,,Y,,Y,,C,02,1,0,0,0,0,0,0,0,1,"- ","- ",37.548179626464844,-120.90422821044922,STANISLAUS,UNINCORPORATED,,
91057672,2019,2019-08-22,9465,2019-08-09,1505,020833,,5,2,9,5000,0,3,5,,2,040,"SOUTH 7TH STREET","PECOS AVENUE",50.00,S,N,A,-,N,,,,,,,,,,Y,2,0,1,2,A,-,05,21650,,N,D,G,A,A,H,-,A,D,0,,Y,,,Y,,L,04,1,0,0,0,0,0,1,0,0,"- ","- ",37.616298675537109,-120.98619842529297,STANISLAUS,UNINCORPORATED,-120.98465728759766,37.615028381347656
91060189,2019,2019-08-27,9465,2019-08-04,1005,018825,,7,1,6,5002,0,1,3,,2,011,"SR-99 SOUTHBOUND","NORTH 9TH STREET",620.00,N,N,A,-,Y,,,99,,,,,,S,Y,1,1,0,1,A,-,08,22107,,N,F,A,A,A,H,-,A,D,0,,,,,Y,,A,01,0,0,0,0,0,0,0,0,0,"- ","- ",37.662101745605469,-121.02658081054688,STANISLAUS,MODESTO,-121.02664184570312,37.662063598632812
91064432,2019,2019-08-30,9465,2019-07-30,1615,020575,,2,2,9,5000,0,3,5,,2,040,"WALNUT AVENUE","BRADBURY ROAD",0.00,,Y,A,-,N,,,,,,,,,,Y,1,1,1,2,A,-,01,23152,A,N,D,C,A,A,H,-,A,A,0,,,,,Y,Y,A,01,1,0,0,0,0,0,0,0,0,"- ","- ",37.448959350585938,-120.86714935302734,STANISLAUS,UNINCORPORATED,-120.86717987060547,37.448959350585938
9106815,2020,2020-09-25,5002,2020-05-28,2006,13222,M228,4,5,6,5002,0,0,0,,0,081,"RT 108","W FAIRMONT AV",5.00,N,N,A,-,Y,STA,10,108,-,-,23.900,H,-,W,Y,2,0,2,2,A,-,03,22350,,N,C,C,A,A,H,-,B,A,0,,,,,Y,,A,07,2,0,0,0,0,0,0,0,0,"- ","- ",,,STANISLAUS,MODESTO,-120.99385070800781,37.65753173828125
91068606,2019,2019-09-05,9465,2019-07-25,0025,020912,,4,3,9,5000,0,1,3,,2,011,"SR-99 NORTHBOUND","HAMMETT ROAD",3696.00,S,N,A,-,Y,,,99,,,,,,N,Y,1,1,1,1,A,-,01,23152,F,N,E,I,A,A,H,-,C,D,0,,,,,Y,,A,07,0,1,0,0,0,0,0,0,0,"- ","- ",37.718460083007812,-121.0953369140625,STANISLAUS,UNINCORPORATED,-121.09539794921875,37.718387603759766
91070087,2019,2019-09-09,9465,2019-08-29,0539,018259,,4,3,9,5000,0,3,5,,2,050,"GRAYSON ROAD",SR-33,200.00,E,N,A,-,N,,,,,,,,,,Y,2,0,1,2,A,-,06,21755,,N,D,C,A,A,H,-,D,A,0,,,Y,,Y,,C,02,1,0,0,0,0,0,0,0,1,"- ","- ",37.546791076660156,-121.19551849365234,STANISLAUS,UNINCORPORATED,-121.19550323486328,37.546745300292969
91071073,2019,2019-09-10,9465,2019-08-30,0810,015398,,5,1,9,5000,0,2,4,,2,043,"W. MAIN STREET","BYSTRUM RD.",188.00,E,N,A,-,N,,,,,,,,,,Y,2,0,3,4,A,-,08,22107,,N,B,C,A,A,H,-,A,D,0,,,,Y,Y,,A,01,1,1,1,0,0,0,0,0,0,"- ","- ",37.492919921875,-120.98487854003906,STANISLAUS,UNINCORPORATED,-120.98487854003906,37.492935180664062
91076221,2019,2019-09-17,9465,2019-08-16,2155,021226,,5,2,9,5000,0,1,3,,2,023,"STATE ROUTE 108","SONORA ROAD",0.00,,Y,A,-,Y,,,,,,,,,,Y,1,1,2,2,A,-,09,21802,A,N,D,C,A,A,H,-,D,A,0,,,,,Y,,A,07,0,2,0,0,0,0,0,0,0,"- ","- ",37.814868927001953,-120.65638732910156,STANISLAUS,UNINCORPORATED,-120.65648651123047,37.81475830078125
91076706,2019,2019-09-17,9465,2019-09-07,1215,018259,,6,1,9,5000,0,3,5,,2,050,"DEL PUERTO CANYON ROAD","DIABLO GRANDE ROAD",7920.00,E,N,B,-,N,,,,,,,,,,Y,2,0,1,1,A,-,03,22350,,N,F,A,A,A,H,-,A,D,0,,,Y,,Y,,C,02,1,0,0,0,0,0,0,0,1,"- ","- ",37.468761444091797,-121.19423675537109,STANISLAUS,UNINCORPORATED,-121.18353271484375,37.462669372558594
91080292,2019,2019-09-23,9465,2019-08-20,0440,021549,,2,3,9,5000,0,3,5,,2,040,"W. GRAYSON RD","SHILOH ROAD",200.00,W,N,A,-,N,,,,,,,,,,Y,2,0,3,2,A,-,05,21460,A,F,A,C,A,A,H,-,D,D,0,,,,,Y,,A,01,1,0,2,0,0,0,0,0,0,"- ","- ",37.563510894775391,-121.14111328125,STANISLAUS,UNINCORPORATED,-121.14106750488281,37.563495635986328
91083231,2019,2019-09-25,9465,2019-09-20,1516,019553,,5,2,9,5000,0,3,5,,2,030,"LAKE ROAD","STATE ROUTE 132",7920.00,S,N,A,-,N,,,,,,,,,,N,2,0,1,1,A,-,03,22350,,N,F,A,A,A,H,-,A,D,0,,,Y,,Y,,C,02,1,0,0,0,0,0,0,0,1,"- ","- ",37.632251739501953,-120.51058959960938,STANISLAUS,UNINCORPORATED,,
91083555,2019,2019-09-26,9465,2019-09-19,1810,019553,,4,2,9,5000,0,1,3,,1,031,"STATE ROUTE 132","WELLSFORD ROAD",0.00,,Y,A,-,Y,,,132,,,,,,,Y,2,0,1,2,A,-,09,21802,A,N,D,C,A,A,H,-,A,D,0,,,,,Y,,A,01,1,0,0,0,0,0,0,0,0,"- ","- ",37.638568878173828,-120.87497711181641,STANISLAUS,UNINCORPORATED,-120.87497711181641,37.638576507568359
91088004,2019,2019-10-01,9465,2019-09-24,1840,018825,,2,2,9,5000,0,1,3,,1,031,SR-132,"N. BLOSSOM ROAD",318.00,W,N,A,-,Y,,,132,,,,,,,Y,2,0,2,2,A,-,01,23152,A,N,B,C,A,A,H,-,A,D,0,,,,,Y,Y,A,01,1,0,1,0,0,0,0,0,0,"- ","- ",37.638420104980469,-120.79586029052734,STANISLAUS,UNINCORPORATED,-120.79586029052734,37.638446807861328
91089639,2019,2019-10-03,9465,2019-09-24,0637,018059,,2,1,9,5000,0,1,1,,2,055,"INTERSTATE 5 (SOUTHBOUND)","INGRAM CREEK ROAD",5069.00,N,N,A,-,Y,,,5,,,,,,,Y,2,0,1,2,A,-,03,22350,,N,C,C,A,A,H,-,A,D,0,,,,Y,Y,,A,01,1,0,0,0,0,0,0,0,0,"- ","- ",37.549781799316406,-121.28038787841797,STANISLAUS,UNINCORPORATED,-121.28044891357422,37.549705505371094
91093625,2019,2019-10-09,9465,2019-09-28,0443,021511,,6,3,9,5000,0,3,5,,2,050,"STUHR ROAD","BELL ROAD",670.00,E,N,A,-,N,,,,,,,,,,Y,2,0,1,1,A,-,08,22107,,N,F,A,A,A,H,-,D,D,0,,,,,Y,,A,01,1,0,0,0,0,0,0,0,0,"- ","- ",37.330471038818359,-121.09976196289062,STANISLAUS,UNINCORPORATED,-121.10166931152344,37.329807281494141
91095717,2019,2019-10-11,9465,2019-10-06,1755,021368,,7,2,9,5000,0,3,5,,2,050,"HOWARD ROAD","LIVINGSTON CIR",0.00,,Y,B,-,N,,,,,,,,,,N,2,0,1,2,A,-,09,21802,A,N,D,C,A,A,H,-,B,A,0,,,Y,,Y,,D,22,1,0,0,0,0,0,0,0,1,"- ","- ",37.542129516601562,-121.20146179199219,STANISLAUS,UNINCORPORATED,-121.20142364501953,37.542091369628906
91096356,2019,2019-10-23,9465,2019-10-07,0220,021636,,1,3,9,5000,0,1,1,,2,055,"INTERSTATE 5 N/B","SAN JUAQUIN COUNTY LINE",317.00,S,N,A,-,Y,,,5,,,,,,N,Y,2,0,5,2,A,-,08,22107,,N,D,E,A,A,H,-,D,D,0,,,,Y,Y,,A,07,5,0,0,0,0,0,0,0,0,"- ","- ",37.584819793701172,-121.32553100585938,STANISLAUS,UNINCORPORATED,-121.32548522949219,37.584877014160156
91096938,2019,2019-10-14,9465,2019-10-01,1855,018274,,2,2,9,5000,0,1,3,,2,023,"STATE ROUTE 108","CLAUS ROAD",95.00,E,N,A,-,Y,,,108,,,,,,,N,2,0,3,2,A,-,09,21802,A,N,D,C,A,A,H,-,D,A,0,,,,,Y,,A,07,1,0,2,0,0,0,0,0,0,"- ","- ",37.737140655517578,-120.92170715332031,STANISLAUS,UNINCORPORATED,-120.92171478271484,37.737144470214844
91103493,2019,2020-01-24,9465,2019-09-29,1243,018844,,7,1,9,5000,0,3,5,,2,010,"PARADISE ROAD","ILLINOIS AVENUE",392.00,E,N,A,-,N,,,,,,,,,,Y,1,1,1,1,A,-,08,22107,,N,E,I,A,A,H,-,A,D,0,,,,,Y,,D,22,0,1,0,0,0,0,0,0,0,"- ","- ",37.609268188476562,-121.0654296875,STANISLAUS,UNINCORPORATED,-121.06560516357422,37.609214782714844
91104903,2019,2019-10-24,9465,2019-10-19,1130,018844,,6,1,9,5000,0,3,5,,2,020,"ORANGE BLOSSOM ROAD","ORANGE BLOSSOM COURT",631.00,N,N,A,-,N,,,,,,,,,,N,2,0,1,1,A,-,08,22107,,N,F,A,A,A,H,-,A,D,0,,,Y,,Y,,C,02,1,0,0,0,0,0,0,0,1,"- ","- ",37.800018310546875,-120.72711944580078,STANISLAUS,UNINCORPORATED,-120.72718811035156,37.800045013427734
91106534,2019,2019-10-25,9465,2019-10-17,0925,021239,,4,1,5,5007,0,1,3,,2,041,"SR-99 NORTHBOUND","WEST MONTE VISTA AVENUE",1510.00,N,N,A,-,Y,,,99,,,,,,N,Y,2,0,3,1,A,-,08,22107,,N,F,A,A,A,H,-,A,D,0,,,,,Y,,D,22,3,0,0,0,0,0,0,0,0,"- ","- ",37.525619506835938,-120.88738250732422,STANISLAUS,TURLOCK,-120.88742065429688,37.525600433349609
91109840,2019,2019-10-30,9465,2019-10-20,0442,021226,,7,3,9,5000,0,1,3,,2,041,"STATE ROUTE 99 (SOUTHBOUND)","FAITH HOME ROAD",2640.00,N,N,A,-,Y,,,99,,,,,,,Y,2,0,1,1,A,-,01,23152,A,N,E,I,A,A,H,-,C,D,0,,,,,Y,Y,A,01,1,0,0,0,0,0,0,0,0,"- ","- ",37.565238952636719,-120.927001953125,STANISLAUS,UNINCORPORATED,-120.92699432373047,37.56524658203125
91122644,2019,2019-11-18,9465,2019-11-04,1610,021407,,1,2,9,5000,0,3,5,,2,030,"SERVICE ROAD","MOORE RD",0.00,,Y,A,-,N,,,,,,,,,,N,2,0,1,2,A,-,09,21802,A,N,D,C,A,A,H,-,A,A,0,,,Y,,Y,,A,01,1,0,0,0,0,0,0,0,1,"- ","- ",37.5802001953125,-120.93620300292969,STANISLAUS,UNINCORPORATED,-120.93608999999999,37.580269999999999
91123827,2019,2019-11-19,9465,2019-07-23,2140,021136,,2,2,9,5000,0,3,5,,2,040,"VIVIAN ROAD","WEST HACKETT ROAD",708.00,N,N,A,-,N,,,,,,,,,,N,1,1,0,2,A,-,11,21954,A,F,G,B,E,A,H,-,D,D,0,Y,,,,Y,,N,60,0,0,0,1,0,0,0,0,0,"- ","- ",37.590679168701172,-121.04849243164062,STANISLAUS,UNINCORPORATED,-121.04852294921875,37.589756011962891
91125576,2019,2019-11-21,9465,2019-11-08,0210,021235,,5,3,9,5000,0,3,5,,2,040,"W. REDWOOD ROAD","USTICK ROAD",70.00,E,N,A,-,N,,,,,,,,,,Y,2,0,1,1,A,-,01,23152,A,N,E,I,A,A,H,-,C,D,0,,,,,Y,Y,A,01,1,0,0,0,0,0,0,0,0,"- ","- ",37.57318115234375,-121.01193237304688,STANISLAUS,UNINCORPORATED,-121.01193237304688,37.573211669921875