CASE_ID,ACCIDENT_YEAR,PROC_DATE,JURIS,COLLISION_DATE,COLLISION_TIME,OFFICER_ID,REPORTING_DISTRICT,DAY_OF_WEEK,CHP_SHIFT,POPULATION,CNTY_CITY_LOC,SPECIAL_COND,BEAT_TYPE,CHP_BEAT_TYPE,CITY_DIVISION_LAPD,CHP_BEAT_CLASS,BEAT_NUMBER,PRIMARY_RD,SECONDARY_RD,DISTANCE,DIRECTION,INTERSECTION,WEATHER_1,WEATHER_2,STATE_HWY_IND,CALTRANS_COUNTY,CALTRANS_DISTRICT,STATE_ROUTE,ROUTE_SUFFIX,POSTMILE_PREFIX,POSTMILE,LOCATION_TYPE,RAMP_INTERSECTION,SIDE_OF_HWY,TOW_AWAY,COLLISION_SEVERITY,NUMBER_KILLED,NUMBER_INJURED,PARTY_COUNT,PRIMARY_COLL_FACTOR,PCF_CODE_OF_VIOL,PCF_VIOL_CATEGORY,PCF_VIOLATION,PCF_VIOL_SUBSECTION,HIT_AND_RUN,TYPE_OF_COLLISION,MVIW,PED_ACTION,ROAD_SURFACE,ROAD_COND_1,ROAD_COND_2,LIGHTING,CONTROL_DEVICE,CHP_ROAD_TYPE,PEDESTRIAN_ACCIDENT,BICYCLE_ACCIDENT,MOTORCYCLE_ACCIDENT,TRUCK_ACCIDENT,NOT_PRIVATE_PROPERTY,ALCOHOL_INVOLVED,STWD_VEHTYPE_AT_FAULT,CHP_VEHTYPE_AT_FAULT,COUNT_SEVERE_INJ,COUNT_VISIBLE_INJ,COUNT_COMPLAINT_PAIN,COUNT_PED_KILLED,COUNT_PED_INJURED,COUNT_BICYCLIST_KILLED,COUNT_BICYCLIST_INJURED,COUNT_MC_KILLED,COUNT_MC_INJURED,PRIMARY_RAMP,SECONDARY_RAMP,LATITUDE,LONGITUDE,COUNTY,CITY,POINT_X,POINT_Y
9112559,2020,2020-12-01,5002,2020-05-20,1708,11621,",180",3,5,6,5002,0,0,0,,0,MP61,"NORTH CARPENTER RD","RT 99",0.00,,Y,A,-,Y,STA,10,99,-,M,18.376,R,4,N,N,2,0,1,2,A,-,09,21453,C,N,D,C,A,A,H,-,A,A,0,,,,,Y,,A,07,1,0,0,0,0,0,0,0,0,"- ",NF,,,STANISLAUS,MODESTO,-121.02938842773438,37.664875030517578
91131329,2019,2019-11-27,9465,2019-11-17,1300,020833,,7,1,9,5000,0,3,5,,2,030,"LAKE ROAD","KOOYMAN ST.",1500.00,W,N,A,-,N,,,,,,,,,,Y,2,0,1,1,A,-,03,22350,,N,F,A,A,A,H,-,A,D,0,,,Y,,Y,,C,02,1,0,0,0,0,0,0,0,1,"- ","- ",37.619960784912109,-120.68736267089844,STANISLAUS,UNINCORPORATED,-120.687196,37.620021000000001
91133923,2019,2019-12-03,9465,2019-11-21,0240,021368,,4,3,9,5000,0,3,5,,2,040,"VIVIAN ROAD","BETH LANE",192.00,N,N,B,-,N,,,,,,,,,,Y,2,0,1,2,A,-,01,23152,A,N,D,C,A,A,H,-,D,D,0,,,,,Y,Y,A,01,1,0,0,0,0,0,0,0,0,"- ","- ",37.597770690917969,-121.04855346679688,STANISLAUS,UNINCORPORATED,-121.04856872558594,37.597747802734375
91136040,2019,2019-12-04,9465,2019-09-23,2115,021368,,1,2,9,5000,0,1,3,,2,041,"SR-99 (NB) FROM KEYES ROAD","E. KEYES ROAD",1300.00,N,N,A,-,Y,,,99,,,,R,,,Y,1,1,0,2,A,-,11,21956,A,N,G,B,E,A,H,-,D,D,0,Y,,,,Y,,N,60,0,0,0,1,0,0,0,0,0,"- ","- ",37.550308227539062,-120.90891265869141,STANISLAUS,UNINCORPORATED,-120.90891265869141,37.550308227539062
91138919,2019,2019-12-10,9465,2019-11-29,1702,019376,,5,2,9,5000,0,3,5,,2,010,"LADD ROAD","AMERICAN AVENUE",983.00,W,N,B,C,N,,,,,,,,,,Y,2,0,2,2,A,-,05,21650,,N,A,C,A,B,H,-,D,D,0,,,,,Y,Y,D,22,1,0,1,0,0,0,0,0,0,"- ","- ",37.733131408691406,-121.04238128662109,STANISLAUS,UNINCORPORATED,-121.04473114013672,37.733020782470703
9113961,2020,2020-08-20,5002,2020-06-11,1902,715,B206,4,5,6,5002,0,0,0,,0,003,"EAST HATCH RD","MITCHELL RD",436.00,E,N,A,-,N,,,,,,,,,,Y,2,0,2,2,A,-,09,21804,A,N,D,C,A,A,H,-,A,D,0,,,,,Y,Y,A,01,2,0,0,0,0,0,0,0,0,"- ","- ",37.609130859375,-120.93755340576172,STANISLAUS,MODESTO,-120.93724822998047,37.609294891357422
91142714,2019,2019-12-13,9465,2019-12-06,1515,020912,,5,2,9,5000,0,3,5,,2,010,"STODDARD ROAD","LADD ROAD",25.00,S,N,A,-,N,,,,,,,,,,Y,2,0,1,1,A,-,08,22107,,N,F,A,A,A,H,-,A,D,0,,,,Y,Y,,G,25,1,0,0,0,0,0,0,0,0,"- ","- ",37.732658386230469,-121.06887054443359,STANISLAUS,UNINCORPORATED,-121.06880950927734,37.732757568359375
91153875,2019,2019-12-27,9465,2019-12-18,2045,020885,,3,2,9,5000,0,3,5,,2,030,"SANTA FE AVENUE","BERKELEY RD",0.00,,Y,A,-,N,,,,,,,,,,Y,2,0,1,2,A,-,01,23152,A,N,D,C,A,A,H,-,D,D,0,,,,Y,Y,Y,A,01,1,0,0,0,0,0,0,0,0,"- ","- ",37.557418823242188,-120.82872772216797,STANISLAUS,UNINCORPORATED,-120.82869720458984,37.557430267333984
91156396,2019,2020-01-13,9465,2019-12-14,2055,021239,,6,2,9,5000,0,3,5,,2,040,"USTICK ROAD","REDWOOD ROAD",0.00,,Y,B,-,N,,,,,,,,,,Y,2,0,4,1,A,-,08,22107,,M,E,I,A,A,H,-,D,D,0,,,,,Y,,A,01,2,0,2,0,0,0,0,0,0,"- ","- ",37.573150634765625,-121.011962890625,STANISLAUS,UNINCORPORATED,-121.01193237304688,37.573211669921875
91157804,2019,2020-01-02,9465,2019-12-20,0721,017558,,5,1,9,5000,0,3,5,,2,020,"SIERRA ROAD","WREN ROAD",0.00,,Y,A,-,N,,,,,,,,,,Y,2,0,3,2,A,-,09,21802,A,N,D,C,A,A,H,-,A,D,0,,,,,Y,,D,22,1,0,2,0,0,0,0,0,0,"- ","- ",37.761859893798828,-120.80708312988281,STANISLAUS,UNINCORPORATED,-120.80708312988281,37.761878967285156
91164111,2019,2020-01-13,9465,2019-12-27,2036,018767,,5,2,9,5000,0,3,5,,2,050,"RIVER RD","HILLS FERRY ROAD",1056.00,N,N,A,-,N,,,,,,,,,,Y,2,0,1,1,A,-,01,23152,A,N,F,A,A,A,H,-,D,D,0,,,Y,,Y,Y,C,02,1,0,0,0,0,0,0,0,1,"- ","- ",37.350528717041016,-120.98046875,STANISLAUS,UNINCORPORATED,-120.97960662841797,37.348834991455078
91166614,2020,2020-01-16,9465,2020-01-09,2055,020985,,4,2,9,5000,0,3,5,,2,030,"BYSTRUM ROAD","PECOS AVENUE",0.00,,Y,A,-,N,,,,,,,,,,N,2,0,1,2,A,-,09,21801,A,F,D,G,A,A,H,-,C,D,0,,Y,,,Y,,A,01,1,0,0,0,0,0,1,0,0,"- ","- ",37.616401672363281,-120.98239898681641,STANISLAUS,UNINCORPORATED,-120.98246002197266,37.616458892822266
91173236,2020,2020-01-24,9465,2020-01-23,0605,018222,,4,1,9,5000,0,3,5,,2,050,"GAFFERY ROAD","KOSTER ROAD",13.00,E,N,A,-,N,,,,,,,,,,Y,2,0,3,2,A,-,09,21800,B,N,D,C,A,A,H,-,D,D,0,,,,,Y,,D,22,3,0,0,0,0,0,0,0,0,"- ","- ",37.594570159912109,-121.32396697998047,STANISLAUS,UNINCORPORATED,-121.32393646240234,37.594570159912109
91175412,2020,2020-02-10,9465,2020-01-25,2015,021337,,6,2,4,5001,0,1,3,,2,041,"SR-99 N/B","WHITMORE AVENUE",380.00,S,N,B,-,Y,,,99,,,,,,N,Y,2,0,4,2,A,-,01,23152,A,F,B,C,A,A,H,-,C,D,0,,,,,Y,Y,D,22,2,0,2,0,0,0,0,0,0,"- ","- ",37.587718963623047,-120.95182037353516,STANISLAUS,CERES,-120.95208740234375,37.587413787841797
91179559,2020,2020-02-04,9465,2020-01-26,0452,021062,,7,3,9,5000,0,3,5,,2,050,"GRAYSON ROAD","COX AVENUE",2640.00,E,N,C,-,N,,,,,,,,,,Y,2,0,3,3,A,-,01,23152,A,N,B,C,A,B,H,-,D,D,0,,,,,Y,Y,A,01,1,1,1,0,0,0,0,0,0,"- ","- ",37.565330505371094,-121.169921875,STANISLAUS,UNINCORPORATED,-121.17081451416016,37.565189361572266
91180048,2019,2020-02-10,9465,2019-11-02,0040,021770,,6,3,9,5000,0,1,1,,2,055,"I-5 N/B","DEL PUERTO CANYON ROAD",1056.00,N,N,A,-,Y,,,5,,,,,,N,Y,1,1,0,3,A,-,11,21954,A,F,G,B,E,A,H,-,D,D,0,Y,,,,Y,Y,N,60,0,0,0,1,0,0,0,0,0,"- ","- ",37.4658203125,-121.18226623535156,STANISLAUS,UNINCORPORATED,-121.18229675292969,37.465793609619141
91181314,2020,2020-02-06,9465,2020-01-09,1210,018998,,4,1,9,5000,0,1,3,,2,053,"STATE ROUTE 33","STANISLAUS ROAD",4605.00,N,N,B,C,Y,,,33,,,,,,,Y,1,1,0,3,A,-,06,21751,,N,A,C,A,B,H,-,A,D,0,,,,Y,Y,,A,01,0,0,0,0,0,0,0,0,0,"- ","- ",37.578151702880859,-121.23052978515625,STANISLAUS,UNINCORPORATED,-121.23052215576172,37.578155517578125
91183344,2020,2020-02-10,9465,2020-01-24,1759,021783,,5,2,9,5000,0,1,3,,2,053,"STATE ROUTE 33","WEST STANISLAUS ROAD",200.00,N,N,A,-,Y,,,33,,,,,,,Y,2,0,2,2,A,-,06,21751,,N,A,C,A,A,H,-,D,D,0,,,,,Y,Y,A,01,1,0,1,0,0,0,0,0,0,"- ","- ",37.570220947265625,-121.22186279296875,STANISLAUS,UNINCORPORATED,-121.22184753417969,37.570236206054688
91183701,2019,2020-02-10,9465,2019-12-25,0847,018259,,3,1,9,5000,0,2,4,,2,058,"LAS PALMAS AVENUE","CHESTNUT AVENUE",740.00,E,N,B,-,N,,,,,,,,,,Y,1,1,0,1,A,-,01,23152,A,N,E,I,A,B,H,-,A,D,0,,,,,Y,Y,D,22,0,0,0,0,0,0,0,0,0,"- ","- ",37.484210968017578,-121.10238647460938,STANISLAUS,UNINCORPORATED,-121.10250854492188,37.4842529296875
91184208,2020,2020-02-11,9465,2020-02-02,0125,021235,,7,3,9,5000,0,2,4,,2,034,"GEER ROAD","WHITMORE AVENUE",730.00,N,N,E,-,N,,,,,,,,,,Y,2,0,2,2,A,-,01,23152,A,N,E,C,A,A,H,-,D,D,0,,,,,Y,Y,D,22,2,0,0,0,0,0,0,0,0,"- ","- ",37.596588134765625,-120.84728240966797,STANISLAUS,UNINCORPORATED,-120.84727478027344,37.596706390380859
91192326,2020,2020-02-24,9465,2020-02-22,1125,018259,,6,1,9,5000,0,1,1,,2,055,"SOUTHBOUND I-5","DIABLO GRANDE PARKWAY",0.00,,Y,A,-,Y,,,5,,,,,,,N,2,0,1,2,A,-,09,21802,A,F,D,C,A,A,H,-,A,A,0,,,Y,,Y,,A,07,1,0,0,0,0,0,0,0,1,"- ","- ",37.463539123535156,-121.180908203125,STANISLAUS,UNINCORPORATED,-121.180908,37.463538999999997
91192814,2020,2020-02-25,9465,2020-02-10,2145,021239,,1,2,9,5000,0,1,3,,2,041,"9TH STREET","HATCH ROAD",1147.00,N,N,A,-,Y,,,,,,,,,,N,2,0,1,2,A,-,11,21954,A,F,G,B,D,A,H,-,C,D,0,Y,,,,Y,,N,60,1,0,0,0,1,0,0,0,0,"- ","- ",37.611858367919922,-120.98030090332031,STANISLAUS,UNINCORPORATED,,
91193511,2020,2020-02-25,9465,2020-02-11,2315,018623,,2,3,9,5000,0,1,3,,2,041,"STATE ROUTE 99 (SOUTHBOUND)","STATE ROUTE 165",2275.00,S,N,A,-,Y,,,99,,,,,,,Y,1,1,1,1,A,-,08,22107,,N,E,I,A,A,H,-,D,D,0,,,,,Y,,A,01,1,0,0,0,0,0,0,0,0,"- ","- ",37.470558166503906,-120.84087371826172,STANISLAUS,UNINCORPORATED,-120.84087371826172,37.470546722412109
91194156,2020,2020-02-26,9465,2020-02-15,1320,019155,,6,1,9,5000,0,1,3,,2,011,"STATE ROUTE 99 (NORTHBOUND)","KANSAS AVENUE",750.00,S,N,A,-,Y,,,99,,,,,,,Y,2,0,1,3,A,-,03,22350,,N,C,C,A,A,H,-,A,D,0,,,Y,,Y,,C,02,1,0,0,0,0,0,0,0,1,"- ","- ",37.644519805908203,-121.01445007324219,STANISLAUS,UNINCORPORATED,-121.01441192626953,37.644580841064453
9119849,2020,2020-08-27,5002,2020-05-29,0527,11789,,5,5,6,5002,0,0,0,,0,MP32,"CARPENTER RD","ROBERTSON RD",272.00,S,N,A,-,N,,,,,,,,,,,2,0,1,2,A,-,11,21955,,F,G,B,D,A,H,-,D,D,0,Y,,,,Y,,N,60,1,0,0,0,1,0,0,0,0,"- ","- ",,,STANISLAUS,MODESTO,-121.03044891357422,37.612483978271484
91208730,2020,2020-03-16,9465,2020-03-05,0010,021770,,4,3,9,5000,0,3,5,,2,030,"FRAZINE ROAD","GARST ROAD",765.00,S,N,A,-,N,,,,,,,,,,Y,2,0,3,1,A,-,08,22107,,F,E,I,A,A,H,-,D,D,0,,,,,Y,,A,01,1,1,1,0,0,0,0,0,0,"- ","- ",37.650718688964844,-120.91187286376953,STANISLAUS,UNINCORPORATED,-120.91187286376953,37.650741577148438
91210474,2019,2020-04-14,9465,2019-08-28,2148,020914,,3,2,9,5000,0,3,5,,2,020,"OAKDALE-WATERFORD HIGHWAY","MILNES ROAD",5808.00,S,N,A,-,N,,,,,,,,,,Y,1,3,0,2,A,-,06,21751,,N,A,C,A,A,H,-,D,D,0,,,,,Y,,A,01,0,0,0,0,0,0,0,0,0,"- ","- ",37.668628692626953,-120.79192352294922,STANISLAUS,UNINCORPORATED,-120.79265594482422,37.669200897216797
91212054,2020,2020-03-19,9465,2020-03-15,2005,021066,,7,2,9,5000,0,3,5,,2,040,"HATCH ROAD","BOULDER AVENUE",0.00,,Y,C,-,N,,,,,,,,,,Y,2,0,1,2,A,-,11,21954,A,N,G,B,D,B,H,-,D,D,0,Y,,,,Y,Y,N,60,1,0,0,0,1,0,0,0,0,"- ","- ",37.609420776367188,-120.98625183105469,STANISLAUS,UNINCORPORATED,-120.98623657226562,37.609409332275391
91212402,2019,2020-04-21,9465,2019-08-01,2330,021235,,4,3,9,5000,0,3,5,,2,040,"FULKERTH ROAD","COMMONS ROAD",100.00,E,N,A,-,N,,,,,,,,,,N,1,1,0,2,A,-,11,21954,A,F,G,B,E,A,H,-,D,D,0,Y,,,,Y,Y,N,60,0,0,0,1,0,0,0,0,0,"- ","- ",37.507171630859375,-120.91277313232422,STANISLAUS,UNINCORPORATED,-120.91245269775391,37.507171630859375
9121546,2020,2020-09-03,5001,2020-06-28,0522,883,,7,5,4,5001,0,0,0,,0,,"E WHITMORE AVE","N CENTRAL AVE",473.00,W,N,A,-,,,,,,,,,,,Y,2,0,1,1,A,-,01,23152,A,N,E,I,A,A,H,-,A,D,0,,,,,Y,Y,A,01,1,0,0,0,0,0,0,0,0,"- ","- ",,,STANISLAUS,CERES,-120.95852661132812,37.594749450683594
91215707,2019,2020-04-27,9465,2019-12-02,1400,021511,,1,2,9,5000,0,3,5,,2,030,"FINCH ROAD","S. MCCLURE ROAD",720.00,E,N,B,-,N,,,,,,,,,,Y,1,1,0,1,A,-,01,23152,F,N,E,I,A,B,H,-,A,D,0,,,,Y,Y,,F,27,0,0,0,0,0,0,0,0,0,"- ","- ",37.625110626220703,-120.92700958251953,STANISLAUS,UNINCORPORATED,-120.92737579345703,37.624992370605469
91215845,2019,2020-03-25,9465,2019-12-14,2110,021226,,6,2,9,5000,0,1,3,,1,032,"STATE ROUTE 132","HAZELDEAN ROAD",48.00,W,N,B,C,Y,,,132,,,,,,,Y,1,1,0,2,A,-,01,23152,A,N,C,C,A,B,H,-,D,A,0,,,,Y,Y,Y,A,01,0,0,0,0,0,0,0,0,0,"- ","- ",37.646640777587891,-120.69593811035156,STANISLAUS,UNINCORPORATED,-120.69593811035156,37.646636962890625
91221189,2020,2020-04-06,9465,2020-02-29,0438,020914,,6,3,6,5002,0,1,3,,2,011,"STATE ROUTE 99 (SOUTHBOUND)","WOODLAND AVENUE",1054.00,S,N,A,-,Y,,,99,,,,,,,N,1,1,0,2,D,-,00,,,N,G,B,E,A,H,-,D,D,0,Y,,,,Y,,-,"- ",0,0,0,1,0,0,0,0,0,"- ","- ",37.650989532470703,-121.02259063720703,STANISLAUS,MODESTO,-121.02256011962891,37.651027679443359
91226194,2020,2020-04-16,9465,2020-04-10,1820,021022,,5,2,9,5000,0,1,3,,1,031,SR-132,"B STREET",0.00,,Y,B,-,Y,,,132,,,,,,,Y,2,0,1,2,A,-,01,23152,A,N,D,C,A,A,H,-,A,D,0,,,Y,,Y,Y,A,01,1,0,0,0,0,0,0,0,1,"- ","- ",37.638309478759766,-120.90699005126953,STANISLAUS,UNINCORPORATED,-120.90699005126953,37.638256072998047
91227867,2020,2020-04-21,9465,2020-04-10,2100,021549,,5,2,6,5002,0,1,3,,2,011,"STATE ROUTE 99 (NORTHBOUND)","K STREET",30.00,S,N,A,-,Y,,,99,,,,,,,N,2,0,1,2,A,-,11,21954,A,N,G,B,E,A,H,-,D,D,0,Y,,,,Y,,N,60,1,0,0,0,1,0,0,0,0,"- ","- ",37.638160705566406,-121.00550842285156,STANISLAUS,MODESTO,-121.00547027587891,37.638210296630859
91228116,2020,2020-04-21,9465,2020-04-16,0540,019517,,4,3,9,5000,0,3,5,,2,040,"FULKERTH ROAD","BYSTRUM ROAD",0.00,,Y,A,-,Y,,,,,,,,,,Y,2,0,2,2,A,-,12,22450,A,N,D,C,A,A,H,-,D,D,0,,,,,Y,,A,01,1,1,0,0,0,0,0,0,0,"- ","- ",37.507480621337891,-120.98561096191406,STANISLAUS,UNINCORPORATED,-120.98558807373047,37.507480621337891
91238419,2019,2020-05-15,9465,2019-10-05,2220,020099,,6,3,9,5000,0,2,S,,2,904,"OLIVERO ROAD","JIM WAY",1056.00,W,N,A,-,N,,,,,,,,,,N,1,1,0,2,A,-,11,21956,,F,G,B,E,A,H,-,D,D,0,Y,,,,Y,,N,60,0,0,0,1,0,0,0,0,0,"- ","- ",37.608150482177734,-120.78781890869141,STANISLAUS,UNINCORPORATED,-120.98858642578125,37.608169555664062
91243455,2020,2021-07-14,9465,2020-05-21,0025,019982,,4,3,9,5000,0,1,3,,2,022,"STATE ROUTE 108/120","LANCASTER ROAD",2376.00,E,N,A,-,Y,,,120,,,,,,,Y,2,0,1,1,A,-,01,23152,A,N,E,I,A,A,H,-,D,D,0,,,,,Y,Y,A,01,1,0,0,0,0,0,0,0,0,"- ","- ",37.787410736083984,-120.73040771484375,STANISLAUS,UNINCORPORATED,-120.73041534423828,37.787429809570312
91246923,2020,2020-06-03,9465,2020-05-15,1605,021337,,5,2,9,5000,0,1,3,,1,032,SR-132,"CRABTREE ROAD",195.00,W,N,A,-,Y,,,132,,,,,,,Y,1,1,0,1,C,-,18,,,N,E,I,A,A,H,-,A,D,0,,,Y,,Y,,-,"- ",0,0,0,0,0,0,0,1,0,"- ","- ",37.643791198730469,-120.61395263671875,STANISLAUS,UNINCORPORATED,-120.61392211914062,37.643783569335938
91250105,2020,2020-07-29,9465,2020-05-12,0824,019155,,2,1,9,5000,0,3,5,,2,040,"GOLF ROAD","HARDING ROAD",85.00,N,N,A,-,N,,,,,,,,,,Y,2,0,1,2,A,-,05,21460,A,N,B,C,A,A,H,-,A,D,0,,,Y,,Y,,A,07,1,0,0,0,0,0,0,0,1,"- ","- ",37.463729858398438,-120.83087158203125,STANISLAUS,UNINCORPORATED,-120.83084106445312,37.463691711425781
91252701,2020,2020-06-16,9465,2020-06-04,0425,021337,,4,3,9,5000,0,1,3,,1,032,SR-132,"GEER ROAD",0.00,,Y,C,-,Y,,,132,,,,,,,Y,2,0,3,2,A,-,12,21453,A,N,D,C,A,B,H,-,D,A,0,,,,,Y,,A,01,1,1,1,0,0,0,0,0,0,"- ","- ",37.638679504394531,-120.84767150878906,STANISLAUS,UNINCORPORATED,-120.84767150878906,37.638729095458984
91254238,2020,2020-06-19,9465,2020-06-12,1313,017558,,5,1,9,5000,0,3,5,,2,020,"SIERRA RD","WREN ROAD",679.00,E,N,A,-,N,,,,,,,,,,Y,2,0,5,3,A,-,05,21460,A,N,A,C,A,A,H,-,A,D,0,,,,,Y,,A,07,1,3,1,0,0,0,0,0,0,"- ","- ",37.761829376220703,-120.80393218994141,STANISLAUS,UNINCORPORATED,-120.80473327636719,37.761882781982422
91256583,2020,2020-06-24,9465,2020-06-20,1030,018623,,6,1,9,5000,0,3,5,,2,010,"SR-99 NORTHBOUND","CARPENTER ROAD",1100.00,S,N,A,-,Y,,,,,,,,,,Y,2,0,1,2,A,-,07,21658,A,N,B,C,A,A,H,-,A,D,0,,,,,Y,,A,01,1,0,0,0,0,0,0,0,0,"- ","- ",37.664138793945312,-121.02822875976562,STANISLAUS,UNINCORPORATED,-121.02857208251953,37.664215087890625
91262674,2020,2020-07-03,9465,2020-06-20,1635,020833,,6,2,9,5000,0,2,4,,2,016,"CLARIBEL ROAD","OAKDALE ROAD",0.00,,Y,A,-,N,,,,,,,,,,Y,2,0,2,3,A,-,01,23152,A,N,D,C,A,A,H,-,A,A,0,,,,,Y,Y,D,22,1,0,1,0,0,0,0,0,0,"- ","- ",37.71099853515625,-120.95829772949219,STANISLAUS,UNINCORPORATED,-120.95838165283203,37.710971832275391
91263412,2020,2020-07-06,9465,2020-06-27,1825,020575,,6,2,9,5000,0,3,5,,2,040,"FOOTE ROAD","BARNHART ROAD",17.00,N,N,A,-,N,,,,,,,,,,N,2,0,1,1,A,-,08,22107,,N,F,C,A,A,H,-,A,D,0,,,Y,,Y,Y,C,02,1,0,0,0,0,0,0,0,1,"- ","- ",37.544101715087891,-120.91120147705078,STANISLAUS,UNINCORPORATED,-120.91127777099609,37.544055938720703
91263995,2020,2020-07-06,9465,2020-06-21,1145,019155,,7,1,9,5000,0,1,3,,2,021,"STATE ROUTE 120","26 MILE ROAD",0.00,,Y,A,-,Y,,,120,,,,,,,Y,2,0,4,3,A,-,09,21802,A,N,D,C,A,A,H,-,A,D,0,,,,,Y,,D,22,1,0,3,0,0,0,0,0,0,"- ","- ",37.788650512695312,-120.86392211914062,STANISLAUS,UNINCORPORATED,-120.86395263671875,37.788608551025391
91264939,2020,2020-07-08,9465,2020-07-05,0125,021062,,7,3,9,5000,0,1,1,,2,056,"INTERSTATE 5","FINK ROAD",3168.00,S,N,A,-,Y,,,5,,,,,,,Y,2,0,1,1,A,-,08,22107,,N,F,A,A,A,H,-,D,D,0,,,,,Y,,A,01,1,0,0,0,0,0,0,0,0,"- ","- ",37.388999938964844,-121.13188171386719,STANISLAUS,UNINCORPORATED,-121.13207244873047,37.388866424560547
91265722,2020,2020-07-09,9465,2020-07-03,0220,021368,,5,3,9,5000,0,1,3,,2,041,"STATE ROUTE 99 (SOUTHBOUND)","TAYLOR ROAD",6.00,S,N,A,-,Y,,,99,,,,,,,Y,2,0,2,1,A,-,08,22107,,N,E,I,A,A,H,-,D,D,0,,,,,Y,,A,01,1,1,0,0,0,0,0,0,0,"- ","- ",37.536998748779297,-120.89256286621094,STANISLAUS,UNINCORPORATED,-120.89249420166016,37.537044525146484
91265942,2020,2020-07-09,9465,2020-06-29,0506,020914,,1,3,9,5000,0,1,1,,2,055,"INTERSTATE 5 (NORTHBOUND)","KHALSA ROAD",6336.00,N,N,A,-,Y,,,5,,,,,,,Y,2,0,1,1,A,-,08,22107,,N,F,A,A,A,H,-,B,D,0,,,,Y,Y,,G,25,1,0,0,0,0,0,0,0,0,"- ","- ",37.575450897216797,-121.31310272216797,STANISLAUS,UNINCORPORATED,-121.31315612792969,37.57537841796875
91271640,2020,2020-07-21,9465,2020-07-10,0935,019730,,5,1,9,5000,0,3,5,,2,030,"SERVICE ROAD","ESMAR ROAD",845.00,E,N,A,-,N,,,,,,,,,,N,2,0,1,2,A,-,08,22107,,F,G,B,F,A,H,-,A,D,0,Y,,,,Y,,D,22,1,0,0,0,1,0,0,0,0,"- ","- ",37.580230712890625,-120.926513671875,STANISLAUS,UNINCORPORATED,-120.926626,37.580286000000001
91275273,2020,2020-07-28,9465,2020-07-13,0216,020642,,1,3,9,5000,0,3,5,,2,010,"WOODLAND AVENUE","CLARK ROAD",78.00,W,N,A,-,N,,,,,,,,,,Y,2,0,1,3,A,-,01,23152,A,N,E,I,A,A,H,-,D,D,0,,,,,Y,Y,A,01,1,0,0,0,0,0,0,0,0,"- ","- ",37.652469635009766,-121.086181640625,STANISLAUS,UNINCORPORATED,-121.086181640625,37.652492523193359
91275425,2020,2020-07-28,9465,2020-07-16,0730,018059,,4,1,9,5000,0,3,5,,2,020,"SONORA ROAD","FRANKENHEIMER ROAD",5597.00,N,N,A,-,N,,,,,,,,,,Y,2,0,1,1,A,-,03,22350,,N,F,A,A,A,H,-,A,D,0,,,,,Y,,A,01,1,0,0,0,0,0,0,0,0,"- ","- ",37.869838714599609,-120.79290771484375,STANISLAUS,UNINCORPORATED,-120.79362487792969,37.869823455810547
91277258,2020,2020-07-30,9465,2020-07-23,1202,017787,,4,1,9,5000,0,2,A,,2,850,"SIERRA ROAD","LAUGHLIN ROAD",1584.00,E,N,A,-,N,,,,,,,,,,N,2,0,1,1,A,-,08,22107,,N,F,A,A,A,G,-,A,D,0,,Y,,,Y,,L,04,1,0,0,0,0,0,1,0,0,"- ","- ",37.761871337890625,-120.79235076904297,STANISLAUS,UNINCORPORATED,-120.79241180419922,37.761890411376953
91280104,2020,2020-08-04,9465,2020-07-23,2225,021770,,4,3,5,5007,0,1,3,,2,041,"SR-99 S/B","W. LINWOOD AVE.",535.00,N,N,A,-,Y,,,99,,,,,,S,Y,2,0,2,3,A,-,01,23152,A,N,B,C,A,A,H,-,D,D,0,,,,,Y,Y,A,01,1,1,0,0,0,0,0,0,0,"- ","- ",37.479198455810547,-120.861328125,STANISLAUS,TURLOCK,-120.86131286621094,37.479228973388672
91284352,2020,2020-08-11,9465,2020-08-05,1310,018222,,3,1,9,5000,0,3,5,,2,030,"RIVER ROAD","BYSTRUM ROAD",5.00,E,N,A,-,N,,,,,,,,,,Y,2,0,2,2,A,-,09,21801,A,N,A,C,A,A,H,-,A,D,0,,,,,Y,,A,07,1,0,1,0,0,0,0,0,0,"- ","- ",37.626068115234375,-120.98441314697266,STANISLAUS,UNINCORPORATED,-120.98444366455078,37.626079559326172