CASE_ID,ACCIDENT_YEAR,PROC_DATE,JURIS,COLLISION_DATE,COLLISION_TIME,OFFICER_ID,REPORTING_DISTRICT,DAY_OF_WEEK,CHP_SHIFT,POPULATION,CNTY_CITY_LOC,SPECIAL_COND,BEAT_TYPE,CHP_BEAT_TYPE,CITY_DIVISION_LAPD,CHP_BEAT_CLASS,BEAT_NUMBER,PRIMARY_RD,SECONDARY_RD,DISTANCE,DIRECTION,INTERSECTION,WEATHER_1,WEATHER_2,STATE_HWY_IND,CALTRANS_COUNTY,CALTRANS_DISTRICT,STATE_ROUTE,ROUTE_SUFFIX,POSTMILE_PREFIX,POSTMILE,LOCATION_TYPE,RAMP_INTERSECTION,SIDE_OF_HWY,TOW_AWAY,COLLISION_SEVERITY,NUMBER_KILLED,NUMBER_INJURED,PARTY_COUNT,PRIMARY_COLL_FACTOR,PCF_CODE_OF_VIOL,PCF_VIOL_CATEGORY,PCF_VIOLATION,PCF_VIOL_SUBSECTION,HIT_AND_RUN,TYPE_OF_COLLISION,MVIW,PED_ACTION,ROAD_SURFACE,ROAD_COND_1,ROAD_COND_2,LIGHTING,CONTROL_DEVICE,CHP_ROAD_TYPE,PEDESTRIAN_ACCIDENT,BICYCLE_ACCIDENT,MOTORCYCLE_ACCIDENT,TRUCK_ACCIDENT,NOT_PRIVATE_PROPERTY,ALCOHOL_INVOLVED,STWD_VEHTYPE_AT_FAULT,CHP_VEHTYPE_AT_FAULT,COUNT_SEVERE_INJ,COUNT_VISIBLE_INJ,COUNT_COMPLAINT_PAIN,COUNT_PED_KILLED,COUNT_PED_INJURED,COUNT_BICYCLIST_KILLED,COUNT_BICYCLIST_INJURED,COUNT_MC_KILLED,COUNT_MC_INJURED,PRIMARY_RAMP,SECONDARY_RAMP,LATITUDE,LONGITUDE,COUNTY,CITY,POINT_X,POINT_Y
91284434,2020,2020-08-18,9465,2020-08-02,0300,021549,,7,3,9,5000,0,3,5,,2,040,"ESMAR ROAD","KEYES ROAD",0.00,,Y,A,-,N,,,,,,,,,,Y,2,0,4,1,A,-,01,23152,A,N,E,I,A,A,H,-,D,A,0,,,,,Y,Y,A,01,2,2,0,0,0,0,0,0,0,"- ","- ",37.55120849609375,-120.93412780761719,STANISLAUS,UNINCORPORATED,-120.93414306640625,37.551231384277344
91288416,2020,2020-08-18,9465,2020-08-18,0935,018222,,2,1,9,5000,0,3,5,,2,010,"HAMMETT ROAD","CICCARELLI ROAD",1085.00,S,N,A,-,N,,,,,,,,,,N,2,0,1,2,A,-,03,22350,,N,C,G,A,A,H,-,A,D,0,,Y,,,Y,,D,22,1,0,0,0,0,0,1,0,0,"- ","- ",37.714920043945312,-121.10502624511719,STANISLAUS,UNINCORPORATED,-121.10503387451172,37.715049743652344
9128882,2020,2020-09-12,5002,2020-06-24,2123,13253,M479,3,5,6,5002,0,0,0,,0,033,"CHICAGO AV","HARON LN",0.00,,Y,A,-,N,,,,,,,,,,N,2,0,1,2,A,-,08,22107,,N,D,G,A,A,H,-,D,D,0,,Y,,,Y,,L,,1,0,0,0,0,0,1,0,0,"- ","- ",,,STANISLAUS,MODESTO,-121.01628875732422,37.625968933105469
9128886,2020,2020-09-12,5002,2020-06-26,1700,11857,384,5,5,6,5002,0,0,0,,0,041,"9TH ST","M ST",0.00,,Y,A,-,N,,,,,,,,,,Y,2,0,1,2,A,-,09,21802,,N,D,C,A,A,H,-,A,A,0,,,Y,,Y,,A,,1,0,0,0,0,0,0,0,1,"- ","- ",,,STANISLAUS,MODESTO,-121.00469970703125,37.642650604248047
91289323,2020,2020-08-20,9465,2020-06-22,0158,021062,,1,3,9,5000,0,1,3,,2,045,"STATE ROUTE 165 (LANDER AVENUE)","GREENWAY AVENUE",0.00,,Y,A,-,Y,,,165,,,,,,,Y,1,1,1,2,A,-,09,21801,A,F,A,C,A,A,H,-,C,D,0,,,Y,,Y,Y,A,01,0,1,0,0,0,0,0,1,0,"- ","- ",37.467300415039062,-120.84906768798828,STANISLAUS,UNINCORPORATED,-120.84905242919922,37.467300415039062
9129123,2020,2020-10-08,5002,2020-07-07,1221,13281,,2,5,6,5002,0,0,0,,0,MP61,"COLLEGE AV","ROSEBURG AV",0.00,,Y,-,-,N,,,,,,,,,,Y,2,0,2,3,A,-,01,23152,F,N,A,C,A,A,H,-,A,A,0,,,,,Y,,A,01,2,0,0,0,0,0,0,0,0,"- ","- ",,,STANISLAUS,MODESTO,-121.00755310058594,37.660308837890625
91297644,2020,2020-09-02,9465,2020-08-14,1540,019730,,5,2,9,5000,0,1,3,,2,023,"STATE ROUTE 108","LANGWORTH ROAD",330.00,E,N,A,-,Y,,,108,,,,,,,Y,2,0,2,2,A,-,03,22350,,N,C,C,A,A,H,-,A,D,0,,,Y,,Y,,C,02,1,1,0,0,0,0,0,0,2,"- ","- ",37.754360198974609,-120.89662933349609,STANISLAUS,UNINCORPORATED,-120.89662933349609,37.754360198974609
91297794,2020,2020-09-02,9465,2020-08-13,2500,020374,,4,4,9,5000,0,3,5,,2,030,"KEYES ROAD","SWANSON ROAD",722.00,E,N,A,-,N,,,,,,,,,,Y,1,1,0,1,A,-,01,23152,F,N,E,I,A,A,H,-,D,D,0,,,,,Y,,A,01,0,0,0,0,0,0,0,0,0,"- ","- ",37.551120758056641,-120.78067016601562,STANISLAUS,UNINCORPORATED,-120.78044891357422,37.551151275634766
9129813,2020,2020-10-07,5002,2020-07-16,1817,11797,M436,4,5,6,5002,0,0,0,,0,042,"EDGEBROOK DR","COVENA AV",295.00,E,N,A,-,N,,,,,,,,,,N,2,0,1,1,A,-,03,22350,A,N,H,A,A,A,H,-,A,D,0,,Y,,,Y,,L,04,1,0,0,0,0,0,1,0,0,"- ","- ",,,STANISLAUS,MODESTO,-120.97108459472656,37.646659851074219
9129851,2020,2020-11-05,5002,2020-07-21,1542,11531,,2,5,6,5002,0,0,0,,0,MP62,"BRIGGSMORE AV","CARVER RD",0.00,,Y,A,-,N,,,,,,,,,,Y,2,0,2,2,A,-,12,21453,A,N,D,C,A,A,H,-,A,A,0,,,,,Y,,D,22,1,0,1,0,0,0,0,0,0,"- ","- ",,,STANISLAUS,MODESTO,-121.02214050292969,37.671489715576172
91304136,2020,2020-09-14,9465,2020-09-02,2244,021235,,3,3,9,5000,0,3,5,,2,040,"WASHINGTON STREET","IDAHO ROAD",65.00,N,N,A,-,N,,,,,,,,,,Y,2,0,1,2,A,-,09,21804,A,N,F,A,A,A,H,-,D,D,0,,,Y,,Y,,A,01,1,0,0,0,0,0,0,0,1,"- ","- ",37.454608917236328,-120.90360260009766,STANISLAUS,UNINCORPORATED,-120.90361022949219,37.45458984375
91304626,2020,2020-09-15,9465,2020-09-06,0230,021770,,7,3,9,5000,0,3,5,,2,040,"OLIVERO ROAD","JIM WAY",440.00,W,N,A,-,N,,,,,,,,,,N,2,0,1,1,A,-,03,22350,,N,F,A,A,A,H,-,C,D,0,,,Y,,Y,,C,02,1,0,0,0,0,0,0,0,1,"- ","- ",37.608169555664062,-120.98654174804688,STANISLAUS,UNINCORPORATED,-120.98645782470703,37.608169555664062
91309804,2020,2020-09-23,9465,2020-08-10,0250,020642,,1,3,9,5000,0,1,3,,2,011,"STATE ROUTE 99 (NORTHBOUND)","SIERRA DRIVE",50.00,N,N,A,-,Y,,,,,,,,,,N,1,1,0,4,A,-,11,21954,A,F,G,B,E,A,H,-,C,D,0,Y,,,,Y,,N,60,0,0,0,1,0,0,0,0,0,"- ","- ",37.631160736083984,-120.99777221679688,STANISLAUS,UNINCORPORATED,-120.99810028076172,37.631111145019531
91310049,2020,2020-09-23,9465,2020-08-24,1544,019730,,1,2,9,5000,0,3,5,,2,030,"HAWKINS ROAD","EAST KEYES ROAD",1584.00,N,N,A,-,N,,,,,,,,,,Y,1,1,1,2,A,-,05,21460,A,N,A,C,A,A,H,-,A,D,0,,,,,Y,,A,01,0,0,1,0,0,0,0,0,0,"- ","- ",37.555431365966797,-120.64572906494141,STANISLAUS,UNINCORPORATED,-120.64574432373047,37.555389404296875
91311915,2020,2020-09-25,9465,2020-09-14,0838,018259,,1,1,9,5000,0,1,1,,2,055,"I-5 NB","FINK ROAD",3960.00,S,N,A,-,Y,,,5,,,,,,N,Y,2,0,3,1,A,-,08,22107,,N,F,A,A,A,H,-,A,D,0,,,,,Y,,A,01,1,2,0,0,0,0,0,0,0,"- ","- ",37.388710021972656,-121.13188171386719,STANISLAUS,UNINCORPORATED,-121.13193511962891,37.388671875
9131490,2020,2020-09-30,5002,2020-07-27,1433,890,B206,1,5,6,5002,0,0,0,,0,003,"EAST HATCH RD","ANGIE AV",198.00,W,N,A,-,N,,,,,,,,,,Y,2,0,5,2,A,-,09,21801,A,N,D,C,A,A,H,-,A,D,0,,,,,Y,,A,71,1,4,0,0,0,0,0,0,0,"- ","- ",37.609298706054688,-120.93879699707031,STANISLAUS,MODESTO,-120.94084167480469,37.60931396484375
91318192,2020,2020-10-06,9465,2020-08-25,0657,017558,,2,1,9,5000,0,2,4,,2,024,"ALBERS ROAD","STATE ROUTE 132",267.00,N,N,A,-,N,,,,,,,,,,Y,1,1,1,2,A,-,09,21801,A,N,D,C,A,A,H,-,A,D,0,,,Y,,Y,,A,07,0,1,0,0,0,0,0,1,0,"- ","- ",37.639549255371094,-120.84780883789062,STANISLAUS,UNINCORPORATED,-120.847708,37.639463999999997
91318771,2020,2020-10-06,9465,2020-09-27,1855,020985,,7,2,9,5000,0,3,5,,2,030,"SANTA FE AVENUE","EUCLID ROAD",0.00,,Y,A,-,N,,,,,,,,,,Y,2,0,3,2,A,-,12,22450,A,N,A,C,A,A,H,-,C,D,0,,,,,Y,,A,01,1,1,1,0,0,0,0,0,0,"- ","- ",37.5802001953125,-120.85199737548828,STANISLAUS,UNINCORPORATED,-120.85202026367188,37.580211639404297
91327470,2020,2020-10-20,9465,2020-10-04,2340,021337,,7,3,9,5000,0,1,3,,2,041,"SR-99 S/B","EL CAMINO AVENUE",184.00,W,N,A,-,Y,,,,,,,,,,Y,2,0,2,1,A,-,01,23152,A,N,E,I,A,A,H,-,D,D,0,,,,,Y,Y,A,01,2,0,0,0,0,0,0,0,0,"- ","- ",37.591598510742188,-120.95688629150391,STANISLAUS,UNINCORPORATED,,
91327485,2020,2020-10-20,9465,2020-08-29,1050,019376,,6,1,9,5000,0,2,4,,2,042,"CROWS LANDING ROAD","WEST LINWOOD AVENUE",0.00,,Y,A,-,N,,,,,,,,,,Y,1,1,2,2,A,-,12,22450,A,N,D,C,A,A,H,-,A,A,0,,,,,Y,,D,22,0,0,2,0,0,0,0,0,0,"- ","- ",37.478469848632812,-120.99507904052734,STANISLAUS,UNINCORPORATED,-120.99507141113281,37.478450775146484
91336597,2020,2020-11-02,9465,2020-08-12,0123,021235,,3,3,9,5000,0,3,5,,2,040,"SOUTH WALNUT ROAD","WEST HARDING ROAD",0.00,,Y,A,-,N,,,,,,,,,,Y,1,1,1,2,A,-,01,23152,A,N,E,I,A,A,H,-,D,D,0,,,,,Y,Y,A,01,0,0,1,0,0,0,0,0,0,"- ","- ",37.463790893554688,-120.86727142333984,STANISLAUS,UNINCORPORATED,-120.86724090576172,37.463741302490234
91343739,2020,2020-11-12,9465,2020-11-07,2340,021770,,6,3,9,5000,0,3,5,,2,010,"OAKDALE ROAD","CLARIBEL ROAD",955.00,S,N,A,-,N,,,,,,,,,,Y,2,0,2,1,A,-,01,23152,A,N,E,I,A,A,H,-,D,D,0,,,,,Y,Y,A,01,1,1,0,0,0,0,0,0,0,"- ","- ",37.708549499511719,-120.95848846435547,STANISLAUS,UNINCORPORATED,-120.95832824707031,37.708347320556641
91347789,2020,2020-11-18,9465,2020-11-10,1600,018623,,2,2,9,5000,0,1,3,,1,031,SR-132,"CODONI AVENUE",998.00,W,N,A,-,Y,,,132,,,,,,,N,2,0,1,2,A,-,06,21750,,N,B,C,A,A,H,-,A,D,0,,,Y,,Y,,C,02,1,0,0,0,0,0,0,0,1,"- ","- ",37.638248443603516,-120.915771484375,STANISLAUS,UNINCORPORATED,-120.915771484375,37.638210296630859
91347872,2020,2020-11-18,9465,2020-10-24,1825,020985,,6,2,9,5000,0,3,5,,2,030,"WHITMORE AVENUE","BALDWIN ROAD",0.00,,Y,A,-,N,,,,,,,,,,Y,1,1,0,2,A,-,09,21801,A,N,D,C,A,A,H,-,B,D,0,,,Y,,Y,,A,01,0,0,0,0,0,0,0,1,0,"- ","- ",37.594779968261719,-120.88818359375,STANISLAUS,UNINCORPORATED,-120.88819885253906,37.594779968261719
91348768,2020,2020-11-19,9465,2020-11-04,0934,018259,,3,1,9,5000,0,1,1,,2,055,"INTERSTATE 5 S/B","INGRAM CREEK ROAD",750.00,N,N,A,-,Y,,,5,,,,,,S,Y,2,0,1,1,A,-,08,22107,,N,E,I,A,A,H,-,A,D,0,,,,Y,Y,,G,27,1,0,0,0,0,0,0,0,0,"- ","- ",37.541160583496094,-121.26957702636719,STANISLAUS,UNINCORPORATED,-121.26948547363281,37.541282653808594
91355094,2020,2020-11-30,9465,2020-11-19,2147,021226,,4,2,9,5000,0,3,5,,2,030,"GRATTON ROAD","HAMLOW RD",400.00,N,N,A,-,N,,,,,,,,,,Y,2,0,1,1,A,-,01,23152,A,N,E,I,A,A,H,-,D,D,0,,,,,Y,Y,D,22,1,0,0,0,0,0,0,0,0,"- ","- ",37.559818267822266,-120.79186248779297,STANISLAUS,UNINCORPORATED,-120.79206848144531,37.559516906738281
91355419,2020,2020-11-30,9465,2020-11-18,0937,019155,,3,1,9,5000,0,3,5,,2,050,"HOWARD ROAD","STARK ROAD",2904.00,W,N,A,-,N,,,,,,,,,,Y,2,0,2,2,A,-,06,21751,,N,A,C,A,A,H,-,A,D,0,,,,,Y,,A,01,2,0,0,0,0,0,0,0,0,"- ","- ",37.536598205566406,-121.22316741943359,STANISLAUS,UNINCORPORATED,-121.22358703613281,37.536594390869141
91356615,2020,2020-12-01,9465,2020-11-27,2020,019713,,5,2,9,5000,0,1,1,,2,055,"INTERSTATE 5 (SOUTHBOUND)","DIABLO GRANDE PARKWAY",5808.00,N,N,A,-,Y,,,5,,,,,,,N,2,0,3,1,A,-,08,22107,,F,E,I,A,A,H,-,D,D,0,,,,,Y,,A,01,2,0,1,0,0,0,0,0,0,"- ","- ",37.479900360107422,-121.19689178466797,STANISLAUS,UNINCORPORATED,-121.1968994140625,37.479888916015625
91356908,2020,2020-12-02,9465,2020-11-20,2136,021062,,5,2,9,5000,0,1,3,,2,015,"STATE ROUTE 219 (KIERNAN AVENUE)","SISK ROAD",0.00,,Y,A,-,Y,,,219,,,,,,,Y,2,0,1,2,A,-,09,21453,B,N,C,C,A,A,H,-,C,A,0,,,Y,,Y,,A,07,1,0,0,0,0,0,0,0,1,"- ","- ",37.711128234863281,-121.07782745361328,STANISLAUS,UNINCORPORATED,-121.07778167724609,37.710865020751953
91359234,2020,2020-12-04,9465,2020-11-06,2300,019982,,5,3,9,5000,0,1,3,,2,028,"STATE ROUTE 4","DUNTON ROAD",2143.00,E,N,A,-,Y,,,4,,,,,,,Y,1,1,0,1,A,-,01,23152,G,N,E,J,A,A,H,-,D,D,0,,,,,Y,Y,A,01,0,0,0,0,0,0,0,0,0,"- ","- ",37.937278747558594,-120.79810333251953,STANISLAUS,UNINCORPORATED,-120.79810333251953,37.937294006347656
91364082,2020,2020-12-11,9465,2020-12-09,0503,019152,,3,3,9,5000,0,3,5,,2,010,"BLUE GUM AVE.","CLARK RD",600.00,W,N,A,-,N,,,,,,,,,,Y,2,0,1,1,A,-,08,22107,,N,E,I,A,A,H,-,D,D,0,,,,,Y,,A,01,1,0,0,0,0,0,0,0,0,"- ","- ",37.660011291503906,-121.08827209472656,STANISLAUS,UNINCORPORATED,-121.08802032470703,37.659927368164062
91368084,2020,2020-12-16,9465,2020-11-08,0104,021783,,7,3,9,5000,0,1,3,,2,041,"STATE ROUTE 99 (SOUTHBOUND)","GOLF ROAD",704.00,N,N,A,-,Y,,,99,,,,,,,Y,1,1,0,2,A,-,01,23152,A,N,C,C,A,A,H,-,D,D,0,,,,Y,Y,Y,A,01,0,0,0,0,0,0,0,0,0,"- ","- ",37.467578887939453,-120.83318328857422,STANISLAUS,UNINCORPORATED,-120.83319854736328,37.467529296875
91369017,2020,2020-12-17,9465,2020-12-08,1923,019713,,2,2,9,5000,0,1,3,,2,041,"STATE ROUTE 99 (SOUTHBOUND)","LANDER AVENUE",1078.00,S,N,A,-,Y,,,99,,,,,,,Y,2,0,1,2,A,-,01,23152,F,N,C,C,A,A,H,-,D,D,0,,,,,Y,,A,01,1,0,0,0,0,0,0,0,0,"- ","- ",37.472339630126953,-120.84552001953125,STANISLAUS,UNINCORPORATED,-120.84550476074219,37.472370147705078
91374954,2020,2020-12-24,9465,2020-12-15,0613,018222,,2,1,9,5000,0,3,5,,2,030,"HICKMAN ROAD","KEYES ROAD",7425.00,N,N,E,-,N,,,,,,,,,,Y,2,0,2,2,A,-,09,21801,,N,D,C,A,B,H,-,D,D,0,,,,,Y,,D,22,1,1,0,0,0,0,0,0,0,"- ","- ",37.572040557861328,-120.75562286376953,STANISLAUS,UNINCORPORATED,-120.75554656982422,37.551151275634766
91383104,2020,2021-01-07,9465,2020-11-27,0330,021636,,5,3,9,5000,0,1,3,,2,053,"STATE ROUTE 33 NORTHBOUND","GAFFERY ROAD",3696.00,S,N,A,-,Y,,,33,,,,,,N,Y,1,1,0,1,A,-,01,23152,A,N,F,A,A,A,H,-,D,D,0,,,,,Y,Y,A,01,0,0,0,0,0,0,0,0,0,"- ","- ",37.58673095703125,-121.23989105224609,STANISLAUS,UNINCORPORATED,-121.23989868164062,37.586715698242188
91388722,2021,2021-01-18,9465,2021-01-10,1730,021239,,7,2,9,5000,0,3,5,,2,030,"SONORA AVENUE","AVON STREET",160.00,E,N,A,-,N,,,,,,,,,,Y,2,0,1,4,A,-,01,23152,A,N,B,C,A,A,H,-,C,D,0,,,,,Y,Y,A,01,1,0,0,0,0,0,0,0,0,"- ","- ",37.620250701904297,-120.97862243652344,STANISLAUS,UNINCORPORATED,-120.97870635986328,37.620246887207031
9139042,2020,2020-10-09,5002,2020-08-05,1734,831,B304,3,5,6,5002,0,0,0,,0,003,"ANGIE AV","ADRIEN WY",15.00,S,N,A,-,N,,,,,,,,,,N,2,0,1,3,A,-,21,22106,,N,B,C,A,A,H,-,A,D,0,,,Y,,Y,,A,01,1,0,0,0,0,0,0,0,1,"- ","- ",37.611091613769531,-120.93968963623047,STANISLAUS,MODESTO,-120.94013214111328,37.610446929931641
91390450,2021,2021-01-19,9465,2021-01-09,1818,020575,,6,2,9,5000,0,3,5,,2,040,"CENTRAL AVENUE","WEST MAIN AVENUE",1056.00,N,N,A,-,N,,,,,,,,,,N,2,0,1,2,A,-,08,22107,,N,G,B,E,A,H,-,D,D,0,Y,,,,Y,Y,D,22,1,0,0,0,1,0,0,0,0,"- ","- ",37.496280670166016,-120.95841979980469,STANISLAUS,UNINCORPORATED,-120.95847320556641,37.495731353759766
91391206,2021,2021-01-20,9465,2021-01-16,0219,021783,,6,3,9,5000,0,1,3,,2,041,"STATE ROUTE 99 (NORTHBOUND)","CROWS LANDING ROAD",350.00,S,N,A,-,Y,,,99,,,,,,,Y,2,0,1,1,A,-,01,23152,A,N,F,A,A,A,H,-,D,D,0,,,,,Y,Y,A,01,1,0,0,0,0,0,0,0,0,"- ","- ",37.618400573730469,-120.99234008789062,STANISLAUS,UNINCORPORATED,-120.99246215820312,37.618167877197266
9139471,2020,2020-09-03,5006,2020-03-13,1545,503115,RPD,5,5,3,5006,0,0,0,,0,RP1,"HOLBROOK DR","MARRS LN",55.00,S,N,A,-,N,,,,,,,,,,N,2,0,1,2,A,-,09,21801,,N,D,C,A,A,H,-,A,D,0,,,,,Y,,M,94,1,0,0,0,0,0,0,0,0,"- ","- ",,,STANISLAUS,RIVERBANK,-120.93766021728516,37.722221374511719
91403055,2021,2021-02-05,9465,2021-02-03,2136,021549,,3,2,9,5000,0,2,4,,2,016,"CLARIBEL ROAD","OAKDALE ROAD",2680.00,W,N,A,-,N,,,,,,,,,,N,2,0,1,2,A,-,11,21954,A,N,G,B,E,A,H,-,D,D,0,Y,,,,Y,,N,60,1,0,0,0,1,0,0,0,0,"- ","- ",37.710960388183594,-120.96784210205078,STANISLAUS,UNINCORPORATED,-120.96763610839844,37.71099853515625
91406538,2021,2021-02-11,9465,2021-02-03,0700,018324,,3,1,9,5000,0,3,5,,2,040,"MORGAN ROAD","W. MAIN STREET",1932.00,S,N,A,-,N,,,,,,,,,,Y,2,0,2,2,A,-,03,22350,,N,C,C,A,A,H,-,A,D,0,,,,,Y,,A,01,1,0,1,0,0,0,0,0,0,"- ","- ",37.487548828125,-120.97640991210938,STANISLAUS,UNINCORPORATED,-120.97640991210938,37.487575531005859
91408245,2021,2021-02-15,9465,2021-01-31,0240,021770,,7,3,9,5000,0,1,1,,2,055,"I-5 S/B","DEL PUERTO CANYON ROAD",13939.00,N,N,A,-,Y,,,5,,,,,,S,Y,2,0,1,1,A,-,08,22107,,N,F,A,A,A,H,-,D,D,0,,,,,Y,,A,01,1,0,0,0,0,0,0,0,0,"- ","- ",37.493480682373047,-121.21067810058594,STANISLAUS,UNINCORPORATED,-121.21067047119141,37.493492126464844
91419652,2021,2021-03-03,9465,2021-02-26,1337,020457,,5,1,9,5000,0,3,5,,2,050,"MCCRACKEN ROAD","GAFFERY ROAD",0.00,,Y,A,-,N,,,,,,,,,,Y,2,0,3,2,A,-,09,21802,A,N,D,C,A,A,H,-,A,A,0,,,,,Y,,A,01,1,2,0,0,0,0,0,0,0,"- ","- ",37.594699859619141,-121.26920318603516,STANISLAUS,UNINCORPORATED,-121.26921081542969,37.594738006591797
91420431,2021,2021-03-04,9465,2021-03-02,0920,021062,,2,1,9,5000,0,3,5,,2,030,"BEARD AVENUE","RODNEY AVENUE",15.00,S,N,A,-,N,,,,,,,,,,Y,2,0,1,2,A,-,03,22350,,N,F,A,A,A,H,-,A,A,0,,,Y,,Y,,C,02,1,0,0,0,0,0,0,0,1,"- ","- ",37.636909484863281,-120.94357299804688,STANISLAUS,UNINCORPORATED,-120.94358062744141,37.636970520019531
91426302,2021,2021-03-12,9465,2021-03-07,0835,018222,,7,1,9,5000,0,3,5,,2,020,"MILNES ROAD","OAKDALE-WATERFORD HIGHWAY",5275.00,W,N,A,-,N,,,,,,,,,,Y,2,0,1,1,A,-,08,22107,,N,E,I,A,A,H,-,A,D,0,,,,,Y,,A,01,1,0,0,0,0,0,0,0,0,"- ","- ",37.682121276855469,-120.82266998291016,STANISLAUS,UNINCORPORATED,-120.82255554199219,37.682155609130859
91430465,2020,2021-03-18,9465,2020-12-05,2210,020457,,6,3,9,5000,0,2,4,,2,026,"CLARIBEL ROAD","LANGWORTH ROAD",0.00,,Y,A,-,N,,,,,,,,,,Y,1,1,8,2,A,-,01,23152,A,N,D,C,A,A,H,-,C,A,0,,,,,Y,Y,A,01,3,5,0,0,0,0,0,0,0,"- ","- ",37.711009979248047,-120.89398193359375,STANISLAUS,UNINCORPORATED,-120.89398193359375,37.711021423339844
91433500,2020,2021-03-23,9465,2020-09-20,2140,021368,,7,2,9,5000,0,2,4,,2,043,"WEST MAIN STREET","WASHINGTON ROAD",449.00,W,N,A,-,N,,,,,,,,,,Y,1,1,0,2,A,-,03,22350,,N,C,C,A,A,H,-,D,D,0,,,Y,,Y,,A,01,0,0,0,0,0,0,0,1,0,"- ","- ",37.492641448974609,-120.90518951416016,STANISLAUS,UNINCORPORATED,-120.90512847900391,37.492656707763672
91434402,2021,2021-03-24,9465,2021-03-21,1410,019713,,7,2,9,5000,0,1,1,,2,055,"INTERSTATE 5","KERN CREEK ROAD UC",3168.00,S,N,A,-,Y,,,,,,,,,,Y,2,0,3,1,A,-,01,23152,A,N,E,I,A,A,H,-,A,D,0,,,,,Y,Y,A,01,1,0,2,0,0,0,0,0,0,"- ","- ",35.508998870849609,-121.22997283935547,STANISLAUS,UNINCORPORATED,-121.23811340332031,37.515422821044922
91439219,2021,2021-03-30,9465,2021-03-27,0240,021549,,6,3,9,5000,0,3,5,,2,030,"KEYES ROAD","DOWNIE ROAD",840.00,W,N,A,-,N,,,,,,,,,,Y,2,0,1,1,A,-,01,23152,A,N,E,I,A,A,H,-,D,D,0,,,,,Y,Y,A,01,1,0,0,0,0,0,0,0,0,"- ","- ",37.551189422607422,-120.77668762207031,STANISLAUS,UNINCORPORATED,-120.77664947509766,37.551166534423828
91439494,2021,2021-03-30,9465,2021-03-25,1920,019713,,4,2,9,5000,0,3,5,,2,050,"MARSHALL ROAD","WARD AVENUE",1584.00,E,N,A,-,N,,,,,,,,,,Y,2,0,1,1,A,-,08,22107,,N,E,I,A,A,H,-,D,D,0,,,,,Y,,A,01,1,0,0,0,0,0,0,0,0,"- ","- ",37.435409545898438,-121.13487243652344,STANISLAUS,UNINCORPORATED,-121.13583374023438,37.435371398925781
91441802,2021,2021-06-15,9465,2021-03-29,2110,021636,,1,2,9,5000,0,3,5,,2,040,"KEYES ROAD","JENNINGS ROAD",205.00,W,N,A,-,N,,,,,,,,,,Y,2,0,1,1,A,-,01,23152,A,N,E,I,A,A,H,-,D,D,0,,,,,Y,Y,A,07,1,0,0,0,0,0,0,0,0,"- ","- ",37.5513916015625,-121.06729888916016,STANISLAUS,UNINCORPORATED,-121.06743621826172,37.551418304443359
91449219,2021,2021-04-13,9465,2021-04-04,0200,021368,,7,3,9,5000,0,1,3,,2,015,"STATE ROUTE 219 (KIERNAN AVENUE)","TULLY ROAD",782.00,E,N,A,-,Y,,,,,,,,,,Y,2,0,2,1,A,-,01,23152,A,N,F,A,A,A,H,-,C,D,0,,,,,Y,Y,A,01,2,0,0,0,0,0,0,0,0,"- ","- ",37.211071014404297,-121.00869750976562,STANISLAUS,UNINCORPORATED,-121.01038360595703,37.711170196533203
91452769,2021,2021-04-19,9465,2021-04-08,0826,018324,,4,1,9,5000,0,3,5,,2,040,"IMPERIAL AVENUE","RUTHERFORD STREET",8.00,E,N,A,-,N,,,,,,,,,,Y,2,0,1,2,A,-,09,21802,A,N,D,C,A,A,H,-,A,A,0,,,Y,,Y,,A,01,1,0,0,0,0,0,0,0,1,"- ","- ",37.600868225097656,-121.00855255126953,STANISLAUS,UNINCORPORATED,-121.00861358642578,37.600799560546875
91454333,2021,2021-04-20,9465,2021-04-13,1425,020885,,2,2,4,5001,0,1,3,,2,041,"SR-99 (S/B) TO S. 9TH ST/HATCH ROAD","HATCH RD",1742.00,N,N,A,-,Y,,,,,,,,,,Y,2,0,1,1,A,-,08,22107,,N,B,I,A,A,H,-,A,D,0,,,,,Y,,A,01,1,0,0,0,0,0,0,0,0,"- ","- ",37.613208770751953,-120.98033905029297,STANISLAUS,CERES,-120.97683715820312,37.609340667724609
91456169,2021,2021-04-22,9465,2021-04-15,2205,021226,,4,3,9,5000,0,3,5,,2,030,"COOPERSTOWN ROAD","FRENCHBAR ROAD",19008.00,W,N,A,-,N,,,,,,,,,,Y,2,0,1,1,A,-,08,22107,,N,F,A,A,A,H,-,D,D,0,,,,,Y,,A,07,1,0,0,0,0,0,0,0,0,"- ","- ",37.716648101806641,-120.51905822753906,STANISLAUS,UNINCORPORATED,,