CASE_ID,ACCIDENT_YEAR,PROC_DATE,JURIS,COLLISION_DATE,COLLISION_TIME,OFFICER_ID,REPORTING_DISTRICT,DAY_OF_WEEK,CHP_SHIFT,POPULATION,CNTY_CITY_LOC,SPECIAL_COND,BEAT_TYPE,CHP_BEAT_TYPE,CITY_DIVISION_LAPD,CHP_BEAT_CLASS,BEAT_NUMBER,PRIMARY_RD,SECONDARY_RD,DISTANCE,DIRECTION,INTERSECTION,WEATHER_1,WEATHER_2,STATE_HWY_IND,CALTRANS_COUNTY,CALTRANS_DISTRICT,STATE_ROUTE,ROUTE_SUFFIX,POSTMILE_PREFIX,POSTMILE,LOCATION_TYPE,RAMP_INTERSECTION,SIDE_OF_HWY,TOW_AWAY,COLLISION_SEVERITY,NUMBER_KILLED,NUMBER_INJURED,PARTY_COUNT,PRIMARY_COLL_FACTOR,PCF_CODE_OF_VIOL,PCF_VIOL_CATEGORY,PCF_VIOLATION,PCF_VIOL_SUBSECTION,HIT_AND_RUN,TYPE_OF_COLLISION,MVIW,PED_ACTION,ROAD_SURFACE,ROAD_COND_1,ROAD_COND_2,LIGHTING,CONTROL_DEVICE,CHP_ROAD_TYPE,PEDESTRIAN_ACCIDENT,BICYCLE_ACCIDENT,MOTORCYCLE_ACCIDENT,TRUCK_ACCIDENT,NOT_PRIVATE_PROPERTY,ALCOHOL_INVOLVED,STWD_VEHTYPE_AT_FAULT,CHP_VEHTYPE_AT_FAULT,COUNT_SEVERE_INJ,COUNT_VISIBLE_INJ,COUNT_COMPLAINT_PAIN,COUNT_PED_KILLED,COUNT_PED_INJURED,COUNT_BICYCLIST_KILLED,COUNT_BICYCLIST_INJURED,COUNT_MC_KILLED,COUNT_MC_INJURED,PRIMARY_RAMP,SECONDARY_RAMP,LATITUDE,LONGITUDE,COUNTY,CITY,POINT_X,POINT_Y
91461013,2021,2021-06-09,9465,2021-03-03,1308,018059,,3,1,9,5000,0,1,1,,2,055,"INTERSTATE 5 (SOUTHBOUND)","SAN JOAQUIN COUNTY LINE",872.00,S,N,A,-,Y,,,5,,,,,,,Y,1,2,2,2,A,-,03,22350,,N,C,C,A,A,H,-,A,D,0,,,,Y,Y,,F,26,0,2,0,0,0,0,0,0,0,"- ","- ",37.589241027832031,-121.33168792724609,STANISLAUS,UNINCORPORATED,-121.33169555664062,37.5892333984375
91461067,2021,2021-04-29,9465,2021-03-14,1554,020914,,7,2,9,5000,0,1,3,,2,041,"STATE ROUTE 99 (NORTHBOUND)","ZEFF ROAD",235.00,S,N,A,-,Y,,,99,,,,,,,Y,2,0,6,4,A,-,03,22350,,N,B,C,A,A,H,-,A,D,0,,,,,Y,,A,01,1,2,3,0,0,0,0,0,0,"- ","- ",37.624378204345703,-120.99604034423828,STANISLAUS,UNINCORPORATED,-120.99606323242188,37.624374389648438
91462959,2021,2021-05-06,9465,2021-03-09,1525,020985,,2,2,9,5000,0,1,3,,1,031,"STATE ROUTE 132","SANTA FE AVENUE",170.00,W,N,A,-,Y,,,132,,,,,,,Y,1,1,0,2,A,-,01,23152,F,N,H,F,A,A,H,-,A,A,0,,,,,Y,,A,07,0,0,0,0,0,0,0,0,0,"- ","- ",37.638229370117188,-120.90355682373047,STANISLAUS,UNINCORPORATED,-120.90355682373047,37.638263702392578
91483338,2021,2021-05-27,9465,2021-05-16,0920,018955,,7,1,9,5000,0,1,3,,2,015,SR-219,"SISK ROAD",0.00,,Y,A,-,Y,,,219,,,,,,,Y,2,0,4,2,A,-,12,21453,A,N,D,C,A,A,H,-,A,A,0,,,,,Y,,A,01,1,3,0,0,0,0,0,0,0,"- ","- ",37.711078643798828,-121.07740783691406,STANISLAUS,UNINCORPORATED,-121.07740783691406,37.710899353027344
91487270,2021,2021-06-02,9465,2021-05-15,2350,021239,,6,3,9,5000,0,3,5,,2,030,"GEER ROAD","SANTA FE AVENUE",750.00,S,N,A,-,N,,,,,,,,,,Y,2,0,2,2,A,-,01,23152,A,N,A,C,A,A,H,-,C,D,0,,,,,Y,Y,A,01,2,0,0,0,0,0,0,0,0,"- ","- ",37.573200225830078,-120.84706115722656,STANISLAUS,UNINCORPORATED,-120.84706878662109,37.573329925537109
91493674,2021,2021-06-10,9465,2021-05-29,1040,018222,,6,1,9,5000,0,3,5,,2,020,"MILTON ROAD","STATE ROUTE 4",5940.00,S,N,A,-,N,,,,,,,,,,Y,2,0,1,1,A,-,08,22107,,N,F,A,A,A,H,-,A,D,0,,,Y,,Y,,C,02,1,0,0,0,0,0,0,0,1,"- ","- ",37.928531646728516,-120.84425354003906,STANISLAUS,UNINCORPORATED,-120.84405517578125,37.928516387939453
91497025,2021,2021-06-15,9465,2021-05-21,2052,020914,,5,2,9,5000,0,2,4,,2,042,"CROWS LANDING ROAD","SERVICE ROAD",2375.00,S,N,A,-,N,,,,,,,,,,Y,2,0,2,2,A,-,01,23152,A,N,A,C,A,A,H,-,C,D,0,,,,,Y,Y,A,01,1,0,1,0,0,0,0,0,0,"- ","- ",37.577678680419922,-120.99362945556641,STANISLAUS,UNINCORPORATED,-120.99368286132812,37.573879241943359
91500368,2021,2021-06-18,9465,2021-06-07,2011,018274,,1,2,9,5000,0,3,5,,2,020,"ORANGE BLOSSOM ROAD","HORSESHOE ROAD",420.00,E,N,A,-,N,,,,,,,,,,Y,2,0,3,1,A,-,03,22350,,N,E,I,A,A,H,-,A,D,0,,,,,Y,,A,01,3,0,0,0,0,0,0,0,0,"- ","- ",37.810108184814453,-120.71910858154297,STANISLAUS,UNINCORPORATED,-120.72524261474609,37.804107666015625
91500439,2021,2021-06-18,9465,2021-06-07,1106,017558,,1,1,9,5000,0,3,5,,2,020,"PATTERSON ROAD","CRANE ROAD",0.00,,Y,A,-,N,,,,,,,,,,Y,2,0,2,2,A,-,09,21801,A,N,A,C,A,A,H,-,A,D,0,,,,,Y,,A,07,1,1,0,0,0,0,0,0,0,"- ","- ",37.732818603515625,-120.88121795654297,STANISLAUS,UNINCORPORATED,-120.88124084472656,37.732795715332031
91504908,2021,2021-06-24,9465,2021-05-31,2205,020642,,1,3,9,5000,0,1,3,,1,032,"STATE ROUTE 132","SANTA FE AVENEUE",0.00,,Y,A,-,Y,,,132,,,,,,,Y,2,0,2,2,A,-,09,21801,A,N,D,C,A,A,H,-,C,A,0,,,,,Y,Y,D,22,1,0,1,0,0,0,0,0,0,"- ","- ",37.638229370117188,-120.90309143066406,STANISLAUS,UNINCORPORATED,-120.90309143066406,37.638263702392578
91514685,2021,2021-07-07,9465,2021-04-28,0750,019155,,3,1,9,5000,0,3,5,,2,030,"SANTA FE AVENUE","KEYES ROAD",606.00,S,N,A,-,N,,,,,,,,,,Y,1,2,1,2,A,-,01,23152,F,N,A,C,A,A,H,-,A,D,0,,,,,Y,,A,07,0,1,0,0,0,0,0,0,0,"- ","- ",37.549831390380859,-120.82089233398438,STANISLAUS,UNINCORPORATED,-120.82094573974609,37.549842834472656
91531373,2021,2021-07-29,9465,2021-07-17,1626,021022,,6,2,9,5000,0,3,5,,2,030,"TENAYA DRIVE","MITCHELL ROAD",1056.00,E,N,A,-,N,,,,,,,,,,N,2,0,1,2,A,-,08,22107,,N,B,E,A,A,H,-,A,D,0,,,Y,,Y,,C,02,1,0,0,0,0,0,0,0,1,"- ","- ",37.63092041015625,-120.95603942871094,STANISLAUS,UNINCORPORATED,-120.95566558837891,37.630519866943359
91535401,2021,2021-11-01,9465,2021-07-19,2255,021636,,1,3,9,5000,0,3,5,,2,030,"S. 9TH ST","RIVER ROAD",100.00,S,N,A,-,N,,,,,,,,,,Y,2,0,1,2,A,-,07,21658,A,N,B,C,A,A,H,-,C,D,0,,,,,Y,,-,"- ",1,0,0,0,0,0,0,0,0,"- ","- ",37.625480651855469,-120.98681640625,STANISLAUS,UNINCORPORATED,-120.98699188232422,37.625930786132812
91535411,2021,2021-08-06,9465,2021-03-27,2042,020833,,6,2,9,5000,0,3,5,,2,020,"VALLEY HOME ROAD","LAMBUTH ROAD",425.00,N,N,A,-,N,,,,,,,,,,Y,1,1,3,3,A,-,01,23152,A,N,C,C,A,A,H,-,D,D,0,,,Y,,Y,Y,C,02,0,0,3,0,0,0,0,1,0,"- ","- ",37.816001892089844,-120.89694213867188,STANISLAUS,UNINCORPORATED,-120.89547729492188,37.814830780029297
91535508,2021,2021-08-03,9465,2021-07-22,1507,021783,,4,2,9,5000,0,1,3,,2,012,"STATE ROUTE 132","PAULINE AVENUE",0.00,,N,A,-,Y,,,132,,,,,,,N,2,0,1,2,A,-,11,21954,A,N,G,B,D,A,H,-,A,D,0,Y,,,Y,Y,,N,60,1,0,0,0,1,0,0,0,0,"- ","- ",37.638301849365234,-121.05570220947266,STANISLAUS,UNINCORPORATED,-121.05570220947266,37.638385772705078
91545008,2021,2021-08-16,9465,2021-06-02,1910,020575,,3,2,9,5000,0,2,4,,2,042,"CROWS LANDING ROAD","CARPENTER ROAD",170.00,N,N,A,-,N,,,,,,,,,,Y,2,0,1,2,A,-,08,22107,,N,D,C,A,A,H,-,A,D,0,,,,,Y,,A,01,1,0,0,0,0,0,0,0,0,"- ","- ",37.433139801025391,-121.01154327392578,STANISLAUS,UNINCORPORATED,-121.01168060302734,37.433097839355469
91546008,2021,2021-08-16,9465,2021-08-11,0743,018324,,3,1,4,5001,0,1,3,,2,041,"SR-99 N/B","PINE STREET",600.00,S,N,A,-,Y,,,99,,,,,,N,Y,2,0,3,3,A,-,03,22350,,N,C,C,A,A,H,-,A,D,0,,,,,Y,,A,01,1,2,0,0,0,0,0,0,0,"- ","- ",37.586910247802734,-120.95159149169922,STANISLAUS,CERES,-120.95156097412109,37.586944580078125
91566284,2021,2021-09-09,9465,2021-08-29,0840,018623,,7,1,9,5000,0,2,4,,2,024,"ALBERS ROAD","DUSTY LANE",2370.00,S,N,A,-,N,,,,,,,,,,Y,2,0,8,2,A,-,05,21460,C,N,B,C,A,A,H,-,A,D,0,,,,,Y,,A,07,1,6,1,0,0,0,0,0,0,"- ","- ",37.653999328613281,-120.84793853759766,STANISLAUS,UNINCORPORATED,-120.84794616699219,37.653831481933594
91566308,2021,2021-09-09,9465,2021-08-29,1855,020833,,7,2,9,5000,0,3,5,,2,010,"CARPENTER ROAD","ROBERTSON ROAD",0.00,,Y,A,-,N,,,,,,,,,,N,2,0,1,2,A,-,09,21801,A,N,D,C,A,A,H,-,A,A,0,,,Y,,Y,,A,08,1,0,0,0,0,0,0,0,1,"- ","- ",37.613239288330078,-121.03041076660156,STANISLAUS,UNINCORPORATED,-121.03041076660156,37.613231658935547
91571679,2021,2021-09-16,9465,2021-08-31,2050,021239,,2,2,9,5000,0,3,5,,2,040,"CROWS LANDING ROAD","WEST MAIN STREET",60.00,S,N,A,-,N,,,,,,,,,,Y,2,0,2,1,A,-,01,23152,A,N,E,I,A,A,H,-,C,D,0,,,,,Y,Y,A,01,1,0,1,0,0,0,0,0,0,"- ","- ",37.492778778076172,-120.99465179443359,STANISLAUS,UNINCORPORATED,-120.99456024169922,37.492824554443359
91578831,2021,2021-09-24,9465,2021-08-27,1414,021226,,5,2,6,5002,0,1,1,,2,056,"INTERSTATE 5 (SOUTHBOUND)","STUHR ROAD",2640.00,S,N,A,-,Y,,,,,,,,,,Y,2,0,1,2,A,-,01,23152,A,N,F,A,A,A,H,-,A,D,0,,,,,Y,Y,A,08,1,0,0,0,0,0,0,0,0,"- ","- ",37.312721252441406,-121.10590362548828,STANISLAUS,MODESTO,-121.10958099365234,37.323589324951172
91583800,2021,2021-09-30,9465,2021-05-28,1340,017966,,5,1,9,5000,0,3,5,,2,010,"COFFEE ROAD","CRAWFORD ROAD",300.00,N,N,A,-,N,,,,,,,,,,Y,1,1,1,2,A,-,06,21750,A,N,D,C,A,A,H,-,A,D,0,,,Y,,Y,,C,02,0,0,1,0,0,0,0,1,0,"- ","- ",37.719600677490234,-120.976806640625,STANISLAUS,UNINCORPORATED,-120.97678399999999,37.719062999999998
91583884,2021,2021-09-30,9465,2021-05-18,1857,018274,,2,2,9,5000,0,3,5,,2,020,"ORANGE BLOSSOM ROAD","LANCASTER ROAD",20.00,N,N,A,-,N,,,,,,,,,,Y,1,2,3,2,A,-,01,23152,A,N,A,C,A,A,H,-,A,D,0,,,,,Y,Y,D,22,2,1,0,0,0,0,0,0,0,"- ","- ",37.782699584960938,-120.76644897460938,STANISLAUS,UNINCORPORATED,-120.76642608642578,37.782752990722656
91593917,2021,2021-10-12,9465,2021-09-26,0027,021770,,7,3,9,5000,0,3,5,,2,030,"FAITH HOME ROAD","EAST REDWOOD ROAD.",759.00,N,N,A,-,N,,,,,,,,,,Y,2,0,1,2,A,-,01,23152,A,N,B,C,A,A,H,-,D,D,0,,,,,Y,Y,D,22,1,0,0,0,0,0,0,0,0,"- ","- ",37.575008392333984,-120.92040252685547,STANISLAUS,UNINCORPORATED,-120.92041778564453,37.57513427734375
91593928,2021,2021-10-12,9465,2021-09-20,1232,019730,,1,1,9,5000,0,3,5,,2,030,"MITCHELL ROAD","RIVERSIDE DRIVE",2254.00,N,N,A,-,N,,,,,,,,,,Y,2,0,3,3,A,-,01,23153,A,N,C,C,A,A,H,-,A,D,0,,,,,Y,Y,A,01,1,2,0,0,0,0,0,0,0,"- ","- ",37.630168914794922,-120.95651245117188,STANISLAUS,UNINCORPORATED,-120.95458984375,37.629138946533203
91593985,2021,2021-10-12,9465,2021-09-25,1447,021235,,6,2,9,5000,0,3,5,,2,020,"STATE ROUTE 108","CLAUS ROAD",50.00,E,N,A,-,Y,,,,,,,,,,Y,2,0,1,2,A,-,08,22107,,M,A,C,A,A,H,-,A,D,0,,,Y,,Y,,C,02,1,0,0,0,0,0,0,0,1,"- ","- ",37.773708343505859,-120.92220306396484,STANISLAUS,UNINCORPORATED,-120.92205810546875,37.737106323242188
91594386,2021,2021-10-12,9465,2021-09-17,1110,019155,,5,1,9,5000,0,2,4,,2,024,"ALBERS ROAD","MILNES ROAD",1320.00,S,N,A,-,N,,,,,,,,,,Y,2,0,1,3,A,-,05,21650,,N,A,C,A,A,H,-,A,D,0,,,,Y,Y,,A,01,1,0,0,0,0,0,0,0,0,"- ","- ",37.677341461181641,-120.84818267822266,STANISLAUS,UNINCORPORATED,-120.84816741943359,37.678443908691406
91594534,2020,2021-10-12,9465,2020-10-31,1923,021022,,6,2,9,5000,0,3,5,,2,030,"SOUTH 9TH STREET","LOMBARDO AVENUE",0.00,,Y,A,-,N,,,,,,,,,,Y,1,1,0,3,A,-,01,23152,G,N,D,C,A,A,H,-,C,D,0,,,Y,,Y,Y,C,02,0,0,0,0,0,0,0,1,0,"- ","- ",37.621570587158203,-120.98573303222656,STANISLAUS,UNINCORPORATED,-120.98578643798828,37.621608734130859
91599325,2021,2021-10-18,9465,2021-07-30,1503,021022,,5,2,9,5000,0,1,3,,2,041,"SR-99 NORTHBOUND","FULKERTH ROAD",230.00,N,N,A,-,Y,,,,,,,,,,Y,1,1,0,3,A,-,07,21658,A,N,B,C,A,A,H,-,A,D,0,,,,,Y,,A,01,0,0,0,0,0,0,0,0,0,"- ","- ",37.508369445800781,-120.87824249267578,STANISLAUS,UNINCORPORATED,-120.87721252441406,37.506412506103516
91600177,2021,2021-10-19,9465,2021-10-01,2200,021239,,5,3,4,5001,0,1,3,,2,011,"SR-99 SOUTHBOUND TO HATCH ROAD","HATCH ROAD",0.00,,Y,A,-,Y,,,99,,,,R,,S,N,2,0,1,2,A,-,12,21453,A,F,G,B,B,A,H,-,E,A,0,Y,,,,Y,,-,99,1,0,0,0,1,0,0,0,0,"- ","- ",37.609390258789062,-120.97722625732422,STANISLAUS,CERES,-120.97722625732422,37.609390258789062
91610871,2021,2021-10-29,9465,2021-08-04,1530,020833,,3,2,9,5000,0,3,5,,2,010,"WOODLAND AVENUE","CLARK ROAD",100.00,W,N,A,-,N,,,,,,,,,,Y,1,1,0,1,A,-,01,23152,A,N,F,A,A,A,H,-,A,D,0,,,,,Y,Y,A,01,0,0,0,0,0,0,0,0,0,"- ","- ",37.652458190917969,-121.08657073974609,STANISLAUS,UNINCORPORATED,-121.08625793457031,37.652484893798828
91610911,2021,2021-10-29,9465,2021-10-11,0455,021337,,1,3,9,5000,0,2,4,,2,034,SR-132,"RESERVOIR ROAD",1584.00,E,N,A,-,Y,,,132,,,,,,,Y,2,0,3,1,A,-,01,23152,A,N,F,A,A,A,H,-,D,D,0,,,,,Y,,A,07,2,0,1,0,0,0,0,0,0,"- ","- ",37.64678955078125,-120.67591094970703,STANISLAUS,UNINCORPORATED,-120.67591094970703,37.64678955078125
9161612,2020,2020-10-23,5007,2020-08-04,1249,5792,TPD,2,5,5,5007,0,0,0,,0,BEAT1,"EAST MONTE VISTA AV","GEER AV",483.00,E,N,A,-,N,,,,,,,,,,Y,2,0,2,2,A,-,09,21804,A,N,D,C,A,A,H,-,A,D,0,,,,,Y,,A,01,1,0,1,0,0,0,0,0,0,"- ","- ",,,STANISLAUS,TURLOCK,-120.84721374511719,37.521953582763672
91623918,2021,2021-11-15,9465,2021-09-07,2110,021062,,2,2,9,5000,0,3,5,,2,020,"STATE ROUTE 108","CRAWFORD ROAD",1854.00,W,N,A,-,Y,,,108,,,,,,,Y,1,1,1,2,A,-,01,23152,G,N,C,C,A,A,H,-,D,D,0,,,,,Y,Y,A,01,0,1,0,0,0,0,0,0,0,"- ","- ",37.7164306640625,-120.99513244628906,STANISLAUS,UNINCORPORATED,-120.99508666992188,37.7164306640625
91625639,2021,2021-11-16,9465,2021-09-28,1217,018259,,2,1,9,5000,0,3,5,,2,040,"FULKERTH ROAD","BYSTRUM ROAD",963.00,E,N,E,G,N,,,,,,,,,,Y,2,0,5,3,A,-,05,21650,,N,A,C,A,A,H,-,A,D,0,,,,,Y,,A,01,1,3,1,0,0,0,0,0,0,"- ","- ",37.507461547851562,-120.98197174072266,STANISLAUS,UNINCORPORATED,-120.98226928710938,37.507461547851562
91632208,2021,2021-11-22,9465,2021-07-30,0620,019730,,5,1,9,5000,0,3,5,,2,030,"KEYES ROAD","MOUNTAIN VIEW ROAD",0.00,,Y,A,-,N,,,,,,,,,,Y,1,1,2,2,A,-,12,22450,A,N,D,C,A,A,H,-,B,A,0,,,,Y,Y,,A,01,1,1,0,0,0,0,0,0,0,"- ","- ",37.551239013671875,-120.87911987304688,STANISLAUS,UNINCORPORATED,-120.87908935546875,37.551223754882812
91633616,2021,2021-11-23,9465,2021-10-28,0810,018259,,4,1,9,5000,0,2,4,,2,026,"FINCH ROAD","GARNER ROAD",686.00,E,N,E,-,N,,,,,,,,,,Y,2,0,3,2,A,-,03,22350,,N,D,C,A,A,H,-,A,D,0,,,Y,Y,Y,,C,02,3,0,0,0,0,0,0,0,3,"- ","- ",37.625019073486328,-120.92057037353516,STANISLAUS,UNINCORPORATED,-120.92056274414062,37.62506103515625
91634706,2021,2021-11-24,9465,2021-10-17,0622,019376,,7,1,9,5000,0,3,5,,2,040,"SERVICE ROAD","LUCAS ROAD",178.00,W,N,A,-,N,,,,,,,,,,N,1,1,0,2,A,-,11,21956,A,N,G,B,E,A,H,-,D,D,0,Y,,,,Y,,N,60,0,0,0,1,0,0,0,0,0,"- ","- ",37.58026123046875,-120.94732666015625,STANISLAUS,UNINCORPORATED,-120.94699096679688,37.580245971679688
91640962,2021,2021-12-02,9465,2021-10-07,0400,018623,,4,3,9,5000,0,1,3,,2,015,"STATE ROUTE 219","TULLY ROAD",172.00,E,N,A,-,Y,,,219,,,,,,,Y,1,1,0,2,A,-,03,22350,,N,C,C,A,A,H,-,C,A,0,,,,,Y,,A,01,0,0,0,0,0,0,0,0,0,"- ","- ",37.711429595947266,-121.01242828369141,STANISLAUS,UNINCORPORATED,-121.01242828369141,37.711147308349609
91644455,2021,2021-12-06,9465,2021-07-02,2138,020885,,5,2,9,5000,0,1,3,,1,032,"STATE ROUTE 132","GOODWIN ROAD",1785.00,E,N,A,-,Y,,,132,,,,,,,N,1,1,2,2,A,-,06,21751,,F,A,C,A,A,H,-,D,D,0,,,Y,,Y,,A,07,1,0,1,0,0,0,0,1,1,"- ","- ",37.638698577880859,-120.85513305664062,STANISLAUS,UNINCORPORATED,-120.85513305664062,37.638721466064453
91644829,2021,2022-05-11,9465,2021-10-23,2141,021226,,6,2,9,5000,0,1,1,,2,055,"INTERSTATE 5 (SOUTHBOUND)","INGRAM CREEK ROAD",10560.00,N,N,A,-,Y,,,5,,,,,,,Y,1,1,1,2,A,-,03,22350,,N,C,C,A,A,H,-,C,D,0,,,,,Y,,A,01,1,0,0,0,0,0,0,0,0,"- ","- ",37.559158325195312,-121.29268646240234,STANISLAUS,UNINCORPORATED,-121.29269409179688,37.559150695800781
91644872,2021,2021-12-07,9465,2021-11-21,1625,021337,,7,2,9,5000,0,3,5,,2,040,"WHITMORE AVENUE","VIVIAN ROAD",945.00,W,N,A,-,N,,,,,,,,,,N,2,0,1,2,A,-,03,22350,,N,C,C,A,A,H,-,A,D,0,,,Y,,Y,,C,02,1,0,0,0,0,0,0,0,1,"- ","- ",37.595218658447266,-121.05180358886719,STANISLAUS,UNINCORPORATED,-121.05181884765625,37.595211029052734
91645314,2021,2021-12-07,9465,2021-09-16,0630,019413,,4,1,9,5000,0,3,5,,2,030,"SANTA FE AVENUE","MONTE VISTA AVENUE",2851.00,S,N,A,-,N,,,,,,,,,,Y,1,1,1,3,A,-,01,23152,F,N,A,C,A,A,H,-,A,D,0,,,,,Y,,A,01,1,0,0,0,0,0,0,0,0,"- ","- ",37.515628814697266,-120.78600311279297,STANISLAUS,UNINCORPORATED,-120.78598785400391,37.515632629394531
91645554,2021,2021-12-07,9465,2021-11-01,2500,018222,,1,4,9,5000,0,1,3,,2,012,"STATE ROUTE 132","SAN JOAQUIN RIVER",3885.00,E,N,A,-,Y,,,132,,,,,,,Y,1,1,0,1,A,-,01,23152,A,N,E,I,A,A,H,-,D,D,0,,,,,Y,Y,A,07,0,0,0,0,0,0,0,0,0,"- ","- ",37.637580871582031,-121.2117919921875,STANISLAUS,UNINCORPORATED,-121.21176147460938,37.637767791748047
91648938,2021,2021-12-10,9465,2021-12-05,1540,019713,,7,2,9,5000,0,1,3,,2,053,"LUNDY ROAD","VILLA MANUCHA ROAD",0.00,,Y,B,-,N,,,,,,,,,,Y,2,0,2,2,A,-,09,21802,A,N,D,C,A,A,H,-,A,A,0,,,,,Y,,A,01,1,1,0,0,0,0,0,0,0,"- ","- ",37.347469329833984,-121.02631378173828,STANISLAUS,UNINCORPORATED,-121.02629852294922,37.347469329833984
91657314,2021,2021-12-21,9465,2021-12-12,0105,020642,,7,3,9,5000,0,1,3,,2,011,"STATE ROUTE 99","WOODLAND AVENUE",550.00,N,N,A,-,Y,,,99,,,,,,,Y,2,0,1,1,A,-,01,23152,A,N,E,I,A,A,H,-,C,D,0,,,,,Y,Y,A,01,1,0,0,0,0,0,0,0,0,"- ","- ",37.654590606689453,-121.02577209472656,STANISLAUS,UNINCORPORATED,-121.02581787109375,37.654571533203125
91657543,2021,2021-12-21,9465,2021-10-30,1800,020914,,6,2,9,5000,0,1,3,,2,028,"STATE ROUTE 4","DUNTON ROAD",5280.00,E,N,B,-,Y,,,4,,,,,,,Y,1,1,2,2,A,-,05,21460,A,N,A,C,A,A,H,-,A,D,0,,,,,Y,,A,01,0,2,0,0,0,0,0,0,0,"- ","- ",37.937320709228516,-120.78825378417969,STANISLAUS,UNINCORPORATED,-120.78825378417969,37.93731689453125
91658410,2021,2021-12-22,9465,2021-11-08,0720,019155,,1,1,9,5000,0,3,5,,2,030,"HATCH ROAD","TULLY ROAD",0.00,,Y,A,-,N,,,,,,,,,,Y,2,0,1,2,A,-,09,21802,B,N,A,C,A,A,H,-,A,D,0,,,,,Y,Y,A,01,1,0,0,0,0,0,0,0,0,"- ","- ",37.609298706054688,-120.87016296386719,STANISLAUS,UNINCORPORATED,-120.87014007568359,37.609279632568359
91661428,2021,2021-12-24,9465,2021-12-19,0128,021625,,7,3,6,5002,0,1,3,,2,011,"SR-99 N/B","CARPENTER ROAD",4752.00,N,N,A,-,Y,,,99,,,,,,N,Y,2,0,1,2,A,-,01,23152,A,N,C,C,A,A,H,-,D,D,0,,,,Y,Y,Y,A,01,1,0,0,0,0,0,0,0,0,"- ","- ",37.674781799316406,-121.04299926757812,STANISLAUS,MODESTO,-121.04308319091797,37.6746826171875
91665184,2021,2021-12-29,9465,2021-12-21,1738,020833,,2,2,9,5000,0,3,5,,2,030,"SOUTH NINTH STREET","WISENOR AVENUE",230.00,N,N,A,-,N,,,,,,,,,,Y,2,0,3,3,A,-,01,23152,A,N,C,E,A,A,H,-,C,D,0,,,,,Y,Y,A,01,2,0,1,0,0,0,0,0,0,"- ","- ",37.625141143798828,-120.98667907714844,STANISLAUS,UNINCORPORATED,-120.98673248291016,37.625064849853516
91666149,2021,2021-12-30,9465,2021-12-22,1930,019713,,3,2,9,5000,0,1,3,,2,041,"STATE ROUTE 99 (N/B) TO KEYES ROAD","KEYES ROAD OVERCROSSING",150.00,S,N,C,-,Y,,,99,,,,R,,,Y,2,0,1,1,A,-,01,23152,A,M,F,A,A,B,H,-,D,D,0,,,,,Y,Y,A,01,1,0,0,0,0,0,0,0,0,"- ","- ",37.547721862792969,-120.90403747558594,STANISLAUS,UNINCORPORATED,-120.90403747558594,37.547721862792969
91667504,2021,2021-12-31,9465,2021-10-24,0700,018259,,7,1,9,5000,0,1,1,,2,055,"INTERSTATE 5","OAK FLAT ROAD",2537.00,S,N,B,-,Y,,,5,,,,,,,Y,2,0,1,1,A,-,08,22107,,N,F,A,A,A,H,-,D,D,0,,,,,Y,,A,01,1,0,0,0,0,0,0,0,0,"- ","- ",37.414890289306641,-121.14974212646484,STANISLAUS,UNINCORPORATED,-121.14980316162109,37.414852142333984
91669524,2021,2022-01-04,9465,2021-10-26,2150,020642,,2,2,9,5000,0,1,1,,2,055,"INTERSTATE 5 (SOUTHBOUND)","SPERRY AVENUE",16368.00,N,N,A,-,Y,,,5,,,,,,,Y,2,0,1,2,A,-,07,21658,A,F,E,I,A,A,H,-,D,D,0,,,,Y,Y,,F,25,1,0,0,0,0,0,0,0,0,"- ","- ",37.497451782226562,-121.2158203125,STANISLAUS,UNINCORPORATED,-121.21581268310547,37.497459411621094
91673225,2022,2022-01-07,9465,2022-01-02,1905,018623,,7,2,9,5000,0,1,3,,2,021,"STATE ROUTE 120","26 MILE ROAD",0.00,,Y,A,-,Y,STA,,120,,,3.347,H,,R,Y,2,0,3,2,A,-,12,22450,A,N,D,C,A,A,H,-,C,A,0,,,,,Y,,A,01,1,0,2,0,0,0,0,0,0,"- ","- ",37.788608551025391,-120.8638916015625,STANISLAUS,UNINCORPORATED,-120.86392211914062,37.788581848144531
91678150,2021,2022-01-14,9465,2021-11-21,0230,021368,,7,3,5,5007,0,2,4,,2,043,"STATE ROUTE 99 (NORTHBOUND)","W. MONTE VISTA AVENUE",417.00,N,N,A,-,Y,,,99,,,,,,,Y,1,1,1,1,A,-,01,23152,F,N,E,I,A,A,H,-,C,D,0,,,,,Y,,A,07,1,0,0,0,0,0,0,0,0,"- ","- ",37.523090362548828,-120.88597869873047,STANISLAUS,TURLOCK,-120.88605499267578,37.523048400878906