CASE_ID,ACCIDENT_YEAR,PROC_DATE,JURIS,COLLISION_DATE,COLLISION_TIME,OFFICER_ID,REPORTING_DISTRICT,DAY_OF_WEEK,CHP_SHIFT,POPULATION,CNTY_CITY_LOC,SPECIAL_COND,BEAT_TYPE,CHP_BEAT_TYPE,CITY_DIVISION_LAPD,CHP_BEAT_CLASS,BEAT_NUMBER,PRIMARY_RD,SECONDARY_RD,DISTANCE,DIRECTION,INTERSECTION,WEATHER_1,WEATHER_2,STATE_HWY_IND,CALTRANS_COUNTY,CALTRANS_DISTRICT,STATE_ROUTE,ROUTE_SUFFIX,POSTMILE_PREFIX,POSTMILE,LOCATION_TYPE,RAMP_INTERSECTION,SIDE_OF_HWY,TOW_AWAY,COLLISION_SEVERITY,NUMBER_KILLED,NUMBER_INJURED,PARTY_COUNT,PRIMARY_COLL_FACTOR,PCF_CODE_OF_VIOL,PCF_VIOL_CATEGORY,PCF_VIOLATION,PCF_VIOL_SUBSECTION,HIT_AND_RUN,TYPE_OF_COLLISION,MVIW,PED_ACTION,ROAD_SURFACE,ROAD_COND_1,ROAD_COND_2,LIGHTING,CONTROL_DEVICE,CHP_ROAD_TYPE,PEDESTRIAN_ACCIDENT,BICYCLE_ACCIDENT,MOTORCYCLE_ACCIDENT,TRUCK_ACCIDENT,NOT_PRIVATE_PROPERTY,ALCOHOL_INVOLVED,STWD_VEHTYPE_AT_FAULT,CHP_VEHTYPE_AT_FAULT,COUNT_SEVERE_INJ,COUNT_VISIBLE_INJ,COUNT_COMPLAINT_PAIN,COUNT_PED_KILLED,COUNT_PED_INJURED,COUNT_BICYCLIST_KILLED,COUNT_BICYCLIST_INJURED,COUNT_MC_KILLED,COUNT_MC_INJURED,PRIMARY_RAMP,SECONDARY_RAMP,LATITUDE,LONGITUDE,COUNTY,CITY,POINT_X,POINT_Y
91685952,2021,2022-01-26,9465,2021-12-21,1810,021066,,2,2,9,5000,0,1,3,,2,012,SR-132,"PARADISE ROAD",3.00,W,N,B,-,Y,,,132,,,,,,,Y,1,1,0,2,A,-,09,21802,A,N,D,C,A,A,H,-,D,A,0,,,,Y,Y,,A,01,0,0,0,0,0,0,0,0,0,"- ","- ",37.637859344482422,-121.15892791748047,STANISLAUS,UNINCORPORATED,-121.15892791748047,37.637828826904297
91686303,2022,2022-01-27,9465,2022-01-01,0643,019413,,6,1,9,5000,0,1,3,,2,045,SR-165,"CLAUSEN ROAD",612.00,N,N,A,-,N,,,,,,,,,,Y,2,0,3,3,A,-,03,22350,,N,C,C,A,A,H,-,A,D,0,,,,,Y,,A,01,1,0,2,0,0,0,0,0,0,"- ","- ",37.458091735839844,-120.84911346435547,STANISLAUS,UNINCORPORATED,-120.84908294677734,37.458091735839844
91692471,2022,2022-02-03,9465,2022-01-22,1814,020457,,6,2,9,5000,0,1,3,,2,011,"SR-99 (S/B) TO SR-219 (KIERNAN AVENUE)","SR-219 (KIERNAN AVENUE)",290.00,N,N,A,-,Y,STA,,99,,R,22.634,H,,L,Y,2,0,1,2,A,-,01,23152,A,N,B,C,A,A,H,-,C,D,0,,,Y,,Y,Y,D,22,1,0,0,0,0,0,0,0,1,"- ","- ",37.709548950195312,-121.08232116699219,STANISLAUS,UNINCORPORATED,-121.08216857910156,37.709697723388672
91697569,2022,2022-02-11,9465,2022-02-04,2305,019982,,5,3,9,5000,0,3,5,,2,010,"CALIFORNIA AVENUE","WHEATLEY AVENUE",100.00,W,N,A,-,N,,,,,,,,,,N,2,0,1,1,A,-,01,23152,A,N,E,I,A,A,A,-,C,D,0,,,Y,,Y,Y,C,06,1,0,0,0,0,0,0,0,1,"- ","- ",37.631359100341797,-121.01820373535156,STANISLAUS,UNINCORPORATED,-121.01807403564453,37.63140869140625
91697995,2021,2022-02-10,9465,2021-10-15,1905,020575,,5,2,9,5000,0,3,5,,2,040,"GRAYSON ROAD","QUISENBERRY ROAD",324.00,E,N,A,-,N,,,,,,,,,,Y,1,2,1,2,A,-,05,21460,C,N,A,C,A,A,H,-,D,D,0,,,,,Y,,A,01,1,0,0,0,0,0,0,0,0,"- ","- ",37.565959930419922,-121.08380126953125,STANISLAUS,UNINCORPORATED,-121.0838623046875,37.565933227539062
91700532,2022,2022-02-14,9465,2022-01-30,1438,020985,,7,2,9,5000,0,1,3,,2,015,"STATE ROUTE 219","CARVER ROAD",0.00,,Y,A,-,Y,STA,,219,,,3.372,H,,L,Y,2,0,1,2,A,-,12,21453,A,N,D,C,A,A,H,-,A,A,0,,,Y,,Y,,A,01,1,0,0,0,0,0,0,0,1,"- ","- ",37.711250305175781,-121.02217102050781,STANISLAUS,UNINCORPORATED,-121.02217102050781,37.711238861083984
91701246,2022,2022-02-15,9465,2022-02-08,0618,018671,,2,1,9,5000,0,3,5,,2,050,"STUHR ROAD","JORGENSEN ROAD",3110.00,W,N,A,-,N,,,,,,,,,,Y,2,0,3,2,A,-,08,22107,,N,A,C,A,A,H,-,D,D,0,,,,,Y,,D,22,2,1,0,0,0,0,0,0,0,"- ","- ",37.333530426025391,-121.0872802734375,STANISLAUS,UNINCORPORATED,-121.08722686767578,37.333473205566406
91702166,2022,2022-02-16,9465,2022-02-12,1140,018955,,6,1,9,5000,0,1,3,,2,013,SR-108,"CRAWFORD ROAD",0.00,,Y,A,-,Y,STA,,108,,,28.101,H,,R,N,2,0,1,2,A,-,09,21802,A,N,F,A,A,A,H,-,A,A,0,,,Y,,Y,,A,07,1,0,0,0,0,0,0,0,1,"- ","- ",37.718391418457031,-120.99506378173828,STANISLAUS,UNINCORPORATED,-120.99507141113281,37.718391418457031
91710158,2022,2022-02-25,9465,2022-02-06,1550,020833,,7,2,9,5000,0,1,3,,2,021,"STATE ROUTE 120","26 MILE ROAD",0.00,,Y,A,-,Y,STA,,120,,,3.335,H,,R,N,2,0,1,2,A,-,09,21802,A,N,D,C,A,A,H,-,A,A,0,,,Y,,Y,,D,22,1,0,0,0,0,0,0,0,1,"- ","- ",37.788658142089844,-120.86408233642578,STANISLAUS,UNINCORPORATED,-120.86404418945312,37.788684844970703
91719625,2022,2022-03-10,9465,2022-02-18,1724,020457,,5,2,9,5000,0,3,5,,2,010,"SALIDA BLVD","BROADWAY AVENUE",0.00,,Y,A,-,N,,,,,,,,,,Y,2,0,3,2,A,-,09,21453,C,N,A,C,A,A,H,-,A,A,0,,,,,Y,,A,01,1,2,0,0,0,0,0,0,0,"- ","- ",37.707859039306641,-121.08244323730469,STANISLAUS,UNINCORPORATED,-121.08261108398438,37.707813262939453
9172016,2020,2021-01-11,5002,2020-10-24,0245,821,B304,6,5,6,5002,0,0,0,,0,003,"MITCHELL RD","NICHOLAS WY",212.00,N,N,A,-,N,,,,,,,,,,Y,2,0,1,1,A,-,01,23152,A,M,E,J,A,A,H,-,C,D,0,,,,,Y,Y,A,01,1,0,0,0,0,0,0,0,0,"- ","- ",37.612739562988281,-120.9390869140625,STANISLAUS,MODESTO,-120.93872833251953,37.612770080566406
91728661,2022,2022-03-22,9465,2022-01-16,0449,021770,,7,3,9,5000,0,3,5,,2,040,"CENTRAL AVENUE","GRAYSON ROAD",140.00,N,N,A,-,N,,,,,,,,,,Y,2,0,3,2,A,-,09,21804,A,F,D,C,A,A,H,-,D,D,0,,,,,Y,,D,22,2,1,0,0,0,0,0,0,0,"- ","- ",37.56610107421875,-120.95706939697266,STANISLAUS,UNINCORPORATED,-120.95708465576172,37.566135406494141
91728681,2022,2022-03-22,9465,2022-03-03,2000,019155,,4,2,9,5000,0,2,4,,2,044,"CARPENTER ROAD","HARDING RD",600.00,S,N,A,-,N,,,,,,,,,,N,2,0,1,1,A,-,08,22107,,N,F,A,A,A,H,-,D,D,0,,,,,Y,,A,01,1,0,0,0,0,0,0,0,0,"- ","- ",37.462348937988281,-121.03141784667969,STANISLAUS,UNINCORPORATED,-121.03141021728516,37.462574005126953
91733522,2022,2022-03-25,9465,2022-03-12,2245,021783,,6,3,9,5000,0,3,5,,2,030,"LAKE ROAD","MEIER ROAD",500.00,E,N,A,-,N,,,,,,,,,,Y,2,0,2,1,A,-,08,22107,,N,E,I,A,A,H,-,D,D,0,,,,,Y,,A,01,1,1,0,0,0,0,0,0,0,"- ","- ",37.623741149902344,-120.72631072998047,STANISLAUS,UNINCORPORATED,-120.72626495361328,37.623760223388672
91733618,2022,2022-03-25,9465,2022-03-24,0330,018623,,4,3,9,5000,0,3,5,,2,010,"PARADISE ROAD","GRIMES AVENUE",364.00,E,N,A,-,N,,,,,,,,,,N,2,0,1,2,A,-,08,22107,,N,E,I,A,A,H,-,A,D,0,,,,,Y,,A,07,1,0,0,0,0,0,0,0,0,"- ","- ",37.613849639892578,-121.04289245605469,STANISLAUS,UNINCORPORATED,-121.04293823242188,37.613777160644531
91744156,2021,2022-04-08,9465,2021-12-20,2308,021337,,1,3,9,5000,0,2,4,,2,044,"CARPENTER ROAD","MONTE VISTA AVENUE",0.00,,Y,A,-,N,,,,,,,,,,Y,1,1,2,2,A,-,01,23152,G,N,D,C,A,A,H,-,C,A,0,,,,,Y,Y,D,22,1,0,1,0,0,0,0,0,0,"- ","- ",37.522388458251953,-121.03086090087891,STANISLAUS,UNINCORPORATED,-121.03081512451172,37.522411346435547
91745963,2022,2022-04-12,9465,2022-03-27,1500,020885,,7,2,9,5000,0,1,3,,1,032,SR-132,"RUSHING ROAD",686.00,E,N,B,-,Y,STA,,132,,,39.916,H,,R,N,2,0,1,1,A,-,05,21460,A,N,E,I,A,A,H,-,A,D,0,,,Y,,Y,,C,02,1,0,0,0,0,0,0,0,1,"- ","- ",37.636260986328125,-120.55632781982422,STANISLAUS,UNINCORPORATED,-120.55635070800781,37.63629150390625
91752289,2022,2022-04-20,9465,2022-04-18,0938,018955,,1,1,5,5007,0,1,3,,2,041,"STATE ROUTE 99 (NORTHBOUND)","CANAL DRIVE",90.00,N,N,A,-,Y,STA,,99,,R,4.031,H,,R,Y,2,0,2,2,A,-,08,22107,,N,D,C,A,A,H,-,A,D,0,,,,Y,Y,,A,07,1,1,0,0,0,0,0,0,0,"- ","- ",37.500320434570312,-120.87391662597656,STANISLAUS,TURLOCK,-120.87393188476562,37.500316619873047
91752411,2022,2022-04-20,9465,2022-04-10,0315,021337,,7,3,9,5000,0,2,4,,2,024,"ALBERS ROAD",SR-132,2640.00,N,N,A,-,N,,,,,,,,,,N,2,0,1,1,A,-,01,23152,A,N,E,I,A,A,H,-,D,D,0,,,,,Y,Y,D,22,1,0,0,0,0,0,0,0,0,"- ","- ",37.64569091796875,-120.84795379638672,STANISLAUS,UNINCORPORATED,-120.84787750244141,37.645984649658203
91763038,2022,2022-05-03,9465,2022-04-17,2207,021549,,7,3,9,5000,0,2,4,,2,042,"CROWS LANDING ROAD","BLANKENBURG AVENUE",936.00,N,N,A,-,N,,,,,,,,,,N,2,0,1,2,A,-,03,22350,,N,G,B,E,A,H,-,D,D,0,Y,,,,Y,Y,D,22,1,0,0,0,1,0,0,0,0,"- ","- ",37.623428344726562,-120.99356842041016,STANISLAUS,UNINCORPORATED,-120.99355316162109,37.623371124267578
91763494,2021,2022-05-03,9465,2021-09-30,2237,021770,,4,3,5,5007,0,1,3,,1,054,"STATE ROUTE 99 SOUTHBOUND","MONTE VISTA AVENUE",1283.00,S,N,A,-,Y,,,99,,,,,,S,Y,1,1,1,1,A,-,03,22350,,N,F,I,A,A,H,-,C,D,0,,,,,Y,Y,A,07,1,0,0,0,0,0,0,0,0,"- ","- ",37.518661499023438,-120.88414764404297,STANISLAUS,TURLOCK,-120.88405609130859,37.518711090087891
91770719,2022,2022-05-12,9465,2022-04-09,1125,019730,,6,1,9,5000,0,3,5,,2,040,"MORGAN ROAD","BRADBURY ROAD",0.00,,Y,A,G,N,,,,,,,,,,N,1,1,0,2,A,-,12,22450,A,N,D,C,A,A,H,-,A,A,0,,,,,Y,,A,01,0,0,0,0,0,0,0,0,0,"- ","- ",37.449268341064453,-120.9764404296875,STANISLAUS,UNINCORPORATED,-120.97639465332031,37.449298858642578
91771501,2022,2022-05-13,9465,2022-03-12,1425,020985,,6,2,9,5000,0,3,5,,2,020,"BENTLEY ROAD","PATTERSON ROAD",0.00,,Y,A,-,N,,,,,,,,,,Y,1,2,2,3,A,-,01,23152,A,N,D,C,A,A,H,-,A,A,0,,,,,Y,Y,A,07,2,0,0,0,0,0,0,0,0,"- ","- ",37.732799530029297,-120.86701965332031,STANISLAUS,UNINCORPORATED,-120.86702728271484,37.732795715332031
91774060,2022,2022-05-26,9465,2022-05-05,1715,018767,,4,2,9,5000,0,1,3,,2,053,SR-33,"MCCRACKEN RD",1584.00,N,N,A,-,N,,,,,,,,,,N,1,1,0,2,C,-,18,,,N,E,I,A,A,H,-,A,D,0,,,,Y,Y,,-,"- ",0,0,0,0,0,0,0,0,0,"- ","- ",37.616958618164062,-121.27227783203125,STANISLAUS,UNINCORPORATED,-121.27231597900391,37.616920471191406
91774160,2022,2022-05-17,9465,2022-02-21,0522,020642,,1,3,9,5000,0,3,5,,2,050,"RIVER ROAD","AZEVEDO ROAD",1214.00,N,N,A,-,N,,,,,,,,,,Y,1,2,0,3,A,-,06,21751,,N,A,C,A,A,H,-,D,D,0,,,,Y,Y,,D,22,0,0,0,0,0,0,0,0,0,"- ","- ",37.364479064941406,-120.98863220214844,STANISLAUS,UNINCORPORATED,-120.98812866210938,37.363651275634766
91777485,2022,2022-05-23,9465,2022-05-12,2000,020833,,4,2,9,5000,0,1,3,,2,023,"STATE ROUTE 108","MESA DRIVE",250.00,W,N,A,-,Y,STA,,108,,,33.607,H,,R,N,2,0,1,2,A,-,04,21703,,F,C,C,A,A,H,-,B,D,0,,,Y,,Y,,C,02,1,0,0,0,0,0,0,0,1,"- ","- ",37.738929748535156,-120.91915130615234,STANISLAUS,UNINCORPORATED,-120.91922760009766,37.738960266113281
91777574,2022,2022-05-23,9465,2022-05-19,1027,018059,,4,1,9,5000,0,1,3,,1,032,"STATE ROUTE 132","SKYLINE BLVD",3538.00,E,N,A,-,Y,STA,,132,,,29.793,H,,R,Y,2,0,1,1,A,-,03,22350,,N,F,A,A,A,H,-,A,D,0,,,Y,,Y,,C,02,1,0,0,0,0,0,0,0,1,"- ","- ",37.640880584716797,-120.72825622558594,STANISLAUS,UNINCORPORATED,-120.72826385498047,37.640914916992188
91778292,2022,2022-05-23,9465,2022-05-19,0955,018623,,4,1,9,5000,0,2,4,,2,016,"SISK ROAD","SR-219 (KIERNAN AVENUE)",1500.00,S,N,A,-,N,,,,,,,,,,N,2,0,1,1,A,-,08,22107,,N,F,A,A,A,H,-,A,D,0,,,,,Y,,M,94,1,0,0,0,0,0,0,0,0,"- ","- ",37.706729888916016,-121.07733917236328,STANISLAUS,UNINCORPORATED,-121.07742309570312,37.706806182861328
91780135,2022,2022-05-31,9465,2022-05-14,1110,019730,,6,1,9,5000,0,3,5,,2,040,"MONTE VISTA AVENUE","CENTRAL AVENUE",0.00,,Y,A,-,N,,,,,,,,,,Y,1,1,2,2,A,-,09,21802,A,N,D,C,A,A,H,-,A,A,0,,,,,Y,,D,22,0,2,0,0,0,0,0,0,0,"- ","- ",37.5218505859375,-120.95863342285156,STANISLAUS,UNINCORPORATED,-120.95864105224609,37.521881103515625
91790744,2022,2022-06-08,9465,2022-06-02,0120,021062,,4,3,9,5000,0,1,3,,1,032,"STATE ROUTE 132","RUSHING ROAD",4224.00,W,N,A,-,Y,STA,,132,,,38.950,H,,R,Y,2,0,1,1,A,-,08,22107,,N,F,A,A,A,H,-,D,A,0,,,Y,,Y,,C,02,1,0,0,0,0,0,0,0,1,"- ","- ",37.640308380126953,-120.57289123535156,STANISLAUS,UNINCORPORATED,-120.57289123535156,37.640296936035156
91794661,2022,2022-06-14,9465,2022-05-14,1759,020914,,6,2,9,5000,0,3,5,,2,040,"N. WASHINGTON ROAD","TAYLOR ROAD",461.00,N,N,A,-,N,,,,,,,,,,Y,1,1,0,1,A,-,01,23152,A,N,E,I,A,A,H,-,A,D,0,,,,,Y,Y,D,22,0,0,0,0,0,0,0,0,0,"- ","- ",37.538139343261719,-120.90209197998047,STANISLAUS,UNINCORPORATED,-120.90204620361328,37.538059234619141
91797727,2022,2022-06-17,9465,2022-06-15,0650,015761,,3,1,9,5000,0,1,3,,2,015,"STATE ROUTE 219 (KIERNAN AVENUE)","TULLY ROAD",90.00,E,N,A,-,Y,STA,,219,,,3.920,H,,L,Y,2,0,2,4,A,-,01,23152,F,N,C,C,A,A,H,-,A,A,0,,,Y,,Y,,D,22,1,1,0,0,0,0,0,0,0,"- ","- ",37.711448669433594,-121.01255798339844,STANISLAUS,UNINCORPORATED,-121.01255798339844,37.711452484130859
91808999,2022,2022-07-01,9465,2022-06-22,2337,020833,,3,3,9,5000,0,3,5,,2,030,"SOUTH 9TH STREET","HOSMER AVENUE",0.00,,Y,A,-,N,,,,,,,,,,Y,2,0,1,2,A,-,12,22450,A,N,D,C,A,A,H,-,C,A,0,,,,Y,Y,,A,01,1,0,0,0,0,0,0,0,0,"- ","- ",37.622821807861328,-120.98619079589844,STANISLAUS,UNINCORPORATED,-120.98610687255859,37.622817993164062
91811678,2022,2022-07-07,9465,2022-06-23,1455,021636,,4,2,9,5000,0,1,3,,2,052,"MONTE VISTA AVENUE","MONTPELIER RD",0.00,,Y,A,-,N,,,,,,,,,,Y,2,0,2,2,A,-,09,21802,A,N,D,C,A,A,H,-,A,A,0,,,,,Y,,D,22,1,1,0,0,0,0,0,0,0,"- ","- ",37.520900726318359,-120.68383026123047,STANISLAUS,UNINCORPORATED,-120.683837890625,37.520881652832031
91812676,2022,2022-07-08,9465,2022-06-21,0504,021226,,2,3,9,5000,0,1,3,,1,032,"STATE ROUTE 132","LAKE ROAD",2640.00,E,N,A,-,Y,STA,,132,,,44.552,H,,R,Y,2,0,1,1,C,-,18,,,N,H,H,A,A,H,-,A,D,0,,,Y,,Y,,-,"- ",1,0,0,0,0,0,0,0,1,"- ","- ",37.654651641845703,-120.48738098144531,STANISLAUS,UNINCORPORATED,-120.48736572265625,37.654640197753906
91813755,2022,2022-07-11,9465,2022-06-19,0020,020885,,7,3,9,5000,0,3,5,,2,030,"7TH STREET","CHRISTINE AVE",0.00,,Y,A,-,N,,,,,,,,,,Y,2,0,1,2,A,-,01,23152,A,N,D,C,A,A,H,-,C,D,0,,,Y,,Y,Y,D,22,1,0,0,0,0,0,0,0,1,"- ","- ",37.555690765380859,-120.91407012939453,STANISLAUS,UNINCORPORATED,-120.9140625,37.555648803710938
91813763,2022,2022-07-11,9465,2022-07-02,1950,021783,,6,2,9,5000,0,3,5,,2,020,"SONORA ROAD","MILTON ROAD",2640.00,W,N,A,-,N,,,,,,,,,,N,2,0,2,1,C,-,18,,,N,H,H,A,A,H,-,B,D,0,,,Y,,Y,,-,"- ",1,1,0,0,0,0,0,0,2,"- ","- ",37.893871307373047,-120.85662078857422,STANISLAUS,UNINCORPORATED,-120.84641265869141,37.891998291015625
91815569,2022,2022-07-13,9465,2022-07-05,1740,019713,,2,2,9,5000,0,3,5,,2,050,"MCCRACKEN ROAD","STATE ROUTE 33",528.00,N,N,A,-,N,,,,,,,,,,N,2,0,1,2,A,-,08,22107,,N,D,C,A,A,H,-,A,A,0,,,Y,,Y,,D,22,1,0,0,0,0,0,0,0,1,"- ","- ",37.616458892822266,-121.26920318603516,STANISLAUS,UNINCORPORATED,-121.26925659179688,37.615436553955078
91820620,2022,2022-07-19,9465,2022-07-10,1835,018767,,7,2,9,5000,0,1,3,,2,011,"SR-99 S/B","HAMMETT RD",8.00,S,N,A,-,Y,STA,,99,,R,24.267,H,,L,Y,2,0,1,1,A,-,08,22107,,N,F,A,A,A,H,-,A,D,0,,,,,Y,,A,01,1,0,0,0,0,0,0,0,0,"- ","- ",37.725818634033203,-121.10346221923828,STANISLAUS,UNINCORPORATED,-121.10345458984375,37.725822448730469
91823938,2022,2022-07-25,9465,2022-07-11,1910,020475,,1,2,9,5000,0,3,5,,2,010,"MURPHY ROAD","POPPY GLEN RD",0.00,,Y,A,-,N,,,,,,,,,,Y,2,0,2,2,A,-,09,21802,A,N,D,C,A,A,H,-,A,A,0,,,,,Y,,D,22,1,0,1,0,0,0,0,0,0,"- ","- ",37.696319580078125,-121.08125305175781,STANISLAUS,UNINCORPORATED,-121.08127593994141,37.696327209472656
91826465,2022,2022-07-27,9465,2022-06-16,0252,020575,,4,3,6,5002,0,1,3,,2,011,"SR 99 NORTHBOUND","KANSAS AVENUE",778.00,S,N,A,-,Y,STA,,99,,R,16.666,H,,R,N,1,1,0,2,A,-,11,21954,A,N,G,B,E,A,H,-,C,D,0,Y,,,,Y,,N,60,0,0,0,1,0,0,0,0,0,"- ","- ",37.644390106201172,-121.01422119140625,STANISLAUS,MODESTO,-121.01418304443359,37.644432067871094
91829793,2022,2022-08-19,9465,2022-07-23,1445,021022,,6,2,9,5000,0,3,5,,2,030,"N. WASHINGTON ROAD","REDWOOD ROAD",1000.00,S,N,A,-,N,,,,,,,,,,Y,2,0,1,2,A,-,08,22107,,N,E,I,A,A,H,-,A,D,0,,,,,Y,,A,01,1,0,0,0,0,0,0,0,0,"- ","- ",37.570690155029297,-120.90184783935547,STANISLAUS,UNINCORPORATED,-120.90180969238281,37.570243835449219
91832185,2022,2022-08-03,9465,2022-07-31,1048,020833,,7,1,9,5000,0,3,5,,2,050,"STATE ROUTE 99 (SOUTHBOUND)","SOUTH NINTH STREET",700.00,S,N,A,-,Y,STA,,99,,R,13.892,H,,R,Y,2,0,1,1,A,-,03,22350,,N,F,0,A,A,H,-,A,D,0,,,Y,,Y,,C,02,1,0,0,0,0,0,0,0,1,"- ","- ",37.616291046142578,-120.98371887207031,STANISLAUS,UNINCORPORATED,-120.98362731933594,37.616462707519531
91833845,2022,2022-08-05,9465,2022-07-16,0514,021235,,6,3,9,5000,0,1,3,,2,011,"STATE ROUTE 99 (SOUTHBOUND)","CARPENTER ROAD",1584.00,N,N,A,-,Y,STA,,99,,M,18.822,H,,L,Y,2,0,2,2,A,-,07,21658,A,N,B,C,A,A,H,-,C,D,0,,,,Y,Y,,-,28,1,0,1,0,0,0,0,0,0,"- ","- ",37.668251037597656,-121.03604125976562,STANISLAUS,UNINCORPORATED,-121.03594970703125,37.668323516845703
91834103,2022,2022-08-05,9465,2022-06-18,1940,021235,,6,2,9,5000,0,1,3,,2,041,"STATE ROUTE 99 (SOUTHBOUND)","FAITH HOME ROAD",500.00,N,N,A,-,Y,STA,,99,,,8.772,H,,R,N,2,0,1,2,A,-,07,21658,A,F,C,C,A,A,H,-,A,D,0,,,,,Y,,D,22,1,0,0,0,0,0,0,0,0,"- ","- ",37.560939788818359,-120.92202758789062,STANISLAUS,UNINCORPORATED,-120.92181396484375,37.56109619140625
91836927,2022,2022-08-10,9465,2022-07-27,2310,021235,,3,3,9,5000,0,1,3,,1,032,"STATE ROUTE 132","ALBERS ROAD",0.00,,Y,A,-,N,,,,,,,,,,Y,2,0,3,2,A,-,12,21453,A,N,D,C,A,A,H,-,C,D,0,,,,,Y,,A,07,3,0,0,0,0,0,0,0,0,"- ","- ",37.638721466064453,-120.8477783203125,STANISLAUS,UNINCORPORATED,-120.84769439697266,37.638736724853516
91838889,2022,2022-08-12,9465,2022-05-13,1517,018274,,5,2,9,5000,0,3,5,,2,020,"ORANGE BLOSSOM ROAD","BONSON COURT",266.00,W,N,A,-,N,,,,,,,,,,Y,1,1,1,1,A,-,03,22350,,N,E,I,A,A,H,-,A,D,0,,,,,Y,,A,07,0,1,0,0,0,0,0,0,0,"- ","- ",37.789218902587891,-120.74607086181641,STANISLAUS,UNINCORPORATED,-120.74649810791016,37.789157867431641
91845679,2022,2022-08-22,9465,2022-07-15,0620,019730,,5,1,5,5007,0,1,3,,2,041,"STATE ROUTE 99 (SOUTHBOUND)","FULKERTH ROAD",628.00,S,N,A,-,Y,STA,,99,,R,4.425,H,,R,Y,1,1,0,1,A,-,01,23152,F,N,F,A,A,A,H,-,A,D,0,,,,,Y,,A,07,0,0,0,0,0,0,0,0,0,"- ","- ",37.505458831787109,-120.87705230712891,STANISLAUS,TURLOCK,-120.87673950195312,37.505565643310547
9184982,2020,2021-01-04,5005,2020-10-29,2042,SQ95,5005,4,5,3,5005,0,0,0,,0,3T4,"SPERRY AV","LAS PALMAS AV",176.00,E,N,A,-,N,,,,,,,,,,Y,2,0,1,2,A,-,11,21955,,N,G,B,D,A,H,-,C,D,0,Y,,,,Y,,N,60,1,0,0,0,1,0,0,0,0,"- ","- ",37.464481353759766,-121.14386749267578,STANISLAUS,PATTERSON,-121.14397430419922,37.464454650878906
91865554,2022,2022-09-15,9465,2022-09-02,1545,019182,,5,2,9,5000,0,3,5,,2,010,"BOYCE LN","FAIRINGTON LN",0.00,,Y,A,-,N,,,,,,,,,,N,2,0,1,2,A,-,09,21802,A,N,D,G,A,A,H,-,A,A,0,,Y,,,Y,,L,04,1,0,0,0,0,0,1,0,0,"- ","- ",37.687328338623047,-120.96652221679688,STANISLAUS,UNINCORPORATED,-120.96652984619141,37.687328338623047
91869582,2022,2022-09-21,9465,2022-09-07,2115,019287,,3,2,9,5000,0,1,3,,2,012,SR-108,"LANCASTER RD",4550.00,E,N,A,-,Y,STA,,120,,,12.279,H,,R,Y,2,0,6,2,A,-,05,21460,A,N,A,C,A,A,H,-,D,D,0,,,,,Y,,A,07,4,0,2,0,0,0,0,0,0,"- ","- ",37.792789459228516,-120.72524261474609,STANISLAUS,UNINCORPORATED,-120.72528839111328,37.792797088623047
91870554,2022,2022-09-22,9465,2022-09-14,2005,020457,,3,2,9,5000,0,1,3,,2,011,"SR-99 (S/B) TO SR-219 (KIERNAN AVENUE)",SR-219,160.00,N,N,A,-,Y,,,,,,,,,,Y,2,0,1,1,A,-,03,22350,,N,E,J,A,A,H,-,B,A,0,,,Y,,Y,,C,02,1,0,0,0,0,0,0,0,1,"- ","- ",37.709068298339844,-121.08206939697266,STANISLAUS,UNINCORPORATED,-121.08206939697266,37.709068298339844
91871038,2022,2022-09-22,9465,2022-09-08,1530,020914,,4,2,9,5000,0,1,3,,1,031,"WHITMORE AVENUE","WARING ROAD",209.00,E,N,A,-,N,,,,,,,,,,Y,1,1,1,3,A,-,05,21650,,N,A,C,A,A,H,-,A,D,0,,,,,Y,,A,01,1,0,0,0,0,0,0,0,0,"- ","- ",37.594680786132812,-120.81006622314453,STANISLAUS,UNINCORPORATED,-120.81006622314453,37.594684600830078
91879350,2022,2022-09-30,9465,2022-08-19,0015,021226,,5,3,9,5000,0,3,5,,2,030,"GOLDEN STATE BOULEVARD","W. BARNHART ROAD",938.00,S,N,A,-,N,,,,,,,,,,N,1,1,0,2,A,-,11,21954,A,N,G,B,E,A,H,-,D,D,0,Y,,,,Y,,N,60,0,0,0,1,0,0,0,0,0,"- ","- ",37.542110443115234,-120.89716339111328,STANISLAUS,UNINCORPORATED,-120.89719390869141,37.542152404785156