CASE_ID,ACCIDENT_YEAR,PROC_DATE,JURIS,COLLISION_DATE,COLLISION_TIME,OFFICER_ID,REPORTING_DISTRICT,DAY_OF_WEEK,CHP_SHIFT,POPULATION,CNTY_CITY_LOC,SPECIAL_COND,BEAT_TYPE,CHP_BEAT_TYPE,CITY_DIVISION_LAPD,CHP_BEAT_CLASS,BEAT_NUMBER,PRIMARY_RD,SECONDARY_RD,DISTANCE,DIRECTION,INTERSECTION,WEATHER_1,WEATHER_2,STATE_HWY_IND,CALTRANS_COUNTY,CALTRANS_DISTRICT,STATE_ROUTE,ROUTE_SUFFIX,POSTMILE_PREFIX,POSTMILE,LOCATION_TYPE,RAMP_INTERSECTION,SIDE_OF_HWY,TOW_AWAY,COLLISION_SEVERITY,NUMBER_KILLED,NUMBER_INJURED,PARTY_COUNT,PRIMARY_COLL_FACTOR,PCF_CODE_OF_VIOL,PCF_VIOL_CATEGORY,PCF_VIOLATION,PCF_VIOL_SUBSECTION,HIT_AND_RUN,TYPE_OF_COLLISION,MVIW,PED_ACTION,ROAD_SURFACE,ROAD_COND_1,ROAD_COND_2,LIGHTING,CONTROL_DEVICE,CHP_ROAD_TYPE,PEDESTRIAN_ACCIDENT,BICYCLE_ACCIDENT,MOTORCYCLE_ACCIDENT,TRUCK_ACCIDENT,NOT_PRIVATE_PROPERTY,ALCOHOL_INVOLVED,STWD_VEHTYPE_AT_FAULT,CHP_VEHTYPE_AT_FAULT,COUNT_SEVERE_INJ,COUNT_VISIBLE_INJ,COUNT_COMPLAINT_PAIN,COUNT_PED_KILLED,COUNT_PED_INJURED,COUNT_BICYCLIST_KILLED,COUNT_BICYCLIST_INJURED,COUNT_MC_KILLED,COUNT_MC_INJURED,PRIMARY_RAMP,SECONDARY_RAMP,LATITUDE,LONGITUDE,COUNTY,CITY,POINT_X,POINT_Y
91881640,2022,2022-10-04,9465,2022-09-03,2335,020985,,6,3,9,5000,0,2,4,,2,042,"WEST MONTE VISTA AVENUE","NORTH WASHINGTON ROAD",0.00,,Y,A,-,N,,,,,,,,,,Y,1,1,0,1,A,-,01,23152,A,N,E,I,A,A,H,-,D,A,0,,,,,Y,Y,A,01,0,0,0,0,0,0,0,0,0,"- ","- ",37.521728515625,-120.90364837646484,STANISLAUS,UNINCORPORATED,-120.90366363525391,37.521736145019531
91886170,2022,2022-10-10,9465,2022-09-30,0550,018059,,5,3,9,5000,0,3,5,,2,030,"SANTA CRUZ AVENUE","MONO DRIVE",205.00,N,N,A,-,N,,,,,,,,,,N,2,0,2,2,A,-,11,21955,,N,G,B,D,A,H,-,D,D,0,Y,,Y,,Y,,N,60,2,0,0,0,1,0,0,0,1,"- ","- ",37.635929107666016,-120.97479248046875,STANISLAUS,UNINCORPORATED,-120.97480010986328,37.636043548583984
9189155,2020,2021-02-02,5007,2020-11-10,1802,5787,TPD,2,5,5,5007,0,0,0,,0,PD2,"A ST","LANDER AV",0.00,,Y,A,-,N,,,,,,,,,,N,2,0,1,2,A,-,17,21451,A,F,D,C,A,A,H,-,C,A,0,,,Y,,Y,,D,22,1,0,0,0,0,0,0,0,1,"- ","- ",37.490501403808594,-120.84899139404297,STANISLAUS,TURLOCK,-120.84897613525391,37.490478515625
91891960,2022,2022-10-17,9465,2022-10-09,1940,020914,,7,2,9,5000,0,1,3,,2,041,"STATE ROUTE 99 (NORTHBOUND)","SERVICE ROAD",1584.00,N,N,A,-,Y,STA,,99,,R,10.888,H,,R,Y,2,0,1,1,A,-,01,23152,A,N,E,I,A,A,H,-,D,D,0,,,,,Y,Y,A,01,1,0,0,0,0,0,0,0,0,"- ","- ",37.583549499511719,-120.94783020019531,STANISLAUS,UNINCORPORATED,-120.94775390625,37.583606719970703
91892914,2022,2022-10-18,9465,2022-10-11,2110,020642,,2,2,9,5000,0,3,5,,2,050,"1301 LOQUAT AVENUE, PATTERSON, CA 95363","LOQUAT AVENUE",730.00,N,N,A,-,N,,,,,,,,,,N,2,0,1,1,B,-,22,,,N,E,I,A,A,H,-,D,D,0,,,Y,,Y,,C,02,1,0,0,0,0,0,0,0,1,"- ","- ",37.528011322021484,-121.13999938964844,STANISLAUS,UNINCORPORATED,,
91894233,2022,2022-10-19,9465,2022-09-30,2305,020985,,5,3,9,5000,0,3,5,,2,020,"ORANGE BLOSSOM ROAD","WAMBLE ROAD",135.00,E,N,A,-,N,,,,,,,,,,Y,2,0,1,2,A,-,03,22350,,F,C,C,A,A,H,-,D,D,0,,,Y,,Y,Y,C,02,1,0,0,0,0,0,0,0,1,"- ","- ",37.781028747558594,-120.77395629882812,STANISLAUS,UNINCORPORATED,-120.77428436279297,37.780929565429688
91895983,2022,2022-10-21,9465,2022-10-10,1755,019713,,1,2,9,5000,0,3,5,,2,040,"BRADBURY ROAD","WALNUT ROAD",0.00,,Y,A,-,N,,,,,,,,,,N,2,0,3,2,A,-,09,21801,A,N,D,C,A,A,H,-,A,A,0,,,,,Y,,A,01,1,2,0,0,0,0,0,0,0,"- ","- ",37.449008941650391,-120.86717224121094,STANISLAUS,UNINCORPORATED,-120.86717987060547,37.448963165283203
91898438,2022,2022-10-25,9465,2022-10-12,1425,020475,,3,2,9,5000,0,1,3,,2,012,SR-132,"N. GATES ROAD",80.00,W,N,A,-,N,,,,,,,,,,Y,2,0,1,2,A,-,08,22107,,N,C,C,A,A,H,-,A,A,0,,,,,Y,,A,07,1,0,0,0,0,0,0,0,0,"- ","- ",37.637851715087891,-121.15891265869141,STANISLAUS,UNINCORPORATED,-121.15891265869141,37.637828826904297
91900687,2022,2022-10-27,9465,2022-10-07,0235,021783,,5,3,9,5000,0,3,5,,2,050,"STUHR ROAD","HALE ROAD",60.00,E,N,A,-,N,,,,,,,,,,N,2,0,1,1,A,-,01,23152,A,N,E,I,A,A,H,-,D,D,0,,,,,Y,Y,A,01,1,0,0,0,0,0,0,0,0,"- ","- ",37.33319091796875,-121.04557800292969,STANISLAUS,UNINCORPORATED,-121.04592132568359,37.333232879638672
91900716,2022,2022-10-27,9465,2022-10-15,2133,021783,,6,2,9,5000,0,1,3,,2,011,"STATE ROUTE 99 (SOUTHBOUND)","BECKWITH ROAD",1584.00,S,N,A,-,Y,STA,,99,,R,19.906,H,,R,N,2,0,1,2,A,-,11,21954,A,N,G,B,D,D,H,-,D,D,0,Y,,,,Y,,N,60,1,0,0,0,1,0,0,0,0,"- ","- ",37.679931640625,-121.04960632324219,STANISLAUS,UNINCORPORATED,-121.04936981201172,37.680080413818359
91908466,2022,2022-11-03,9465,2022-10-29,0105,021783,,6,3,9,5000,0,1,3,,2,022,"PATTERSON ROAD","BENTLEY ROAD",53.00,E,N,A,-,N,,,,,,,,,,N,2,0,5,2,A,-,01,23152,A,N,D,C,A,A,H,-,D,D,0,,,,,Y,Y,A,01,3,2,0,0,0,0,0,0,0,"- ","- ",37.732799530029297,-120.86679077148438,STANISLAUS,UNINCORPORATED,-120.86684417724609,37.732799530029297
91908832,2022,2022-11-03,9465,2022-10-27,1630,019182,,4,2,9,5000,0,2,4,,2,026,"CLARIBEL ROAD","ALBERS ROAD",1240.00,E,N,A,-,N,,,,,,,,,,Y,2,0,1,2,A,-,08,22107,,N,B,C,A,A,H,-,A,D,0,,,Y,,Y,,A,01,1,0,0,0,0,0,0,0,1,"- ","- ",37.711071014404297,-120.84385681152344,STANISLAUS,UNINCORPORATED,-120.84405517578125,37.711063385009766
91908855,2022,2022-11-03,9465,2022-10-28,0700,015761,,5,1,9,5000,0,3,5,,2,020,"PATTERSON ROAD","LANGWORTH ROAD",150.00,E,N,A,-,N,,,,,,,,,,N,2,0,1,1,C,-,18,,,N,H,H,A,A,H,-,B,D,0,,,Y,,Y,,-,"- ",1,0,0,0,0,0,0,0,1,"- ","- ",37.732818603515625,-120.89289855957031,STANISLAUS,UNINCORPORATED,-120.89389038085938,37.732761383056641
91911452,2022,2022-11-07,9465,2022-10-31,1413,020985,,1,2,9,5000,0,3,5,,2,030,"KEYES ROAD","MONTPELIER ROAD",2395.00,W,N,A,-,N,,,,,,,,,,Y,2,0,1,2,A,-,01,23152,A,N,C,C,A,A,H,-,A,D,0,,,Y,,Y,Y,C,02,1,0,0,0,0,0,0,0,1,"- ","- ",37.551139831542969,-120.72129821777344,STANISLAUS,UNINCORPORATED,-120.72109222412109,37.551116943359375
91918016,2022,2022-11-15,9465,2022-11-09,0653,018274,,3,1,9,5000,0,3,5,,2,030,"HALL ROAD","MONTE VISTA AVENUE",0.00,,Y,B,-,N,,,,,,,,,,Y,2,0,3,2,A,-,09,21802,A,N,D,C,A,B,H,-,A,A,0,,,,,Y,,A,01,2,0,1,0,0,0,0,0,0,"- ","- ",37.521320343017578,-120.73967742919922,STANISLAUS,UNINCORPORATED,-120.73967742919922,37.521324157714844
91921339,2022,2022-11-18,9465,2022-11-11,0510,018671,,5,3,9,5000,0,1,3,,2,012,SR-132,"GRIMES ROAD",253.00,E,N,A,-,Y,STA,,132,,,12.697,H,,R,Y,2,0,1,2,A,-,03,22350,,N,C,2,A,A,H,-,D,D,0,,,,,Y,,A,01,1,0,0,0,0,0,0,0,0,"- ","- ",37.638511657714844,-121.04364776611328,STANISLAUS,UNINCORPORATED,-121.04364776611328,37.6385498046875
91929174,2022,2022-11-29,9465,2022-11-17,1530,020985,,4,2,9,5000,0,3,5,,2,040,"FATH HOME ROAD","HARDING ROAD",1700.00,N,N,A,-,N,,,,,,,,,,Y,2,0,1,1,A,-,01,23152,A,N,E,I,A,A,H,-,A,D,0,,,,,Y,Y,A,01,1,0,0,0,0,0,0,0,0,"- ","- ",37.468311309814453,-120.92165374755859,STANISLAUS,UNINCORPORATED,-120.92167663574219,37.468040466308594
91932835,2022,2022-12-02,9465,2022-10-28,1903,021066,,5,2,9,5000,0,3,5,,2,030,"SERVICE ROAD","ESMAR ROAD",193.00,W,N,A,-,N,,,,,,,,,,N,1,1,0,2,A,-,11,21954,A,N,G,B,D,A,H,-,D,D,0,Y,,,,Y,,N,60,0,0,0,1,0,0,0,0,0,"- ","- ",37.580291748046875,-120.93025970458984,STANISLAUS,UNINCORPORATED,-120.93022155761719,37.580272674560547
91934938,2022,2022-12-06,9465,2022-11-20,1640,022049,,7,2,9,5000,0,2,4,,2,043,"WEST MAIN ST.","CARPENTER ROAD",1200.00,E,N,A,-,N,,,,,,,,,,Y,2,0,3,2,A,-,01,23152,A,N,A,C,A,A,H,-,A,D,0,,,,,Y,Y,A,01,1,1,1,0,0,0,0,0,0,"- ","- ",37.493278503417969,-121.02658843994141,STANISLAUS,UNINCORPORATED,-121.02674102783203,37.493255615234375
91937719,2022,2022-12-09,9465,2022-11-06,0245,021783,,7,3,9,5000,0,1,3,,1,032,"STATE ROUTE 132","ALBERS ROAD",0.00,,Y,B,-,Y,STA,,132,,,23.134,H,,R,Y,2,0,4,2,B,-,22,,,N,D,C,A,A,H,-,C,A,0,,,,,Y,,J,48,1,1,2,0,0,0,0,0,0,"- ","- ",37.638759613037109,-120.84789276123047,STANISLAUS,UNINCORPORATED,-120.84789276123047,37.638729095458984
91938654,2022,2022-12-09,9465,2022-11-04,0418,021783,,5,3,9,5000,0,3,5,,2,050,"VILLA MANUCHA ROAD","FREITAS ROAD",140.00,N,N,A,-,N,,,,,,,,,,Y,2,0,1,1,A,-,08,22107,,N,E,I,A,A,H,-,D,D,0,,,,,Y,,J,48,1,0,0,0,0,0,0,0,0,"- ","- ",37.349498748779297,-121.02632141113281,STANISLAUS,UNINCORPORATED,-121.02626037597656,37.349582672119141
91941822,2022,2022-12-14,9465,2022-12-07,1740,018671,,3,2,9,5000,0,3,5,,2,020,"OAKDALE WATERFORD HIGHWAY","RICE ROAD",3168.00,N,N,A,-,N,,,,,,,,,,Y,2,0,3,3,A,-,06,21751,,N,A,C,A,A,H,-,B,D,0,,,,,Y,,A,01,1,2,0,0,0,0,0,0,0,"- ","- ",37.701179504394531,-120.81646728515625,STANISLAUS,UNINCORPORATED,-120.81848907470703,37.704364776611328
91947338,2022,2022-12-20,9465,2022-01-09,0714,018955,,7,1,9,5000,0,3,5,,2,050,"RIVER ROAD","VILLA MANUCHA ROAD",0.00,,Y,A,-,N,,,,,,,,,,Y,1,1,2,2,B,-,22,,,N,D,C,A,A,H,-,B,A,0,,,,,Y,,-,"- ",2,0,0,0,0,0,0,0,0,"- ","- ",37.387020111083984,-121.00124359130859,STANISLAUS,UNINCORPORATED,-121.00123596191406,37.387069702148438
91952193,2022,2022-12-26,9465,2022-12-18,1755,019713,,7,2,9,5000,0,1,3,,2,012,"STATE ROUTE 132","GATES ROAD",0.00,,Y,A,-,Y,STA,,132,,,6.351,H,,R,Y,2,0,1,2,A,-,09,21801,A,N,D,C,A,A,H,-,D,D,0,,,,,Y,,A,01,1,0,0,0,0,0,0,0,0,"- ","- ",37.637870788574219,-121.15891265869141,STANISLAUS,UNINCORPORATED,-121.15890502929688,37.637790679931641
91953211,2022,2022-12-27,9465,2022-10-16,2155,020642,,7,2,9,5000,0,1,1,,2,055,"INTERSTATE 5 (NORTHBOUND)","KHALSA ROAD",810.00,S,N,A,-,Y,STA,,5,,,25.371,H,,R,Y,1,1,2,1,A,-,01,23152,A,N,F,A,A,A,H,-,D,D,0,,,,,Y,Y,D,22,0,2,0,0,0,0,0,0,0,"- ","- ",37.564041137695312,-121.29853820800781,STANISLAUS,UNINCORPORATED,-121.29850769042969,37.564067840576172
91961236,2022,2023-01-05,9465,2022-12-22,0540,018259,,4,3,9,5000,0,1,1,,2,055,"NB INTERSTATE 5","INGRAM CREEK ROAD",1500.00,N,N,B,-,Y,STA,,5,,,23.300,H,,R,Y,2,0,1,2,A,-,03,22350,,M,C,C,A,A,H,-,D,D,0,,,,,Y,,A,01,1,0,0,0,0,0,0,0,0,"- ","- ",37.543228149414062,-121.27140045166016,STANISLAUS,UNINCORPORATED,-121.27143096923828,37.543205261230469
91962064,2022,2023-01-06,9465,2022-12-25,0130,021368,,7,3,9,5000,0,3,5,,2,030,"CHURCH STREET","PARKER ROAD",1310.00,S,N,B,E,N,,,,,,,,,,Y,2,0,1,1,A,-,01,23152,A,M,E,I,A,A,H,-,D,D,0,,,,,Y,Y,A,01,1,0,0,0,0,0,0,0,0,"- ","- ",37.663669586181641,-120.89837646484375,STANISLAUS,UNINCORPORATED,-120.89837646484375,37.663738250732422
91962550,2022,2023-01-09,9465,2022-12-28,2100,020457,,3,2,9,5000,0,3,5,,2,050,"WARD AVENUE","OAK FLAT ROAD",610.00,S,N,A,-,N,,,,,,,,,,Y,2,0,1,1,A,-,01,23152,A,N,E,I,A,A,H,-,D,D,0,,,,,Y,Y,A,08,1,0,0,0,0,0,0,0,0,"- ","- ",37.420879364013672,-121.14148712158203,STANISLAUS,UNINCORPORATED,-121.14150238037109,37.420906066894531
91963120,2023,2023-01-09,9465,2023-01-07,"145 ",021337,,6,3,9,5000,0,3,5,,2,040,"FULKERTH ROAD","MORGAN ROAD",215.00,W,N,B,-,N,,,,,,,,,,Y,2,0,2,1,A,-,01,23152,A,N,E,I,A,A,H,-,D,D,0,,,,,Y,Y,D,22,2,0,0,0,0,0,0,0,0,"- ","- ",37.507419586181641,-120.97737884521484,STANISLAUS,UNINCORPORATED,-120.97730255126953,37.507434844970703
9196573,2020,2021-01-30,5001,2020-11-18,1419,849,D202,3,5,4,5001,0,0,0,,0,005,"MITCHELL RD","ROHDE RD",15.00,W,N,A,-,N,,,,,,,,,,Y,2,0,1,2,A,-,09,21801,A,N,D,C,A,A,H,-,A,D,0,,,,,Y,,D,22,1,0,0,0,0,0,0,0,0,"- ","- ",37.578140258789062,-120.93872833251953,STANISLAUS,CERES,-120.93872,37.578135000000003
91965795,2023,2023-01-11,9465,2023-01-09,1522,021066,,1,2,9,5000,0,3,5,,2,040,"GRAYSON ROAD","BOYLE ROAD",4605.00,W,N,B,-,N,,,,,,,,,,Y,2,0,1,1,A,-,01,23152,A,N,E,I,A,B,F,-,A,D,0,,,,,Y,Y,A,07,1,0,0,0,0,0,0,0,0,"- ","- ",37.565929412841797,-121.12602233886719,STANISLAUS,UNINCORPORATED,-121.12593078613281,37.565959930419922
91967577,2022,2023-01-13,9465,2022-12-23,1339,020475,,5,1,9,5000,0,3,5,,2,020,"MILTON ROAD",SR-4,8290.00,N,N,A,-,N,,,,,,,,,,Y,2,0,1,2,A,-,05,21460,A,N,A,C,A,A,H,-,A,D,0,,,Y,,Y,,C,06,1,0,0,0,0,0,0,0,1,"- ","- ",37.967491149902344,-120.8436279296875,STANISLAUS,UNINCORPORATED,-120.84364318847656,37.967521667480469
91969337,2023,2023-01-17,9465,2023-01-05,1940,019730,,4,2,9,5000,0,3,5,,2,030,"CHURCH STREET","SUMMIT WAY",0.00,,Y,B,C,N,,,,,,,,,,N,2,0,1,2,A,-,03,22350,,N,B,C,A,B,H,-,D,D,0,,,Y,,Y,,C,02,1,0,0,0,0,0,0,0,1,"- ","- ",37.650089263916016,-120.90274047851562,STANISLAUS,UNINCORPORATED,-120.90271759033203,37.650112152099609
91974080,2023,2023-01-23,9465,2023-01-11,2100,021783,,3,2,9,5000,0,1,3,,2,045,"STATE ROUTE 165","CLAUSEN ROAD",600.00,N,N,A,-,Y,STA,,165," "," ",0.339,H,,R,Y,2,0,2,3,A,-,01,23152,A,N,B,C,A,A,H,-,C,D,0,,,,,Y,Y,A,01,2,0,0,0,0,0,0,0,0,"- ","- ",37.457820892333984,-120.84909820556641,STANISLAUS,UNINCORPORATED,-120.84908294677734,37.457820892333984
91974493,2023,2023-01-23,9465,2023-01-07,1910,019730,,6,2,9,5000,0,1,3,,2,022,"STATE ROUTE 108/120","KENNEDY ROAD",11880.00,W,N,B,C,Y,STA,,120," "," ",14.142,H,,R,Y,1,1,2,1,A,-,03,22350,,N,E,I,A,B,H,-,D,D,0,,,,,Y,,A,01,0,2,0,0,0,0,0,0,0,"- ","- ",37.805019378662109,-120.70198822021484,STANISLAUS,UNINCORPORATED,-120.70199584960938,37.805042266845703
91974935,2022,2023-01-23,9465,2022-10-14,0811,019413,,5,1,9,5000,0,3,5,,2,040,"WEST SERVICE ROAD","USTICK ROAD",226.00,W,N,A,-,N,,,,,,,,,,Y,1,1,0,1,A,-,01,23152,F,N,E,I,A,A,H,-,A,D,0,,,,,Y,,A,01,0,0,0,0,0,0,0,0,0,"- ","- ",37.580471038818359,-121.01274108886719,STANISLAUS,UNINCORPORATED,-121.01270294189453,37.580497741699219
91984339,2023,2023-02-01,9465,2023-01-15,1630,020914,,7,2,9,5000,0,3,5,,2,030,"FINCH ROAD","MCCLURE ROAD",31.00,E,N,B,-,N,,,,,,,,,,N,2,0,4,2,A,-,01,23152,A,N,A,C,A,A,H,-,A,D,0,,,,,Y,Y,A,01,2,2,0,0,0,0,0,0,0,"- ","- ",37.624420166015625,-120.92919158935547,STANISLAUS,UNINCORPORATED,-120.92955017089844,37.624237060546875
91985923,2023,2023-02-03,9465,2023-01-20,2318,021783,,5,3,9,5000,0,1,3,,2,011,"STATE ROUTE 99","SR-99 (S/B) TO TUOLUMNE BLVD.",460.00,N,N,A,-,Y,,,,,,,,,,Y,2,0,2,1,A,-,01,23152,A,N,E,I,A,A,H,-,D,D,0,,,,,Y,Y,D,22,1,1,0,0,0,0,0,0,0,"- ","- ",37.628940582275391,-120.99797058105469,STANISLAUS,UNINCORPORATED,-120.93662261962891,37.573757171630859
91993371,2023,2023-02-13,9465,2023-02-10,1445,021226,,5,2,9,5000,0,3,5,,2,050,"DEL PUERTO CANYON ROAD","DIABLO GRANDE PARKWAY",13200.00,W,N,A,-,N,,,,,,,,,,N,2,0,1,1,A,-,08,22107,,N,F,A,A,A,H,-,A,D,0,,,Y,,Y,,C,02,1,0,0,0,0,0,0,0,1,"- ","- ",37.477558135986328,-121.2259521484375,STANISLAUS,UNINCORPORATED,-121.21905517578125,37.477695465087891
91993426,2022,2023-02-16,9465,2022-12-02,0010,021337,,5,3,9,5000,0,1,3,,2,041,"SR-99 N/B","FAITH HOME ROAD",194.00,N,N,B,-,Y,STA,,99,,,8.742,H,,R,Y,1,1,3,1,A,-,01,23152,F,N,F,A,A,A,H,-,D,D,0,,,,,Y,,A,01,1,0,2,0,0,0,0,0,0,"- ","- ",37.560810089111328,-120.92138671875,STANISLAUS,UNINCORPORATED,-120.92144012451172,37.560771942138672
91995432,2023,2023-02-15,9465,2023-02-12,1105,018623,,7,1,9,5000,0,3,5,,2,020,"SOMMER PLACE","RIO SOMBRE DRIVE",0.00,,Y,A,-,N,,,,,,,,,,N,2,0,1,1,A,-,01,23152,A,N,F,A,A,A,H,-,A,D,0,,,,,Y,Y,M,96,1,0,0,0,0,0,0,0,0,"- ","- ",37.77716064453125,-120.79731750488281,STANISLAUS,UNINCORPORATED,-120.79727172851562,37.777130126953125
9199746,2020,2021-01-26,5007,2020-10-25,1733,5800,TPD,7,5,5,5007,0,0,0,,0,PD3,"NORTH SODERQUIST RD","LAMBERT RD",10.00,S,N,A,-,N,,,,,,,,,,Y,2,0,1,2,A,-,09,21801,A,N,A,C,A,A,H,-,A,D,0,,,Y,,Y,,A,01,1,0,0,0,0,0,0,0,1,"- ","- ",,,STANISLAUS,TURLOCK,-120.86226654052734,37.499504089355469
92002583,2023,2023-02-24,9465,2023-01-17,1609,018457,,2,2,9,5000,0,3,5,,2,010,"BACON ROAD","JACKSON ROAD",0.00,,Y,A,-,N,,,,,,,,,,Y,1,2,1,2,A,-,12,22450,A,N,D,C,A,A,H,-,A,A,0,,,,,Y,,A,07,0,1,0,0,0,0,0,0,0,"- ","- ",37.695850372314453,-121.13215637207031,STANISLAUS,UNINCORPORATED,-121.13214111328125,37.695869445800781
92003909,2023,2023-02-27,9465,2023-02-22,"325 ",021636,,3,3,9,5000,0,1,3,,1,054,"STATE ROUTE 33","EASTIN RD",6178.00,S,N,A,-,Y,STA,,33," "," ",5.334,H,,R,Y,2,0,1,1,A,-,08,22107,,N,E,I,A,A,H,-,D,D,0,,,,,Y,,A,01,1,0,0,0,0,0,0,0,0,"- ","- ",37.374279022216797,-121.05586242675781,STANISLAUS,UNINCORPORATED,-121.05589294433594,37.374263763427734
92004387,2022,2023-02-27,9465,2022-12-24,0055,021239,,6,3,9,5000,0,1,3,,2,041,"STATE ROUTE 99 SOUTHBOUND","KEYES ROAD",1584.00,N,N,E,-,Y,STA,,99,,R,8.196,H,,L,Y,1,1,0,1,A,-,08,22107,,N,E,J,A,A,H,-,C,D,0,,,,,Y,Y,A,07,0,0,0,0,0,0,0,0,0,"- ","- ",37.551300048828125,-120.91117095947266,STANISLAUS,UNINCORPORATED,-120.91105651855469,37.551395416259766
92005084,2023,2023-02-28,9465,2023-02-17,2002,020985,,5,2,9,5000,0,1,3,,1,031,"STATE ROUTE 132","ALBERS ROAD",0.00,,Y,A,-,Y,STA,,132," "," ",23.137,H,,R,Y,2,0,3,3,A,-,01,23152,A,N,D,2,A,A,H,-,C,A,0,,,,,Y,Y,A,01,1,1,1,0,0,0,0,0,0,"- ","- ",37.638679504394531,-120.84781646728516,STANISLAUS,UNINCORPORATED,-120.84781646728516,37.638729095458984
92005095,2023,2023-02-28,9465,2023-02-19,1545,019413,,7,2,9,5000,0,3,5,,2,020,"TIM BELL ROAD","EL POMAR AVENUE",2006.00,N,N,B,-,N,,,,,,,,,,N,2,0,1,1,C,-,18,,,N,H,H,A,A,H,-,A,D,0,,,Y,,Y,,-,"- ",1,0,0,0,0,0,0,0,1,"- ","- ",37.658451080322266,-120.75583648681641,STANISLAUS,UNINCORPORATED,-120.75579833984375,37.658359527587891
92014617,2023,2023-03-10,9465,2023-03-01,1938,020475,,3,2,9,5000,0,3,5,,2,040,"HATCH ROAD","CHURCH LANE",250.00,W,N,B,-,N,,,,,,,,,,N,2,0,1,2,A,-,05,21650,,N,A,G,A,A,H,-,C,D,0,,Y,,,Y,,L,04,1,0,0,0,0,0,1,0,0,"- ","- ",37.609371185302734,-120.98245239257812,STANISLAUS,UNINCORPORATED,-120.98240661621094,37.609439849853516
92017768,2023,2023-03-14,9465,2023-02-07,2020,019182,,2,2,9,5000,0,1,3,,2,015,"STATE ROUTE 219 (SR-219)                     (KIER","CARVER ROAD",370.00,E,N,A,-,N,,,,,,,,,,N,1,1,0,2,A,-,11,21956,A,N,G,B,E,A,H,-,D,D,0,Y,,,,Y,,N,60,0,0,0,1,0,0,0,0,0,"- ","- ",37.711048126220703,-121.02123260498047,STANISLAUS,UNINCORPORATED,-121.02122497558594,37.711227416992188
92018286,2023,2023-03-15,9465,2023-03-04,"15  ",021783,,6,3,9,5000,0,1,3,,2,011,"STATE ROUTE 99 (NORTHBOUND)","HAMMETT ROAD",900.00,S,N,A,-,Y,STA,,99," ",R,24.096,H,,R,Y,2,0,4,3,A,-,01,23152,A,F,D,C,A,A,H,-,C,D,0,,,,,Y,Y,A,07,1,3,0,0,0,0,0,0,0,"- ","- ",37.7239990234375,-121.10138702392578,STANISLAUS,UNINCORPORATED,-121.10138702392578,37.724002838134766
92018300,2023,2023-03-15,9465,2023-03-10,"908 ",018222,,5,1,9,5000,0,3,5,,2,030,"KERR AVENUE","TENAYA DRIVE",0.00,,Y,B,C,N,,,,,,,,,,N,2,0,1,2,A,-,12,22450,A,N,D,G,A,B,H,-,A,A,0,,Y,,,Y,,A,01,1,0,0,0,0,0,1,0,0,"- ","- ",37.634109497070312,-120.97136688232422,STANISLAUS,UNINCORPORATED,-120.97135162353516,37.634120941162109
92026659,2023,2023-03-23,9465,2023-03-13,2141,021337,,1,2,9,5000,0,1,3,,2,041,"STATE ROUTE 99 (NORTHBOUND)","TUOLUMNE BLVD",540.00,S,N,B,-,Y,STA,,99," ",R,15.005,H,,R,Y,2,0,3,4,A,-,03,22350,,N,C,C,E,B,H,-,D,D,0,Y,,,,Y,,D,22,1,1,1,0,1,0,0,0,0,"- ","- ",37.625881195068359,-120.99636840820312,STANISLAUS,UNINCORPORATED,-120.99640655517578,37.625873565673828
92026666,2023,2023-03-23,9465,2023-01-18,"139 ",021770,,3,3,9,5000,0,3,5,,2,030,"G STREET","JESSICA ST.",360.00,E,N,A,-,N,,,,,,,,,,N,2,0,1,2,A,-,21,22106,,N,G,B,E,A,H,-,D,D,0,Y,,,,Y,Y,A,01,1,0,0,0,1,0,0,0,0,"- ","- ",37.486709594726562,-120.84066009521484,STANISLAUS,UNINCORPORATED,-120.84066772460938,37.486614227294922
92035823,2023,2023-04-03,9465,2023-03-24,"302 ",021235,,5,3,9,5000,0,3,5,,2,040,"SERVICE ROAD","LUCAS ROAD",100.00,E,N,A,-,N,,,,,,,,,,Y,2,0,2,2,A,-,01,23152,A,N,C,D,A,A,H,-,C,D,0,,,,,Y,Y,A,01,1,1,0,0,0,0,0,0,0,"- ","- ",37.580230712890625,-120.94503784179688,STANISLAUS,UNINCORPORATED,-120.94603729248047,37.580238342285156