CASE_ID,ACCIDENT_YEAR,PROC_DATE,JURIS,COLLISION_DATE,COLLISION_TIME,OFFICER_ID,REPORTING_DISTRICT,DAY_OF_WEEK,CHP_SHIFT,POPULATION,CNTY_CITY_LOC,SPECIAL_COND,BEAT_TYPE,CHP_BEAT_TYPE,CITY_DIVISION_LAPD,CHP_BEAT_CLASS,BEAT_NUMBER,PRIMARY_RD,SECONDARY_RD,DISTANCE,DIRECTION,INTERSECTION,WEATHER_1,WEATHER_2,STATE_HWY_IND,CALTRANS_COUNTY,CALTRANS_DISTRICT,STATE_ROUTE,ROUTE_SUFFIX,POSTMILE_PREFIX,POSTMILE,LOCATION_TYPE,RAMP_INTERSECTION,SIDE_OF_HWY,TOW_AWAY,COLLISION_SEVERITY,NUMBER_KILLED,NUMBER_INJURED,PARTY_COUNT,PRIMARY_COLL_FACTOR,PCF_CODE_OF_VIOL,PCF_VIOL_CATEGORY,PCF_VIOLATION,PCF_VIOL_SUBSECTION,HIT_AND_RUN,TYPE_OF_COLLISION,MVIW,PED_ACTION,ROAD_SURFACE,ROAD_COND_1,ROAD_COND_2,LIGHTING,CONTROL_DEVICE,CHP_ROAD_TYPE,PEDESTRIAN_ACCIDENT,BICYCLE_ACCIDENT,MOTORCYCLE_ACCIDENT,TRUCK_ACCIDENT,NOT_PRIVATE_PROPERTY,ALCOHOL_INVOLVED,STWD_VEHTYPE_AT_FAULT,CHP_VEHTYPE_AT_FAULT,COUNT_SEVERE_INJ,COUNT_VISIBLE_INJ,COUNT_COMPLAINT_PAIN,COUNT_PED_KILLED,COUNT_PED_INJURED,COUNT_BICYCLIST_KILLED,COUNT_BICYCLIST_INJURED,COUNT_MC_KILLED,COUNT_MC_INJURED,PRIMARY_RAMP,SECONDARY_RAMP,LATITUDE,LONGITUDE,COUNTY,CITY,POINT_X,POINT_Y
92043669,2022,2023-04-12,9465,2022-11-07,0405,021636,,1,3,9,5000,0,3,5,,2,010,"S. CARPENTER ROAD","WAVERLY DRIVE",160.00,S,N,C,-,N,,,,,,,,,,N,1,1,0,2,A,-,11,21954,A,F,G,B,D,B,H,-,D,D,0,Y,,,,Y,,-,"- ",0,0,0,1,0,0,0,0,0,"- ","- ",37.618648529052734,-121.03044128417969,STANISLAUS,UNINCORPORATED,-121.03040313720703,37.618679046630859
92047974,2023,2023-04-18,9465,2023-04-04,"752 ",018623,,2,1,9,5000,0,1,3,,2,041,"STATE ROUTE 99 (NORTHBOUND)","KEYES ROAD",1191.00,N,N,A,-,Y,STA,,99," ",R,8.045,H,,R,N,1,1,0,3,A,-,03,22350,,N,B,C,A,A,H,-,A,D,0,,,Y,,Y,,C,02,0,0,0,0,0,0,0,1,0,"- ","- ",37.550079345703125,-120.90876007080078,STANISLAUS,UNINCORPORATED,-120.90875244140625,37.550086975097656
92051566,2023,2023-04-24,9465,2023-03-17,2500,019152,,5,4,9,5000,0,3,5,,2,040,"WEST HARDING AVENUE","SOUTH MOFFETT ROAD",460.00,W,N,A,-,N,,,,,,,,,,Y,1,1,0,1,A,-,01,23152,A,N,E,I,A,A,H,-,D,D,0,,,,,Y,Y,D,22,0,0,0,0,0,0,0,0,0,"- ","- ",37.463661193847656,-120.95034790039062,STANISLAUS,UNINCORPORATED,-120.95064544677734,37.463668823242188
92052883,2023,2023-04-25,9465,2023-04-12,1630,020885,,3,2,9,5000,0,3,5,,2,040,"S. CARPENTER RD","FULKERTH ROAD",0.00,,Y,A,-,N,,,,,,,,,,N,2,0,1,2,A,-,09,21802,A,F,F,A,A,A,H,-,A,A,0,,,Y,,Y,Y,-,99,1,0,0,0,0,0,0,0,1,"- ","- ",37.507759094238281,-121.03086853027344,STANISLAUS,UNINCORPORATED,-121.03087615966797,37.507797241210938
92061434,2023,2023-05-04,9465,2023-04-12,2015,019982,,3,2,9,5000,0,1,3,,2,021,"STATE ROUTE 120","26 MILE ROAD",0.00,,Y,A,-,Y,STA,,120," "," ",3.343,H,,R,Y,1,1,1,2,A,-,17,25650,,N,D,C,A,A,H,-,D,A,0,,,Y,,Y,,C,02,0,1,0,0,0,0,0,1,1,"- ","- ",37.788658142089844,-120.86390686035156,STANISLAUS,UNINCORPORATED,-120.86396789550781,37.788616180419922
92080922,2023,2023-05-30,9465,2023-05-22,1435,020012,,1,2,9,5000,0,3,5,,2,040,"CROWS LANDING ROAD","FULKERTH ROAD",0.00,,Y,A,-,N,,,,,,,,,,Y,2,0,3,2,A,-,12,22450,A,M,D,C,A,A,H,-,A,A,0,,,,,Y,,A,01,1,1,1,0,0,0,0,0,0,"- ","- ",37.507511138916016,-120.99465179443359,STANISLAUS,UNINCORPORATED,-120.99462127685547,37.507526397705078
92086717,2023,2023-10-18,9465,2023-03-12,2249,021239,,7,3,9,5000,0,3,5,,2,040,"KEYES ROAD","FAITH HOME ROAD",1250.00,E,N,B,-,N,,,,,,,,,,Y,2,0,1,1,A,-,08,22107,,N,E,8,A,A,H,-,C,D,0,,,,,Y,,A,01,1,0,0,0,0,0,0,0,0,"- ","- ",37.549339294433594,-120.91641235351562,STANISLAUS,UNINCORPORATED,-120.91666412353516,37.549568176269531
92093385,2023,2023-06-14,9465,2023-06-02,"910 ",018178,,5,1,9,5000,0,2,4,,2,042,"CROWS LANDING ROAD","SERVICE ROAD",2640.00,S,N,A,-,N,,,,,,,,,,Y,2,0,1,2,A,-,09,21804,A,N,D,C,A,A,H,-,A,D,0,,,Y,,Y,,E,22,1,0,0,0,0,0,0,0,1,"- ","- ",37.573070526123047,-120.99372863769531,STANISLAUS,UNINCORPORATED,-120.99369049072266,37.573150634765625
92095475,2023,2023-06-16,9465,2023-06-07,1355,019713,,3,1,9,5000,0,3,5,,2,050,"GAFFERY ROAD","KOSTER ROAD",0.00,,Y,B,-,N,,,,,,,,,,N,2,0,2,2,A,-,09,21800,B,N,D,C,A,A,H,-,A,A,0,,,,,Y,,A,01,1,1,0,0,0,0,0,0,0,"- ","- ",37.594760894775391,-121.32407379150391,STANISLAUS,UNINCORPORATED,-121.323974609375,37.594566345214844
92098197,2023,2023-06-20,9465,2023-06-10,1252,018955,,6,1,9,5000,0,3,5,,2,010,"CARPENTER ROAD","PARADISE ROAD",260.00,N,N,B,-,N,,,,,,,,,,Y,2,0,3,2,A,-,03,22350,,N,C,C,A,A,H,-,A,D,0,,,Y,,Y,,C,02,1,0,2,0,0,0,0,0,1,"- ","- ",37.617481231689453,-121.03045654296875,STANISLAUS,UNINCORPORATED,-121.03038787841797,37.617195129394531
92098304,2023,2023-06-21,9465,2023-06-08,1615,019730,,4,2,9,5000,0,3,5,,2,030,"MITCHELL ROAD","FINCH ROAD",1898.00,S,N,A,-,N,,,,,,,,,,Y,2,0,2,2,A,-,01,23152,A,F,D,C,A,A,H,-,A,D,0,,,,,Y,Y,A,01,1,0,1,0,0,0,0,0,0,"- ","- ",37.620620727539062,-120.93934631347656,STANISLAUS,UNINCORPORATED,-120.93901824951172,37.620185852050781
92098592,2023,2023-06-21,9465,2023-06-12,"15  ",021239,,1,3,9,5000,0,3,5,,2,040,"HATCH ROAD","SR-99 S/B OFF-RAMP TO HATCH ROAD",0.00,,Y,B,-,N,,,,,,,,,,Y,2,0,2,2,A,-,01,23152,A,N,D,2,A,A,H,-,C,A,0,,,,,Y,Y,A,01,1,0,1,0,0,0,0,0,0,"- ","- ",37.609329223632812,-120.97712707519531,STANISLAUS,UNINCORPORATED,-120.99365997314453,37.609470367431641
92110538,2023,2023-07-06,9465,2023-06-26,"245 ",021337,,1,3,9,5000,0,3,5,,2,030,"LAKE ROAD",SR-132,7920.00,S,N,A,-,N,,,,,,,,,,Y,2,0,1,1,A,-,01,23152,A,N,E,8,A,A,H,-,D,D,0,,,,,Y,Y,D,22,1,0,0,0,0,0,0,0,0,"- ","- ",37.632560729980469,-120.51014709472656,STANISLAUS,UNINCORPORATED,-120.50983428955078,37.632637023925781
92112079,2023,2023-07-07,9465,2023-06-30,1800,020885,,5,2,4,5001,0,1,3,,2,041,"SR-99 NORTHBOUND","SERVICE ROAD",1267.00,N,N,A,-,Y,STA,,99," ",R,10.817,H,,R,Y,2,0,5,1,A,-,08,22107,,N,F,A,A,A,H,-,A,D,0,,,,,Y,,A,07,1,3,1,0,0,0,0,0,0,"- ","- ",37.582870483398438,-120.94683837890625,STANISLAUS,CERES,-120.94687652587891,37.582839965820312
92113855,2023,2023-07-11,9465,2023-05-12,"115 ",021549,,5,3,9,5000,0,1,3,,2,011,"STATE ROUTE 99 (SOUTHBOUND)","L STREET",420.00,N,N,A,-,Y,STA,,99," ",R,16.233,H,,L,Y,1,1,1,1,A,-,01,23152,A,N,E,8,A,A,H,-,C,D,0,,,,,Y,Y,A,01,1,0,0,0,0,0,0,0,0,"- ","- ",37.640289306640625,-121.00846099853516,STANISLAUS,UNINCORPORATED,-121.00839996337891,37.640335083007812
9211493,2020,2021-01-25,5005,2020-12-18,0358,S02649,PATTE,5,5,3,5005,0,0,0,,0,,"RT 33","2ND ST",0.00,,Y,A,-,Y,STA,10,33,-,-,13.180,I,5,N,Y,1,1,1,2,A,-,12,21453,A,N,D,C,A,A,H,-,C,A,0,,,,,Y,Y,A,01,0,0,1,0,0,0,0,0,0,"- ","- ",37.472000122070312,-121.12799835205078,STANISLAUS,PATTERSON,-121.12897491455078,37.472061157226562
9211565,2020,2021-02-04,5007,2020-11-21,1246,5797,TPD,6,5,5,5007,0,0,0,,0,PD2,"LANDER AV","BERNELL AV",0.00,,Y,A,-,N,,,,,,,,,,Y,1,1,1,2,A,-,03,22350,A,N,H,A,A,A,H,-,A,A,0,,,Y,,Y,,C,02,0,0,1,0,0,0,0,1,0,"- ","- ",37.483020782470703,-120.8486328125,STANISLAUS,TURLOCK,-120.84896850585938,37.483551025390625
9211592,2020,2021-02-18,5006,2020-12-16,1441,S987,,3,5,3,5006,0,0,0,,0,,"RT 108","HOT SPRINGS LN",306.00,E,N,A,-,Y,STA,10,108,-,-,30.650,H,-,W,Y,1,1,1,2,A,-,00,22804,A,N,D,C,A,A,H,-,A,A,0,,,,,Y,,A,01,0,1,0,0,0,0,0,0,0,"- ","- ",,,STANISLAUS,RIVERBANK,-120.96600341796875,37.732711791992188
9211769,2020,2021-03-25,5007,2020-11-30,1721,5778,TPD,1,5,5,5007,0,0,0,,0,PD5,"NORTH GOLDEN STATE BL","ALMOND AV",190.00,N,N,A,-,N,,,,,,,,,,N,1,1,0,2,A,-,11,21950,B,N,G,B,D,A,H,-,C,D,0,Y,,,,Y,Y,N,60,0,0,0,1,0,0,0,0,0,"- ","- ",37.504070281982422,-120.85414886474609,STANISLAUS,TURLOCK,-120.85475921630859,37.503807067871094
92138314,2023,2023-08-08,9465,2023-07-28,2320,020985,,5,3,9,5000,0,3,5,,2,020,"TERMINAL AVENUE","CLAUS ROAD",90.00,W,N,A,-,N,,,,,,,,,,N,2,0,3,2,A,-,01,23152,A,N,A,C,A,A,H,-,D,A,0,,,,,Y,Y,A,01,1,1,1,0,0,0,0,0,0,"- ","- ",37.692691802978516,-120.92178344726562,STANISLAUS,UNINCORPORATED,-120.92167663574219,37.692474365234375
92146565,2023,2023-08-17,9465,2023-07-06,2338,021226,,4,3,6,5002,0,1,3,,2,011,"STATE ROUTE 99 (SOUTHBOUND)","BECKWITH ROAD",2713.00,N,N,A,-,Y,STA,,99," ",R,20.744,H,,L,Y,1,1,1,2,A,-,11,21954,A,N,G,B,D,A,H,-,D,D,0,Y,,,,Y,Y,N,60,0,1,0,1,0,0,0,0,0,"- ","- ",37.6885986328125,-121.06024932861328,STANISLAUS,MODESTO,-121.06019592285156,37.688640594482422
92153794,2023,2023-08-25,9465,2023-08-14,1555,018767,,1,2,9,5000,0,1,3,,2,052,SR-132,"MCCRACKEN RD",0.00,,Y,A,-,Y,STA,,132," "," ",0.232,H,,R,Y,2,0,2,2,A,-,12,22450,A,N,D,2,A,A,H,-,A,A,0,,,,,Y,,D,22,1,1,0,0,0,0,0,0,0,"- ","- ",37.638301849365234,-121.26940155029297,STANISLAUS,UNINCORPORATED,-121.26940155029297,37.638301849365234
92154090,2023,2023-08-25,9465,2023-08-18,1143,019152,,5,1,9,5000,0,3,5,,2,040,"S. SEVENTH ST.","PECOS AVE.",0.00,,Y,A,-,N,,,,,,,,,,N,2,0,1,2,A,-,09,21800,A,N,D,D,A,A,H,-,A,A,0,,,Y,,Y,,A,01,1,0,0,0,0,0,0,0,1,"- ","- ",37.615131378173828,-120.98480224609375,STANISLAUS,UNINCORPORATED,-120.98477172851562,37.615131378173828
92154630,2023,2023-08-25,9465,2023-08-17,"942 ",018178,,4,1,9,5000,0,2,4,,2,044,"SOUTH CARPENTER ROAD","HARDING ROAD",528.00,N,N,A,-,N,,,,,,,,,,Y,2,0,1,1,A,-,08,22107,,N,E,8,A,A,H,-,A,D,0,,,,Y,Y,,G,25,1,0,0,0,0,0,0,0,0,"- ","- ",37.46588134765625,-121.03079986572266,STANISLAUS,UNINCORPORATED,-121.03092956542969,37.465599060058594
92157570,2023,2023-08-29,9465,2023-08-17,1430,018767,,4,2,9,5000,0,3,5,,2,050,"GRAYSON RD","RIVER RD",1584.00,W,N,A,-,N,,,,,,,,,,Y,2,0,1,3,A,-,08,22107,,N,B,2,A,A,H,-,A,D,0,,,,Y,Y,,A,01,1,0,0,0,0,0,0,0,0,"- ","- ",37.555248260498047,-121.18476104736328,STANISLAUS,UNINCORPORATED,-121.18405914306641,37.555805206298828
92159811,2023,2023-08-31,9465,2023-08-20,"200 ",021783,,7,3,9,5000,0,3,5,,2,030,"GOLDEN STATE BOULEVARD (S/B)","GOLF ROAD",1954.00,S,N,C,-,N,,,,,,,,,,Y,2,0,3,2,A,-,05,21651,B,N,A,C,A,B,H,-,D,D,0,,,,,Y,,A,01,2,1,0,0,0,0,0,0,0,"- ","- ",37.475509643554688,-120.82611083984375,STANISLAUS,UNINCORPORATED,-120.82618713378906,37.475887298583984
92160619,2023,2023-09-01,9465,2023-08-25,"220 ",021783,,5,3,9,5000,0,3,5,,2,020,"RODDEN ROAD","GILBERT ROAD",50.00,E,N,A,-,N,,,,,,,,,,Y,2,0,1,1,A,-,08,22107,,N,E,I,A,A,H,-,D,A,0,,,,,Y,,A,01,1,0,0,0,0,0,0,0,0,"- ","- ",37.784770965576172,-120.84912872314453,STANISLAUS,UNINCORPORATED,-120.8492431640625,37.784706115722656
92162114,2023,2023-09-05,9465,2023-08-30,1630,019564,,3,2,9,5000,0,3,5,,2,010,"SPENCER AVENUE","MAZE BLVD",8.00,S,N,A,-,N,,,,,,,,,,Y,2,0,1,2,A,-,09,21801,A,N,D,G,A,A,H,-,A,D,0,,Y,,,Y,,E,22,1,0,0,0,0,0,1,0,0,"- ","- ",37.6385498046875,-121.0164794921875,STANISLAUS,UNINCORPORATED,-121.01644897460938,37.638618469238281
92162331,2023,2023-09-05,9465,2023-08-22,1545,019730,,2,2,9,5000,0,1,3,,2,021,"STATE ROUTE 120","26 MILE ROAD",0.00,,Y,A,-,Y,STA,,120," "," ",3.346,H,,R,Y,1,2,0,2,A,-,09,21802,A,N,D,C,A,A,H,-,A,A,0,,,,Y,Y,,F,27,0,0,0,0,0,0,0,0,0,"- ","- ",37.788619995117188,-120.8638916015625,STANISLAUS,UNINCORPORATED,-120.86392974853516,37.788589477539062
92163736,2023,2023-09-06,9465,2023-08-28,1750,021066,,1,2,9,5000,0,3,5,,2,030,"SERVICE ROAD","N. WASHINGTON ROAD",645.00,E,N,A,-,N,,,,,,,,,,N,2,0,1,1,A,-,01,23152,A,N,E,I,A,A,H,-,A,D,0,,,,,Y,Y,A,01,1,0,0,0,0,0,0,0,0,"- ","- ",37.580291748046875,-120.89946746826172,STANISLAUS,UNINCORPORATED,-120.89951324462891,37.580265045166016
92165523,2023,2023-09-08,9465,2023-08-30,2055,020457,,3,2,9,5000,0,3,5,,2,040,"S. 9TH STREET","PECOS AVE",1056.00,N,N,A,-,N,,,,,,,,,,Y,2,0,1,2,A,-,08,22107,,N,G,J,A,A,H,-,A,D,0,,,,,Y,,A,01,1,0,0,0,0,0,0,0,0,"- ","- ",37.612941741943359,-120.98164367675781,STANISLAUS,UNINCORPORATED,-120.98490905761719,37.6182861328125
9216571,2021,2021-03-17,5001,2021-01-17,1816,875,A403,7,5,4,5001,0,0,0,,0,001,"NADINE AV","RICHLAND AV",683.00,W,N,A,-,N,,,,,,,,,,Y,2,0,2,2,A,-,08,22107,,N,F,E,A,A,H,-,C,A,0,,,,,Y,,A,01,1,1,0,0,0,0,0,0,0,"- ","- ",33.761299133300781,-120.96878814697266,STANISLAUS,CERES,-120.96853637695312,37.612998962402344
92168468,2023,2023-10-17,9465,2023-08-30,2054,019155,,3,2,9,5000,0,3,5,,2,040,"SOUTH 9TH STREET","PECOS AVENUE",970.00,S,N,A,-,N,,,,,,,,,,Y,2,0,3,4,A,-,03,22350,,N,C,C,E,A,H,-,C,D,0,Y,,,,Y,,D,22,1,0,2,0,1,0,0,0,0,"- ","- ",37.613269805908203,-120.98185729980469,STANISLAUS,UNINCORPORATED,-120.98192596435547,37.613323211669922
92168870,2023,2023-09-13,9465,2023-08-27,1844,021636,,7,2,9,5000,0,1,3,,2,041,"STATE ROUTE 99 SOUTHBOUND","KEYES ROAD",3031.00,S,N,A,-,Y,STA,,99," ",R,7.312,H,,L,Y,2,0,5,3,A,-,01,23152,A,N,C,C,F,A,H,-,A,D,0,Y,,,,Y,Y,D,22,1,4,0,0,1,0,0,0,0,"- ","- ",37.542819976806641,-120.89924621582031,STANISLAUS,UNINCORPORATED,-120.89918518066406,37.542873382568359
92175738,2023,2023-09-21,9465,2023-07-25,1209,018998,,2,1,9,5000,0,1,1,,2,056,"INTERSTATE 5","CROW CREEK",530.00,S,N,A,-,Y,STA,,5," "," ",8.736,H,,L,Y,1,1,1,3,A,-,08,22107,,N,E,J,A,A,H,-,A,D,0,,,,Y,Y,,A,07,0,0,1,0,0,0,0,0,0,"- ","- ",37.370769500732422,-121.12497711181641,STANISLAUS,UNINCORPORATED,-121.12498474121094,37.370769500732422
92176200,2023,2023-09-21,9465,2023-09-15,"901 ",018274,,5,1,9,5000,0,3,5,,2,030,"WARING ROAD","MONTE VISTA AVENUE",0.00,,Y,A,-,N,,,,,,,,,,Y,2,0,3,2,A,-,09,21802,A,N,D,C,A,A,H,-,A,A,0,,,,,Y,,A,08,1,0,2,0,0,0,0,0,0,"- ","- ",37.521640777587891,-120.81204986572266,STANISLAUS,UNINCORPORATED,-120.81205749511719,37.521682739257812
92189948,2023,2023-10-04,9465,2023-09-22,"945 ",018998,,5,1,9,5000,0,3,5,,2,040,"STATE ROUTE 165","GREENWAY AVE",216.00,N,N,A,-,Y,STA,,165," "," ",1.035,H,,R,N,2,0,1,2,A,-,03,22350,,F,D,G,A,A,H,-,A,D,0,,Y,Y,,Y,,C,02,1,0,0,0,0,0,1,0,0,"- ","- ",37.467918395996094,-120.84906768798828,STANISLAUS,UNINCORPORATED,-120.84904479980469,37.467918395996094
92190293,2023,2024-11-26,9465,2023-03-06,1415,018767,,1,2,9,5000,0,3,5,,2,050,"ORANGE AVENUE","ELM AVENUE",0.00,,Y,B,C,N,,,,,,,,,,Y,1,3,2,2,A,-,12,22450,A,N,D,2,A,B,H,-,A,A,0,,,,,Y,,D,22,0,0,2,0,0,0,0,0,0,"- ","- ",37.480548858642578,-121.09227752685547,STANISLAUS,UNINCORPORATED,-121.09228515625,37.480579376220703
92190315,2023,2023-10-05,9465,2023-10-01,"655 ",018259,,7,1,9,5000,0,3,5,,2,050,"VILLAMANUCHA ROAD","AZEVEDO ROAD",2640.00,W,N,B,-,N,,,,,,,,,,Y,2,0,2,2,A,-,01,23152,A,N,A,2,A,B,H,-,B,D,0,,,,,Y,Y,A,01,1,1,0,0,0,0,0,0,0,"- ","- ",37.363639831542969,-121.02591705322266,STANISLAUS,UNINCORPORATED,-121.0257568359375,37.363807678222656
92194127,2023,2023-10-09,9465,2023-10-01,1410,019713,,7,2,9,5000,0,3,5,,2,050,"DEL PUERTO CANYON ROAD","DIABLO GRANDE PARKWAY",7392.00,N,N,A,-,N,,,,,,,,,,N,2,0,1,1,A,-,08,22107,,N,F,A,A,A,H,-,A,D,0,,,Y,,Y,,C,02,1,0,0,0,0,0,0,0,1,"- ","- ",37.474189758300781,-121.20323944091797,STANISLAUS,UNINCORPORATED,-121.20317077636719,37.474212646484375
92197286,2023,2023-10-12,9465,2023-10-10,2100,020642,,2,2,9,5000,0,3,5,,2,050,"WARD AVENUE","ELFERS ROAD",20.00,N,N,A,-,N,,,,,,,,,,Y,2,0,2,2,A,-,05,21460,A,N,A,C,A,A,H,-,D,D,0,,,,,Y,,A,01,1,1,0,0,0,0,0,0,0,"- ","- ",37.450000762939453,-121.14112854003906,STANISLAUS,UNINCORPORATED,-121.14111328125,37.449943542480469
92202252,2023,2023-10-18,9465,2023-10-11,"543 ",018274,,3,3,9,5000,0,3,5,,2,030,"WHITMORE AVENUE","SWANSON ROAD",9504.00,W,N,A,-,N,,,,,,,,,,Y,2,0,1,2,A,-,08,22107,,N,A,C,A,A,H,-,D,D,0,,,,,Y,,D,22,1,0,0,0,0,0,0,0,0,"- ","- ",37.594760894775391,-120.78643798828125,STANISLAUS,UNINCORPORATED,-120.81586456298828,37.594696044921875
92229896,2023,2023-11-07,9465,2023-10-25,1905,019982,,3,2,9,5000,0,3,5,,2,010,"CARPENTER ROAD","PARADISE ROAD",100.00,N,N,A,-,N,,,,,,,,,,N,2,0,1,2,A,-,09,21804,A,N,D,G,A,A,H,-,C,D,0,,Y,,,Y,,L,04,1,0,0,0,0,0,1,0,0,"- ","- ",37.616928100585938,-121.03045654296875,STANISLAUS,UNINCORPORATED,-121.03038787841797,37.616756439208984
92229953,2023,2023-11-07,9465,2023-10-28,"855 ",018222,,6,1,9,5000,0,1,3,,2,011,"PARADISE ROAD","SHILOH ROAD",1715.00,W,N,A,-,N,,,,,,,,,,Y,2,0,1,1,A,-,08,22107,,N,F,A,A,A,H,-,A,D,0,,,,,Y,,A,01,1,0,0,0,0,0,0,0,0,"- ","- ",37.608718872070312,-121.13671112060547,STANISLAUS,UNINCORPORATED,-121.13668823242188,37.608737945556641
92233070,2023,2023-11-13,9465,2023-10-25,1852,020833,,3,2,9,5000,0,3,5,,2,010,"FIGARO AVENUE","LEON AVENUE",0.00,,Y,A,-,N,,,,,,,,,,N,2,0,1,2,A,-,10,21950,A,F,G,B,E,A,H,-,C,A,0,Y,,,,Y,Y,-,99,1,0,0,0,1,0,0,0,0,"- ","- ",37.617881774902344,-121.00955963134766,STANISLAUS,UNINCORPORATED,-121.00950622558594,37.617893218994141
92243868,2023,2023-11-24,9465,2023-11-15,1115,018222,,3,1,9,5000,0,1,1,,2,056,"INTERSTATE 5 (SOUTHBOUND)","PETE MILLER ROAD",8765.00,N,N,A,-,Y,STA,,5," "," ",2.539,H,,R,Y,2,0,1,1,A,-,08,22107,,N,E,8,A,A,H,-,A,D,0,,,,Y,Y,,G,25,1,0,0,0,0,0,0,0,0,"- ","- ",37.283451080322266,-121.09860229492188,STANISLAUS,UNINCORPORATED,-121.09829711914062,37.283500671386719
92252283,2023,2023-12-04,9465,2023-11-22,2210,021062,,3,3,9,5000,0,3,5,,2,030,"MITCHELL RD","RIVERSIDE DRIVE",227.00,S,N,A,-,N,,,,,,,,,,Y,2,0,2,2,A,-,05,21651,A,N,A,C,A,A,H,-,C,D,0,,,,,Y,,D,22,1,1,0,0,0,0,0,0,0,"- ","- ",37.625179290771484,-120.94724273681641,STANISLAUS,UNINCORPORATED,-120.947509765625,37.62530517578125
92258610,2023,2023-12-11,9465,2023-11-21,"134 ",022868,,2,3,9,5000,0,1,3,,1,031,"SR-132 (YOSEMITE BOULEVARD)","ALBERS ROAD",0.00,,Y,A,-,Y,STA,,132," "," ",23.138,H,,R,Y,1,1,1,2,A,-,12,21453,A,N,D,2,A,A,H,-,C,A,0,,,,,Y,Y,A,01,0,0,1,0,0,0,0,0,0,"- ","- ",37.638771057128906,-120.84780120849609,STANISLAUS,UNINCORPORATED,-120.84780120849609,37.638729095458984
9227039,2021,2021-03-24,5005,2021-02-19,1830,S02804,5005,5,5,3,5005,0,0,0,,0,3B5,"EAST LAS PALMAS AV","HARTLEY AV",0.00,,Y,A,-,N,,,,,,,,,,Y,2,0,1,2,A,-,01,23153,A,N,A,C,A,A,H,-,C,A,0,,,,,Y,Y,A,08,1,0,0,0,0,0,0,0,0,"- ","- ",,,STANISLAUS,PATTERSON,-121.12158203125,37.475479125976562
92276863,2023,2024-01-02,9465,2023-11-09,"553 ",019730,,4,3,9,5000,0,3,5,,2,030,"SANTA CRUZ AVENUE","MONO DRIVE",0.00,,Y,A,-,N,,,,,,,,,,N,1,1,0,2,A,-,10,21950,A,N,G,B,D,A,H,-,C,D,0,Y,,,,Y,,A,07,0,0,0,1,0,0,0,0,0,"- ","- ",37.635509490966797,-120.97482299804688,STANISLAUS,UNINCORPORATED,-120.97480010986328,37.635478973388672
92277282,2023,2024-01-02,9465,2023-12-23,1345,022767,,6,1,9,5000,0,1,3,,1,032,SR-132,"DIENSTAG RD",785.00,E,N,A,-,N,,,,,,,,,,N,2,0,1,1,C,-,18,,,N,H,H,A,A,H,-,A,A,0,,,Y,,Y,,-,"- ",1,0,0,0,0,0,0,0,1,"- ","- ",37.641979217529297,-120.64330291748047,STANISLAUS,UNINCORPORATED,-120.64330291748047,37.641990661621094
92279291,2023,2024-01-04,9465,2023-12-24,"135 ",021368,,7,3,9,5000,0,1,3,,2,011,"STATE ROUTE 99","KANSAS AVENUE",581.00,N,N,B,-,Y,STA,,99," ",R,16.940,H,,R,Y,2,0,1,1,A,-,01,23152,A,N,E,I,A,A,H,-,C,D,0,,,,,Y,Y,A,01,1,0,0,0,0,0,0,0,0,"- ","- ",37.647129058837891,-121.01777648925781,STANISLAUS,UNINCORPORATED,-121.01771545410156,37.647178649902344
92296052,2023,2024-01-24,9465,2023-02-19,1948,020475,,7,2,9,5000,0,3,5,,2,010,"STONE AVENUE","STATE ROUTE 132",1901.00,S,N,A,-,N,,,,,,,,,,Y,1,1,1,3,A,-,01,23152,E,N,A,C,A,A,H,-,D,D,0,,,,,Y,,A,01,0,1,0,0,0,0,0,0,0,"- ","- ",37.632919311523438,-121.08557891845703,STANISLAUS,UNINCORPORATED,-121.08555603027344,37.632930755615234
9230099,2021,2021-04-26,5001,2021-02-06,0813,706,D003,6,5,4,5001,0,0,0,,0,005,"MITCHELL RD","EAST WHITMORE AV",18.00,S,N,A,-,N,,,,,,,,,,N,2,0,1,2,A,-,10,21950,A,N,G,B,B,A,H,-,B,A,0,Y,,,,Y,,A,01,1,0,0,0,1,0,0,0,0,"- ","- ",37.594730377197266,-120.93868255615234,STANISLAUS,CERES,-120.93869781494141,37.594699859619141