CASE_ID,ACCIDENT_YEAR,PROC_DATE,JURIS,COLLISION_DATE,COLLISION_TIME,OFFICER_ID,REPORTING_DISTRICT,DAY_OF_WEEK,CHP_SHIFT,POPULATION,CNTY_CITY_LOC,SPECIAL_COND,BEAT_TYPE,CHP_BEAT_TYPE,CITY_DIVISION_LAPD,CHP_BEAT_CLASS,BEAT_NUMBER,PRIMARY_RD,SECONDARY_RD,DISTANCE,DIRECTION,INTERSECTION,WEATHER_1,WEATHER_2,STATE_HWY_IND,CALTRANS_COUNTY,CALTRANS_DISTRICT,STATE_ROUTE,ROUTE_SUFFIX,POSTMILE_PREFIX,POSTMILE,LOCATION_TYPE,RAMP_INTERSECTION,SIDE_OF_HWY,TOW_AWAY,COLLISION_SEVERITY,NUMBER_KILLED,NUMBER_INJURED,PARTY_COUNT,PRIMARY_COLL_FACTOR,PCF_CODE_OF_VIOL,PCF_VIOL_CATEGORY,PCF_VIOLATION,PCF_VIOL_SUBSECTION,HIT_AND_RUN,TYPE_OF_COLLISION,MVIW,PED_ACTION,ROAD_SURFACE,ROAD_COND_1,ROAD_COND_2,LIGHTING,CONTROL_DEVICE,CHP_ROAD_TYPE,PEDESTRIAN_ACCIDENT,BICYCLE_ACCIDENT,MOTORCYCLE_ACCIDENT,TRUCK_ACCIDENT,NOT_PRIVATE_PROPERTY,ALCOHOL_INVOLVED,STWD_VEHTYPE_AT_FAULT,CHP_VEHTYPE_AT_FAULT,COUNT_SEVERE_INJ,COUNT_VISIBLE_INJ,COUNT_COMPLAINT_PAIN,COUNT_PED_KILLED,COUNT_PED_INJURED,COUNT_BICYCLIST_KILLED,COUNT_BICYCLIST_INJURED,COUNT_MC_KILLED,COUNT_MC_INJURED,PRIMARY_RAMP,SECONDARY_RAMP,LATITUDE,LONGITUDE,COUNTY,CITY,POINT_X,POINT_Y
92301296,2024,2024-01-30,9465,2024-01-18,2020,020475,,4,2,6,5002,0,1,3,,2,011,"SR-99 NORTHBOUND TO PELANDALE AVENUE","PELANDALE AVENUE",515.00,S,N,A,-,Y,STA,,99," ",R,21.588,H,,R,Y,2,0,1,1,A,-,08,22107,,N,E,I,A,A,H,-,C,D,0,,,,,Y,,D,22,1,0,0,0,0,0,0,0,0,"- ","- ",37.698280334472656,-121.06954956054688,STANISLAUS,MODESTO,-121.06973266601562,37.698192596435547
92305040,2024,2024-02-05,9465,2024-01-25,2120,021636,,4,2,9,5000,0,3,5,,2,010,"BROADWAY AVENUE","ELM ST",16.00,E,N,A,-,N,,,,,,,,,,N,2,0,1,1,A,-,01,23152,A,M,E,I,A,A,H,-,C,A,0,,,,,Y,Y,A,01,1,0,0,0,0,0,0,0,0,"- ","- ",37.707130432128906,-121.08344268798828,STANISLAUS,UNINCORPORATED,-121.08350372314453,37.707099914550781
92305048,2024,2024-02-05,9465,2024-01-25,2123,021636,,4,2,9,5000,0,3,5,,2,010,"ELM STREET","FLINT AVENUE",82.00,N,N,A,-,N,,,,,,,,,,N,2,0,1,3,A,-,01,23152,A,M,B,E,A,A,H,-,D,D,0,,,,,Y,Y,A,01,1,0,0,0,0,0,0,0,0,"- ","- ",37.706588745117188,-121.08303833007812,STANISLAUS,UNINCORPORATED,-121.08293914794922,37.706554412841797
92311557,2024,2024-02-12,9465,2024-02-10,1830,021783,,6,2,9,5000,0,1,3,,2,041,"STATE ROUTE 99 (SOUTHBOUND)","GOLF ROAD",700.00,S,N,A,-,Y,STA,,99," ",R,0.303,H,,R,N,2,0,2,2,A,-,01,23152,A,N,C,C,A,A,H,-,C,D,0,,,,,Y,Y,A,01,2,0,0,0,0,0,0,0,0,"- ","- ",37.465198516845703,-120.82727813720703,STANISLAUS,UNINCORPORATED,-120.82715606689453,37.465396881103516
92314869,2024,2024-02-15,9465,2024-01-26,1159,018457,,5,1,6,5002,0,1,3,,2,011,"SR-99 (N/B) FROM CARPENTER ROAD","CARPENTER ROAD",27.00,N,N,A,-,Y,,,,,,,,,,N,2,0,1,2,A,-,11,21456,A,N,G,B,B,A,H,-,A,A,0,Y,,,,Y,,N,60,1,0,0,0,1,0,0,0,0,"- ","- ",37.666778564453125,-121.03159332275391,STANISLAUS,MODESTO,-121.03159332275391,37.666778564453125
92315089,2024,2024-02-15,9465,2024-02-03,1633,021066,,6,2,9,5000,0,1,3,,2,012,SR-132,"FAUST ROAD",0.00,,Y,B,-,Y,STA,,132," "," ",7.633,H,,R,Y,2,0,5,2,A,-,09,21801,A,N,D,C,A,A,H,-,A,D,0,,,,,Y,,A,07,1,2,2,0,0,0,0,0,0,"- ","- ",37.637809753417969,-121.13584136962891,STANISLAUS,UNINCORPORATED,-121.13584136962891,37.637828826904297
92317737,2023,2024-02-20,9465,2023-12-03,1801,022767,,7,2,9,5000,0,3,5,,2,040,"EAST KEYES ROAD","FOOTE RD",0.00,,Y,A,-,N,,,,,,,,,,Y,2,0,6,2,A,-,12,22450,A,F,D,C,A,A,H,-,D,A,0,,,,,Y,,A,07,1,0,5,0,0,0,0,0,0,"- ","- ",37.547271728515625,-120.91127014160156,STANISLAUS,UNINCORPORATED,-120.91127777099609,37.547290802001953
92320528,2024,2024-02-22,9465,2024-02-08,1632,018457,,4,2,6,5002,0,1,3,,2,011,"STATE ROUTE 99 (NORTHBOUND)","BECKWITH ROAD",4224.00,S,N,A,-,Y,STA,,99," ",R,19.186,H,,R,Y,2,0,1,2,A,-,03,22350,,N,C,C,A,A,H,-,A,D,0,,,,,Y,,A,01,1,0,0,0,0,0,0,0,0,"- ","- ",37.672458648681641,-121.04045867919922,STANISLAUS,MODESTO,-121.04044342041016,37.672470092773438
92327754,2024,2024-03-01,9465,2024-02-22,1220,020833,,4,1,6,5002,0,1,3,,2,011,"STATE ROUTE 99 (NORTHBOUND)","KANSAS AVENUE",100.00,N,N,A,-,Y,STA,,99," ",R,16.847,H,,R,Y,2,0,3,3,A,-,07,21658,A,N,C,C,A,A,H,-,A,D,0,,,Y,,Y,,C,02,1,1,1,0,0,0,0,0,2,"- ","- ",37.646171569824219,-121.0166015625,STANISLAUS,MODESTO,-121.01655578613281,37.646202087402344
9233105,2021,2021-03-13,5007,2021-01-13,1629,5801,TPD,3,5,5,5007,0,0,0,,0,PD1,"GEER RD","E SPRINGER",25.00,N,N,A,-,N,,,,,,,,,,N,2,0,1,2,A,-,03,22350,A,N,C,C,A,A,H,-,B,A,0,,,,,Y,,A,01,1,0,0,0,0,0,0,0,0,"- ","- ",37.532951354980469,-120.84905242919922,STANISLAUS,TURLOCK,-120.84904479980469,37.533008575439453
92335162,2024,2024-03-11,9465,2024-03-06,"548 ",018259,,3,3,9,5000,0,1,1,,2,055,"NB I-5","SAN JOAQUIN COUNTY LINE",4224.00,S,N,B,-,Y,STA,,5," "," ",27.167,H,,R,Y,2,0,2,2,A,-,03,22350,,N,C,C,A,A,H,-,D,D,0,,,,,Y,,D,22,1,1,0,0,0,0,0,0,0,"- ","- ",37.582141876220703,-121.32209014892578,STANISLAUS,UNINCORPORATED,-121.32201385498047,37.582202911376953
92345081,2024,2024-03-22,9465,2024-03-09,2335,021226,,6,3,9,5000,0,2,4,,2,057,"CROWS LANDING ROAD","MORRIS ROAD",1600.00,S,N,A,-,N,,,,,,,,,,Y,2,0,1,1,A,-,01,23152,A,N,E,I,A,A,H,-,D,D,0,,,Y,,Y,Y,C,02,1,0,0,0,0,0,0,0,1,"- ","- ",37.391258239746094,-121.05345153808594,STANISLAUS,UNINCORPORATED,-121.05322265625,37.391319274902344
92349567,2024,2024-03-28,9465,2024-03-18,"730 ",018222,,1,1,9,5000,0,3,5,,2,040,"KEYES ROAD","MOFFET ROAD",123.00,E,N,A,-,N,,,,,,,,,,Y,2,0,2,2,A,-,03,22350,,N,C,C,A,A,H,-,A,D,0,,,,,Y,,D,22,1,0,1,0,0,0,0,0,0,"- ","- ",37.551239013671875,-120.94743347167969,STANISLAUS,UNINCORPORATED,-120.94750213623047,37.551250457763672
92360319,2024,2024-04-09,9465,2024-03-05,1459,018274,,2,2,9,5000,0,3,5,,2,030,"TENAYA DRIVE","DALY AVENUE",219.00,E,N,B,-,N,,,,,,,,,,Y,1,1,0,2,A,-,01,23152,F,N,A,C,A,A,H,-,A,D,0,,,Y,Y,Y,,C,02,0,0,0,0,0,0,0,1,0,"- ","- ",37.632488250732422,-120.96246337890625,STANISLAUS,UNINCORPORATED,-120.96258544921875,37.632591247558594
92361175,2024,2024-04-10,9465,2024-04-01,1705,018955,,1,2,9,5000,0,3,5,,2,010,"LADD ROAD","TULLY ROAD",22.50,E,N,A,-,N,,,,,,,,,,Y,2,0,2,2,A,-,03,22350,,N,C,C,A,A,H,-,A,D,0,,,,,Y,,-,"- ",1,0,1,0,0,0,0,0,0,"- ","- ",37.73297119140625,-121.01342010498047,STANISLAUS,UNINCORPORATED,-121.01347351074219,37.732948303222656
92361199,2024,2024-04-10,9465,2024-04-08,1540,018955,,1,2,9,5000,0,3,5,,2,010,"ELM AVENUE","EMERALD AVENUE",350.00,E,N,A,-,N,,,,,,,,,,Y,2,0,1,2,A,-,03,22350,,N,B,C,A,A,A,-,A,D,0,,,Y,,Y,,C,02,1,0,0,0,0,0,0,0,1,"- ","- ",37.643218994140625,-121.01999664306641,STANISLAUS,UNINCORPORATED,-121.01988983154297,37.643215179443359
92361778,2024,2024-04-11,9465,2024-04-03,1253,018222,,3,1,9,5000,0,3,5,,2,020,"VALLEY HOME ROAD","FREELOVE ROAD",1680.00,S,N,A,-,N,,,,,,,,,,Y,2,0,1,1,C,-,18,,,N,E,8,A,A,H,-,A,D,0,,,,,Y,,-,"- ",1,0,0,0,0,0,0,0,0,"- ","- ",37.819709777832031,-120.90155029296875,STANISLAUS,UNINCORPORATED,-120.90166473388672,37.819873809814453
92366854,2024,2024-04-17,9465,2024-04-12,1530,021235,,5,2,9,5000,0,3,5,,2,030,"MOORE ROAD","DON PEDRO ROAD",0.00,,Y,A,-,N,,,,,,,,,,Y,2,0,2,2,A,-,09,21802,A,N,D,C,A,A,H,-,A,A,0,,,,,Y,,A,01,2,0,0,0,0,0,0,0,0,"- ","- ",37.583900451660156,-120.93605804443359,STANISLAUS,UNINCORPORATED,-120.93610382080078,37.583881378173828
92371536,2024,2024-04-22,9465,2024-04-16,1516,018259,,2,2,9,5000,0,1,1,,2,055,"NB INTERSTATE 5","OAK FLAT ROAD",500.00,S,N,A,-,Y,STA,,5," "," ",12.446,H,,R,Y,2,0,1,1,A,-,08,22107,,N,E,I,A,A,H,-,A,D,0,,,,,Y,,D,22,1,0,0,0,0,0,0,0,0,"- ","- ",37.419658660888672,-121.15222930908203,STANISLAUS,UNINCORPORATED,-121.15216064453125,37.419681549072266
92374211,2024,2024-04-24,9465,2024-04-21,1915,018955,,7,2,9,5000,0,3,5,,2,030,"TURLOCK MAIN CANAL","MIRRIAM ROAD",485.00,E,N,A,-,N,,,,,,,,,,N,2,0,1,1,B,-,22,,,N,F,A,A,A,B,-,A,D,0,,,Y,,Y,,C,06,1,0,0,0,0,0,0,0,1,"- ","- ",37.61199951171875,-120.76286315917969,STANISLAUS,UNINCORPORATED,,
92378905,2024,2024-04-30,9465,2024-04-16,1530,018178,,2,2,9,5000,0,1,3,,2,041,"SR-99 NORTHBOUND","SOUTH 9TH STREET",528.00,S,N,A,-,Y,STA,,99," ",R,13.766,H,,R,Y,1,1,0,2,A,-,11,21954,A,N,G,B,D,A,H,-,A,D,0,Y,,,,Y,,N,60,0,0,0,1,0,0,0,0,0,"- ","- ",37.615428924560547,-120.98168182373047,STANISLAUS,UNINCORPORATED,-120.98166656494141,37.615444183349609
92380327,2023,2024-12-06,9465,2023-09-28,"730 ",017966,,4,1,9,5000,0,1,3,,2,012,"STATE ROUTE 132","GATES ROAD",3168.00,W,N,A,-,Y,STA,,132," "," ",5.202,H,,R,Y,1,3,1,2,A,-,01,23152,G,N,A,C,A,A,H,-,A,D,0,,,,,Y,Y,A,01,1,0,0,0,0,0,0,0,0,"- ","- ",37.637851715087891,-121.18003845214844,STANISLAUS,UNINCORPORATED,-121.18003845214844,37.637790679931641
92389105,2024,2024-06-21,9465,2024-04-29,"12  ",021368,,1,3,9,5000,0,3,5,,2,030,"GOLDEN STATE BLVD","BARNHART ROAD",269.00,N,N,A,-,N,,,,,,,,,,Y,2,0,2,5,A,-,01,23152,A,F,E,8,A,A,H,-,C,D,0,,,,Y,Y,Y,A,01,2,0,0,0,0,0,0,0,0,"- ","- ",37.544780731201172,-120.89988708496094,STANISLAUS,UNINCORPORATED,-120.89977264404297,37.544685363769531
92393977,2024,2024-05-20,9465,2024-04-09,1601,018955,,2,2,9,5000,0,3,5,,2,010,"MCHENRY AVENUE","HOGUE ROAD",1660.00,N,N,A,-,N,,,,,,,,,,Y,1,4,0,4,A,-,08,22107,,N,A,C,A,A,H,-,A,D,0,,,,,Y,Y,A,01,0,0,0,0,0,0,0,0,0,"- ","- ",37.752750396728516,-120.99561309814453,STANISLAUS,UNINCORPORATED,-120.99563598632812,37.752719879150391
92399643,2024,2024-05-28,9465,2024-04-25,2500,019152,,4,4,9,5000,0,3,5,,2,050,"DEL PUERTO CANYON ROAD","DIABLO GRANDE PARKWAY",31680.00,N,N,A,-,N,,,,,,,,,,N,2,0,1,1,A,-,08,22107,,N,F,A,A,A,H,-,A,D,0,,Y,,,Y,Y,M,91,1,0,0,0,0,0,1,0,0,"- ","- ",37.456569671630859,-121.25269317626953,STANISLAUS,UNINCORPORATED,-121.25296020507812,37.455852508544922
92425205,2024,2024-06-27,9465,2024-06-21,1925,021066,,5,2,9,5000,0,3,5,,2,010,"BLUE GUM AVENUE","MORSE ROAD",785.00,W,N,A,-,N,,,,,,,,,,Y,2,0,1,2,A,-,09,21801,A,N,B,C,A,A,H,-,A,D,0,,,Y,,Y,,D,22,1,0,0,0,0,0,0,0,1,"- ","- ",37.660209655761719,-121.05226135253906,STANISLAUS,UNINCORPORATED,-121.05207824707031,37.660255432128906
92434341,2024,2024-07-09,9465,2024-06-29,1120,018457,,6,1,6,5002,0,1,3,,2,011,"STATE ROUTE 99 (SOUTHBOUND)","G STREET",700.00,S,N,A,-,Y,STA,,99," ",R,15.525,H,,R,Y,2,0,2,2,A,-,07,21658,A,N,C,C,A,A,H,-,A,D,0,,,,,Y,,A,07,1,0,1,0,0,0,0,0,0,"- ","- ",37.632869720458984,-120.99947357177734,STANISLAUS,MODESTO,-120.99929046630859,37.633003234863281
92434825,2024,2024-07-10,9465,2024-06-26,2344,020642,,3,3,9,5000,0,3,5,,2,040,"GRAYSON ROAD","SHILOH ROAD",792.00,E,N,A,-,N,,,,,,,,,,Y,2,0,1,1,A,-,01,23152,A,N,E,I,A,A,H,-,D,D,0,,,,,Y,Y,A,01,1,0,0,0,0,0,0,0,0,"- ","- ",37.565929412841797,-121.13690185546875,STANISLAUS,UNINCORPORATED,-121.13852691650391,37.565319061279297
92438889,2024,2024-07-15,9465,2024-07-04,1905,021368,,4,2,9,5000,0,1,3,,2,011,"STATE ROUTE 99 (NORTHBOUND)","HAMMETT ROAD",2461.00,S,N,A,-,Y,STA,,99," ",R,23.799,H,,R,Y,2,0,1,3,A,-,01,23152,A,N,C,E,F,A,H,-,A,D,0,Y,,,,Y,Y,A,01,1,0,0,0,1,0,0,0,0,"- ","- ",37.720668792724609,-121.09803009033203,STANISLAUS,UNINCORPORATED,-121.09808349609375,37.720630645751953
9248110,2021,2021-04-19,5001,2021-03-22,1956,801,D002,1,5,4,5001,0,0,0,,0,005,"ROSE AVE","MAGONILIA ST",0.00,,Y,A,-,N,,,,,,,,,,N,2,0,1,2,A,-,09,21801,A,N,A,C,A,A,H,-,C,D,0,,,Y,,Y,,D,22,1,0,0,0,0,0,0,0,1,"- ","- ",37.59326171875,-120.94242858886719,STANISLAUS,CERES,-120.94282531738281,37.593215942382812
9248114,2021,2021-04-19,5001,2021-03-25,0000,821,C103,4,5,4,5001,0,0,0,,0,004,"HACKETT RD","GEORGEANN PL",29.00,E,N,A,-,N,,,,,,,,,,Y,2,0,1,2,A,-,03,22350,,N,E,I,A,A,H,-,A,A,0,,,Y,,Y,,C,02,1,0,0,0,0,0,0,0,1,"- ","- ",,,STANISLAUS,CERES,-120.97112274169922,37.587600708007812
9256129,2021,2021-05-20,5007,2021-03-15,0653,5800,,1,5,5,5007,0,0,0,,0,004,"W MONTE VISTA AVE","DELS LN",0.00,,Y,B,-,N,,,,,,,,,,Y,1,1,0,2,A,-,11,21950,B,N,G,B,B,A,H,-,C,B,0,Y,,,,Y,,N,60,0,0,0,1,0,0,0,0,0,"- ","- ",37.521919250488281,-120.85809326171875,STANISLAUS,TURLOCK,-120.85812377929688,37.521808624267578
9256376,2021,2021-07-22,5005,2021-06-15,2130,SQ95,PSS,2,5,3,5005,0,0,0,,0,3T4,"LAS PALMAS","1ST ST",351.00,E,N,A,-,N,,,,,,,,,,Y,1,1,0,2,A,-,11,21955,,N,G,B,D,A,D,-,D,A,0,Y,,,,Y,Y,N,60,0,0,0,1,0,0,0,0,0,"- ","- ",37.473300933837891,-121.12640380859375,STANISLAUS,PATTERSON,-121.12648010253906,37.473228454589844
9256473,2021,2021-08-12,5007,2021-03-28,0020,5782,TPD,7,5,5,5007,0,0,0,,0,PD4,"WEST MONTE VISTA AV","N TEGNER RD",292.00,W,N,A,-,N,,,,,,,,,,Y,1,1,2,1,A,-,03,22350,,N,E,I,A,A,H,-,C,A,0,,,,,Y,,A,01,2,0,0,0,0,0,0,0,0,"- ","- ",37.521881103515625,-120.88926696777344,STANISLAUS,TURLOCK,-120.88947296142578,37.521862030029297
92601673,2024,2024-07-25,9465,2024-07-04,1003,021226,,4,1,9,5000,0,1,3,,2,011,"STATE ROUTE 99","STATE ROUTE 132",515.00,S,N,A,-,Y,STA,,99," ",R,16.588,H,,L,Y,2,0,1,2,A,-,03,22350,,N,C,C,A,A,H,-,A,D,0,,,,Y,Y,,A,01,1,0,0,0,0,0,0,0,0,"- ","- ",37.643501281738281,-121.01352691650391,STANISLAUS,UNINCORPORATED,-121.01333618164062,37.643695831298828
9276827,2021,2021-06-24,5007,2021-05-06,2251,5725,TPD,4,5,5,5007,0,0,0,,0,PD4,"TAYLOR CT","TAYLOR RD",78.00,S,N,A,-,N,,,,,,,,,,Y,2,0,1,1,A,-,01,23152,A,N,E,I,A,A,H,-,C,D,0,,,,,Y,Y,D,22,1,0,0,0,0,0,0,0,0,"- ","- ",37.536869049072266,-120.89479064941406,STANISLAUS,TURLOCK,-120.89434051513672,37.536754608154297
9276901,2021,2021-06-10,5001,2021-04-17,1945,755,C004,6,5,4,5001,0,0,0,,0,005,"EL CAMINO AV","PINE ST",285.00,S,N,A,-,N,,,,,,,,,,Y,2,0,1,1,A,-,01,23152,A,N,E,I,A,A,A,-,A,D,0,,,,,Y,Y,A,01,1,0,0,0,0,0,0,0,0,"- ","- ",37.588401794433594,-120.95182037353516,STANISLAUS,CERES,-120.9520263671875,37.58837890625
92898462,2024,2024-08-21,9465,2024-07-24,2500,020642,,3,4,9,5000,0,3,5,,2,050,"DEL PUERTO CANYON ROAD","DIABLO GRANDE PKWY",528.00,N,N,A,-,N,,,,,,,,,,Y,1,1,0,1,A,-,08,22107,,N,E,I,A,A,H,-,A,D,0,,,,,Y,,A,01,0,0,0,0,0,0,0,0,0,"- ","- ",37.467948913574219,-121.19380950927734,STANISLAUS,UNINCORPORATED,-121.18503570556641,37.46337890625
9300636,2021,2021-09-08,5007,2021-05-28,2237,5801,TPD,5,5,5,5007,0,0,0,,0,PD3,"FULKERTH RD","RT 99",0.00,,Y,A,-,Y,STA,10,99,-,R,4.744,R,4,S,Y,2,0,3,4,A,-,01,23153,A,N,D,C,A,A,H,-,C,A,0,,,,,Y,Y,A,01,1,0,2,0,0,0,0,0,0,"- ",SF,37.507259368896484,-120.8785400390625,STANISLAUS,TURLOCK,-120.87931823730469,37.509838104248047
9302161,2021,2021-08-10,5007,2021-06-04,0135,5719,TPD,5,5,5,5007,0,0,0,,0,PD3,"SOUTH WALNUT RD","WEST MAIN ST",167.00,N,N,A,-,N,,,,,,,,,,Y,2,0,1,2,A,-,01,23152,A,N,F,-,A,A,H,-,C,D,0,,,,,Y,Y,A,01,1,0,0,0,0,0,0,0,0,"- ","- ",37.486610412597656,-120.86773681640625,STANISLAUS,TURLOCK,-120.87180328369141,37.492729187011719
9302168,2021,2021-08-11,5007,2021-06-18,0758,5799,TPD,5,5,5,5007,0,0,0,,0,PD5,"LOCUST ST","WEST MAIN ST",0.00,,Y,A,-,N,,,,,,,,,,N,2,0,1,2,A,-,03,22350,,M,C,D,A,A,H,-,A,A,0,,,,,Y,,A,01,1,0,0,0,0,0,0,0,0,"- ","- ",37.492771148681641,-120.85015869140625,STANISLAUS,TURLOCK,-120.85015106201172,37.492759704589844
9302991,2021,2021-08-25,5005,2021-07-24,2240,S02976,5005,6,5,3,5005,0,0,0,,0,3Q3,"WALNUT AV","WALNUT CT",75.00,W,N,A,-,N,,,,,,,,,,Y,2,0,1,2,A,-,07,21658,A,N,C,E,A,A,H,-,C,D,0,,,,,Y,,A,01,1,0,0,0,0,0,0,0,0,"- ","- ",,,STANISLAUS,PATTERSON,-121.12877655029297,37.480545043945312
9317371,2021,2021-09-22,5001,2021-08-18,1927,895,D002,3,5,4,5001,0,0,0,,0,005,"EAST WHITMORE AV","LILAC CT",55.00,W,N,A,-,N,,,,,,,,,,Y,2,0,1,1,A,-,08,22107,,N,F,J,A,A,H,-,B,D,0,,,Y,,Y,,C,06,1,0,0,0,0,0,0,0,1,"- ","- ",37.594730377197266,-120.94416809082031,STANISLAUS,CERES,-120.94441223144531,37.594749450683594
9320098,2020,2022-06-11,5002,2020-11-20,1811,11531,M455,5,5,6,5002,0,0,0,,0,042,"RT 132","WILSON AV",0.00,,Y,A,-,N,,,132,,,,,,,Y,1,1,0,2,A,-,10,21950,A,N,G,B,B,A,H,-,C,D,0,Y,,,,Y,Y,A,01,0,0,0,1,0,0,0,0,0,"- ","- ",37.638198852539062,-120.97482299804688,STANISLAUS,MODESTO,-120.97482299804688,37.638210296630859
9320566,2022,2022-03-24,5007,2022-01-04,1413,5785,TPD,2,5,5,5007,0,0,0,,0,PD2,"EAST GLENWOOD AV","LANDER AV",0.00,,Y,A,-,N,,,,,,,,,,N,1,1,0,2,A,-,10,21950,A,N,G,B,B,A,H,-,A,A,0,Y,,,,Y,,D,22,0,0,0,1,0,0,0,0,0,"- ","- ",37.475559234619141,-120.84902191162109,STANISLAUS,TURLOCK,-120.84902191162109,37.475559234619141
9320723,2021,2023-06-17,5004,2021-11-25,0200,,,4,5,3,5004,0,0,0,,0,,"GREGER ST","KAUFMAN RD",950.00,W,N,A,-,N,,,,,,,,,,Y,1,2,0,1,A,-,01,23152,A,N,E,I,A,A,H,-,C,D,0,,,,,Y,Y,A,01,0,0,0,0,0,0,0,0,0,"- ","- ",37.754589080810547,-120.85256195068359,STANISLAUS,OAKDALE,-120.85253143310547,37.75457763671875
9323163,2021,2021-09-30,5004,2021-07-29,2035,334,RD21,4,5,3,5004,0,0,0,,0,022,"WEST F ST","REED RD",0.00,,Y,A,-,N,,,108,,,,,,,Y,2,0,1,2,A,-,01,23152,,N,D,C,A,A,H,-,C,A,0,,,Y,,Y,Y,-,"- ",1,0,0,0,0,0,0,0,1,"- ","- ",37.756370544433594,-120.87444305419922,STANISLAUS,OAKDALE,-120.87439727783203,37.756149291992188
93281212,2024,2024-08-02,9465,2024-07-19,1155,019730,,5,1,9,5000,0,3,5,,2,020,"CHURCH STREET","PARKER ROAD",0.00,,Y,A,-,N,,,,,,,,,,N,2,0,1,2,A,-,12,22450,A,N,D,G,A,A,H,-,A,A,0,,Y,,,Y,,L,04,1,0,0,0,0,0,1,0,0,"- ","- ",37.667301177978516,-120.89830017089844,STANISLAUS,UNINCORPORATED,-120.89829254150391,37.667304992675781
9336822,2021,2021-09-27,5006,2021-08-08,2240,503177,RIVER,7,5,3,5006,0,0,0,,0,RPD2,"ATCHISON ST","7TH ST",150.00,E,N,A,-,N,,,,,,,,,,Y,2,0,1,1,A,-,01,23152,A,N,E,I,A,A,H,-,C,D,0,,,,,Y,Y,A,01,1,0,0,0,0,0,0,0,0,"- ","- ",,,STANISLAUS,RIVERBANK,-120.92844390869141,37.737968444824219
9336961,2021,2021-10-11,5006,2021-08-28,1142,503494,5006,6,5,3,5006,0,0,0,,0,RD1,"ROSELLE AV","N ROSE BROOK DR",31.00,S,N,A,-,N,,,,,,,,,,Y,2,0,3,3,A,-,04,21703,,N,C,C,A,A,-,-,A,A,0,,,,,Y,,A,01,1,0,2,0,0,0,0,0,0,"- ","- ",,,STANISLAUS,RIVERBANK,-120.9403076171875,37.723423004150391
9359495,2021,2021-12-27,5001,2021-11-02,1751,831,C104,2,5,4,5001,0,0,0,,0,004,"MORGAN RD",TASHA,6.00,S,N,A,-,N,,,,,,,,,,N,2,0,1,2,A,-,09,21802,A,N,D,G,A,A,H,-,A,A,0,,Y,,,Y,,D,22,1,0,0,0,0,0,1,0,0,"- ","- ",37.585330963134766,-120.97527313232422,STANISLAUS,CERES,-120.97528839111328,37.585323333740234
9362758,2021,2021-11-23,5007,2021-08-29,2024,5796,TPD,7,5,5,5007,0,0,0,,0,PD3,"WEST MAIN ST","S SODERQUIST RD",203.00,W,N,A,-,N,,,,,,,,,,N,2,0,1,2,A,-,09,21804,,N,D,G,A,A,H,-,C,D,0,,Y,,,Y,,A,07,1,0,0,0,0,0,1,0,0,"- ","- ",37.492740631103516,-120.86251068115234,STANISLAUS,TURLOCK,-120.86325836181641,37.492698669433594
9373353,2021,2021-12-16,5007,2021-11-19,2250,5798,TPD,5,5,5,5007,0,0,0,,0,PD5,"NORTH GOLDEN STATE BL","ALMOND AV",0.00,,Y,A,-,N,,,,,,,,,,N,2,0,1,2,A,-,11,21954,A,N,G,B,D,A,H,-,C,A,0,Y,,,,Y,,N,60,1,0,0,0,1,0,0,0,0,"- ","- ",37.504070281982422,-120.85414886474609,STANISLAUS,TURLOCK,-120.85432434082031,37.503421783447266
9378555,2021,2021-12-15,5001,2021-11-22,1747,859,A104,1,5,4,5001,0,0,0,,0,001,"HERNDON RD","RICHLAND AV",0.00,,Y,A,-,N,,,,,,,,,,N,2,0,1,2,A,-,09,21801,A,N,D,C,A,A,H,-,C,A,0,,,,,Y,,-,,1,0,0,0,0,0,0,0,0,"- ","- ",37.600101470947266,-120.96616363525391,STANISLAUS,CERES,-120.96628570556641,37.600200653076172
93993866,2024,2024-08-09,9465,2024-07-27,"300 ",022229,,6,3,9,5000,0,3,5,,2,020,"VALLEY HOME ROAD","STATE ROUTE 120",50.00,N,N,A,-,N,,,,,,,,,,Y,2,0,2,1,A,-,01,23152,A,N,E,I,A,A,H,-,D,D,0,,,,,Y,Y,A,01,1,0,1,0,0,0,0,0,0,"- ","- ",37.790111541748047,-120.86585235595703,STANISLAUS,UNINCORPORATED,-120.86399841308594,37.788715362548828
9405505,2022,2022-02-10,5002,2022-01-20,1835,821,A301,4,5,6,5002,0,0,0,,0,001,"CENTRAL AV","HATCH RD",301.00,N,N,A,-,N,,,,,,,,,,N,2,0,1,2,A,-,05,21650,1,N,H,G,A,A,H,-,D,D,0,,Y,,,Y,,L,04,1,0,0,0,0,0,1,0,0,"- ","- ",37.609241485595703,-120.95703887939453,STANISLAUS,MODESTO,-120.95706176757812,37.610065460205078