CASE_ID,ACCIDENT_YEAR,PROC_DATE,JURIS,COLLISION_DATE,COLLISION_TIME,OFFICER_ID,REPORTING_DISTRICT,DAY_OF_WEEK,CHP_SHIFT,POPULATION,CNTY_CITY_LOC,SPECIAL_COND,BEAT_TYPE,CHP_BEAT_TYPE,CITY_DIVISION_LAPD,CHP_BEAT_CLASS,BEAT_NUMBER,PRIMARY_RD,SECONDARY_RD,DISTANCE,DIRECTION,INTERSECTION,WEATHER_1,WEATHER_2,STATE_HWY_IND,CALTRANS_COUNTY,CALTRANS_DISTRICT,STATE_ROUTE,ROUTE_SUFFIX,POSTMILE_PREFIX,POSTMILE,LOCATION_TYPE,RAMP_INTERSECTION,SIDE_OF_HWY,TOW_AWAY,COLLISION_SEVERITY,NUMBER_KILLED,NUMBER_INJURED,PARTY_COUNT,PRIMARY_COLL_FACTOR,PCF_CODE_OF_VIOL,PCF_VIOL_CATEGORY,PCF_VIOLATION,PCF_VIOL_SUBSECTION,HIT_AND_RUN,TYPE_OF_COLLISION,MVIW,PED_ACTION,ROAD_SURFACE,ROAD_COND_1,ROAD_COND_2,LIGHTING,CONTROL_DEVICE,CHP_ROAD_TYPE,PEDESTRIAN_ACCIDENT,BICYCLE_ACCIDENT,MOTORCYCLE_ACCIDENT,TRUCK_ACCIDENT,NOT_PRIVATE_PROPERTY,ALCOHOL_INVOLVED,STWD_VEHTYPE_AT_FAULT,CHP_VEHTYPE_AT_FAULT,COUNT_SEVERE_INJ,COUNT_VISIBLE_INJ,COUNT_COMPLAINT_PAIN,COUNT_PED_KILLED,COUNT_PED_INJURED,COUNT_BICYCLIST_KILLED,COUNT_BICYCLIST_INJURED,COUNT_MC_KILLED,COUNT_MC_INJURED,PRIMARY_RAMP,SECONDARY_RAMP,LATITUDE,LONGITUDE,COUNTY,CITY,POINT_X,POINT_Y
9410564,2022,2022-02-16,5001,2022-01-18,1226,818,D206,2,5,4,5001,0,0,0,,0,005,"MITCHELL RD","DON PEDRO RD",310.00,S,N,A,-,N,,,,,,,,,,Y,2,0,1,2,A,-,07,21658,A,N,C,C,A,A,D,-,A,D,0,,,Y,,Y,,C,02,1,0,0,0,0,0,0,0,1,"- ","- ",37.583858489990234,-120.93875122070312,STANISLAUS,CERES,-120.93875122070312,37.582969665527344
9414133,2022,2022-03-16,5004,2022-01-20,1502,326,RD13,4,5,3,5004,0,0,0,,0,032,"N YOSEMITE AV","E D ST",0.00,,Y,A,-,Y,STA,10,120,-,-,4.930,I,5,W,N,2,0,1,2,A,-,10,21950,A,N,G,B,B,A,H,-,A,D,0,Y,,,,Y,,A,01,1,0,0,0,1,0,0,0,0,"- ","- ",37.769039154052734,-120.84900665283203,STANISLAUS,OAKDALE,-120.84862518310547,37.769012451171875
9414209,2022,2022-03-11,5001,2022-02-17,2221,859,D003,4,5,4,5001,0,0,0,,0,005,"MITCHELL RD","COLLEEN WY",418.00,N,N,A,-,N,,,,,,,,,,N,2,0,2,2,A,-,01,23152,A,N,C,C,A,A,H,-,C,D,0,,,,,Y,Y,A,01,2,0,0,0,0,0,0,0,0,"- ","- ",37.594730377197266,-120.93868255615234,STANISLAUS,CERES,-120.93875122070312,37.592697143554688
9415524,2022,2022-05-11,5006,2022-01-29,1630,S03178,,6,5,3,5006,0,0,0,,0,,"CLAUS RD","MINNIEAR AV",239.00,S,N,A,-,N,,,,,,,,,,Y,2,0,4,3,A,-,03,22350,,N,C,C,A,A,G,-,B,D,0,,,,,Y,,A,07,1,0,3,0,0,0,0,0,0,"- ","- ",,,STANISLAUS,RIVERBANK,-120.92195892333984,37.715675354003906
9426267,2022,2022-04-06,5001,2022-03-10,1642,821,A100,4,5,4,5001,0,0,0,,0,001,"CASWELL AV","CENTRAL AV",4.00,E,N,A,-,N,,,,,,,,,,N,2,0,1,2,A,-,10,21950,A,N,G,B,B,A,H,-,A,A,0,Y,,,,Y,,A,07,1,0,0,0,1,0,0,0,0,"- ","- ",37.599868774414062,-120.95694732666016,STANISLAUS,CERES,-120.95694732666016,37.599891662597656
9429398,2022,2022-06-30,5003,2022-03-23,0725,N203,RDNM,3,5,2,5003,0,0,0,,0,NPD,"HOYER RD","UPPER RD",600.00,E,N,A,-,N,,,,,,,,,,Y,2,0,3,2,A,-,04,21703,,N,C,C,A,-,H,-,A,D,0,,,,,Y,,A,01,1,1,1,0,0,0,0,0,0,"- ","- ",37.311180114746094,-121.03096771240234,STANISLAUS,NEWMAN,-121.03096771240234,37.311168670654297
94307838,2024,2024-08-13,9465,2024-06-08,1600,021226,,6,2,9,5000,0,2,4,,2,034,"GEER ROAD","GRAYSON ROAD",129.00,S,N,A,-,N,,,,,,,,,,Y,1,2,0,2,A,-,01,23152,A,N,A,C,A,A,H,-,A,D,0,,,,,Y,Y,A,01,0,0,0,0,0,0,0,0,0,"- ","- ",37.565280914306641,-120.84699249267578,STANISLAUS,UNINCORPORATED,-120.84702301025391,37.565315246582031
94356697,2024,2024-08-16,9465,2024-08-01,2237,022784,,4,3,9,5000,0,2,4,,2,043,"WEST MAIN STREET","CROWS LANDING ROAD",300.00,W,N,A,-,N,,,,,,,,,,N,2,0,1,1,A,-,01,23152,A,N,E,I,A,A,H,-,C,D,0,,,,,Y,Y,A,01,1,0,0,0,0,0,0,0,0,"- ","- ",37.493099212646484,-120.99582672119141,STANISLAUS,UNINCORPORATED,-120.99559020996094,37.493000030517578
94359328,2024,2024-08-19,9465,2024-08-17,"625 ",021235,,6,1,9,5000,0,3,5,,2,040,"HATCH ROAD","JIM WAY",0.00,,Y,A,-,N,,,,,,,,,,Y,2,0,2,2,A,-,03,22350,,N,C,C,A,A,H,-,B,D,0,,,,,Y,,A,01,1,0,1,0,0,0,0,0,0,"- ","- ",37.609451293945312,-120.98493957519531,STANISLAUS,UNINCORPORATED,-120.98493194580078,37.609405517578125
94370674,2024,2024-08-27,9465,2024-08-04,1712,022229,,7,2,9,5000,0,2,4,,2,034,"GEER ROAD","STATE ROUTE 132",300.00,S,N,A,-,N,,,,,,,,,,Y,2,0,3,2,A,-,09,21801,A,N,D,2,A,A,H,-,A,D,0,,,,,Y,,A,07,1,0,2,0,0,0,0,0,0,"- ","- ",37.637809753417969,-120.84777069091797,STANISLAUS,UNINCORPORATED,-120.84768676757812,37.637916564941406
94375709,2024,2024-08-29,9465,2024-08-17,"52  ",022938,,6,3,9,5000,0,3,5,,2,020,"PIONEER AVENUE","MISSION ROAD",549.00,S,N,A,-,N,,,,,,,,,,Y,2,0,1,1,A,-,08,22107,,N,E,8,A,A,H,-,D,D,0,,,,,Y,,A,07,1,0,0,0,0,0,0,0,0,"- ","- ",37.782119750976562,-120.91377258300781,STANISLAUS,UNINCORPORATED,-120.91373443603516,37.782203674316406
94376452,2024,2024-08-30,9465,2024-08-03,"3   ",022868,,6,3,6,5002,0,1,3,,2,011,"SR-99 S/B","CARPENTER ROAD",662.00,S,N,A,-,Y,STA,,99," ",M,18.374,H,,L,Y,2,0,2,2,A,-,01,23152,A,N,E,8,A,A,H,-,D,D,0,,,,,Y,Y,A,07,1,0,1,0,0,0,0,0,0,"- ","- ",37.664531707763672,-121.02944946289062,STANISLAUS,MODESTO,-121.02939605712891,37.664577484130859
94389109,2024,2024-09-16,9465,2024-09-02,"945 ",018363,,1,1,9,5000,0,3,5,,2,020,"VALLEY OAK DRIVE","SILK OAK COURT",113.00,W,N,A,-,N,,,,,,,,,,Y,2,0,2,2,A,-,16,29004,B,N,E,8,A,A,H,-,A,D,0,,,,,Y,,D,22,1,1,0,0,0,0,0,0,0,"- ","- ",37.784229278564453,-120.78829956054688,STANISLAUS,UNINCORPORATED,-120.78824615478516,37.784290313720703
94390491,2024,2024-09-11,9465,2024-08-28,1154,018457,,3,1,9,5000,0,1,3,,2,013,"STATE ROUTE 108","STATE ROUTE 219",334.00,W,N,A,-,Y,STA,,108," "," ",27.536,H,,R,N,2,0,1,2,A,-,09,21804,A,N,D,C,A,A,H,-,A,A,0,,,Y,,Y,,-,"- ",1,0,0,0,0,0,0,0,1,"- ","- ",37.709968566894531,-120.99497985839844,STANISLAUS,UNINCORPORATED,-120.99478149414062,37.709976196289062
94391028,2024,2024-09-12,9465,2024-08-31,"455 ",019730,,6,3,9,5000,0,3,5,,2,020,"RODDEN ROAD","ORANGE BLOSSOM ROAD",1742.00,N,N,A,-,N,,,,,,,,,,N,2,0,1,1,A,-,01,23152,A,N,E,I,A,A,H,-,D,D,0,,,,,Y,Y,A,01,1,0,0,0,0,0,0,0,0,"- ","- ",37.791000366210938,-120.7669677734375,STANISLAUS,UNINCORPORATED,-120.76638793945312,37.790882110595703
94412157,2024,2024-09-30,9465,2024-09-14,"130 ",022784,,6,3,9,5000,0,1,3,,2,045,"SR-165 SB","CLAUSEN ROAD",300.00,S,N,A,-,N,,,,,,,,,,N,2,0,1,1,A,-,01,23152,A,N,E,8,A,A,H,-,C,D,0,,,,,Y,Y,A,01,1,0,0,0,0,0,0,0,0,"- ","- ",37.455699920654297,-120.84912872314453,STANISLAUS,UNINCORPORATED,-120.84904479980469,37.455585479736328
94431261,2024,2024-10-15,9465,2024-08-29,2340,022229,,4,3,9,5000,0,1,3,,2,041,"SR-99 SOUTHBOUND FROM S. 9TH STREET","HATCH ROAD",89.00,N,N,A,-,Y,,,,,,,,,,N,1,1,0,2,A,-,11,21954,A,N,G,B,E,A,H,-,D,D,0,Y,,,,Y,,N,60,0,0,0,1,0,0,0,0,0,"- ","- ",37.609600067138672,-120.97775268554688,STANISLAUS,UNINCORPORATED,-120.97683715820312,37.609340667724609
9443291,2021,2022-04-29,5007,2021-12-01,1818,5792,TPD,3,5,5,5007,0,0,0,,0,PD5,"PIONEER AV","EAST MAIN ST",596.00,N,N,A,-,N,,,,,,,,,,N,2,0,1,3,A,-,11,21954,A,N,G,B,D,A,H,-,C,D,0,Y,,,,Y,,N,60,1,0,0,0,1,0,0,0,0,"- ","- ",37.502231597900391,-120.83730316162109,STANISLAUS,TURLOCK,-120.83756256103516,37.502349853515625
94446720,2024,2024-10-28,9465,2024-09-18,"330 ",020475,,3,3,9,5000,0,3,5,,2,030,"MITCHELL ROAD","TENAYA DRIVE",560.00,S,N,A,-,N,,,,,,,,,,Y,2,0,1,1,A,-,01,23152,A,N,E,8,A,A,H,-,C,D,0,,,,,Y,Y,A,01,1,0,0,0,0,0,0,0,0,"- ","- ",37.630870819091797,-120.95709991455078,STANISLAUS,UNINCORPORATED,-120.95697784423828,37.630908966064453
94447571,2024,2024-10-28,9465,2024-10-22,"635 ",018222,,2,1,6,5002,0,1,3,,2,011,"STATE ROUTE 99 (NORTHBOUND)","BECKWITH ROAD",500.00,S,N,A,-,Y,STA,,99," ",R,20.174,H,,R,N,2,0,1,3,A,-,03,22350,,M,C,C,A,A,H,-,D,D,0,,,,,Y,,D,22,1,0,0,0,0,0,0,0,0,"- ","- ",37.683101654052734,-121.05242156982422,STANISLAUS,MODESTO,-121.05239105224609,37.683116912841797
94463789,2024,2024-11-08,9465,2024-10-16,1500,018274,,3,2,9,5000,0,1,3,,1,032,"STATE ROUTE 132","CRABTREE ROAD",3696.00,E,N,B,-,Y,STA,,132," "," ",37.354,H,,R,Y,1,1,2,2,A,-,08,22107,,N,A,C,A,A,H,-,A,D,0,,,,,Y,,A,01,0,2,0,0,0,0,0,0,0,"- ","- ",37.641960144042969,-120.60104370117188,STANISLAUS,UNINCORPORATED,-120.60104370117188,37.641941070556641
94468085,2024,2024-11-13,9465,2024-11-09,1700,021066,,6,2,9,5000,0,3,5,,2,020,"TERMINAL AVENUE","CLAUS ROAD",1815.00,N,N,A,-,N,,,,,,,,,,Y,2,0,1,1,A,-,01,23152,A,N,F,C,A,A,H,-,A,D,0,,,,,Y,Y,A,01,1,0,0,0,0,0,0,0,0,"- ","- ",37.697090148925781,-120.92362213134766,STANISLAUS,UNINCORPORATED,-120.92353057861328,37.696975708007812
94472859,2024,2024-11-18,9465,2024-11-10,1830,022938,,7,2,9,5000,0,2,4,,2,024,"ALBERS ROAD","MILNES ROAD",1247.00,N,N,A,-,N,,,,,,,,,,Y,2,0,1,1,A,-,01,23152,A,N,E,I,A,A,H,-,D,D,0,,,,,Y,Y,A,07,1,0,0,0,0,0,0,0,0,"- ","- ",37.685508728027344,-120.84819793701172,STANISLAUS,UNINCORPORATED,-120.84822082519531,37.685489654541016
94476548,2024,2024-11-20,9465,2024-11-08,1835,021239,,5,2,9,5000,0,3,5,,2,040,"CARPENTER ROAD","MONTE VISTA AVENUE",2085.00,S,N,A,-,N,,,,,,,,,,Y,2,0,3,2,A,-,01,23152,A,N,B,C,A,A,H,-,C,D,0,,,,,Y,Y,A,07,3,0,0,0,0,0,0,0,0,"- ","- ",37.516559600830078,-121.03083801269531,STANISLAUS,UNINCORPORATED,-121.03083038330078,37.516685485839844
94493468,2024,2024-12-05,9465,2024-11-27,1710,019713,,3,2,9,5000,0,2,4,,2,042,"CROWS LANDING ROAD","BRADBURY ROAD",1742.00,S,N,A,-,N,,,,,,,,,,Y,2,0,1,1,A,-,08,22107,,N,F,A,A,A,H,-,D,D,0,,,,,Y,,A,01,1,0,0,0,0,0,0,0,0,"- ","- ",37.444358825683594,-121.00348663330078,STANISLAUS,UNINCORPORATED,-121.00353240966797,37.444618225097656
94496326,2024,2024-12-11,9465,2024-12-04,1244,018178,,3,1,9,5000,0,3,5,,2,040,"RUBLE ROAD","CROWS LANDING ROAD",2640.00,W,N,A,-,N,,,,,,,,,,N,2,0,1,1,A,-,01,23152,A,N,E,I,A,A,H,-,A,D,0,,,,,Y,Y,A,01,1,0,0,0,0,0,0,0,0,"- ","- ",37.485740661621094,-121.00367736816406,STANISLAUS,UNINCORPORATED,-121.00360107421875,37.48577880859375
9449676,2022,2022-06-02,5004,2022-04-30,1120,312,RD29,6,5,3,5004,0,0,0,,0,021,"WEST F ST","WEST F ST",10.00,N,N,A,-,N,,,,,,,,,,Y,2,0,1,1,A,-,08,22107,,N,E,I,A,A,H,-,A,D,0,,,,,Y,,A,01,1,0,0,0,0,0,0,0,0,"- ","- ",37.757431030273438,-120.87286376953125,STANISLAUS,OAKDALE,,
94499646,2024,2024-12-23,9465,2024-12-05,"215 ",020642,,4,3,9,5000,0,3,5,,2,010,"CHICAGO AVENUE","RITSCH COURT",435.00,W,N,A,-,N,,,,,,,,,,Y,2,0,1,1,A,-,01,23152,A,N,E,I,A,A,H,-,D,D,0,,,,,Y,Y,A,01,1,0,0,0,0,0,0,0,0,"- ","- ",37.625949859619141,-121.02442932128906,STANISLAUS,UNINCORPORATED,-121.02439117431641,37.625911712646484
94500258,2024,2024-12-13,9465,2024-10-25,1835,023200,,5,2,9,5000,0,1,1,,2,055,"INTERSTATE 5 (SOUTHBOUND)","FINK ROAD",802.00,N,N,A,-,Y,STA,,5," "," ",10.976,H,,L,N,1,1,0,1,A,-,01,23152,A,N,F,A,A,A,H,-,D,D,0,,,,,Y,Y,A,01,0,0,0,0,0,0,0,0,0,"- ","- ",37.40045166015625,-121.14064025878906,STANISLAUS,UNINCORPORATED,-121.14059448242188,37.400470733642578
94501222,2024,2024-12-13,9465,2024-12-04,2055,019982,,3,2,9,5000,0,1,3,,2,013,"STATE ROUTE 108","SAINT FRANCIS AVE.",1170.00,E,N,A,-,Y,STA,,108," "," ",28.529,H,,R,N,2,0,1,2,A,-,01,23152,A,N,E,I,A,A,H,-,C,D,0,,,,,Y,Y,A,01,1,0,0,0,0,0,0,0,0,"- ","- ",37.724540710449219,-120.99517059326172,STANISLAUS,UNINCORPORATED,-120.99515533447266,37.724540710449219
9450280,2022,2022-06-15,5007,2022-04-25,2050,5797,TPD,1,5,5,5007,0,0,0,,0,PD3,"NORTH TULLY RD","HOMER WY",105.00,N,N,A,-,N,,,,,,,,,,N,2,0,1,2,A,-,08,22107,,N,G,B,E,A,H,-,C,D,0,Y,,,,Y,,A,01,1,0,0,0,1,0,0,0,0,"- ","- ",37.494171142578125,-120.86881256103516,STANISLAUS,TURLOCK,-120.86907196044922,37.494350433349609
94507747,2024,2024-12-17,9465,2024-12-06,1210,020985,,5,1,9,5000,0,1,3,,2,012,"STATE ROUTE 132","STONE AVENUE",230.00,E,N,A,-,Y,STA,,132," "," ",10.437,H,,R,Y,2,0,3,2,A,-,03,22350,,N,C,C,A,A,H,-,A,D,0,,,,Y,Y,,A,01,1,0,2,0,0,0,0,0,0,"- ","- ",37.638149261474609,-121.08477020263672,STANISLAUS,UNINCORPORATED,-121.08477020263672,37.638141632080078
94513494,2024,2024-12-23,9465,2024-12-13,"756 ",021636,,5,1,9,5000,0,3,5,,2,030,"9TH STREET","WISENOR AVE",120.00,S,N,A,-,N,,,,,,,,,,Y,2,0,1,1,A,-,03,22350,,N,E,I,A,A,H,-,A,D,0,,,,,Y,,A,01,1,0,0,0,0,0,0,0,0,"- ","- ",37.624080657958984,-120.98664855957031,STANISLAUS,UNINCORPORATED,-120.98645782470703,37.624126434326172
94515424,2024,2024-12-24,9465,2024-12-15,1900,021239,,7,2,9,5000,0,3,5,,2,040,"CROWS LANDING ROAD","W. LINWOOD AVENUE",1200.00,N,N,A,-,N,,,,,,,,,,Y,2,0,2,1,A,-,08,22107,,N,E,I,A,A,H,-,C,D,0,,,,,Y,,A,01,1,1,0,0,0,0,0,0,0,"- ","- ",37.481658935546875,-120.99445343017578,STANISLAUS,UNINCORPORATED,-120.99447631835938,37.481697082519531
94523670,2024,2025-01-02,9465,2024-12-21,1640,019713,,6,2,9,5000,0,1,1,,2,055,"INTERSTATE 5","KHALSA  ROAD",6336.00,S,N,A,-,Y,STA,,5," "," ",24.333,H,,R,Y,2,0,1,1,A,-,01,23152,A,N,F,A,A,A,H,-,D,D,0,,,,,Y,Y,A,07,1,0,0,0,0,0,0,0,0,"- ","- ",37.553600311279297,-121.28494262695312,STANISLAUS,UNINCORPORATED,-121.28491973876953,37.553615570068359
94531764,2025,2025-01-09,9465,2025-01-05,1020,018178,,7,1,9,5000,0,3,5,,2,050,"FINK ROAD","BELL ROAD",1500.00,E,N,A,-,N,,,,,,,,,,Y,2,0,1,1,A,-,08,22107,,N,E,I,A,A,H,-,A,D,0,,,,,Y,,A,01,1,0,0,0,0,0,0,0,0,"- ","- ",37.391559600830078,-121.09748840332031,STANISLAUS,UNINCORPORATED,-121.09830474853516,37.391536712646484
94538984,2024,2025-05-05,9465,2024-11-20,"812 ",018363,,3,1,9,5000,0,1,3,,2,053,"STATE ROUTE 33","WEST STANISLAUS ROAD",720.00,S,N,B,-,Y,STA,,33," "," ",21.452,H,,R,Y,1,1,0,3,A,-,08,22107,,N,E,8,A,A,H,-,A,A,0,,,,Y,Y,,A,01,0,0,0,0,0,0,0,0,0,"- ","- ",37.567211151123047,-121.2186279296875,STANISLAUS,UNINCORPORATED,-121.21858215332031,37.567245483398438
94543591,2024,2025-01-21,9465,2024-06-03,"455 ",021062,,1,3,5,5007,0,1,3,,2,041,"SR-99 (S/B) FROM WEST MAIN STREET","WEST MAIN STREET",19.00,S,N,A,-,Y,,,,,,,,,,N,1,1,0,2,A,-,00,21960,A,F,G,B,D,A,H,-,C,D,0,Y,,,,Y,,N,60,0,0,0,1,0,0,0,0,0,"- ","- ",37.492568969726562,-120.87062072753906,STANISLAUS,TURLOCK,-120.87030792236328,37.492912292480469
94547643,2024,2025-01-23,9465,2024-12-10,1841,020885,,2,2,9,5000,0,3,5,,2,030,"SOUTH 9TH STREET","RIVER ROAD",394.00,S,N,A,-,N,,,,,,,,,,N,1,1,0,2,A,-,11,21954,A,N,G,B,E,A,H,-,C,D,0,Y,,,,Y,Y,N,60,0,0,0,1,0,0,0,0,0,"- ","- ",37.625038146972656,-120.98684692382812,STANISLAUS,UNINCORPORATED,-120.98675537109375,37.625144958496094
94570121,2025,2025-05-12,9465,2025-01-18,1425,019152,,6,2,9,5000,0,3,5,,2,050,"EASTIN RD.","SHIELLS RD.",2640.00,S,N,A,-,N,,,,,,,,,,N,2,0,1,2,A,-,03,22350,,N,C,C,A,A,H,-,A,D,0,,,Y,,Y,,C,02,1,0,0,0,0,0,0,0,1,"- ","- ",37.302188873291016,-121.06754302978516,STANISLAUS,UNINCORPORATED,-121.06753540039062,37.296791076660156
94575323,2024,2025-02-12,9465,2024-12-26,1800,019713,,4,2,9,5000,0,1,3,,1,032,"STATE ROUTE 132","RUSHING ROAD",2424.00,E,N,C,-,Y,STA,,132," "," ",40.248,H,,R,Y,1,1,2,2,A,-,01,23152,F,N,A,C,A,B,H,-,D,D,0,,,,,Y,,A,01,0,2,0,0,0,0,0,0,0,"- ","- ",37.638530731201172,-120.55108642578125,STANISLAUS,UNINCORPORATED,-120.55109405517578,37.638545989990234
94579602,2024,2025-02-14,9465,2024-12-21,1920,021770,,6,2,9,5000,0,3,5,,2,010,"N. GATES RD.","BACON RD.",2112.00,S,N,A,-,N,,,,,,,,,,Y,2,0,1,1,A,-,08,22107,,N,E,I,A,B,H,-,D,D,0,,,,,Y,,A,01,1,0,0,0,0,0,0,0,0,"- ","- ",37.689868927001953,-121.15955352783203,STANISLAUS,UNINCORPORATED,-121.15950775146484,37.689949035644531
94589350,2025,2025-02-25,9465,2025-02-03,1450,021066,,1,2,9,5000,0,3,5,,2,030,"WASHINGTON ROAD","TID UPPER LATERAL NO 2 1/2",0.00,,Y,A,-,N,,,,,,,,,,Y,1,1,0,1,A,-,01,23152,A,N,E,I,A,A,H,-,A,D,0,,,,,Y,Y,D,22,0,0,0,0,0,0,0,0,0,"- ","- ",37.566219329833984,-120.90191650390625,STANISLAUS,UNINCORPORATED,-121.00743103027344,37.634319305419922
94590445,2025,2025-02-26,9465,2025-01-21,1635,019713,,2,2,9,5000,0,3,5,,2,050,"FRANK COX ROAD","COX ROAD",2352.00,W,N,A,-,N,,,,,,,,,,Y,1,1,0,1,A,-,01,23152,A,N,F,A,A,A,H,-,B,D,0,,,,,Y,Y,A,01,0,0,0,0,0,0,0,0,0,"- ","- ",37.550510406494141,-121.17389678955078,STANISLAUS,UNINCORPORATED,-121.17390441894531,37.550571441650391
94595688,2025,2025-03-04,9465,2025-01-21,2019,021337,,2,2,9,5000,0,1,3,,1,054,SR-33,"CROWS LANDING ROAD",406.00,N,N,A,-,Y,STA,,33," "," ",6.809,H,,R,N,1,1,0,2,A,-,11,21954,A,N,G,B,D,A,H,-,D,D,0,Y,,,,Y,,N,60,0,0,0,1,0,0,0,0,0,"- ","- ",37.392269134521484,-121.07086181640625,STANISLAUS,UNINCORPORATED,-121.07090759277344,37.392246246337891
94597034,2024,2025-03-05,9465,2024-12-23,1825,023100,,1,2,9,5000,0,3,5,,2,040,"EAST HARDING ROAD","GOLF ROAD",1742.00,W,N,A,-,N,,,,,,,,,,N,1,1,0,2,A,-,11,21954,A,N,G,B,E,A,H,-,D,D,0,Y,,,,Y,Y,N,60,0,0,0,1,0,0,0,0,0,"- ","- ",37.463459014892578,-120.83695983886719,STANISLAUS,UNINCORPORATED,-120.83685302734375,37.463481903076172
9460302,2022,2022-07-18,5002,2022-05-24,1350,665,A204,2,5,6,5002,0,0,0,,0,001,"EAST HATCH RD","STONUM RD",190.00,W,N,A,-,N,,,,,,,,,,Y,2,0,2,2,A,-,03,22350,,N,D,C,A,A,H,-,A,D,0,,,Y,,Y,,C,02,1,1,0,0,0,0,0,0,1,"- ","- ",37.609230041503906,-120.96160888671875,STANISLAUS,MODESTO,-120.96224212646484,37.609210968017578
94611620,2025,2025-03-20,9465,2025-03-08,"510 ",020833,,6,3,6,5002,0,1,3,,2,011,"STATE ROUTE 99 (NORTHBOUND) FROM 6TH STREET","L STREET",850.00,N,N,A,-,Y,STA,,99," ",R,16.310,H,,R,Y,2,0,2,2,A,-,11,21954,A,N,G,B,E,A,H,-,D,D,0,Y,,,,Y,,N,60,1,1,0,0,1,0,0,0,0,"- ","- ",37.641319274902344,-121.00908660888672,STANISLAUS,MODESTO,-121.00914001464844,37.641281127929688
94641451,2025,2025-04-08,9465,2025-03-30,1620,019713,,7,2,9,5000,0,3,5,,2,050,"STUHR ROAD","EASTIN ROAD",0.00,,Y,A,-,N,,,,,,,,,,Y,2,0,2,2,A,-,01,23152,A,N,D,C,A,A,H,-,A,A,0,,,,,Y,Y,A,01,1,1,0,0,0,0,0,0,0,"- ","- ",37.333400726318359,-121.06754302978516,STANISLAUS,UNINCORPORATED,-121.06747436523438,37.333351135253906
94670041,2025,2025-04-30,9465,2025-04-17,2220,023379,,4,3,9,5000,0,2,4,,2,043,"WEST MAIN STREET","HOLLAND DRIVE",622.00,W,N,A,-,N,,,,,,,,,,N,2,0,2,3,A,-,03,22350,,N,G,G,A,A,H,-,D,D,0,,Y,,,Y,,-,31,1,0,1,0,0,0,2,0,0,"- ","- ",37.492641448974609,-120.9102783203125,STANISLAUS,UNINCORPORATED,-120.91022491455078,37.492649078369141
94688334,2025,2025-05-15,9465,2025-05-06,2330,023453,,2,3,9,5000,0,2,4,,2,042,"CROWS LANDING ROAD","W. LINWOOD AVENUE",0.00,,Y,A,-,N,,,,,,,,,,Y,2,0,1,2,A,-,01,23152,A,N,A,E,A,A,H,-,D,D,0,,,,,Y,Y,A,01,1,0,0,0,0,0,0,0,0,"- ","- ",37.478401184082031,-120.99500274658203,STANISLAUS,UNINCORPORATED,-120.99507141113281,37.478446960449219
94697709,2025,2025-05-22,9465,2025-05-10,1500,020985,,6,2,9,5000,0,3,5,,2,030,"MONTE VISTA AVENUE","KALMAR LANE",0.00,,Y,A,-,N,,,,,,,,,,N,2,0,1,1,A,-,08,22107,,N,E,8,A,A,H,-,A,D,0,,,Y,,Y,,C,03,1,0,0,0,0,0,0,0,1,"- ","- ",37.521770477294922,-120.79918670654297,STANISLAUS,UNINCORPORATED,,
94700411,2025,2025-05-26,9465,2025-03-18,2500,023100,,2,4,9,5000,0,3,5,,2,030,"S. 7TH ST","BLANKENBURG AVENUE",735.00,S,N,A,-,N,,,,,,,,,,N,2,0,1,2,A,-,03,22350,,F,G,B,E,A,H,-,B,D,0,Y,,,,Y,,A,01,1,0,0,0,1,0,0,0,0,"- ","- ",37.619350433349609,-120.98957061767578,STANISLAUS,UNINCORPORATED,-120.98949432373047,37.619354248046875
94706871,2025,2025-05-30,9465,2025-04-06,1150,019730,,7,1,9,5000,0,3,5,,2,020,"ORANGE BLOSSOM ROAD","ORANGE BLOSSOM COURT",528.00,N,N,A,-,N,,,,,,,,,,N,1,1,0,1,A,-,08,22107,,N,E,I,A,A,H,-,A,D,0,,,Y,,Y,,C,02,0,0,0,0,0,0,0,1,0,"- ","- ",37.799808502197266,-120.72711944580078,STANISLAUS,UNINCORPORATED,-120.7271728515625,37.799762725830078