CASE_ID,ACCIDENT_YEAR,PROC_DATE,JURIS,COLLISION_DATE,COLLISION_TIME,OFFICER_ID,REPORTING_DISTRICT,DAY_OF_WEEK,CHP_SHIFT,POPULATION,CNTY_CITY_LOC,SPECIAL_COND,BEAT_TYPE,CHP_BEAT_TYPE,CITY_DIVISION_LAPD,CHP_BEAT_CLASS,BEAT_NUMBER,PRIMARY_RD,SECONDARY_RD,DISTANCE,DIRECTION,INTERSECTION,WEATHER_1,WEATHER_2,STATE_HWY_IND,CALTRANS_COUNTY,CALTRANS_DISTRICT,STATE_ROUTE,ROUTE_SUFFIX,POSTMILE_PREFIX,POSTMILE,LOCATION_TYPE,RAMP_INTERSECTION,SIDE_OF_HWY,TOW_AWAY,COLLISION_SEVERITY,NUMBER_KILLED,NUMBER_INJURED,PARTY_COUNT,PRIMARY_COLL_FACTOR,PCF_CODE_OF_VIOL,PCF_VIOL_CATEGORY,PCF_VIOLATION,PCF_VIOL_SUBSECTION,HIT_AND_RUN,TYPE_OF_COLLISION,MVIW,PED_ACTION,ROAD_SURFACE,ROAD_COND_1,ROAD_COND_2,LIGHTING,CONTROL_DEVICE,CHP_ROAD_TYPE,PEDESTRIAN_ACCIDENT,BICYCLE_ACCIDENT,MOTORCYCLE_ACCIDENT,TRUCK_ACCIDENT,NOT_PRIVATE_PROPERTY,ALCOHOL_INVOLVED,STWD_VEHTYPE_AT_FAULT,CHP_VEHTYPE_AT_FAULT,COUNT_SEVERE_INJ,COUNT_VISIBLE_INJ,COUNT_COMPLAINT_PAIN,COUNT_PED_KILLED,COUNT_PED_INJURED,COUNT_BICYCLIST_KILLED,COUNT_BICYCLIST_INJURED,COUNT_MC_KILLED,COUNT_MC_INJURED,PRIMARY_RAMP,SECONDARY_RAMP,LATITUDE,LONGITUDE,COUNTY,CITY,POINT_X,POINT_Y
94710891,2025,2025-06-03,9465,2025-05-26,1845,020642,,1,2,9,5000,0,3,5,,2,050,"HILLS FERRY ROAD","RIVER ROAD",0.00,,Y,A,-,N,,,,,,,,,,Y,2,0,1,2,A,-,09,21802,A,N,D,C,A,A,H,-,A,A,0,,,Y,,Y,,D,22,1,0,0,0,0,0,0,0,1,"- ","- ",37.346309661865234,-120.97812652587891,STANISLAUS,UNINCORPORATED,-120.97882080078125,37.344860076904297
94721744,2025,2025-06-11,9465,2025-05-25,2500,018222,,7,4,9,5000,0,1,3,,2,028,"STATE ROUTE 4","CALAVERAS COUNTY LINE",1150.00,W,N,A,-,Y,STA,,4," ",R,8.670,H,,R,Y,1,1,0,1,A,-,01,23152,F,N,F,A,A,A,H,-,D,D,0,,,,,Y,,A,07,0,0,0,0,0,0,0,0,0,"- ","- ",37.938678741455078,-120.77483367919922,STANISLAUS,UNINCORPORATED,-120.77482604980469,37.938625335693359
94722040,2025,2025-06-11,9465,2025-05-13,"635 ",018259,,2,1,9,5000,0,1,1,,2,055,"INTERSTATE 5 NORTHBOUND","DEL PUERTO CANYON ROAD",3696.00,N,N,B,-,Y,STA,,5," "," ",16.611,H,,R,Y,2,0,1,2,A,-,03,22350,,N,C,C,A,A,H,-,A,D,0,,,Y,Y,Y,,C,02,1,0,0,0,0,0,0,0,1,"- ","- ",37.472171783447266,-121.18862915039062,STANISLAUS,UNINCORPORATED,-121.18865203857422,37.472156524658203
94728462,2025,2025-06-17,9465,2025-06-01,"419 ",022784,,7,3,6,5002,0,1,3,,2,011,"SR 99 NB TO CARPENTER ROAD","CARPENTER ROAD",620.00,S,N,A,-,Y,STA,,99," ",M,18.408,H,,R,Y,2,0,2,1,C,-,18,,,N,E,8,A,A,H,-,C,D,0,,,,,Y,Y,-,"- ",1,1,0,0,0,0,0,0,0,"- ","- ",37.665260314941406,-121.02957916259766,STANISLAUS,MODESTO,-121.02973175048828,37.665142059326172
94735284,2025,2025-08-29,9465,2025-06-12,2059,022784,,4,2,9,5000,0,1,3,,2,021,"RT 120","NORTH CLEVELAND AVE",409.00,E,N,A,-,N,,,,,,,,,,Y,1,1,2,2,A,-,05,21650,,N,A,C,A,A,H,-,B,D,0,,,,,Y,Y,D,22,1,0,1,0,0,0,0,0,0,"- ","- ",37.791481018066406,-120.88500213623047,STANISLAUS,UNINCORPORATED,-120.88502502441406,37.791446685791016
94736432,2025,2025-06-23,9465,2025-06-19,"530 ",021549,,4,3,9,5000,0,1,3,,2,041,"STATE ROUTE 99 (NORTHBOUND)","GOLF ROAD",1373.00,N,N,A,-,Y,STA,,99," ",R,0.788,H,,R,Y,2,0,1,1,A,-,08,22107,,N,E,I,A,A,H,-,A,D,0,,,,,Y,,A,01,1,0,0,0,0,0,0,0,0,"- ","- ",37.468471527099609,-120.83515930175781,STANISLAUS,UNINCORPORATED,-120.83512115478516,37.468532562255859
94740821,2025,2025-06-26,9465,2025-05-28,"547 ",023379,,3,3,9,5000,0,3,5,,2,030,"MITCHELL ROAD","TENAYA DRIVE",670.00,S,N,A,-,N,,,,,,,,,,N,1,2,2,2,A,-,01,23152,F,N,A,C,A,A,H,-,B,D,0,,,,,Y,,A,07,1,0,1,0,0,0,0,0,0,"- ","- ",37.630561828613281,-120.95680999755859,STANISLAUS,UNINCORPORATED,-120.95679473876953,37.630645751953125
94747825,2025,2025-08-19,9465,2025-06-19,2109,021770,,4,2,9,5000,0,3,5,,2,010,"PARADISE ROAD","GRIMES AVENUE",1214.00,W,N,A,-,N,,,,,,,,,,N,2,0,1,2,A,-,09,21804,A,N,D,G,A,A,H,-,D,D,0,,Y,,,Y,Y,L,04,1,0,0,0,0,0,1,0,0,"- ","- ",37.611839294433594,-121.04779815673828,STANISLAUS,UNINCORPORATED,-121.04776763916016,37.611869812011719
94751545,2025,2025-07-07,9465,2025-06-28,2007,023174,,6,2,9,5000,0,3,5,,2,010,"LADD ROAD","AMERICAN AVENUE",30.00,E,N,A,-,N,,,,,,,,,,N,2,0,1,1,A,-,01,23152,A,N,F,A,A,A,H,-,B,D,0,,,,,Y,Y,M,96,1,0,0,0,0,0,0,0,0,"- ","- ",37.733108520507812,-121.0411376953125,STANISLAUS,UNINCORPORATED,-121.04122924804688,37.733074188232422
94758332,2024,2025-07-11,9465,2024-11-17,"259 ",021770,,7,3,9,5000,0,1,3,,2,011,"SR-99 N/B","WOODLAND AVE.",581.00,S,N,A,-,Y,STA,,99," ",R,17.399,H,,R,N,1,1,0,2,A,-,03,22350,,F,G,B,E,A,H,-,D,D,0,Y,,,,Y,Y,A,01,0,0,0,1,0,0,0,0,0,"- ","- ",37.652050018310547,-121.0234375,STANISLAUS,UNINCORPORATED,-121.02345275878906,37.652042388916016
94762394,2025,2025-07-15,9465,2025-03-19,2145,021239,,3,2,9,5000,0,2,4,,2,042,"CROWS LANDING ROAD","TUOLUMNE ROAD",913.00,N,N,B,-,N,,,,,,,,,,N,1,1,0,2,A,-,01,23152,F,F,C,C,A,A,H,-,D,D,0,,,,,Y,,M,94,0,0,0,0,0,0,0,0,0,"- ","- ",37.517189025878906,-120.99452209472656,STANISLAUS,UNINCORPORATED,-120.99451446533203,37.517318725585938
94763524,2025,2025-07-16,9465,2025-04-30,2040,019982,,3,2,9,5000,0,3,5,,2,010,"AMERICAN AVENUE","LADD ROAD",2216.00,S,N,A,-,N,,,,,,,,,,N,1,1,0,1,A,-,08,22107,,N,F,A,A,A,H,-,D,D,0,,,Y,,Y,,C,06,0,0,0,0,0,0,0,1,0,"- ","- ",37.725521087646484,-121.04126739501953,STANISLAUS,UNINCORPORATED,-121.04124450683594,37.726985931396484
94764172,2025,2025-07-16,9465,2025-05-01,"300 ",021062,,4,3,9,5000,0,1,3,,2,012,"STATE ROUTE 132","HART ROAD",1205.00,E,N,A,-,Y,STA,,132," "," ",8.619,H,,R,Y,1,2,0,2,A,-,05,21650,,N,A,C,A,A,H,-,D,D,0,,,,,Y,,A,01,0,0,0,0,0,0,0,0,0,"- ","- ",37.637939453125,-121.1177978515625,STANISLAUS,UNINCORPORATED,-121.1177978515625,37.637939453125
9477002,2022,2022-07-22,5007,2022-06-24,2112,5813,TPD,5,5,5,5007,0,0,0,,0,PD2,"SOUTH 1ST ST","EAST F ST",0.00,,Y,A,-,N,,,,,,,,,,N,2,0,1,2,A,-,09,21802,A,N,D,C,A,A,H,-,D,D,0,,,Y,,Y,,A,01,1,0,0,0,0,0,0,0,1,"- ","- ",37.488361358642578,-120.84034729003906,STANISLAUS,TURLOCK,-120.84035491943359,37.4884033203125
9486174,2022,2022-09-15,5004,2022-07-25,0820,354,CO,1,5,3,5004,0,0,0,,0,0CO,"WEST F ST","CRANE RD",0.00,,Y,A,-,N,,,,,,,,,,N,2,0,2,2,A,-,12,21453,A,N,D,D,A,A,H,-,A,A,0,,,,,Y,,A,01,2,0,0,0,0,0,0,0,0,"- ","- ",,,STANISLAUS,OAKDALE,-120.88156127929688,37.754722595214844
9489618,2022,2022-09-08,5002,2022-08-14,1007,706,A404,7,5,6,5002,0,0,0,,0,001,"HERNDON RD","HOLM AV",0.00,,Y,A,-,N,,,,,,,,,,Y,2,0,1,2,A,-,09,21801,A,N,D,C,A,A,H,-,A,D,0,,,Y,,Y,,D,22,1,0,0,0,0,0,0,0,1,"- ","- ",37.6138916015625,-120.97532653808594,STANISLAUS,MODESTO,-120.97534942626953,37.613914489746094
9501410,2022,2022-10-19,5004,2022-09-25,1920,354,RD29,7,5,3,5004,0,0,0,,0,021,"EAST F ST","N YOSEMITE AV",0.00,,Y,A,-,N,,,,,,,,,,Y,2,0,1,1,A,-,01,23152,A,N,E,J,A,A,G,-,A,A,0,,,Y,,Y,Y,C,02,1,0,0,0,0,0,0,0,1,"- ","- ",37.757610321044922,-120.86311340332031,STANISLAUS,OAKDALE,-120.84706115722656,37.766647338867188
9520549,2022,2023-05-24,5002,2022-07-22,2215,13053,,5,5,6,5002,0,0,0,,0,031,"MORGAN RD","WHITMORE AV",105.00,N,N,A,-,N,,,,,,,,,,Y,1,1,4,4,A,-,01,23152,A,N,C,C,A,A,H,-,C,D,0,,,,,Y,Y,A,07,2,2,0,0,0,0,0,0,0,"- ","- ",37.594741821289062,-120.87548828125,STANISLAUS,MODESTO,-120.97525787353516,37.595119476318359
9520584,2023,2023-06-05,5007,2023-04-05,2007,5745,TPD,3,5,5,5007,0,0,0,,0,PD2,"EAST MAIN ST","S. GOLDEN STATE AV",204.00,W,N,A,-,N,,,,,,,,,,N,1,1,0,2,A,-,12,22451,A,N,H,F,A,A,H,-,C,A,0,,Y,,,Y,,L,04,0,0,0,0,0,1,0,0,0,"- ","- ",37.494060516357422,-120.84677886962891,STANISLAUS,TURLOCK,-120.84651184082031,37.494266510009766
9534843,2022,2023-02-16,5007,2022-12-04,1434,5807,TPD,7,5,5,5007,0,0,0,,0,PD2,"LANDER AV","BETHANY AV",0.00,,Y,A,-,N,,,,,,,,,,N,1,1,0,2,A,-,09,21802,A,N,D,D,A,A,H,-,A,D,0,,Y,,,Y,,L,04,0,0,0,0,0,1,0,0,0,"- ","- ",37.483829498291016,-120.84996032714844,STANISLAUS,TURLOCK,,
9541155,2022,2023-04-28,5007,2022-11-05,2214,5703.,TPD,6,5,5,5007,0,0,0,,0,PD3,"WEST MAIN ST","NORTH TULLY RD",196.00,W,N,A,-,N,,,,,,,,,,N,1,1,0,2,A,-,11,21954,A,N,G,B,D,A,H,-,C,A,0,Y,,,,Y,,N,60,0,0,0,1,0,0,0,0,0,"- ","- ",37.492450714111328,-120.86759948730469,STANISLAUS,TURLOCK,-120.86795806884766,37.492740631103516
9544225,2022,2023-02-07,5004,2022-12-03,2249,318,RD3,6,5,3,5004,0,0,0,,0,042,"N YOSEMITE AV","E NORTH ST",0.00,,Y,C,-,Y,STA,10,120,-,-,4.560,H,-,E,N,2,0,1,2,A,-,00,20001,A,F,H,C,A,B,H,-,C,D,0,,,,,Y,,-,,1,0,0,0,0,0,0,0,0,"- ","- ",37.773731231689453,-120.85141754150391,STANISLAUS,OAKDALE,-120.85154724121094,37.773887634277344
9598460,2023,2023-08-01,5002,2023-02-10,1640,13195,,5,5,6,5002,0,0,0,,0,072,"EAST BRIGGSMORE AV","PARKER RANCH WY",0.00,,Y,A,-,N,,,,,,,,,,Y,2,0,1,2,A,-,09,21802,A,N,D,C,A,A,H,-,A,A,0,,,,,Y,,A,07,1,0,0,0,0,0,0,0,0,"- ","- ",,,STANISLAUS,MODESTO,-120.91548919677734,37.666961669921875
9624163,2022,2023-11-09,5002,2022-11-15,1853,11531,M049,2,5,6,5002,0,0,0,,0,083,"RT 108-MCHENRY AV","E UNION AV",92.00,N,N,A,-,Y,STA,10,108,-,-,26.370,H,-,E,Y,1,1,0,2,A,-,12,21453,A,N,H,G,A,A,H,-,C,A,0,,Y,,,Y,,A,01,0,0,0,0,0,1,0,0,0,"- ","- ",,,STANISLAUS,MODESTO,-120.99429321289062,37.693470001220703
9624269,2023,2023-09-18,5001,2023-08-21,"411 ",907,D003,1,5,4,5001,0,0,0,,0,005,"MITCHELL RD","WHITMORE AV",369.00,N,N,A,-,N,,,,,,,,,,Y,2,0,1,2,A,-,09,21801,A,N,B,C,A,A,H,-,C,D,0,,,Y,,Y,,A,01,1,0,0,0,0,0,0,0,1,"- ","- ",37.594730377197266,-120.93869018554688,STANISLAUS,CERES,-120.93869781494141,37.59576416015625
9624403,2023,2023-09-13,5004,2023-07-06,1728,354,RD64,4,5,3,5004,0,0,0,,0,041,"F ST","MAAG AV",359.00,W,N,A,-,N,,,,,,,,,,N,2,0,1,2,A,-,07,21658,,N,B,C,A,A,H,-,A,D,0,,,Y,,Y,,D,22,1,0,0,0,0,0,0,0,1,"- ","- ",37.771640777587891,-120.83177947998047,STANISLAUS,OAKDALE,-120.8323974609375,37.772197723388672
9629085,2023,2023-12-08,5004,2023-07-19,1610,334,RD21,3,5,3,5004,0,0,0,,0,022,"CRANE RD","RT 108",0.00,,Y,A,-,Y,STA,10,108,-,-,36.160,H,-,W,N,2,0,2,2,A,-,03,22350,,N,C,C,A,A,H,-,A,A,0,,,,,Y,,D,73,1,0,1,0,0,0,0,0,0,"- ","- ",37.754638671875,-120.88159942626953,STANISLAUS,OAKDALE,-120.881591796875,37.754718780517578
9630310,2023,2023-11-01,5004,2023-10-14,2156,236,RD51,6,5,3,5004,0,0,0,,0,041,"WARNER VILLE RD","ALBERS RD",8.00,W,N,A,-,N,,,,,,,,,,N,2,0,3,2,A,-,01,23153,A,N,B,C,A,A,H,-,D,D,0,,,,,Y,Y,A,01,1,2,0,0,0,0,0,0,0,"- ","- ",37.747360229492188,-120.83988952636719,STANISLAUS,OAKDALE,-120.83997344970703,37.747360229492188
9640548,2023,2025-07-10,5002,2023-10-27,1909,11196,385,5,5,6,5002,0,0,0,,0,081,"NEEDHAM ST","PARK AV",0.00,,Y,A,-,N,,,,,,,,,,N,1,1,0,2,A,-,09,21802,A,N,D,G,A,A,H,-,C,A,0,,Y,,,Y,,L,04,0,0,0,0,0,1,0,0,0,"- ","- ",37.645801544189453,-120.99887847900391,STANISLAUS,MODESTO,-120.99892425537109,37.645774841308594
9640550,2023,2025-07-01,5007,2023-11-06,1752,5694,TPD,1,5,5,5007,0,0,0,,0,PD4,"3100 W. CHRISTOFFERSEN PKWY","NORTH GOLDEN STATE BL",493.00,E,N,B,-,N,,,,,,,,,,N,1,1,0,2,A,-,11,21956,A,F,G,B,D,A,H,-,C,D,0,Y,,,,Y,Y,N,60,0,0,0,1,0,0,0,0,0,"- ","- ",37.529159545898438,-120.88446044921875,STANISLAUS,TURLOCK,-120.88402557373047,37.529270172119141
9640565,2023,2025-07-02,5002,2023-02-11,1812,11267,,6,5,6,5002,0,0,0,,0,072,"COFFEE RD","SPANOS CT",0.00,,Y,A,-,N,,,,,,,,,,Y,1,1,0,2,A,-,01,23152,F,N,F,C,A,A,A,-,C,A,0,,,Y,,Y,,C,02,0,0,0,0,0,0,0,1,0,"- ","- ",37.669609069824219,-120.95755004882812,STANISLAUS,MODESTO,-120.97570037841797,37.669822692871094
9655451,2023,2024-02-07,5007,2023-12-25,1929,5796,TPD,1,5,5,5007,0,0,0,,0,TPD,"EAST GLENWOOD AV","ENGLISH AV",0.00,W,N,A,-,N,,,,,,,,,,Y,2,0,1,4,A,-,09,21802,,F,E,I,A,A,H,-,C,D,0,,,,,Y,Y,A,01,1,0,0,0,0,0,0,0,0,"- ","- ",37.474739074707031,-120.83822631835938,STANISLAUS,TURLOCK,-120.83943176269531,37.474533081054688
9657129,2023,2024-02-02,5007,2023-12-21,1956,5818,TPD,4,5,5,5007,0,0,0,,0,PD3,"FULKERTH RD","N TEGNER RD",680.00,E,N,A,-,N,,,,,,,,,,Y,2,0,1,1,A,-,05,21460,A,N,H,I,A,A,H,-,C,D,0,,,Y,,Y,,C,03,1,0,0,0,0,0,0,0,1,"- ","- ",37.507240295410156,-120.88311767578125,STANISLAUS,TURLOCK,-120.88309478759766,37.507232666015625
9685422,2024,2024-07-18,5007,2024-05-03,1457,,TPD,5,5,5,5007,0,0,0,,0,PD3,"VERMONT AV","SPRUCE ST",0.00,,Y,A,-,N,,,,,,,,,,Y,2,0,3,2,A,-,08,22107,,F,A,C,A,A,H,-,A,D,0,,,,,Y,,A,01,2,1,0,0,0,0,0,0,0,"- ","- ",37.487800598144531,-120.85331726074219,STANISLAUS,TURLOCK,-120.85352325439453,37.487979888916016
9688492,2024,2024-04-29,5007,2024-02-12,1807,5799,TPD,1,5,5,5007,0,0,0,,0,PD2,"LANDER AV","6TH ST",10.00,N,N,A,-,N,,,,,,,,,,N,2,0,1,2,A,-,11,21954,A,N,G,B,D,A,H,-,C,D,0,Y,,,,Y,,N,60,1,0,0,0,1,0,0,0,0,"- ","- ",37.488311767578125,-120.84899139404297,STANISLAUS,TURLOCK,-120.84898376464844,37.488265991210938
9696337,2024,2024-05-14,5004,2024-04-17,"559 ",385,R50,3,5,3,5004,0,0,0,,0,041,"POST RD","FAIRFAX DR",0.00,,Y,A,-,N,,,,,,,,,,N,2,0,1,2,A,-,11,21954,A,N,G,B,E,A,H,-,B,D,0,Y,,,,Y,,N,60,1,0,0,0,1,0,0,0,0,"- ","- ",37.755661010742188,-120.83252716064453,STANISLAUS,OAKDALE,-120.83252716064453,37.754928588867188
9696436,2024,2024-06-26,5004,2024-04-05,"13  ",354,,5,5,3,5004,0,0,0,,0,0CO,"RT 108 120","N STEARNS RD",0.00,,Y,A,-,Y,STA,10,120,-,-,6.860,I,5,W,Y,2,0,3,2,A,-,09,21802,A,N,A,C,A,B,H,-,C,A,0,,,,,Y,,A,01,1,1,1,0,0,0,0,0,0,"- ","- ",36.77825927734375,-119.41793060302734,STANISLAUS,OAKDALE,-120.81830596923828,37.775852203369141
9700901,2024,2024-07-15,5007,2024-05-16,"218 ",5818,TPD,4,5,5,5007,0,0,0,,0,PD3,"W LINWOOD AVE","LANDER AV",1207.00,W,N,A,-,N,,,,,,,,,,Y,2,0,1,1,A,-,01,23152,A,N,E,I,A,A,H,-,C,D,0,,,,,Y,Y,A,01,1,0,0,0,0,0,0,0,0,"- ","- ",37.478660583496094,-120.85318756103516,STANISLAUS,TURLOCK,-120.8531494140625,37.478168487548828
9708538,2024,2024-07-26,5007,2024-05-17,"802 ",5791,TPD,5,5,5,5007,0,0,0,,0,PD1,"LOYOLA WY","RUTGERS AV",120.00,S,N,A,-,N,,,,,,,,,,N,2,0,2,2,A,-,06,21755,A,N,B,C,A,A,H,-,A,D,0,,,,,Y,,A,07,1,1,0,0,0,0,0,0,0,"- ","- ",37.513519287109375,-120.84651184082031,STANISLAUS,TURLOCK,-120.84625244140625,37.513523101806641
9714306,2024,2024-07-31,5007,2024-06-15,1157,5818,TPD,6,5,5,5007,0,0,0,,0,PD5,"LANDER AV","MAIN ST",125.00,S,N,A,-,N,,,,,,,,,,Y,2,0,1,3,A,-,03,22350,A,N,C,C,A,A,H,-,A,A,0,,,,,Y,,A,01,1,0,0,0,0,0,0,0,0,"- ","- ",37.492778778076172,-120.84898376464844,STANISLAUS,TURLOCK,-120.84912872314453,37.492416381835938
9724822,2024,2024-09-20,5003,2024-07-17,1844,N322,RDNM,3,5,2,5003,0,0,0,,0,NPD,"HWY 33","SHERMAN PKWY",6.00,E,N,A,-,Y,STA,10,33,-,-,1.570,H,-,N,Y,2,0,2,2,A,-,01,23152,A,N,A,C,A,A,H,-,A,D,0,,,,,Y,Y,A,01,2,0,0,0,0,0,0,0,0,"- ","- ",37.327121734619141,-121.02510833740234,STANISLAUS,NEWMAN,-121.0247802734375,37.326160430908203
9740052,2024,2024-12-12,5004,2024-08-03,1026,334,RD26,6,5,3,5004,0,0,0,,0,022,"F ST","OAK AV",237.00,W,N,A,-,Y,STA,10,108,-,-,37.270,H,-,W,N,2,0,1,2,A,-,03,22350,,N,A,C,A,A,H,-,A,D,0,,,Y,,Y,,C,02,1,0,0,0,0,0,0,0,1,"- ","- ",,,STANISLAUS,OAKDALE,-120.86253356933594,37.760112762451172
9751503,2024,2025-02-25,5007,2024-10-26,2001,5810,,6,5,5,5007,0,0,0,,0,,"TWENTIETH CENTURY BL","GEER RD",1663.00,E,N,A,-,N,,,,,,,,,,N,1,1,0,2,A,-,11,21954,A,N,G,B,D,A,G,-,C,D,0,Y,,,,Y,,N,60,0,0,0,1,0,0,0,0,0,"- ","- ",,,STANISLAUS,TURLOCK,-120.84882354736328,37.506019592285156
9753312,2024,2024-12-20,5004,2024-10-06,1811,353,RD3,7,5,3,5004,0,0,0,,0,042,"YOSEMITE AV","NORTH ST",0.00,,Y,A,-,Y,STA,10,120,-,-,4.570,I,5,E,Y,2,0,1,3,A,-,09,21801,A,N,D,D,A,A,H,-,A,D,0,,,,,Y,,A,01,1,0,0,0,0,0,0,0,0,"- ","- ",,,STANISLAUS,OAKDALE,-120.85150146484375,37.773746490478516
9769921,2024,2025-01-23,5007,2024-12-31,"856 ",6973,TPD,2,5,5,5007,0,0,0,,0,PD5,"DENAIR AV","STARR AV",280.00,N,N,B,-,N,,,,,,,,,,N,2,0,1,2,A,-,09,21804,A,N,D,C,A,A,H,-,A,D,0,,,,,Y,,A,01,1,0,0,0,0,0,0,0,0,"- ","- ",,,STANISLAUS,TURLOCK,-120.84358978271484,37.503177642822266
9786420,2024,2025-07-18,5003,2024-11-23,1500,N221,RDNM,6,5,2,5003,0,0,0,,0,NPD,"SHERMAN PWY",BALSAM,0.00,,Y,A,-,N,,,,,,,,,,Y,1,1,0,1,A,-,01,23152,A,N,E,I,A,A,H,-,A,D,0,,,,Y,Y,Y,F,26,0,0,0,0,0,0,0,0,0,"- ","- ",37.326751708984375,-121.01892852783203,STANISLAUS,NEWMAN,-121.01894378662109,37.326763153076172
9790643,2025,2025-04-03,5004,2025-02-23,1944,383,RD64,7,5,3,5004,0,0,0,,0,041,"EAST F ST","E F ST 1596",0.00,,Y,A,-,Y,STA,10,120,-,-,6.190,I,5,E,N,2,0,1,2,A,-,09,21804,A,N,D,C,A,A,H,-,C,A,0,,Y,,,Y,Y,L,04,1,0,0,0,0,0,1,0,0,"- ","- ",37.7735595703125,-120.82872772216797,STANISLAUS,OAKDALE,-120.82888031005859,37.773494720458984
9806567,2025,2025-05-06,5007,2025-03-26,1356,5811,TPD,3,5,5,5007,0,0,0,,0,PD5,"HAWKEYE AV","OLIVE AV",0.00,,Y,A,-,N,,,,,,,,,,Y,2,0,2,2,A,-,17,21451,A,N,D,C,A,A,H,-,A,A,0,,,,,Y,,A,01,2,0,0,0,0,0,0,0,0,"- ","- ",37.507278442382812,-120.83985900878906,STANISLAUS,TURLOCK,-120.83985137939453,37.507293701171875
9808368,2025,2025-07-15,5006,2025-06-13,1159,021241,,5,5,3,5006,0,0,0,,0,,"CLARIBEL RD","MACHADO PKWY",0.00,,Y,A,-,N,,,,,,,,,,N,2,0,1,1,C,-,18,,,N,E,I,A,A,H,-,A,D,0,,,,,Y,,-,"- ",1,0,0,0,0,0,0,0,0,"- ","- ",37.71099853515625,-120.96260070800781,STANISLAUS,RIVERBANK,,
9829867,2025,2025-06-30,5004,2025-02-04,"0   ",352,RD36,2,5,3,5004,0,0,0,,0,031,"S 3RD AV","E G ST",0.00,,Y,A,-,N,,,,,,,,,,N,2,0,1,2,A,-,11,21950,B,M,H,C,A,A,H,-,A,D,0,,Y,,,Y,,L,04,1,0,0,0,0,0,1,0,0,"- ","- ",37.765098571777344,-120.84710693359375,STANISLAUS,OAKDALE,-120.84710693359375,37.765132904052734
6290574,2014,2015-12-21,9465,2014-02-03,1810,18671,,1,2,9,5000,0,3,5,,2,040,"FULKERTH RD","BYSTRUM RD",912.00,E,N,A,-,N,,,,,,,,,,N,1,1,0,3,A,-,05,21202,A,N,H,G,A,A,H,-,D,D,0,,Y,,,Y,,L,04,0,0,0,0,0,1,0,0,0,"- ","- ",37.507460000000002,-120.98249,STANISLAUS,UNINCORPORATED,-120.9824461,37.507462670000002
6291109,2014,2015-12-29,5002,2014-04-24,2342,11317,M329,4,5,6,5002,0,0,0,,0,042,"MILLER AV","OAKSHIRE AV",30.00,W,N,B,-,N,,,,,,,,,,Y,1,3,0,2,A,-,08,22107,,N,E,I,A,A,H,-,C,D,0,,,,,Y,Y,A,01,0,0,0,0,0,0,0,0,0,"- ","- ",,,STANISLAUS,MODESTO,-120.95848359999999,37.640059090000001
6291472,2014,2015-12-30,5004,2014-06-21,1653,170,CO,6,5,3,5004,0,0,0,,0,0CO,"RT 108","REED RD",0.00,,Y,A,-,Y,STA,10,108,-,-,36.560,I,5,W,Y,1,1,1,3,A,-,08,22107,,N,D,C,B,A,H,-,A,A,0,Y,,Y,,Y,,A,07,0,0,1,0,1,0,0,1,0,"- ","- ",,,STANISLAUS,OAKDALE,-120.8745971,37.756110360000001
6291926,2014,2015-12-28,5002,2014-11-29,0447,11317,M275,6,5,6,5002,0,0,0,,0,071,"SCENIC DR","BODEM AV",600.00,E,N,B,-,N,,,,,,,,,,Y,1,2,1,1,A,-,01,23152,A,N,E,I,A,B,H,-,C,D,0,,,,,Y,Y,-,,1,0,0,0,0,0,0,0,0,"- ","- ",,,STANISLAUS,MODESTO,-120.98337968,37.64725
6291964,2014,2015-02-24,5001,2014-02-01,0439,469,,6,5,4,5001,0,0,0,,0,005,"MITCHELL RD","DON PEDRO",494.00,S,N,A,-,N,,,,,,,,,,Y,1,1,0,2,A,-,11,21954,A,N,G,B,E,A,H,-,D,D,0,Y,,,,Y,Y,N,60,0,0,0,1,0,0,0,0,0,"- ","- ",,,STANISLAUS,CERES,-120.9387424,37.582463390000001
6292019,2014,2015-03-17,9465,2014-03-10,1525,12845,,1,2,9,5000,0,3,5,,2,030,"SANTA FE AV","BARNHART RD",2112.00,S,N,A,-,N,,,,,,,,,,Y,2,0,2,1,A,-,08,22107,,N,E,I,A,A,H,-,A,D,0,,,,,Y,,A,01,1,1,0,0,0,0,0,0,0,"- ","- ",37.540170000000003,-120.81112,STANISLAUS,UNINCORPORATED,-120.81024612,37.539379330000003
6292061,2014,2016-01-07,9465,2014-08-25,2240,18363,,1,3,9,5000,0,1,1,,2,056,"RT 5","RT 5 MPM 12",563.00,S,N,A,-,Y,STA,10,5,-,-,11.950,H,-,N,Y,1,1,1,1,A,-,08,22107,,N,F,A,A,A,H,-,D,D,1,,,,,Y,,A,01,0,1,0,0,0,0,0,0,0,"- ","- ",37.412849999999999,-121.14893000000001,STANISLAUS,UNINCORPORATED,-121.14869459000001,37.412959039999997
6292380,2015,2017-04-25,5006,2015-03-15,2008,18274,,7,5,3,5006,0,0,0,,0,,"RT 108","HOWARD AV",0.00,,Y,A,-,Y,STA,10,108,-,-,31.650,I,5,E,N,1,1,0,2,A,-,11,21950,B,N,G,B,B,A,H,-,D,D,0,Y,,,,Y,Y,N,60,0,0,0,1,0,0,0,0,0,"- ","- ",37.732680000000002,-120.94731,STANISLAUS,RIVERBANK,-120.94835075,37.732672010000002