CASE_ID,ACCIDENT_YEAR,PROC_DATE,JURIS,COLLISION_DATE,COLLISION_TIME,OFFICER_ID,REPORTING_DISTRICT,DAY_OF_WEEK,CHP_SHIFT,POPULATION,CNTY_CITY_LOC,SPECIAL_COND,BEAT_TYPE,CHP_BEAT_TYPE,CITY_DIVISION_LAPD,CHP_BEAT_CLASS,BEAT_NUMBER,PRIMARY_RD,SECONDARY_RD,DISTANCE,DIRECTION,INTERSECTION,WEATHER_1,WEATHER_2,STATE_HWY_IND,CALTRANS_COUNTY,CALTRANS_DISTRICT,STATE_ROUTE,ROUTE_SUFFIX,POSTMILE_PREFIX,POSTMILE,LOCATION_TYPE,RAMP_INTERSECTION,SIDE_OF_HWY,TOW_AWAY,COLLISION_SEVERITY,NUMBER_KILLED,NUMBER_INJURED,PARTY_COUNT,PRIMARY_COLL_FACTOR,PCF_CODE_OF_VIOL,PCF_VIOL_CATEGORY,PCF_VIOLATION,PCF_VIOL_SUBSECTION,HIT_AND_RUN,TYPE_OF_COLLISION,MVIW,PED_ACTION,ROAD_SURFACE,ROAD_COND_1,ROAD_COND_2,LIGHTING,CONTROL_DEVICE,CHP_ROAD_TYPE,PEDESTRIAN_ACCIDENT,BICYCLE_ACCIDENT,MOTORCYCLE_ACCIDENT,TRUCK_ACCIDENT,NOT_PRIVATE_PROPERTY,ALCOHOL_INVOLVED,STWD_VEHTYPE_AT_FAULT,CHP_VEHTYPE_AT_FAULT,COUNT_SEVERE_INJ,COUNT_VISIBLE_INJ,COUNT_COMPLAINT_PAIN,COUNT_PED_KILLED,COUNT_PED_INJURED,COUNT_BICYCLIST_KILLED,COUNT_BICYCLIST_INJURED,COUNT_MC_KILLED,COUNT_MC_INJURED,PRIMARY_RAMP,SECONDARY_RAMP,LATITUDE,LONGITUDE,COUNTY,CITY,POINT_X,POINT_Y
6292609,2015,2015-09-15,5002,2015-07-04,2314,10320,M257,6,5,6,5002,0,0,0,,0,071,"RT 108","W FAIRMONT AV",12.00,S,N,A,-,Y,STA,10,108,-,-,23.900,H,-,E,N,1,1,0,2,A,-,11,21954,A,N,G,B,D,A,H,-,C,A,0,Y,,,,Y,,N,60,0,0,0,1,0,0,0,0,0,"- ","- ",,,STANISLAUS,MODESTO,-120.99394919,37.657529580000002
6340907,2014,2014-06-02,5002,2014-01-17,0818,10745,369,5,5,6,5002,0,0,0,,0,040,"K ST","14TH ST",0.00,,Y,A,-,N,,,,,,,,,,Y,2,0,3,2,A,-,12,21453,A,F,D,C,A,A,H,-,A,A,0,,,,,Y,,A,,2,0,1,0,0,0,0,0,0,"- ","- ",,,STANISLAUS,MODESTO,-120.99765999,37.644349890000001
6351261,2016,2017-02-11,5002,2016-02-03,1605,11252,M609,3,5,6,5002,0,0,0,,0,046,"RT 132","CREEKWOOD AV",365.00,W,N,A,-,Y,STA,10,132,-,-,18.760,H,-,W,Y,2,0,1,2,A,-,09,21804,A,N,D,C,A,A,H,-,A,D,0,,,Y,,Y,,C,02,1,0,0,0,0,0,0,0,1,"- ","- ",,,STANISLAUS,MODESTO,-120.92771467999999,37.638257680000002
6353535,2014,2014-06-25,5002,2014-01-11,1620,10309,430,6,5,6,5002,0,0,0,,0,032,"TUOLUMNE BL","FRESNO AV",0.00,,Y,B,-,N,,,,,,,,,,Y,2,0,3,2,A,-,08,21460,5,N,D,C,A,A,H,-,A,D,0,,,,,Y,,A,,1,1,1,0,0,0,0,0,0,"- ","- ",,,STANISLAUS,MODESTO,-121.00129990000001,37.627799920000001
6353753,2014,2014-08-18,9465,2014-01-08,1658,15761,,3,2,9,5000,0,3,5,,2,010,"PARADISE RD","SHILOH RD",1056.00,W,N,B,-,N,,,,,,,,,,Y,2,0,1,1,A,-,03,22350,,N,E,I,A,A,H,-,B,D,0,,,,,Y,,A,01,1,0,0,0,0,0,0,0,0,"- ","- ",37.608829999999998,-121.13514000000001,STANISLAUS,UNINCORPORATED,-121.13441493000001,37.608759169999999
6380144,2014,2016-02-24,9465,2014-02-02,0140,018318,,7,3,9,5000,0,1,3,,2,013,"COFFEE RD","RT 108",60.00,,N,A,-,Y,STA,10,108,-,-,30.050,I,5,W,Y,2,0,1,1,A,-,01,23152,A,N,E,I,A,A,H,-,D,A,0,,,,,Y,Y,D,22,1,0,0,0,0,0,0,0,0,"- ","- ",37.732909999999997,-120.97694,STANISLAUS,UNINCORPORATED,-120.97695644,37.732748389999998
6389399,2014,2014-06-24,5002,2014-02-15,2039,10899,415,6,5,6,5002,0,0,0,,0,040,"9TH ST","H ST",120.00,S,N,B,-,N,,,,,,,,,,N,2,0,1,2,A,-,11,21954,A,N,B,B,D,A,H,-,C,A,0,Y,,,,Y,,N,,1,0,0,0,1,0,0,0,0,"- ","- ",,,STANISLAUS,MODESTO,-120.9987039,37.63757159
6399140,2014,2016-01-29,9465,2014-02-14,1434,17436,,5,2,9,5000,0,1,3,,2,041,"RT 99","MITCHELL RD",75.00,S,N,B,-,Y,STA,10,99,-,R,9.974,R,3,S,Y,2,0,1,1,A,-,08,22107,,N,E,I,A,A,H,-,A,D,1,,,Y,,Y,,C,02,1,0,0,0,0,0,0,0,1,"- ","- ",37.63888,-121.00642000000001,STANISLAUS,UNINCORPORATED,-120.93662177,37.573779860000002
6417287,2014,2014-07-08,9465,2014-03-02,1815,16440,,7,2,9,5000,0,2,4,,2,024,"ALBERS RD","CLARIBEL RD",495.00,S,N,B,-,N,,,,,,,,,,Y,2,0,4,2,A,-,08,22107,,N,D,C,A,A,H,-,D,D,0,,,,,Y,,A,07,1,0,3,0,0,0,0,0,0,"- ","- ",37.709209999999999,-120.84828,STANISLAUS,UNINCORPORATED,-120.84834875,37.709700720000001
6418840,2014,2014-07-08,9465,2014-03-21,0725,18059,,5,1,9,5000,0,3,5,,2,040,"MITCHELL RD","CLAYTON RD",526.00,N,N,A,-,N,,,,,,,,,,Y,2,0,3,2,A,-,05,21650,,N,A,C,A,A,H,-,A,D,0,,,,,Y,,D,22,1,0,2,0,0,0,0,0,0,"- ","- ",37.483310000000003,-120.94029999999999,STANISLAUS,UNINCORPORATED,-120.94022751,37.483274360000003
6420388,2014,2014-06-23,5007,2014-03-19,0915,6627,B002,3,5,5,5007,0,0,0,,0,001,"GEER RD","PEDRAS RD",81.00,S,N,A,-,N,,,,,,,,,,N,2,0,1,2,A,-,03,22350,,M,C,E,A,A,H,-,A,D,0,,Y,,,Y,,L,04,1,0,0,0,0,0,1,0,0,"- ","- ",,,STANISLAUS,TURLOCK,-120.84898,37.510667560000002
6435251,2014,2014-06-30,5004,2014-03-22,1814,239,RD14,6,5,3,5004,0,0,0,,0,00N,"5TH AV","C ST",0.00,,Y,A,-,N,,,,,,,,,,N,2,0,1,2,A,-,05,21202,,N,H,G,A,A,H,-,A,A,0,,Y,,,Y,,L,04,1,0,0,0,0,0,1,0,0,"- ","- ",,,STANISLAUS,OAKDALE,-120.84670994,37.771269930000003
6469004,2014,2014-07-17,9465,2014-04-19,0225,019073,,6,3,9,5000,0,2,4,,2,042,"CROWS LANDING RD","OLIVERO RD",162.00,N,N,A,-,N,,,,,,,,,,N,2,0,1,2,A,-,11,21954,A,N,G,B,E,A,H,-,C,D,0,Y,,,,Y,Y,N,60,1,0,0,0,1,0,0,0,0,"- ","- ",37.608600000000003,-120.99351,STANISLAUS,UNINCORPORATED,-120.9936026,37.608614529999997
6485826,2014,2016-04-09,5008,2014-04-10,1030,SQ95,5008,4,5,2,5008,0,0,0,,0,WSS,"RT 132","HICKMAN RD",0.00,,Y,A,-,Y,STA,10,132,-,-,28.000,H,-,E,N,2,0,1,2,D,-,00,,,N,C,C,A,A,H,-,A,A,0,,,,,Y,,-,"- ",1,0,0,0,0,0,0,0,0,"- ","- ",,,STANISLAUS,WATERFORD,-120.75958907,37.638287300000002
6489622,2014,2016-04-11,9465,2014-06-03,0555,012845,,2,3,9,5000,0,1,3,,2,022,"RT 108","KENNEDY RD",7920.00,W,N,A,-,Y,STA,10,120,-,R,14.890,H,-,E,Y,2,0,1,2,A,-,05,21460,A,N,A,C,A,A,H,-,A,D,0,,,,Y,Y,,A,01,1,0,0,0,0,0,0,0,0,"- ","- ",37.806820000000002,-120.68917999999999,STANISLAUS,UNINCORPORATED,-120.68873264,37.806766590000002
6493391,2014,2014-08-07,5007,2014-05-12,2205,6821,,1,5,5,5007,0,0,0,,0,004,"W MONTE VISTA","COUNTRYSIDE DR",320.00,W,N,A,-,N,,,,,,,,,,Y,2,0,1,2,A,-,03,22350,,N,D,C,A,A,H,-,D,A,0,,,,Y,Y,,D,22,1,0,0,0,0,0,0,0,0,"- ","- ",,,STANISLAUS,TURLOCK,-120.88248329,37.521824860000002
6493399,2014,2016-04-09,5007,2014-05-13,0729,5742,5007,2,5,5,5007,0,0,0,,0,003,"RT 99","WEST MAIN ST",0.00,,Y,A,-,Y,STA,10,99,-,R,3.646,R,4,S,Y,2,0,5,4,C,-,18,,,N,D,C,A,A,H,-,A,A,0,,,,Y,Y,,-,"- ",1,4,0,0,0,0,0,0,0,"- ","- ",,,STANISLAUS,TURLOCK,-120.87150828999999,37.495177689999998
6494800,2014,2014-08-26,9465,2014-05-20,0845,018274,,2,1,9,5000,0,3,5,,2,040,"MONTE VISTA AV","FOY AV",0.00,,Y,B,-,N,,,,,,,,,,Y,2,0,1,1,A,-,08,22107,,N,F,A,A,A,H,-,A,D,0,,,,,Y,,D,22,1,0,0,0,0,0,0,0,0,"- ","- ",37.522210000000001,-121.01047,STANISLAUS,UNINCORPORATED,-121.01042988,37.52220999
6503152,2014,2014-07-29,5007,2014-05-17,2038,5719,,6,5,5,5007,0,0,0,,0,,"HAWKEYE AV","DONNELLY PARK DR",106.00,E,N,A,-,N,,,,,,,,,,Y,2,0,1,2,A,-,05,21202,A,N,D,G,A,A,H,-,C,D,0,,Y,,,Y,Y,L,04,1,0,0,0,0,0,1,0,0,"- ","- ",,,STANISLAUS,TURLOCK,-120.85274459999999,37.507289999999998
6508427,2014,2014-08-01,5002,2014-05-26,1756,11189,M093,1,5,6,5002,0,0,0,,0,061,"COLLEGE AV","PEARL ST",0.00,,Y,A,-,N,,,,,,,,,,Y,2,0,1,2,A,-,09,21802,A,N,D,C,A,A,H,-,A,A,0,,,,,Y,,A,,1,0,0,0,0,0,0,0,0,"- ","- ",,,STANISLAUS,MODESTO,-121.00761994,37.665749939999998
6508716,2014,2014-08-05,5002,2014-05-16,2349,11566,151,5,5,6,5002,0,0,0,,0,076,"CLAUS RD","MILNES RD",0.00,,Y,A,-,N,,,,,,,,,,Y,2,0,1,2,A,-,09,21801,A,N,B,C,A,A,H,-,D,D,0,,,Y,,Y,,A,,1,0,0,0,0,0,0,0,1,"- ","- ",,,STANISLAUS,MODESTO,-120.92148994,37.681799910000002
6514865,2014,2014-08-11,9465,2014-05-28,0815,014588,,3,1,9,5000,0,3,5,,2,030,"MITCHELL RD","TENAYA DR",677.00,S,N,A,-,N,,,,,,,,,,Y,2,0,1,3,C,-,18,,,N,E,I,A,A,H,-,A,D,0,,,,,Y,,-,"- ",1,0,0,0,0,0,0,0,0,"- ","- ",37.63008,-120.95645,STANISLAUS,UNINCORPORATED,-120.95677894000001,37.630629050000003
6515611,2014,2014-08-05,5002,2014-05-19,1245,11209,M515,1,5,6,5002,0,0,0,,0,031,"HATCH RD","DALLAS RD",183.00,E,N,A,-,N,,,,,,,,,,N,2,0,1,1,C,-,18,,,N,H,A,A,A,H,-,A,A,0,,,,,Y,,-,"- ",1,0,0,0,0,0,0,0,0,"- ","- ",,,STANISLAUS,MODESTO,-121.00090950000001,37.609373210000001
6517251,2014,2016-04-09,9465,2014-06-08,0848,018274,,7,1,9,5000,0,1,3,,2,041,"RT 99","WEST MAIN ST",1056.00,S,N,A,-,Y,STA,10,99,-,R,3.250,H,-,S,Y,2,0,1,2,A,-,01,23152,A,N,C,C,A,A,H,-,A,D,1,,,,Y,Y,Y,A,01,1,0,0,0,0,0,0,0,0,"- ","- ",37.48986,-120.86866000000001,STANISLAUS,UNINCORPORATED,-120.86868317,37.489874810000003
6527089,2014,2014-07-09,9465,2014-03-23,1805,15816,,7,2,9,5000,0,3,5,,2,020,"OAKDALE-WATERFORD HWY","ALBERS RD",823.00,S,N,A,-,N,,,,,,,,,,Y,2,0,2,2,A,-,01,23152,A,N,A,C,A,A,H,-,A,D,0,,,,,Y,Y,A,01,2,0,0,0,0,0,0,0,0,"- ","- ",37.73113,-120.83609,STANISLAUS,UNINCORPORATED,-120.8396,37.732779999999998
6527527,2014,2014-07-24,9465,2014-04-15,1930,15247,,2,2,9,5000,0,3,5,,2,050,"TULIP RD","MARSHALL RD",1056.00,S,N,A,-,N,,,,,,,,,,N,2,0,2,2,A,-,11,21954,A,N,G,B,E,A,B,-,A,D,0,Y,,Y,,Y,,N,60,1,1,0,0,1,0,0,0,1,"- ","- ",37.432079999999999,-121.04452999999999,STANISLAUS,UNINCORPORATED,-121.04448077000001,37.432190079999998
6527699,2014,2014-07-29,9465,2014-04-12,1317,16917,,6,1,9,5000,0,3,5,,2,050,"5TH ST","G ST",0.00,,Y,A,-,N,,,,,,,,,,N,2,0,1,1,A,-,08,22107,,N,F,A,A,A,B,-,A,D,0,,,,,Y,,M,96,1,0,0,0,0,0,0,0,0,"- ","- ",37.39311,-121.07331000000001,STANISLAUS,UNINCORPORATED,-121.03656993,37.665499969999999
6543431,2014,2014-08-22,5002,2014-02-04,2115,11109,M280,2,5,6,5002,0,0,0,,0,072,"COFFEE RD","EAST ORANGEBURG AV",285.00,N,N,A,-,N,,,,,,,,,,N,2,0,1,2,A,-,11,21954,A,N,G,B,D,A,H,-,C,D,0,Y,,,,Y,,N,,1,0,0,0,1,0,0,0,0,"- ","- ",,,STANISLAUS,MODESTO,-120.97568943,37.664332629999997
6544675,2014,2016-04-09,9465,2014-06-11,1010,18274,,3,1,9,5000,0,1,3,,2,045,"RT 165","GREENWAY AV",516.00,N,N,A,-,Y,STA,10,165,-,-,1.090,H,-,S,Y,2,0,1,2,A,-,03,22350,,N,C,C,A,A,H,-,A,D,0,,,Y,,Y,,C,02,1,0,0,0,0,0,0,0,1,"- ","- ",37.468989999999998,-120.849,STANISLAUS,UNINCORPORATED,-120.84903163,37.468734210000001
6572850,2014,2016-04-28,5005,2014-07-13,2200,S01139,,7,5,3,5005,0,0,0,,0,PATTER,"RT 33","SPERRY AV",0.00,,Y,A,-,Y,STA,10,33,-,-,12.571,I,5,N,Y,2,0,5,2,A,-,09,21802,A,N,D,C,A,A,H,-,C,A,0,,,,,Y,,-,,2,1,2,0,0,0,0,0,0,"- ","- ",,,STANISLAUS,PATTERSON,-121.12331608,37.464376299999998
6581268,2014,2016-04-28,9465,2014-07-11,2215,018894,,5,3,6,5002,0,1,3,,2,011,"RT 99","STANDIFORD AV",4224.00,S,N,A,-,Y,STA,10,99,-,R,19.420,H,-,N,Y,2,0,2,2,A,-,03,22350,,N,C,C,A,A,H,-,D,D,1,,,,,Y,,A,07,1,0,1,0,0,0,0,0,0,"- ","- ",37.673900000000003,-121.04219000000001,STANISLAUS,MODESTO,-121.04327221,37.674842140000003
6583547,2014,2015-05-15,5007,2014-07-19,1042,5602,,6,5,5,5007,0,0,0,,0,005,"FULKERTH RD","UNION PACIFC RR TRACKS",0.00,,Y,A,-,N,,,,,,,,,,N,1,1,0,1,A,-,12,22451,B,N,H,G,A,A,H,-,A,A,0,,Y,,,Y,,L,04,0,0,0,0,0,1,0,0,0,"- ","- ",,,STANISLAUS,TURLOCK,,
6590362,2014,2016-04-28,9465,2014-07-28,1320,015398,,1,1,6,5002,0,1,3,,2,011,"RT 99","SIERRA DR",300.00,S,N,A,-,Y,STA,10,99,-,R,15.310,H,-,S,Y,2,0,1,2,A,-,07,21658,A,N,B,C,A,A,H,-,A,D,1,,,Y,,Y,,C,02,1,0,0,0,0,0,0,0,1,"- ","- ",37.62988,-120.9975,STANISLAUS,MODESTO,-120.9977421,37.630222590000002
6594568,2014,2014-09-05,5002,2014-07-27,0447,11110,146,7,5,6,5002,0,0,0,,0,075,"EAST BRIGGSMORE AV","ROSE AV",2790.00,W,N,A,-,N,,,,,,,,,,Y,2,0,2,1,A,-,08,22107,,N,E,I,A,A,H,-,C,D,0,,,,,Y,,D,,2,0,0,0,0,0,0,0,0,"- ","- ",,,STANISLAUS,MODESTO,-120.97628917999999,37.66732468
6602530,2014,2014-09-12,9465,2014-07-31,1140,17436,,4,1,9,5000,0,3,5,,2,030,"CODONI AV","RT 132",600.00,S,N,-,-,N,,,,,,,,,,Y,2,0,1,2,-,-,"- ",,,N,D,C,A,-,-,-,-,D,0,,,,Y,Y,,-,"- ",1,0,0,0,0,0,0,0,0,"- ","- ",37.635330000000003,-120.91142000000001,STANISLAUS,UNINCORPORATED,-120.911536,37.636600999999999
6606211,2014,2014-09-30,5002,2014-06-16,1913,11242,M010,1,5,6,5002,0,0,0,,0,068,"DALE RD","KAISER DR",0.00,,Y,A,-,N,,,,,,,,,,Y,1,2,3,2,A,-,12,21453,A,N,D,C,A,A,H,-,A,A,0,,,,,Y,,D,22,1,1,1,0,0,0,0,0,0,"- ","- ",,,STANISLAUS,MODESTO,-121.050094,37.705730000000003
6606212,2014,2014-09-30,5001,2014-06-24,1147,18274,,2,5,4,5001,0,0,0,,0,,"USTICK RD","SERVICE RD",0.00,,Y,A,-,N,,,,,,,,,,Y,1,1,2,2,A,-,12,22450,A,N,D,C,A,A,H,-,A,A,0,,,,Y,Y,,A,01,0,2,0,0,0,0,0,0,0,"- ","- ",37.58052,-121.01191,STANISLAUS,CERES,-121.01192,37.580500000000001
6606535,2014,2016-04-28,9465,2014-08-18,0030,018363,,1,3,9,5000,0,1,3,,2,053,"RT 33","W COX RD",1319.00,S,N,A,-,Y,STA,10,33,-,-,21.980,H,-,N,Y,2,0,1,1,A,-,01,23152,A,N,F,I,A,A,H,-,D,D,0,,,,,Y,Y,A,07,1,0,0,0,0,0,0,0,0,"- ","- ",37.577579999999998,-121.22999,STANISLAUS,UNINCORPORATED,-121.22501298,37.573127270000001
6609254,2014,2016-04-29,5002,2014-08-25,0625,11564,M415,1,5,6,5002,0,0,0,,0,040,"RT 132","L ST",60.00,S,N,A,-,Y,STA,10,132,-,L,15.070,H,-,W,Y,2,0,1,2,A,-,01,23152,E,F,C,G,A,A,H,-,B,A,0,,Y,,,Y,,A,,1,0,0,0,0,0,1,0,0,"- ","- ",,,STANISLAUS,MODESTO,-121.00342701,37.64157479
6617092,2014,2016-04-28,9465,2014-08-30,0325,018825,,6,3,9,5000,0,1,3,,2,011,"RT 99","KIERNAN AV",627.00,N,N,A,-,Y,STA,10,99,-,R,22.620,H,-,S,Y,2,0,1,2,A,-,08,22107,,N,C,E,A,A,H,-,D,D,1,,,,,Y,,A,01,1,0,0,0,0,0,0,0,0,"- ","- ",37.709800000000001,-121.0821,STANISLAUS,UNINCORPORATED,-121.08195587,37.70954416
6622768,2014,2014-10-31,9465,2014-09-05,0917,016917,,5,1,9,5000,0,3,5,,2,010,"PARADISE RD","VERNON AV",0.00,,Y,A,-,N,,,,,,,,,,Y,2,0,1,2,A,-,09,21802,A,N,D,C,A,A,H,-,A,A,0,,,Y,,Y,,D,22,1,0,0,0,0,0,0,0,1,"- ","- ",37.61712,-121.02800999999999,STANISLAUS,UNINCORPORATED,-121.02805987000001,37.617089900000003
6632859,2014,2014-10-10,9465,2014-09-11,2155,018825,,4,2,9,5000,0,2,4,,2,042,"CROWS LANDING RD","CANAL DR",320.00,N,N,A,-,N,,,,,,,,,,Y,2,0,3,1,A,-,08,22107,,N,E,I,A,A,H,-,D,D,0,,,,,Y,,A,01,3,0,0,0,0,0,0,0,0,"- ","- ",37.501600000000003,-120.99460000000001,STANISLAUS,UNINCORPORATED,-120.99457617,37.501288799999998
6637372,2014,2014-10-15,5002,2014-09-24,0804,10320,M309,3,5,6,5002,0,0,0,,0,073,"SCENIC DR","MCGUIRE DR",0.00,,Y,A,-,N,,,,,,,,,,Y,2,0,3,2,A,-,09,21802,A,N,D,C,A,A,H,-,A,A,0,,,,,Y,,D,,1,0,2,0,0,0,0,0,0,"- ","- ",,,STANISLAUS,MODESTO,-120.95240996,37.652639960000002
6664946,2014,2014-11-06,5007,2014-09-05,1837,5742,5007,5,5,5,5007,0,0,0,,0,003,"WEST MAIN ST","LOCUST ST",113.00,W,N,A,-,N,,,,,,,,,,N,2,0,1,4,A,-,03,22350,,N,G,B,D,A,H,-,A,D,0,Y,,,,Y,,A,08,1,0,0,0,1,0,0,0,0,"- ","- ",,,STANISLAUS,TURLOCK,-120.85053943,37.492756980000003
6669930,2014,2014-12-19,5007,2014-10-13,0648,5756,,1,5,5,5007,0,0,0,,0,003,"WEST MAIN ST","KILROY RD",0.00,,Y,A,-,N,,,,,,,,,,Y,2,0,1,3,A,-,09,21453,B,N,D,C,A,A,H,-,A,A,0,,,Y,,Y,,A,01,1,0,0,0,0,0,0,0,1,"- ","- ",,,STANISLAUS,TURLOCK,-120.87634996,37.492699899999998
6678095,2015,2016-02-18,5002,2015-07-05,0245,611,,7,5,6,5002,0,0,0,,0,001,"CENTRAL AV","EAST HATCH RD",760.00,N,N,A,-,N,,,,,,,,,,Y,1,1,0,2,A,-,01,23152,B,N,F,I,A,A,H,-,C,A,0,,,,,Y,Y,-,,0,0,0,0,0,0,0,0,0,"- ","- ",,,STANISLAUS,MODESTO,-120.95705805,37.611326380000001
6703453,2014,2014-12-04,5002,2014-10-24,0639,10654,M537,5,5,6,5002,0,0,0,,0,065,"STANIFORD AV","SISK RD",0.00,,Y,A,-,N,,,,,,,,,,Y,2,0,1,2,A,-,12,21453,A,F,D,C,A,A,H,-,C,A,0,,,,,Y,,A,,1,0,0,0,0,0,0,0,0,"- ","- ",,,STANISLAUS,MODESTO,-121.0507899,37.684869999999997
6703555,2014,2015-01-08,5002,2014-11-12,0617,11236,448,3,5,6,5002,0,0,0,,0,042,"LA LOMA AV","BONITA AV",20.00,E,N,A,-,N,,,,,,,,,,N,2,0,1,2,A,-,11,21954,A,N,A,B,D,B,H,-,B,D,0,Y,,,,Y,,N,,1,0,0,0,1,0,0,0,0,"- ","- ",,,STANISLAUS,MODESTO,-120.98143537,37.643260609999999
6718139,2014,2016-01-14,9465,2014-08-25,1928,14737,,1,2,9,5000,0,3,5,,2,050,"MARSHALL RD","WARD AV",2640.00,E,N,A,-,N,,,,,,,,,,Y,1,4,0,1,A,-,01,23152,A,N,E,I,A,A,H,-,A,D,0,,,,,Y,Y,A,01,0,0,0,0,0,0,0,0,0,"- ","- ",37.43535,-121.19235999999999,STANISLAUS,UNINCORPORATED,-121.13219777,37.435343709999998
6718141,2014,2015-03-12,9465,2014-08-30,1909,AIR465,,6,2,9,5000,0,1,1,,2,055,"RT 5","STUHR RD",2214.00,N,N,A,-,Y,STA,10,5,-,-,5.930,H,-,N,Y,1,1,4,1,-,-,"- ",,,N,F,A,A,A,H,-,D,D,1,,,,,Y,,-,"- ",1,3,0,0,0,0,0,0,0,"- ","- ",37.331440000000001,-121.11168000000001,STANISLAUS,UNINCORPORATED,-121.11174266,37.331495709999999
6718170,2014,2015-03-09,5005,2014-10-28,1048,,,2,5,3,5005,0,0,0,,0,,"EUCALYPTUS AV","SYCAMORE AV",0.00,,Y,A,-,N,,,,,,,,,,Y,1,1,0,2,A,-,09,21802,A,N,D,C,A,A,H,-,A,A,0,,,,Y,Y,,A,01,0,0,0,0,0,0,0,0,0,"- ","- ",37.505699999999997,-121.1104,STANISLAUS,PATTERSON,-121.12622996,37.498469970000002
6718179,2014,2015-03-09,9465,2014-11-09,0450,15596,,7,3,9,5000,0,2,4,,2,024,"ALBERS RD","PATTERSON RD",666.00,N,N,A,-,N,,,,,,,,,,Y,1,1,0,1,A,-,01,23152,A,N,E,J,A,A,H,-,D,D,0,,,,,Y,Y,A,01,0,0,0,0,0,0,0,0,0,"- ","- ",37.733640000000001,-120.83973,STANISLAUS,UNINCORPORATED,-120.83965983,37.734608229999999
6718185,2014,2016-01-14,9465,2014-11-15,2158,18382,,6,2,9,5000,0,1,3,,2,041,"RT 99","HATCH RD",1287.00,N,N,A,-,Y,STA,10,99,-,R,13.500,H,-,N,N,1,1,0,2,A,-,11,21954,A,N,G,B,D,A,H,-,C,D,1,Y,,,,Y,Y,N,60,0,0,0,1,0,0,0,0,0,"- ","- ",37.612409999999997,-120.97936,STANISLAUS,UNINCORPORATED,-120.97907029,37.612145050000002
6718212,2014,2016-01-14,9465,2014-12-28,1840,17477,,7,2,9,5000,0,3,5,,2,030,"ROHDE RD","ESMAR RD",585.00,S,N,A,-,N,,,,,,,,,,N,1,1,0,2,A,-,01,21200,5,N,H,G,A,A,H,-,C,D,0,,Y,,,Y,,L,04,0,0,0,0,0,1,0,0,0,"- ","- ",37.567140000000002,-120.9281,STANISLAUS,UNINCORPORATED,-120.92811747,37.567197579999998
6718622,2017,2018-02-20,5002,2017-11-12,0654,11023,M068,7,5,6,5002,0,0,0,,0,083,"STANDIFORD AV","TULLY RD",0.00,E,N,A,-,N,,,,,,,,,,Y,1,1,0,1,A,-,01,23152,A,N,E,I,A,A,H,-,C,A,0,,,,,Y,,A,01,0,0,0,0,0,0,0,0,0,"- ","- ",,,STANISLAUS,MODESTO,-121.01250989,37.689329899999997
6724779,2014,2015-01-20,9465,2014-11-23,0345,018894,,7,3,9,5000,0,3,5,,2,020,"RODDEN RD","TIMMERMAN LN",500.00,W,N,A,-,N,,,,,,,,,,Y,2,0,1,1,A,-,08,22107,,N,E,J,A,A,H,-,D,D,0,,,,,Y,,D,22,1,0,0,0,0,0,0,0,0,"- ","- ",37.859349999999999,-120.84399999999999,STANISLAUS,UNINCORPORATED,-120.84323983,37.786092830000001
6754706,2014,2015-02-27,5003,2014-12-08,1512,N273,,1,5,2,5003,0,0,0,,0,,"SHERMAN PKWY","BALSAM DR",110.00,W,N,A,-,N,,,,,,,,,,Y,2,0,1,1,A,-,08,22107,,N,E,I,A,A,H,-,A,D,0,,,,,Y,,-,,1,0,0,0,0,0,0,0,0,"- ","- ",,,STANISLAUS,NEWMAN,-121.01926247999999,37.326917950000002
6762715,2014,2015-01-30,9465,2014-12-05,2205,018825,,5,3,9,5000,0,3,5,,2,020,"RODDEN RD","ARBINI RD",0.00,,Y,B,-,N,,,,,,,,,,Y,2,0,1,1,A,-,01,23152,A,N,E,J,A,B,H,-,D,D,0,,,,,Y,Y,D,22,1,0,0,0,0,0,0,0,0,"- ","- ",37.788600000000002,-120.8036,STANISLAUS,UNINCORPORATED,-120.80281986999999,37.788419930000003
6764760,2014,2015-02-04,9465,2014-12-12,0900,018452,,5,1,9,5000,0,1,3,,2,022,"RT 120","LANCASTER RD",10032.00,E,N,B,-,Y,,,120,,,,,,,Y,2,0,2,2,A,-,08,22107,,N,A,C,A,B,H,-,A,A,0,,,,,Y,,D,22,1,0,1,0,0,0,0,0,0,"- ","- ",37.80592,-120.71519000000001,STANISLAUS,UNINCORPORATED,-120.71522672,37.805969419999997
6767225,2014,2015-02-03,5007,2014-12-02,2031,5694,,2,5,5,5007,0,0,0,,0,005,"HAWKEYE AV","DELS LN",0.00,,Y,B,-,N,,,,,,,,,,N,2,0,1,2,A,-,12,21453,A,N,D,G,A,B,H,-,C,A,0,,Y,,,Y,,L,04,1,0,0,0,0,0,1,0,0,"- ","- ",,,STANISLAUS,TURLOCK,-120.85809998000001,37.507370000000002
6768096,2014,2015-01-27,9465,2014-11-20,1520,18452,,4,2,9,5000,0,3,5,,2,030,"STELLA AV","CASABA WY",35.00,E,N,B,-,N,,,,,,,,,,N,2,0,1,1,A,-,08,22107,,N,E,I,A,B,H,-,A,D,0,,,,,Y,,A,01,1,0,0,0,0,0,0,0,0,"- ","- ",37.554400000000001,-120.9058,STANISLAUS,UNINCORPORATED,-120.9058216,37.554499200000002