CASE_ID,ACCIDENT_YEAR,PROC_DATE,JURIS,COLLISION_DATE,COLLISION_TIME,OFFICER_ID,REPORTING_DISTRICT,DAY_OF_WEEK,CHP_SHIFT,POPULATION,CNTY_CITY_LOC,SPECIAL_COND,BEAT_TYPE,CHP_BEAT_TYPE,CITY_DIVISION_LAPD,CHP_BEAT_CLASS,BEAT_NUMBER,PRIMARY_RD,SECONDARY_RD,DISTANCE,DIRECTION,INTERSECTION,WEATHER_1,WEATHER_2,STATE_HWY_IND,CALTRANS_COUNTY,CALTRANS_DISTRICT,STATE_ROUTE,ROUTE_SUFFIX,POSTMILE_PREFIX,POSTMILE,LOCATION_TYPE,RAMP_INTERSECTION,SIDE_OF_HWY,TOW_AWAY,COLLISION_SEVERITY,NUMBER_KILLED,NUMBER_INJURED,PARTY_COUNT,PRIMARY_COLL_FACTOR,PCF_CODE_OF_VIOL,PCF_VIOL_CATEGORY,PCF_VIOLATION,PCF_VIOL_SUBSECTION,HIT_AND_RUN,TYPE_OF_COLLISION,MVIW,PED_ACTION,ROAD_SURFACE,ROAD_COND_1,ROAD_COND_2,LIGHTING,CONTROL_DEVICE,CHP_ROAD_TYPE,PEDESTRIAN_ACCIDENT,BICYCLE_ACCIDENT,MOTORCYCLE_ACCIDENT,TRUCK_ACCIDENT,NOT_PRIVATE_PROPERTY,ALCOHOL_INVOLVED,STWD_VEHTYPE_AT_FAULT,CHP_VEHTYPE_AT_FAULT,COUNT_SEVERE_INJ,COUNT_VISIBLE_INJ,COUNT_COMPLAINT_PAIN,COUNT_PED_KILLED,COUNT_PED_INJURED,COUNT_BICYCLIST_KILLED,COUNT_BICYCLIST_INJURED,COUNT_MC_KILLED,COUNT_MC_INJURED,PRIMARY_RAMP,SECONDARY_RAMP,LATITUDE,LONGITUDE,COUNTY,CITY,POINT_X,POINT_Y
6772156,2014,2015-02-09,9465,2014-12-29,2030,018274,,1,2,9,5000,0,3,5,,2,040,"GRAYSON RD","CROWS LANDING RD",1056.00,E,N,B,-,N,,,,,,,,,,Y,2,0,1,1,A,-,01,23152,A,N,E,I,A,A,H,-,D,D,0,,,,,Y,Y,A,08,1,0,0,0,0,0,0,0,0,"- ","- ",37.565840000000001,-120.98869999999999,STANISLAUS,UNINCORPORATED,-120.99366000000001,37.565849999999998
6778610,2014,2015-02-19,5007,2014-12-12,2105,5718,STANI,5,5,5,5007,0,0,0,,0,003,"W LINWOOD AV","S TEGNER RD",2640.00,W,N,B,-,N,,,,,,,,,,Y,2,0,2,1,A,-,03,22350,,N,E,I,A,B,F,-,D,D,0,,,,,Y,,A,01,1,0,1,0,0,0,0,0,0,"- ","- ",,,STANISLAUS,TURLOCK,-120.89450686000001,37.478122829999997
6783151,2014,2015-02-17,5002,2014-12-12,1713,11334,158,5,5,6,5002,0,0,0,,0,076,"OAKDALE RD","MERLE AV",0.00,,Y,C,-,N,,,,,,,,,,N,2,0,1,2,A,-,10,21950,A,N,G,B,B,B,H,-,C,A,0,Y,,,,Y,,E,,1,0,0,0,1,0,0,0,0,"- ","- ",,,STANISLAUS,MODESTO,-120.95765989,37.67084989
6785488,2015,2015-02-20,5002,2015-01-05,1000,10375,M25,1,5,6,5002,0,0,0,,0,061,"ORANGEBURG AV","SYCAMORE AV",0.00,,Y,A,-,N,,,,,,,,,,N,2,0,1,2,A,-,09,21802,A,F,G,B,B,A,H,-,A,D,0,Y,,,,Y,,A,,1,0,0,0,1,0,0,0,0,"- ","- ",,,STANISLAUS,MODESTO,-120.99791992,37.663759949999999
6788176,2015,2015-02-24,9465,2015-01-10,1500,018382,,6,2,9,5000,0,2,4,,2,024,"ALBERS RD","DUSTY LN",1320.00,S,N,A,-,N,,,,,,,,,,Y,2,0,6,3,A,-,08,22107,,N,B,C,A,A,H,-,A,D,0,,,,,Y,,A,01,1,5,0,0,0,0,0,0,0,"- ","- ",37.655940000000001,-120.848,STANISLAUS,UNINCORPORATED,-120.84798759,37.656715429999998
6803018,2015,2015-02-26,9465,2015-01-13,0715,015596,,2,1,9,5000,0,3,5,,2,040,"FULKERTH RD","FAITH HOME RD",1020.00,W,N,E,-,N,,,,,,,,,,Y,2,0,1,2,A,-,06,21751,,N,A,C,A,B,H,-,A,D,0,,,,,Y,,A,01,1,0,0,0,0,0,0,0,0,"- ","- ",37.50714,-120.92452,STANISLAUS,UNINCORPORATED,-120.92494592,37.507164340000003
6821080,2015,2016-04-18,5001,2015-02-05,2321,747,,4,5,4,5001,0,0,0,,0,003,"MITCHELL RD",FOWLER,0.00,,Y,A,-,N,,,,,,,,,,N,2,0,1,2,A,-,11,21955,,N,G,B,D,A,H,-,C,D,0,Y,,,,Y,,N,60,1,0,0,0,1,0,0,0,0,"- ","- ",,,STANISLAUS,CERES,-120.93871986000001,37.602009979999998
6821289,2015,2015-03-13,5002,2015-02-09,0900,10320,M99,1,5,6,5002,0,0,0,,0,033,"CHICAGO AV","VERNON AV",918.00,E,N,A,-,N,,,,,,,,,,Y,2,0,1,1,A,-,08,22107,,N,H,J,A,A,H,-,A,A,0,,,,,Y,,D,,1,0,0,0,0,0,0,0,0,"- ","- ",,,STANISLAUS,MODESTO,-121.02527354999999,37.625488220000001
6827148,2015,2015-03-10,5007,2015-01-28,1813,5694,,3,5,5,5007,0,0,0,,0,002,"EAST AV","BELL ST",157.00,W,N,A,-,N,,,,,,,,,,N,2,0,1,2,A,-,05,21202,A,F,A,G,A,A,H,-,-,D,0,,Y,,,Y,,L,04,1,0,0,0,0,0,1,0,0,"- ","- ",,,STANISLAUS,TURLOCK,-120.83585109000001,37.49268
6829127,2015,2016-09-27,9465,2015-02-14,1805,18894,,6,2,9,5000,0,1,3,,2,015,"RT 219","STRATOS WY",60.00,W,N,A,-,Y,STA,10,219,-,-,4.560,H,-,E,N,2,0,1,2,A,-,11,21954,A,N,G,B,D,A,D,-,D,D,0,Y,,,,Y,,N,60,1,0,0,0,1,0,0,0,0,"- ","- ",37.711010000000002,-121.00094,STANISLAUS,UNINCORPORATED,-121.00049833999999,37.711098730000003
6841486,2015,2015-03-27,9465,2015-03-07,2310,018778,,6,3,9,5000,0,3,5,,2,040,"VIVIAN RD","ZEERING RD",700.00,N,N,A,-,N,,,,,,,,,,Y,2,0,2,1,A,-,01,23152,A,N,E,I,A,A,H,-,D,D,0,,,,,Y,Y,D,22,1,1,0,0,0,0,0,0,0,"- ","- ",37.531039999999997,-121.04911,STANISLAUS,UNINCORPORATED,-121.04906,37.531502439999997
6854003,2014,2015-12-17,5007,2014-11-08,0937,5711,,6,5,5,5007,0,0,0,,0,002,"S ROSE ST","F ST",0.00,,Y,A,-,N,,,,,,,,,,Y,1,1,2,2,A,-,03,22350,,N,D,C,A,A,H,-,A,A,0,,,Y,,Y,,C,02,1,0,1,0,0,0,0,1,1,"- ","- ",,,STANISLAUS,TURLOCK,-120.83687988,37.490869889999999
6854020,2014,2016-01-14,5001,2014-12-12,0231,611,,5,5,4,5001,0,0,0,,0,005,"MITCHELL RD",COLLEEN,378.00,S,N,C,-,N,,,,,,,,,,Y,1,1,0,2,A,-,11,21956,,N,G,B,E,B,H,-,D,A,0,Y,,,Y,Y,Y,N,60,0,0,0,1,0,0,0,0,0,"- ","- ",,,STANISLAUS,CERES,-120.93878237,37.59051195
6854170,2014,2015-04-15,9465,2014-06-25,1413,15761,,3,2,9,5000,0,1,3,,2,053,"RT 33","FRANK COX RD",0.00,,Y,A,-,Y,STA,10,33,-,-,18.900,I,5,S,Y,1,1,0,2,A,-,09,21801,A,N,A,C,A,A,H,-,A,D,0,,,Y,,Y,,D,22,0,0,0,0,0,0,0,1,0,"- ","- ",37.53913,-121.18825,STANISLAUS,UNINCORPORATED,-121.18823096,37.53945126
6854173,2014,2015-04-14,9465,2014-06-29,2500,18410,,7,4,9,5000,0,1,3,,2,012,"RT 132","SAN JOAQUIN RIVER",10032.00,E,N,A,-,Y,STA,10,132,-,-,4.310,H,-,E,Y,1,1,0,1,A,-,01,23152,A,N,E,I,A,A,H,-,D,D,0,,,,,Y,Y,A,01,0,0,0,0,0,0,0,0,0,"- ","- ",37.637659999999997,-121.20549,STANISLAUS,UNINCORPORATED,-121.19550556,37.638339469999998
6854188,2014,2015-04-11,9465,2014-09-02,0650,15398,,2,1,9,5000,0,3,5,,2,010,"STODDARD RD","PIRRONE RD",0.00,,Y,A,-,N,,,,,,,,,,Y,1,1,0,1,A,-,08,22107,,N,E,I,A,A,H,-,A,A,0,,,,,Y,,A,08,0,0,0,0,0,0,0,0,0,"- ","- ",37.718470000000003,-121.06864,STANISLAUS,UNINCORPORATED,-121.06853999,37.718429929999999
6854194,2014,2015-04-11,9465,2014-09-24,0540,18259,,3,3,9,5000,0,3,5,,2,040,"GRAYSON RD","VIVIAN RD",0.00,,Y,A,-,N,,,,,,,,,,Y,1,1,2,3,A,-,12,22450,A,N,D,C,A,A,H,-,D,A,0,,,,,Y,,A,01,2,0,0,0,0,0,0,0,0,"- ","- ",37.565899999999999,-121.0484,STANISLAUS,UNINCORPORATED,-121.04845996,37.565959939999999
6854198,2015,2015-04-13,9465,2015-01-02,0640,18452,,5,1,9,5000,0,3,5,,2,030,"SANTA FE AV","SOUTH AV",1056.00,S,N,A,-,N,,,,,,,,,,Y,1,1,0,1,A,-,08,22107,,N,E,I,A,A,H,-,D,D,0,,,,,Y,,A,07,0,0,0,0,0,0,0,0,0,"- ","- ",37.627899999999997,-120.9006,STANISLAUS,UNINCORPORATED,-120.90066781,37.628277599999997
6856738,2015,2015-04-27,5002,2015-03-22,1415,11782,697,7,5,6,5002,0,0,0,,0,040,"12TH ST","H ST",0.00,,Y,A,-,N,,,,,,,,,,Y,2,0,3,2,A,-,01,23152,A,N,D,C,A,A,H,-,A,A,0,,,,,Y,Y,A,,1,2,0,0,0,0,0,0,0,"- ","- ",,,STANISLAUS,MODESTO,-120.99607985999999,37.640009890000002
6866742,2015,2015-05-27,9465,2015-03-11,0430,012351,,3,3,6,5002,0,1,3,,2,011,"RT 99","CARPENTER RD",322.00,N,N,B,-,Y,STA,10,99,-,M,18.580,H,-,N,Y,1,1,0,1,A,-,01,23152,A,N,E,I,A,A,H,-,D,D,1,,,,,Y,Y,D,22,0,0,0,0,0,0,0,0,0,"- ","- ",37.666879999999999,-121.03274,STANISLAUS,MODESTO,-121.0321793,37.666740760000003
6877719,2015,2015-04-14,5007,2015-02-27,2318,5725,,5,5,5,5007,0,0,0,,0,003,"WEST MAIN ST","N KILROY RD",0.00,,Y,A,-,N,,,,,,,,,,Y,2,0,1,2,A,-,09,21801,A,N,A,C,A,A,H,-,C,A,0,,,,,Y,,A,07,1,0,0,0,0,0,0,0,0,"- ","- ",,,STANISLAUS,TURLOCK,-120.87634996,37.492699899999998
6878765,2015,2016-09-20,9465,2015-03-21,1509,018452,,6,2,9,5000,0,1,3,,2,011,"RT 99","BECKWITH RD",1056.00,N,N,A,-,Y,STA,10,99,-,R,20.478,R,1,S,Y,2,0,4,3,A,-,03,22350,,N,C,C,A,A,H,-,A,A,1,,,,,Y,,D,22,1,2,1,0,0,0,0,0,0,TO,"- ",37.685989999999997,-121.6567,STANISLAUS,UNINCORPORATED,-121.05660936,37.685990629999999
6879070,2015,2015-05-05,5002,2015-04-03,0354,11317,M188,5,5,6,5002,0,0,0,,0,062,"WEST ORANGEBURG AV","CARVER RD",0.00,,Y,A,-,N,,,,,,,,,,Y,2,0,2,2,A,-,17,21451,A,N,A,C,A,A,H,-,C,A,0,,,,,Y,,-,"- ",1,0,1,0,0,0,0,0,0,"- ","- ",,,STANISLAUS,MODESTO,-121.02201991,37.664179920000002
6907662,2015,2015-05-08,5002,2015-04-24,1016,11186,190,5,5,6,5002,0,0,0,,0,063,"CARVER RD","WEST ROSEBURG AV",40.00,N,N,A,-,N,,,,,,,,,,Y,2,0,2,3,A,-,04,21703,,N,C,C,A,A,H,-,A,D,0,,,Y,,Y,,C,02,1,0,1,0,0,0,0,0,2,"- ","- ",,,STANISLAUS,MODESTO,-121.02198131999999,37.660639850000003
6907678,2015,2015-05-08,9465,2015-04-24,0255,18825,,5,3,9,5000,0,3,5,,2,010,"ELM AV","ELM WY",690.00,E,N,A,-,N,,,,,,,,,,Y,2,0,1,1,A,-,01,23152,A,N,E,I,A,A,H,-,D,D,0,,,,,Y,Y,A,01,1,0,0,0,0,0,0,0,0,"- ","- ",37.643099999999997,-121.014,STANISLAUS,UNINCORPORATED,-121.01412698,37.6432
6923322,2015,2015-09-16,9465,2015-08-17,0700,14658,,1,1,9,5000,0,3,5,,2,010,"SUTTER AV","AVALON AV",31.00,N,N,A,-,N,,,,,,,,,,Y,2,0,2,2,A,-,05,21460,A,N,B,C,A,A,H,-,A,D,0,,,,Y,Y,,A,01,1,1,0,0,0,0,0,0,0,"- ","- ",37.614780000000003,-121.01179999999999,STANISLAUS,UNINCORPORATED,-121.01178836,37.614795119999997
6938222,2015,2015-10-07,5009,2015-09-24,1707,501339,,4,5,2,5009,0,0,0,,0,,"7TH ST","HATCH RD",0.00,,Y,A,-,N,,,,,,,,,,Y,2,0,3,2,A,-,03,22350,,N,E,I,A,A,H,-,A,D,0,,,,,Y,,D,22,1,2,0,0,0,0,0,0,0,"- ","- ",,,STANISLAUS,HUGHSON,-120.86076989,37.609269930000004
6940675,2015,2016-11-15,5002,2015-04-21,2205,11311,376,2,5,6,5002,0,0,0,,0,034,"MAZE BL","SOUTH JEFFERSON ST",0.00,,Y,A,-,Y,STA,10,132,-,-,14.580,I,5,W,Y,2,0,1,1,A,-,01,23152,A,N,E,I,A,A,H,-,C,D,0,,,,,Y,Y,A,,1,0,0,0,0,0,0,0,0,"- ","- ",,,STANISLAUS,MODESTO,-121.00946361,37.638631629999999
6946410,2015,2015-07-16,9465,2015-06-02,1550,17477,,2,2,9,5000,0,3,5,,2,030,"SOUTH 9TH ST","SONORA AV",380.00,S,N,A,-,N,,,,,,,,,,N,2,0,1,2,A,-,09,21804,A,N,D,G,A,A,H,-,A,D,0,,Y,,Y,Y,,L,04,1,0,0,0,0,0,1,0,0,"- ","- ",37.619480000000003,-120.98535,STANISLAUS,UNINCORPORATED,-120.98526714,37.619537719999997
6953182,2015,2015-06-17,9465,2015-05-19,1631,014588,,2,2,9,5000,0,2,4,,2,043,"WEST MAIN ST","CROWS LANDING RD",2640.00,W,N,B,-,N,,,,,,,,,,Y,2,0,2,1,A,-,06,21755,A,N,F,A,A,A,H,-,A,D,0,,,,,Y,,A,07,1,1,0,0,0,0,0,0,0,"- ","- ",37.493079999999999,-121.01161,STANISLAUS,UNINCORPORATED,-121.00365897,37.493050439999998
6957493,2015,2015-06-27,5004,2015-05-19,1920,252,RD65,2,5,3,5004,0,0,0,,0,00S,"EAST F ST","E F ST 1819",0.00,,-,A,-,N,,,,,,,,,,N,2,0,1,2,A,-,03,22350,,N,C,D,A,A,H,-,A,D,0,,,,,Y,,A,01,1,0,0,0,0,0,0,0,0,"- ","- ",,,STANISLAUS,OAKDALE,,
6957990,2015,2015-07-14,5005,2015-05-22,1822,12345,5005,5,5,3,5005,0,0,0,,0,PPD,"SPERRY AV","AMERICAN EAGLE AV",55.00,W,N,A,-,N,,,,,,,,,,N,2,0,3,3,A,-,01,23153,A,N,C,D,A,A,H,-,A,A,0,,,,,Y,Y,A,01,1,0,2,0,0,0,0,0,0,"- ","- ",,,STANISLAUS,PATTERSON,-121.14994951,37.464480000000002
6960422,2015,2015-08-12,9465,2015-05-30,0910,018251,,6,1,9,5000,0,3,5,,2,050,"VILLA MANUCHA RD","AZEVEDO RD",2857.00,S,N,A,-,N,,,,,,,,,,N,2,0,1,1,A,-,08,22107,,N,F,A,A,A,H,-,A,D,0,,,,,Y,,A,07,1,0,0,0,0,0,0,0,0,"- ","- ",37.362949999999998,-121.02614,STANISLAUS,UNINCORPORATED,-121.02603467,37.363265820000002
6960511,2015,2015-06-26,9465,2015-05-31,1515,14853,,7,2,9,5000,0,3,5,,2,020,"RIVER RD","SAWYER AV",2112.00,E,N,A,-,N,,,,,,,,,,N,2,0,1,1,A,-,03,22350,,N,F,A,A,A,H,-,A,D,0,,,Y,,Y,,C,02,1,0,0,0,0,0,0,0,1,"- ","- ",37.770969999999998,-120.89883,STANISLAUS,UNINCORPORATED,-120.89840635,37.771653550000003
6960523,2015,2016-12-05,9465,2015-05-30,1607,18251,,6,2,9,5000,0,1,1,,2,056,"RT 5","SIMON NEWMAN",281.00,N,N,A,-,Y,STA,10,5,-,-,7.470,H,-,S,Y,2,0,1,3,A,-,08,22107,,N,E,I,A,A,H,-,A,D,1,,,,,Y,,A,07,1,0,0,0,0,0,0,0,0,"- ","- ",37.352890000000002,-121.119,STANISLAUS,UNINCORPORATED,-121.11919422,37.353019680000003
6961965,2015,2015-06-30,9465,2015-06-08,0609,020362,,1,1,9,5000,0,3,5,,2,030,"MOUNTAIN VIEW RD","SERVICE RD",0.00,,Y,A,-,N,,,,,,,,,,Y,2,0,1,4,A,-,12,22450,A,N,D,C,A,A,H,-,A,A,0,,,,,Y,,D,22,1,0,0,0,0,0,0,0,0,"- ","- ",37.500030000000002,-120.87987,STANISLAUS,UNINCORPORATED,-120.879,37.580269999999999
6961978,2015,2016-11-02,9465,2015-06-02,1844,014853,,2,2,9,5000,0,1,3,,2,028,"RT 4","WAVERLY RD",5280.00,E,N,A,-,Y,SJ,10,4,-,-,38.000,H,-,W,Y,2,0,2,1,A,-,08,22107,,N,E,I,A,A,H,-,A,D,0,,,,,Y,,D,22,1,1,0,0,0,0,0,0,0,"- ","- ",37.944600000000001,-120.92543999999999,STANISLAUS,UNINCORPORATED,-120.92739014,37.944861170000003
6970109,2015,2015-07-11,5002,2015-06-12,1847,10170,359,5,5,6,5002,0,0,0,,0,033,"S CARPENTER RD","CALIFORNIA AV",0.00,,Y,A,-,N,,,,,,,,,,Y,2,0,1,2,A,-,09,21801,A,N,D,C,A,A,H,-,A,D,0,,,Y,,Y,,D,,1,0,0,0,0,0,0,0,1,"- ","- ",,,STANISLAUS,MODESTO,-121.03054992,37.631399960000003
6980302,2015,2015-07-13,9465,2015-06-21,2105,018825,,7,2,9,5000,0,2,4,,2,034,"GEER RD","FOX GROVE ACCESS",1092.00,N,N,A,-,N,,,,,,,,,,Y,2,0,2,2,A,-,08,22107,,N,E,I,A,A,H,-,D,D,0,,,,,Y,,A,01,1,1,0,0,0,0,0,0,0,"- ","- ",37.317,-120.84529999999999,STANISLAUS,UNINCORPORATED,-120.84529655,37.61663034
6996873,2015,2015-08-08,5002,2015-07-26,0347,11196,420,7,5,6,5002,0,0,0,,0,033,"5TH ST","MAZE BL",0.00,,N,A,-,N,,,,,,,,,,Y,2,0,1,1,A,-,01,23152,,N,F,I,A,A,H,-,C,A,0,,,,,Y,Y,D,,1,0,0,0,0,0,0,0,0,"- ","- ",,,STANISLAUS,MODESTO,-121.00730996999999,37.63887999
7001166,2015,2017-01-27,9465,2015-07-06,1648,018382,,1,2,9,5000,0,1,3,,2,041,"RT 99","MITCHELL RD",2112.00,S,N,A,-,Y,STA,10,99,-,-,9.720,H,-,S,Y,2,0,2,1,A,-,08,22107,,N,F,A,A,A,H,-,A,D,1,,,Y,,Y,,C,02,2,0,0,0,0,0,0,0,2,"- ","- ",37.569650000000003,-120.93214,STANISLAUS,UNINCORPORATED,-120.93356168,37.570955210000001
7003304,2015,2015-07-31,5002,2015-07-03,2207,11755,M99,5,5,6,5002,0,0,0,,0,062,GRANGER,"CARLTON AV",0.00,,Y,A,-,N,,,,,,,,,,N,2,0,1,2,A,-,09,21804,A,N,B,G,A,A,H,-,C,A,0,,Y,,,Y,,L,,1,0,0,0,0,0,1,0,0,"- ","- ",,,STANISLAUS,MODESTO,-121.00427996000001,37.66749995
7006272,2015,2017-03-30,5007,2015-09-20,0559,5759,5007,7,5,5,5007,0,0,0,,0,003,"NORTH TULLY RD","NIKKI ANN WY",85.00,S,N,A,-,N,,,,,,,,,,Y,1,1,0,1,A,-,03,22350,,N,E,I,A,A,G,-,C,D,0,,,Y,,Y,,C,02,0,0,0,0,0,0,0,1,0,"- ","- ",,,STANISLAUS,TURLOCK,-120.87170155,37.496755100000001
7006510,2015,2015-12-29,5002,2015-09-02,1733,11252,199,3,5,6,5002,0,0,0,,0,034,"NORTH CARPENTER RD","KANSAS AV",24.00,N,N,A,-,N,,,,,,,,,,Y,1,1,0,2,A,-,09,21453,C,N,D,G,A,A,H,-,A,A,0,,Y,,,Y,Y,L,04,0,0,0,0,0,1,0,0,0,"- ","- ",,,STANISLAUS,MODESTO,-121.03030244,37.646055879999999
7021900,2015,2015-08-24,5009,2015-08-02,0019,5792,,7,5,2,5009,0,0,0,,0,001,"5TH ST","LOCUST ST",1.90,N,N,A,-,N,,,,,,,,,,N,2,0,1,2,A,-,03,22350,,F,-,B,E,A,H,-,C,A,0,Y,,,,Y,Y,-,99,1,0,0,0,1,0,0,0,0,"- ","- ",,,STANISLAUS,HUGHSON,-120.86314996,37.598835219999998
7025904,2015,2017-01-27,9465,2015-07-26,1900,018382,,7,2,9,5000,0,1,3,,2,041,"RT 99","MITCHELL AV",110.00,S,N,A,-,Y,STA,10,99,-,R,10.140,H,-,N,Y,2,0,1,2,A,-,01,23152,A,N,B,C,A,A,H,-,A,D,1,,,,Y,Y,Y,A,08,1,0,0,0,0,0,0,0,0,"- ","- ",,,STANISLAUS,UNINCORPORATED,-120.93836979,37.575878410000001
7045883,2015,2015-09-23,5002,2015-08-26,1547,11521,455,3,5,6,5002,0,0,0,,0,042,"YOSEMITE BL","SANTA ANA",10.00,W,N,A,-,N,,,,,,,,,,N,2,0,1,2,A,-,04,21703,,N,C,C,A,A,H,-,A,D,0,,,Y,,Y,,C,,1,0,0,0,0,0,0,0,1,"- ","- ",,,STANISLAUS,MODESTO,-120.97658453,37.638219669999998
7057954,2015,2015-11-23,5007,2015-10-15,1518,5759,5007,4,5,5,5007,0,0,0,,0,003,"WEST MAIN ST","S TULLY RD",551.00,E,N,A,-,N,,,,,,,,,,Y,2,0,3,2,A,-,09,21804,A,N,D,C,A,A,H,-,A,D,0,,,Y,,Y,,A,01,1,1,1,0,0,0,0,0,1,"- ","- ",,,STANISLAUS,TURLOCK,-120.86538933999999,37.49277541
7076546,2015,2017-01-10,5002,2015-08-28,2031,10899,460,5,5,6,5002,0,0,0,,0,041,"RT 132","SEVERIN AV",45.00,E,N,A,-,Y,STA,10,132,-,-,16.470,H,-,W,Y,2,0,3,2,A,-,11,21954,A,N,A,B,D,A,H,-,C,D,0,Y,,Y,,Y,Y,N,,2,1,0,0,1,0,0,0,2,"- ","- ",,,STANISLAUS,MODESTO,-120.96933495,37.638195709999998
7087152,2015,2015-10-10,5007,2015-09-19,2021,5755,,6,5,5,5007,0,0,0,,0,001,"EAST MONTE VISTA AV","JAMES LN",250.00,W,N,A,-,N,,,,,,,,,,N,2,0,1,2,A,-,11,21954,A,N,G,B,D,A,H,-,D,D,0,Y,,,,Y,Y,N,60,1,0,0,0,1,0,0,0,0,"- ","- ",,,STANISLAUS,TURLOCK,-120.84582195,37.521957810000004
7109033,2015,2015-11-04,5002,2015-09-30,1348,10320,M99,3,5,6,5002,0,0,0,,0,063,"WEST BRIGGSMORE AV","TULLY RD",0.00,,Y,B,-,N,,,,,,,,,,Y,2,0,7,5,A,-,01,23152,E,N,D,C,A,A,H,-,A,A,0,,,,,Y,,-,,1,1,5,0,0,0,0,0,0,"- ","- ",,,STANISLAUS,MODESTO,-121.01224993,37.670469969999999
7111076,2015,2017-01-28,5002,2015-11-04,2355,1182,355,3,5,6,5002,0,0,0,,0,043,"MAZE BL","EMERALD AV",312.00,E,N,A,-,Y,STA,10,132,-,-,13.950,H,-,E,N,2,0,1,2,A,-,00,21760,C,F,C,G,A,A,H,-,D,D,0,,Y,,,Y,,-,,1,0,0,0,0,0,1,0,0,"- ","- ",,,STANISLAUS,MODESTO,-121.0208416,37.638663700000002
7113331,2015,2015-11-12,5002,2015-10-23,2024,11658,537,5,5,6,5002,0,0,0,,0,066,"SISK RD","VINTAGE DR",300.00,,N,A,-,N,,,,,,,,,,N,2,0,2,2,A,-,09,21801,,N,D,C,A,A,H,-,C,D,0,,,Y,,Y,,A,,1,0,1,0,0,0,0,0,1,"- ","- ",,,STANISLAUS,MODESTO,-121.06228987999999,37.69115996
7126119,2015,2015-12-02,5002,2015-11-14,1049,11714,600,6,5,6,5002,0,0,0,,0,071,"SCENIC DR","MEADOWOOD DR",6.00,E,N,A,-,N,,,,,,,,,,Y,2,0,2,2,A,-,05,21650,,N,A,C,A,A,H,-,A,D,0,,,,,Y,,A,,1,1,0,0,0,0,0,0,0,"- ","- ",,,STANISLAUS,MODESTO,-120.93403008,37.656034550000001
7130598,2015,2015-12-14,9465,2015-10-17,2045,18410,,6,2,9,5000,0,2,4,,2,034,"GEER RD","KEYES RD",520.00,S,N,A,-,N,,,,,,,,,,Y,2,0,4,3,A,-,01,23152,A,N,B,C,A,A,H,-,D,D,0,,,,,Y,Y,D,22,1,1,2,0,0,0,0,0,0,"- ","- ",37.550649999999997,-120.84703,STANISLAUS,UNINCORPORATED,-120.84707804999999,37.54975202
7132017,2015,2015-12-10,5007,2015-11-06,1629,5755,,5,5,5,5007,0,0,0,,0,004,"GARDEN STATE BL","PEDRAS RD",0.00,,Y,A,-,N,,,,,,,,,,Y,2,0,1,2,A,-,09,21802,A,N,C,C,A,A,H,-,A,A,0,,,Y,,Y,,A,01,1,0,0,0,0,0,0,0,1,"- ","- ",,,STANISLAUS,TURLOCK,-120.85956,37.510959999999997
7135445,2015,2015-12-11,5002,2015-11-22,1729,11342,M156,7,5,6,5002,0,0,0,,0,073,"LINCOLN OAK DR","FLOYD AV",0.00,,Y,A,-,N,,,,,,,,,,N,2,0,1,2,A,-,11,21456,B,N,G,B,B,A,H,-,C,A,0,Y,,,,Y,,N,,1,0,0,0,1,0,0,0,0,"- ","- ",,,STANISLAUS,MODESTO,-120.94797,37.678199900000003
7135931,2015,2016-01-21,5002,2015-11-19,2329,11110,567,4,5,6,5002,0,0,0,,0,041,"CROWS LANDING RD","FLAMINGO DR",50.00,S,N,A,-,N,,,,,,,,,,Y,2,0,2,2,A,-,01,23152,A,N,D,C,A,A,H,-,C,D,0,,,,Y,Y,Y,A,,1,0,1,0,0,0,0,0,0,"- ","- ",,,STANISLAUS,MODESTO,-120.99360746000001,37.5973027
7150573,2015,2017-02-02,5004,2015-12-01,1750,190,16,2,5,3,5004,0,0,0,,0,00N,"RT 120","N 6TH AV",0.00,,Y,A,-,Y,STA,10,120,-,-,5.320,I,5,W,N,2,0,2,3,A,-,10,21950,A,N,G,B,B,A,H,-,C,D,0,Y,,,,Y,,A,01,1,0,1,0,2,0,0,0,0,"- ","- ",37.7682,-120.84323999999999,STANISLAUS,OAKDALE,-120.84357894999999,37.768119280000001
7153241,2015,2016-01-19,5007,2015-12-30,1652,5729,5007,3,5,5,5007,0,0,0,,0,004,"NORTH GOLDEN STATE BL",ATHERSTONE,552.00,N,N,A,-,N,,,,,,,,,,N,2,0,2,2,A,-,11,21954,A,N,G,B,D,A,H,-,A,D,0,Y,,Y,,Y,,N,60,2,0,0,0,1,0,0,0,1,"- ","- ",,,STANISLAUS,TURLOCK,-120.88873049,37.534214519999999
7160347,2016,2016-01-20,5002,2016-01-05,1840,11778,M280,2,5,6,5002,0,0,0,,0,071,"EAST BRIGGSMORE AV","KENT WY",33.00,E,N,C,-,N,,,,,,,,,,Y,2,0,1,1,A,-,03,22350,,N,A,I,A,B,H,-,C,D,0,,,,,Y,,A,,1,0,0,0,0,0,0,0,0,"- ","- ",,,STANISLAUS,MODESTO,,
7162881,2015,2016-01-21,5001,2015-12-15,1506,771,5001,2,5,4,5001,0,0,0,,0,004,"SERVICE RD","BLAKER RD",0.00,,Y,A,-,N,,,,,,,,,,N,2,0,1,2,A,-,03,22350,,N,-,C,A,A,H,-,A,A,0,,,,,Y,,-,,1,0,0,0,0,0,0,0,0,"- ","- ",,,STANISLAUS,CERES,-120.96608000000001,37.58034
7168295,2016,2017-02-11,5002,2016-01-05,1635,11267,M256,2,5,6,5002,0,0,0,,0,051,"RT 108","ROSEBURG AV",0.00,,Y,C,-,Y,STA,10,108,-,-,24.060,I,5,E,N,2,0,1,2,A,-,10,21950,A,N,G,B,B,B,H,-,B,A,0,Y,,,,Y,,M,,1,0,0,0,1,0,0,0,0,"- ","- ",,,STANISLAUS,MODESTO,-120.99397620000001,37.659813739999997