CASE_ID,ACCIDENT_YEAR,PROC_DATE,JURIS,COLLISION_DATE,COLLISION_TIME,OFFICER_ID,REPORTING_DISTRICT,DAY_OF_WEEK,CHP_SHIFT,POPULATION,CNTY_CITY_LOC,SPECIAL_COND,BEAT_TYPE,CHP_BEAT_TYPE,CITY_DIVISION_LAPD,CHP_BEAT_CLASS,BEAT_NUMBER,PRIMARY_RD,SECONDARY_RD,DISTANCE,DIRECTION,INTERSECTION,WEATHER_1,WEATHER_2,STATE_HWY_IND,CALTRANS_COUNTY,CALTRANS_DISTRICT,STATE_ROUTE,ROUTE_SUFFIX,POSTMILE_PREFIX,POSTMILE,LOCATION_TYPE,RAMP_INTERSECTION,SIDE_OF_HWY,TOW_AWAY,COLLISION_SEVERITY,NUMBER_KILLED,NUMBER_INJURED,PARTY_COUNT,PRIMARY_COLL_FACTOR,PCF_CODE_OF_VIOL,PCF_VIOL_CATEGORY,PCF_VIOLATION,PCF_VIOL_SUBSECTION,HIT_AND_RUN,TYPE_OF_COLLISION,MVIW,PED_ACTION,ROAD_SURFACE,ROAD_COND_1,ROAD_COND_2,LIGHTING,CONTROL_DEVICE,CHP_ROAD_TYPE,PEDESTRIAN_ACCIDENT,BICYCLE_ACCIDENT,MOTORCYCLE_ACCIDENT,TRUCK_ACCIDENT,NOT_PRIVATE_PROPERTY,ALCOHOL_INVOLVED,STWD_VEHTYPE_AT_FAULT,CHP_VEHTYPE_AT_FAULT,COUNT_SEVERE_INJ,COUNT_VISIBLE_INJ,COUNT_COMPLAINT_PAIN,COUNT_PED_KILLED,COUNT_PED_INJURED,COUNT_BICYCLIST_KILLED,COUNT_BICYCLIST_INJURED,COUNT_MC_KILLED,COUNT_MC_INJURED,PRIMARY_RAMP,SECONDARY_RAMP,LATITUDE,LONGITUDE,COUNTY,CITY,POINT_X,POINT_Y
7179558,2016,2016-02-10,5002,2016-01-29,1733,11855,415,5,5,6,5002,0,0,0,,0,044,9TH,1ST,70.00,N,N,A,-,N,,,,,,,,,,Y,2,0,1,2,A,-,11,21954,A,N,G,A,D,A,H,-,B,D,0,Y,,,,Y,,N,,1,0,0,0,1,0,0,0,0,"- ","- ",,,STANISLAUS,MODESTO,,
7179597,2016,2016-02-10,5002,2016-01-23,2342,11813,M198,6,5,6,5002,0,0,0,,0,061,"NORTH 9TH ST","WOODLAND AV",24.00,N,N,A,-,N,,,,,,,,,,Y,2,0,2,2,A,-,01,23152,A,N,A,C,A,A,H,-,C,A,0,,,,,Y,Y,A,,2,0,0,0,0,0,0,0,0,"- ","- ",,,STANISLAUS,MODESTO,,
7190085,2016,2016-03-30,5002,2016-01-26,0704,11252,256,2,5,6,5002,0,0,0,,0,051,"MCHENRY AV","ROSEBURG AV",0.00,,Y,E,-,Y,STA,10,108,-,-,24.060,I,5,E,N,1,1,0,2,A,-,10,21950,A,N,G,B,B,B,H,-,B,A,0,Y,,,,Y,,A,01,0,0,0,1,0,0,0,0,0,"- ","- ",,,STANISLAUS,MODESTO,-120.99397620000001,37.659813739999997
7190258,2016,2018-09-26,5002,2016-06-30,2052,11252,440,4,5,6,5002,0,0,0,,0,042,"EL VISTA AV","ENCINA AV",112.00,N,N,A,-,N,,,,,,,,,,N,1,1,0,2,A,-,00,21760,B,F,C,G,A,A,H,-,B,D,0,,Y,,,Y,,-,,0,0,0,0,0,1,0,0,0,"- ","- ",,,STANISLAUS,MODESTO,-120.95726197,37.645547569999998
7190332,2016,2016-08-24,5009,2016-02-17,1840,,,3,5,2,5009,0,0,0,,0,901,"HATCH RD","EUCLID AV",1745.00,W,N,B,-,N,,,,,,,,,,Y,1,1,0,1,A,-,08,22107,,N,E,I,A,A,H,-,D,D,0,,,,,Y,,A,01,0,0,0,0,0,0,0,0,0,"- ","- ",37.609229999999997,-120.85557,STANISLAUS,HUGHSON,-120.85771,37.609237999999998
7190333,2016,2016-08-18,5002,2016-04-25,1733,11252,M567,1,5,6,5002,0,0,0,,0,031,"CROWS LANDING RD","ALGEN AV",100.00,S,N,A,-,N,,,,,,,,,,Y,1,1,2,2,A,-,03,22350,,N,D,C,A,A,H,-,A,D,0,,,,,Y,,A,07,1,1,0,0,0,0,0,0,0,"- ","- ",,,STANISLAUS,MODESTO,-120.99355272,37.598675559999997
7190359,2016,2016-09-02,5002,2016-05-01,0353,11317,079,7,5,6,5002,0,0,0,,0,0353,"WEST BRIGGSMORE AV","PRESCOTT RD",954.00,E,N,A,-,N,,,,,,,,,,Y,1,1,0,1,A,-,01,23152,A,N,E,I,A,A,H,-,C,D,0,,,,,Y,Y,D,22,0,0,0,0,0,0,0,0,0,"- ","- ",,,STANISLAUS,MODESTO,-121.02836152,37.671752400000003
7190440,2016,2016-09-30,5002,2016-07-30,2045,11023,M027,6,5,6,5002,0,0,0,,0,083,"TULLY RD","STANDIFORD AV",541.00,N,N,A,-,N,,,,,,,,,,N,1,1,0,2,D,-,00,,,N,G,B,D,A,H,-,B,D,0,Y,,,,Y,,-,"- ",0,0,0,1,0,0,0,0,0,"- ","- ",,,STANISLAUS,MODESTO,-121.01253951,37.690815530000002
7190604,2016,2018-09-27,5003,2016-06-25,1816,N201,RDNM,6,5,2,5003,0,0,0,,0,0NM,"BALSAM DR","SHERMAN PKWY",3.00,S,N,A,-,N,,,,,,,,,,Y,1,1,0,2,A,-,09,21801,A,N,D,G,A,A,H,-,A,D,0,,Y,,,Y,,A,01,0,0,0,0,0,1,0,0,0,"- ","- ",37.326740000000001,-121.01893,STANISLAUS,NEWMAN,-121.01894554,37.326753050000001
7190695,2016,2018-09-26,5002,2016-09-21,0545,11317,M057,3,5,6,5002,0,0,0,,0,083,"RT 108","WOODROW AV",360.00,S,N,A,-,Y,STA,10,108,-,-,25.750,H,-,W,N,1,1,0,2,A,-,11,21955,,N,G,B,D,A,H,-,C,D,0,Y,,,,Y,Y,N,60,0,0,0,1,0,0,0,0,0,"- ","- ",,,STANISLAUS,MODESTO,-120.99423348000001,37.68434912
7195612,2016,2016-02-29,5002,2016-01-28,1458,10654,286,4,5,6,5002,0,0,0,,0,071,"WYLIE DR","LAVENDER LN",15.00,W,N,B,-,N,,,,,,,,,,Y,2,0,1,1,A,-,01,23152,A,N,E,I,A,A,H,-,A,D,0,,,,,Y,,A,,1,0,0,0,0,0,0,0,0,"- ","- ",,,STANISLAUS,MODESTO,-120.96845415999999,37.657928460000001
7199799,2015,2016-08-26,5002,2015-09-15,0433,11226,M419,2,5,6,5002,0,0,0,,0,040,"6TH ST","I ST",0.00,,Y,A,-,N,,,,,,,,,,N,1,1,0,2,A,-,11,21456,B,N,G,B,B,A,H,-,C,A,0,Y,,,,Y,,N,60,0,0,0,1,0,0,0,0,0,"- ","- ",,,STANISLAUS,MODESTO,-121.00297987,37.636649980000001
7199841,2015,2016-10-19,5004,2015-02-22,1709,190,RD36,7,5,3,5004,0,0,0,,0,00S,"RT 108","3RD AV",0.00,,Y,A,-,Y,STA,10,108,-,-,38.200,I,5,W,Y,1,1,1,2,A,-,00,20001,,F,G,B,B,A,H,-,A,D,0,Y,,,,Y,Y,-,,0,1,0,1,0,0,0,0,0,"- ","- ",,,STANISLAUS,OAKDALE,-120.84763167,37.766398090000003
8001154,2016,2016-04-01,5002,2016-03-19,1834,11742,M309,6,5,6,5002,0,0,0,,0,071,"SCENIC DR","MCGUIRE DR",0.00,,Y,A,-,N,,,,,,,,,,Y,2,0,2,2,A,-,01,23152,E,N,A,C,A,A,H,-,B,D,0,,,,,Y,,-,,1,1,0,0,0,0,0,0,0,"- ","- ",,,STANISLAUS,MODESTO,-120.95240996,37.652639960000002
8003946,2016,2017-02-11,5003,2016-03-15,1700,N282,,2,5,2,5003,0,0,0,,0,00S,"RT 33","MERCED ST",0.00,,Y,A,-,Y,STA,10,33,-,-,0.680,I,5,N,N,2,0,1,2,A,-,09,21800,A,N,A,G,A,A,H,-,A,A,0,,Y,,,Y,,L,04,1,0,0,0,0,0,1,0,0,"- ","- ",37.31371,-121.02059,STANISLAUS,NEWMAN,-121.02053576,37.313532000000002
8013786,2016,2016-04-20,5002,2016-03-20,0259,11334,M429,7,5,6,5002,0,0,0,,0,032,TUOLUMNE,ROSEDALE,0.00,,Y,A,-,N,,,,,,,,,,Y,2,0,1,3,A,-,01,23152,,N,D,D,A,A,H,-,C,D,0,,,,,Y,Y,A,,1,0,0,0,0,0,0,0,0,"- ","- ",,,STANISLAUS,MODESTO,-121.00607993,37.62782
8013818,2016,2016-04-15,5002,2016-03-29,2332,11776,537,2,5,6,5002,0,0,0,,0,063,"STANDIFORD AV","SISK RD",0.00,,Y,A,-,N,,,,,,,,,,Y,2,0,1,1,A,-,01,23152,A,N,E,I,A,A,H,-,C,A,0,,,,,Y,Y,A,,1,0,0,0,0,0,0,0,0,"- ","- ",,,STANISLAUS,MODESTO,-121.0507899,37.684869999999997
8026386,2016,2016-04-22,5002,2016-04-08,0957,11646,M224,5,5,6,5002,0,0,0,,0,081,ALLEY,"MCHENRY AV",500.00,W,N,C,-,N,,,,,,,,,,N,2,0,1,2,D,-,00,,,N,A,G,A,B,H,-,A,A,0,,Y,,,Y,,-,"- ",1,0,0,0,0,0,1,0,0,"- ","- ",,,STANISLAUS,MODESTO,,
8041092,2016,2017-02-04,5002,2016-05-09,1937,11236,095,1,5,6,5002,0,0,0,,0,083,"MCHENRY AV","CORALWOOD RD",50.00,N,N,A,-,Y,STA,10,108,-,-,26.540,H,-,E,Y,2,0,1,1,A,-,01,23152,A,N,A,I,A,A,H,-,B,D,0,,,,,Y,Y,A,,1,0,0,0,0,0,0,0,0,"- ","- ",,,STANISLAUS,MODESTO,-120.99451449,37.695928590000001
8057651,2016,2016-06-15,5007,2016-05-20,1548,5731,5007,5,5,5,5007,0,0,0,,0,005,"EAST OLIVE AV","NORTH DENAIR AV",0.00,,Y,A,-,N,,,,,,,,,,Y,2,0,1,2,A,-,09,21801,A,N,D,C,A,A,H,-,A,A,0,,,,,Y,,A,01,1,0,0,0,0,0,0,0,0,"- ","- ",,,STANISLAUS,TURLOCK,-120.84196,37.498979990000002
8063318,2016,2017-03-08,5002,2016-08-16,1934,11566,M99,2,5,6,5002,0,0,0,,0,073,"SYLVAN AV","PALMWOOD DR",0.00,,Y,A,-,N,,,,,,,,,,Y,2,0,1,3,A,-,03,22350,,N,A,C,A,A,H,-,B,D,0,,,Y,,Y,,C,,1,0,0,0,0,0,0,0,0,"- ","- ",,,STANISLAUS,MODESTO,-120.96475993999999,37.688979930000002
8086267,2016,2016-07-25,5002,2016-07-13,1147,11530,STANI,3,5,6,5002,0,0,0,,0,082,"W ORANGEBURG",ARDMOR,0.00,,Y,A,-,N,,,,,,,,,,Y,2,0,1,2,A,-,06,21755,,N,D,C,A,A,H,-,A,D,0,,,,,Y,,A,,1,0,0,0,0,0,0,0,0,"- ","- ",,,STANISLAUS,MODESTO,-121.00646999999999,37.663919999999997
8086741,2016,2016-07-14,5002,2016-06-30,1926,11742,M297,4,5,6,5002,0,0,0,,0,071,"ROSE AV","KRUGER DR",0.00,,Y,A,-,N,,,,,,,,,,Y,2,0,5,3,A,-,12,22450,A,N,D,C,A,A,H,-,B,A,0,,,,,Y,,A,,1,3,1,0,0,0,0,0,0,"- ","- ",,,STANISLAUS,MODESTO,-120.96656991,37.661279980000003
8086785,2016,2016-07-14,5002,2016-07-03,2350,11841,M186,7,5,6,5002,0,0,0,,0,061,"CARVERWOOD DR","TEAKWOOD DR",0.00,,Y,A,-,N,,,,,,,,,,N,2,0,1,1,A,-,01,23152,,N,F,I,A,A,H,-,C,D,0,,,Y,,Y,Y,C,,1,0,0,0,0,0,0,0,1,"- ","- ",,,STANISLAUS,MODESTO,-121.01966985999999,37.670309969999998
8086788,2016,2016-07-14,5002,2016-07-05,2020,11236,309,2,5,6,5002,0,0,0,,0,071,"SCENIC DR","EL VISTA AV",0.00,,Y,A,-,N,,,,,,,,,,Y,2,0,2,3,A,-,03,22350,,N,A,C,A,A,H,-,B,A,0,,,,,Y,,A,,2,0,0,0,0,0,0,0,0,"- ","- ",,,STANISLAUS,MODESTO,-120.95738996999999,37.653069909999999
8094167,2016,2016-10-11,5001,2016-06-29,1831,757,C010,3,5,4,5001,0,0,0,,0,004,"ARISTOCRAT DR",STARBOARD,0.00,,Y,A,-,N,,,,,,,,,,N,2,0,1,2,A,-,10,21950,A,N,D,G,A,A,H,-,A,D,0,,Y,,,Y,,A,01,1,0,0,0,0,0,1,0,0,"- ","- ",37.590350000000001,-120.97762,STANISLAUS,CERES,-120.97742,37.59041998
8100909,2016,2016-08-16,5002,2016-07-29,2243,11807,427,5,5,6,5002,0,0,0,,0,033,"PARADISE RD","SUTTER AV",200.00,S,N,A,-,N,,,,,,,,,,N,2,0,1,2,A,-,11,21954,A,N,G,B,D,A,H,-,C,A,0,Y,,,,Y,Y,N,,1,0,0,0,1,0,0,0,0,"- ","- ",,,STANISLAUS,MODESTO,-121.01236803,37.627456789999997
8119911,2016,2016-09-20,5001,2016-08-29,0448,627,A008,1,5,4,5001,0,0,0,,0,004,"ROCKEFELLER DR","HILMOR DR",0.00,,Y,A,-,N,,,,,,,,,,N,2,0,1,2,A,-,09,21801,A,N,D,C,A,A,H,-,C,D,0,,,Y,,Y,,D,82,1,0,0,0,0,0,0,0,1,"- ","- ",37.598460000000003,-120.97035,STANISLAUS,CERES,-120.97034986,37.598439900000002
8127166,2016,2016-09-22,5002,2016-09-13,1730,11765,110,2,5,6,5002,0,0,0,,0,082,"BOWEN AV","MCHENRY AV",300.00,W,N,A,-,N,,,,,,,,,,Y,2,0,2,2,A,-,01,23152,A,N,A,C,A,A,H,-,A,D,0,,,,,Y,Y,A,,1,0,1,0,0,0,0,0,0,"- ","- ",,,STANISLAUS,MODESTO,-120.99513641999999,37.674581570000001
8127976,2016,2016-09-28,5001,2016-09-22,0526,627,C008,4,5,4,5001,0,0,0,,0,004,"EAST WHITMORE AV","MORGAN RD",0.00,,Y,A,-,N,,,,,,,,,,Y,2,0,2,2,A,-,12,21453,A,N,D,C,A,A,H,-,C,A,0,,,,,Y,,A,01,1,0,1,0,0,0,0,0,0,"- ","- ",,,STANISLAUS,CERES,-120.9752599,37.594829949999998
81303228,2020,2020-09-11,5002,2020-09-06,1945,10096,,7,5,6,5002,0,0,0,,0,MP31,"WHITMORE AVE","CARPENTER RD",2500.00,E,N,A,-,N,,,,,,,,,,Y,2,0,2,3,A,-,01,23152,A,N,C,C,A,A,H,-,D,D,0,,,,,Y,Y,A,01,1,0,1,0,0,0,0,0,0,"- ","- ",,,STANISLAUS,MODESTO,-121.02165985107422,37.595050811767578
81314549,2020,2020-09-30,5002,2020-08-22,0439,11531,M004,6,5,6,5002,0,0,0,,0,063,"KIERNAN AVE","AMERICAN AV",675.00,W,N,A,-,Y,,,,,,,,,,Y,2,0,1,2,A,-,01,23152,A,N,C,C,A,A,H,-,D,D,0,,,Y,,Y,Y,A,01,1,0,0,0,0,0,0,0,1,"- ","- ",,,STANISLAUS,MODESTO,-121.04341125488281,37.711624145507812
81316143,2020,2020-10-02,5002,2020-07-07,2159,11267,M027,2,5,6,5002,0,0,0,,0,MP63,"STANDIFORD AVE","CARVER RD",365.00,W,N,A,-,N,,,,,,,,,,N,1,1,0,2,A,-,11,21955,,F,G,B,D,A,H,-,C,D,0,Y,,,,Y,Y,N,60,0,0,0,1,0,0,0,0,0,"- ","- ",,,STANISLAUS,MODESTO,-121.02368927001953,37.689464569091797
81318882,2020,2020-10-07,5002,2020-09-25,1943,13124,,5,5,6,5002,0,0,0,,0,MP72,"OAKDALE RD","BRIGGSMORE AVE",200.00,N,N,A,-,N,,,,,,,,,,N,2,0,1,2,A,-,04,21703,,N,C,C,A,A,H,-,C,A,0,,,,,Y,,A,01,1,0,0,0,0,0,0,0,0,"- ","- ",,,STANISLAUS,MODESTO,-120.95758056640625,37.667728424072266
81318893,2020,2020-10-07,5002,2020-09-28,2004,11765,,1,5,6,5002,0,0,0,,0,MP81,"SYCAMORE AVE","MORRIS AVE",0.00,,Y,A,-,N,,,,,,,,,,N,2,0,1,2,A,-,10,21950,A,F,G,B,B,A,H,-,C,D,0,Y,,,,Y,,A,01,1,0,0,0,1,0,0,0,0,"- ","- ",,,STANISLAUS,MODESTO,-120.99767303466797,37.651050567626953
81323238,2020,2020-10-14,5002,2020-10-05,2214,13055,,1,5,6,5002,0,0,0,,0,MP81,"SCENIC DR","COFFEE RD",1371.00,W,N,A,-,N,,,,,,,,,,Y,2,0,1,2,A,-,03,22350,,N,G,B,F,A,H,-,C,D,0,Y,,,,Y,,A,01,1,0,0,0,1,0,0,0,0,"- ","- ",,,STANISLAUS,MODESTO,-120.97976684570312,37.647422790527344
81332697,2020,2020-10-28,5002,2020-10-18,1634,13262,M197,7,5,6,5002,0,0,0,,0,MP61,"TULLY RD","PRINCETON AVE",0.00,,Y,A,-,N,,,,,,,,,,Y,2,0,2,2,A,-,09,21802,A,F,D,C,A,A,H,-,A,D,0,,,,,Y,Y,D,22,1,0,1,0,0,0,0,0,0,"- ","- ",,,STANISLAUS,MODESTO,-121.01209259033203,37.656398773193359
81362657,2020,2020-12-10,5002,2020-11-08,1507,13290,M024,7,5,6,5002,0,0,0,,0,MP62,"SISK RD","PLAZA PARKWAY",715.00,S,N,B,-,Y,,,,,,,,,,Y,2,0,2,4,A,-,03,22350,,N,D,C,A,A,H,-,A,A,0,,,,,Y,,A,01,1,0,1,0,0,0,0,0,0,"- ","- ",,,STANISLAUS,MODESTO,-121.03665161132812,37.669662475585938
81362743,2020,2020-12-10,5002,2020-11-23,2216,13244,505,1,5,6,5002,0,0,0,,0,MP32,"PELTON AVE","ROSELAWN AVE",0.00,,Y,A,-,N,,,,,,,,,,Y,2,0,1,2,D,-,00,,,N,E,I,A,A,H,-,C,D,0,,,,,Y,,-,"- ",1,0,0,0,0,0,0,0,0,"- ","- ",,,STANISLAUS,MODESTO,-121.00495147705078,37.616600036621094
81362750,2020,2020-12-10,5002,2020-11-25,2222,13028,,3,5,6,5002,0,0,0,,0,MP73,"COFFEE RD","CLARATINA AVE",0.00,,Y,-,-,N,,,,,,,,,,Y,2,0,1,1,A,-,01,23152,A,N,E,I,A,A,H,-,C,A,0,,,Y,,Y,Y,C,02,1,0,0,0,0,0,0,0,1,"- ","- ",,,STANISLAUS,MODESTO,-120.976231,37.699903999999997
81363978,2020,2020-12-11,5002,2020-10-30,2238,13133,M334,5,5,6,5002,0,0,0,,0,MP43,"YOSEMITE BLVD","RIVERSIDE DR",1241.00,E,N,A,-,Y,,,,,,,,,,N,2,0,1,2,A,-,03,22350,,F,G,B,D,A,H,-,C,A,0,Y,,,,Y,,A,01,1,0,0,0,1,0,0,0,0,"- ","- ",,,STANISLAUS,MODESTO,-120.94379425048828,37.63812255859375
81374448,2020,2020-12-24,5002,2020-12-14,0505,13066,,1,5,6,5002,0,0,0,,0,MP63,"BRADEN AVE","DALE RD",685.00,E,N,A,-,N,,,,,,,,,,N,2,0,1,2,A,-,11,21954,A,N,G,B,D,B,H,-,C,D,0,Y,,,,Y,,N,60,1,0,0,0,1,0,0,0,0,"- ","- ",,,STANISLAUS,MODESTO,-121.04749298095703,37.688163757324219
81376510,2020,2020-12-29,5002,2020-11-02,1836,11267,,1,5,6,5002,0,0,0,,0,MP32,"WINMOORE WAY","GOBEL WAY",128.00,E,N,A,-,N,,,,,,,,,,Y,2,0,1,2,A,-,05,21650,,N,A,C,A,A,H,-,C,D,0,,,,,Y,,A,01,1,0,0,0,0,0,0,0,0,"- ","- ",,,STANISLAUS,MODESTO,-120.9910888671875,37.605339050292969
81377526,2020,2020-12-30,5002,2020-12-20,1807,13312,M350,7,5,6,5002,0,0,0,,0,MP33,"KANSAS AVE","EMERALD AVE",0.00,,Y,E,-,N,,,,,,,,,,Y,2,0,2,2,A,-,12,21453,A,N,D,C,A,B,H,-,C,A,0,,,,,Y,,A,01,1,0,1,0,0,0,0,0,0,"- ","- ",,,STANISLAUS,MODESTO,-121.02105712890625,37.645988464355469
81387878,2020,2021-01-15,5002,2020-11-26,2224,11789,M198,4,5,6,5002,0,0,0,,0,MP61,"9TH ST","COLDWELL AVE",0.00,,Y,A,-,N,,,,,,,,,,Y,2,0,6,2,A,-,01,23152,A,N,A,C,A,A,H,-,C,A,0,,,,,Y,Y,A,01,1,2,3,0,0,0,0,0,0,"- ","- ",,,STANISLAUS,MODESTO,-121.01809692382812,37.6531982421875
81387885,2021,2021-01-15,5002,2021-01-01,1558,13312,M075,5,5,6,5002,0,0,0,,0,MP62,"ROBBIE AVE","JENNIFER DR",42.00,E,N,B,-,N,,,,,,,,,,N,2,0,2,1,A,-,03,22350,,N,F,A,A,A,H,-,A,D,0,,,Y,,Y,,C,06,2,0,0,0,0,0,0,0,2,"- ","- ",,,STANISLAUS,MODESTO,-121.02818298339844,37.679721832275391
81400268,2021,2021-02-02,5002,2021-01-25,0611,13066,M013,1,5,6,5002,0,0,0,,0,MP63,"STANDIFORD AVE","SAN CLEMENTE AVE",23.00,W,N,C,-,N,,,,,,,,,,Y,2,0,1,1,A,-,08,22107,,N,E,I,A,B,H,-,C,D,0,,,,,Y,,A,07,1,0,0,0,0,0,0,0,0,"- ","- ",,,STANISLAUS,MODESTO,-121.02900695800781,37.689540863037109
81400272,2021,2021-02-02,5002,2021-01-26,2327,13312,M237,2,5,6,5002,0,0,0,,0,MP81,"MC HENRY AVE","FRANCES AVE",5.00,N,N,G,-,Y,,,,,,,,,,N,2,0,1,2,A,-,10,21950,A,N,G,B,B,B,H,-,C,D,0,Y,,,,Y,,A,01,1,0,0,0,1,0,0,0,0,"- ","- ",,,STANISLAUS,MODESTO,-120.99378204345703,37.653614044189453
81401257,2021,2021-02-03,5002,2021-01-23,2046,11531,M537,6,5,6,5002,0,0,0,,0,MP63,"SALIDA BLVD","PELANDALE AVE",263.00,S,N,A,-,N,,,,,,,,,,Y,2,0,1,1,A,-,01,23152,A,N,E,I,A,A,H,-,C,D,0,,,Y,,Y,Y,C,02,1,0,0,0,0,0,0,0,1,"- ","- ",,,STANISLAUS,MODESTO,-121.07144165039062,37.697929382324219
81402151,2021,2021-02-04,5002,2021-01-19,1720,11209,M149,2,5,6,5002,0,0,0,,0,MP72,"OAKDALE RD","CELESTE DR",15.00,S,N,A,-,N,,,,,,,,,,N,2,0,1,4,A,-,01,23152,A,N,B,C,A,A,H,-,A,D,0,,,Y,,Y,Y,C,02,1,0,0,0,0,0,0,0,1,"- ","- ",,,STANISLAUS,MODESTO,-120.95768737792969,37.672237396240234
81410511,2020,2021-02-18,5002,2020-12-17,2011,11023,,4,5,6,5002,0,0,0,,0,MP43,"STATE ROUTE 132 (YOSEMITE BL)","BEARD ST",34.00,E,N,A,-,Y,,,,,,,,,,N,1,1,0,2,A,-,11,21954,A,N,G,B,D,A,H,-,C,D,0,Y,,,,Y,,N,60,0,0,0,1,0,0,0,0,0,"- ","- ",,,STANISLAUS,MODESTO,,
8143467,2016,2016-11-17,5002,2016-10-10,1440,11317,M026,1,5,6,5002,0,0,0,,0,083,"TULLY RD","WEST UNION AV",0.00,,Y,A,-,N,,,,,,,,,,Y,2,0,2,2,A,-,09,21802,A,N,D,C,A,A,H,-,A,A,0,,,,,Y,,A,,1,0,1,0,0,0,0,0,0,"- ","- ",,,STANISLAUS,MODESTO,-121.01257,37.692349960000001
81440546,2021,2021-04-01,5002,2021-03-20,0506,13253,M504,6,5,6,5002,0,0,0,,0,MP32,"ROSELAWN AVE","CHEATHAM CT",100.00,S,N,C,-,N,,,,,,,,,,Y,2,0,1,3,A,-,01,23153,F,N,C,E,A,B,H,-,C,D,0,,,,,Y,Y,A,01,1,0,0,0,0,0,0,0,0,"- ","- ",37.619239807128906,-121.00498199462891,STANISLAUS,MODESTO,-121.00493621826172,37.618995666503906
81446709,2021,2021-04-09,5002,2021-03-07,0141,13288,M007,7,5,6,5002,0,0,0,,0,MP62,"BRENNER WAY","MC ADOO AVE",45.00,W,N,B,-,N,,,,,,,,,,Y,2,0,1,2,A,-,01,23152,A,N,A,C,A,A,H,-,C,D,0,,,,,Y,Y,A,01,1,0,0,0,0,0,0,0,0,"- ","- ",37.680858612060547,-121.04376220703125,STANISLAUS,MODESTO,-121.04384613037109,37.680805206298828
81462855,2021,2021-04-30,5002,2021-04-05,0955,13360,457,1,5,6,5002,0,0,0,,0,MP42,"YOSEMITE BLVD","EMPIRE AVE",50.00,E,N,A,-,Y,,,,,,,,,,Y,2,0,2,2,A,-,03,22350,,N,C,C,A,A,H,-,A,A,0,,,,,Y,,A,01,1,0,1,0,0,0,0,0,0,"- ","- ",37.638168334960938,-120.96804809570312,STANISLAUS,MODESTO,-120.96780395507812,37.638191223144531
81476163,2021,2021-05-19,5002,2021-04-28,0450,11697,,3,5,6,5002,0,0,0,,0,MP32,"PARADISE RD","HARRIS AVE",246.00,W,N,A,-,N,,,,,,,,,,Y,2,0,1,2,A,-,08,22107,,F,B,C,A,A,H,-,C,D,0,,,,,Y,,A,01,1,0,0,0,0,0,0,0,0,"- ","- ",37.621711730957031,-121.02092742919922,STANISLAUS,MODESTO,-121.02153778076172,37.621200561523438
81477510,2021,2021-05-20,5002,2021-05-10,0942,11248,M250,1,5,6,5002,0,0,0,,0,MP81,"J ST","17TH ST",108.00,W,N,A,-,N,,,,,,,,,,Y,2,0,3,3,A,-,03,22350,,N,A,C,A,A,H,-,A,A,0,,,,,Y,,A,01,1,2,0,0,0,0,0,0,0,"- ","- ",37.645591735839844,-120.99369812011719,STANISLAUS,MODESTO,-120.99393463134766,37.645317077636719
81485439,2021,2021-05-31,5002,2021-05-12,1840,11765,,3,5,6,5002,0,0,0,,0,MP33,"EMERALD AVE","BYRON LN",0.00,,Y,A,-,N,,,,,,,,,,N,2,0,1,2,A,-,11,21954,A,N,G,B,D,A,H,-,A,D,0,Y,,,,Y,,N,60,1,0,0,0,1,0,0,0,0,"- ","- ",37.636188507080078,-121.02101898193359,STANISLAUS,MODESTO,-121.02101135253906,37.636207580566406
81485471,2021,2021-05-31,5002,2021-05-24,0801,13035,RC215,1,5,6,5002,0,0,0,,0,MP82,"MC HENRY AVE","ORANGEBURG AVE",0.00,,Y,A,-,Y,,,,,,,,,,Y,2,0,4,3,A,-,09,21801,A,N,A,C,A,A,H,-,A,A,0,,,,,Y,Y,A,01,1,2,1,0,0,0,0,0,0,"- ","- ",37.663688659667969,-120.99405670166016,STANISLAUS,MODESTO,-120.99392700195312,37.663684844970703
81487144,2021,2021-06-02,5002,2021-04-30,2340,13253,M479,5,5,6,5002,0,0,0,,0,MP33,"CARPENTER RD","CHICAGO AVE",0.00,,Y,A,-,N,,,,,,,,,,Y,2,0,3,2,A,-,01,23152,A,N,D,C,A,A,H,-,C,D,0,,,,,Y,,A,01,1,1,1,0,0,0,0,0,0,"- ","- ",37.624320983886719,-121.03048706054688,STANISLAUS,MODESTO,-121.03044128417969,37.62432861328125
81500867,2021,2021-06-21,5002,2021-05-12,1753,11744,,3,5,6,5002,0,0,0,,0,MP82,"SYLVAN AVE","BRIDGEFORD LN",115.00,E,N,A,-,N,,,,,,,,,,Y,2,0,2,2,A,-,05,21650,A,N,A,C,A,A,H,-,A,D,0,,,Y,,Y,,C,06,1,0,1,0,0,0,0,0,1,"- ","- ",37.689128875732422,-120.99143981933594,STANISLAUS,MODESTO,-120.99098205566406,37.689083099365234
8151086,2016,2016-10-25,5007,2016-10-09,1917,5749,,7,5,5,5007,0,0,0,,0,005,"NORTH GOLDEN STATE BL","DELS LN",27.00,W,N,A,-,N,,,,,,,,,,N,2,0,1,2,A,-,11,21950,B,N,G,B,B,A,H,-,C,A,0,Y,,,,Y,,N,60,1,0,0,0,1,0,0,0,0,"- ","- ",,,STANISLAUS,TURLOCK,-120.85832636000001,37.505727640000003
8151492,2016,2016-10-26,5002,2016-08-28,1447,11252,M169,7,5,6,5002,0,0,0,,0,061,"CARPENTER RD","CUMMINS DR",0.00,,Y,A,-,N,,,,,,,,,,Y,2,0,2,2,A,-,09,21802,A,N,D,C,A,A,H,-,A,A,0,,,,,Y,,-,,1,0,1,0,0,0,0,0,0,"- ","- ",,,STANISLAUS,MODESTO,-121.03111989999999,37.658629949999998
81517397,2021,2021-07-12,5002,2021-05-24,0853,13124,,1,5,6,5002,0,0,0,,0,MP83,"MC HENRY AVE","MEILY WAY",0.00,,Y,A,-,Y,,,,,,,,,,Y,2,0,1,2,A,-,09,21802,A,N,D,C,A,A,H,-,A,A,0,,,Y,,Y,,A,01,1,0,0,0,0,0,0,0,1,"- ","- ",,,STANISLAUS,MODESTO,-120.99436950683594,37.694107055664062