CASE_ID,ACCIDENT_YEAR,PROC_DATE,JURIS,COLLISION_DATE,COLLISION_TIME,OFFICER_ID,REPORTING_DISTRICT,DAY_OF_WEEK,CHP_SHIFT,POPULATION,CNTY_CITY_LOC,SPECIAL_COND,BEAT_TYPE,CHP_BEAT_TYPE,CITY_DIVISION_LAPD,CHP_BEAT_CLASS,BEAT_NUMBER,PRIMARY_RD,SECONDARY_RD,DISTANCE,DIRECTION,INTERSECTION,WEATHER_1,WEATHER_2,STATE_HWY_IND,CALTRANS_COUNTY,CALTRANS_DISTRICT,STATE_ROUTE,ROUTE_SUFFIX,POSTMILE_PREFIX,POSTMILE,LOCATION_TYPE,RAMP_INTERSECTION,SIDE_OF_HWY,TOW_AWAY,COLLISION_SEVERITY,NUMBER_KILLED,NUMBER_INJURED,PARTY_COUNT,PRIMARY_COLL_FACTOR,PCF_CODE_OF_VIOL,PCF_VIOL_CATEGORY,PCF_VIOLATION,PCF_VIOL_SUBSECTION,HIT_AND_RUN,TYPE_OF_COLLISION,MVIW,PED_ACTION,ROAD_SURFACE,ROAD_COND_1,ROAD_COND_2,LIGHTING,CONTROL_DEVICE,CHP_ROAD_TYPE,PEDESTRIAN_ACCIDENT,BICYCLE_ACCIDENT,MOTORCYCLE_ACCIDENT,TRUCK_ACCIDENT,NOT_PRIVATE_PROPERTY,ALCOHOL_INVOLVED,STWD_VEHTYPE_AT_FAULT,CHP_VEHTYPE_AT_FAULT,COUNT_SEVERE_INJ,COUNT_VISIBLE_INJ,COUNT_COMPLAINT_PAIN,COUNT_PED_KILLED,COUNT_PED_INJURED,COUNT_BICYCLIST_KILLED,COUNT_BICYCLIST_INJURED,COUNT_MC_KILLED,COUNT_MC_INJURED,PRIMARY_RAMP,SECONDARY_RAMP,LATITUDE,LONGITUDE,COUNTY,CITY,POINT_X,POINT_Y
8152473,2016,2016-10-31,5004,2016-10-02,1534,190,RD6,7,5,3,5004,0,0,0,,0,00W,"N 2ND AV","E D ST",0.00,,Y,A,-,N,,,,,,,,,,N,2,0,1,1,A,-,03,22350,,N,E,I,A,A,H,-,A,D,0,,,Y,,Y,Y,C,02,1,0,0,0,0,0,0,0,1,"- ","- ",37.771720000000002,-120.85263999999999,STANISLAUS,OAKDALE,-120.85032987,37.768249969999999
81527999,2021,2021-07-26,5002,2021-04-01,1939,13025,609,4,5,6,5002,0,0,0,,0,MP43,"CLAUS RD","CREEKWOOD DR",255.00,S,N,A,-,N,,,,,,,,,,Y,2,0,1,2,A,-,21,22106,,N,E,I,E,A,H,-,B,D,0,Y,,,,Y,,A,01,1,0,0,0,1,0,0,0,0,"- ","- ",,,STANISLAUS,MODESTO,-120.92121887207031,37.649261474609375
81538275,2021,2021-08-06,5002,2021-02-20,2144,11789,M415,6,5,6,5002,0,0,0,,0,MP41,"STATE ROUTE 132 (9TH ST)","H ST",180.00,N,N,A,-,Y,,,,,,,,,,N,1,1,0,2,A,-,10,21954,B,N,G,B,D,A,H,-,C,D,0,Y,,,,Y,Y,A,01,0,0,0,1,0,0,0,0,0,"- ","- ",37.637840270996094,-120.99896240234375,STANISLAUS,MODESTO,,
81557618,2021,2021-08-30,5002,2021-06-29,2025,11531,M198,2,5,6,5002,0,0,0,,0,MP61,"TULLY RD","TRINITY AVE",0.00,,Y,A,-,N,,,,,,,,,,Y,2,0,1,2,A,-,09,21804,A,N,D,C,A,A,H,-,B,D,0,,,Y,,Y,,A,01,1,0,0,0,0,0,0,0,1,"- ","- ",37.655448913574219,-121.01248168945312,STANISLAUS,MODESTO,-121.01206970214844,37.655467987060547
8156047,2016,2016-10-31,5002,2016-10-15,1930,11530,STANI,6,5,6,5002,0,0,0,,0,033,"KANSAS AV","EMERALD AV",298.00,W,N,A,-,N,,,,,,,,,,Y,2,0,1,2,A,-,11,21954,A,N,G,B,D,A,H,-,D,D,0,Y,,,,Y,,N,,1,0,0,0,1,0,0,0,0,"- ","- ",,,STANISLAUS,MODESTO,-121.02208922,37.645993519999998
81571593,2021,2021-09-16,5002,2021-09-03,2214,13322,,5,5,6,5002,0,0,0,,0,MP63,"PELANDALE AVE","AMERICAN AVE",228.00,W,N,A,-,Y,,,,,,,,,,Y,2,0,1,2,A,-,01,23152,A,N,C,C,A,A,H,-,C,D,0,,,,,Y,Y,A,01,1,0,0,0,0,0,0,0,0,"- ","- ",37.700588226318359,-121.04096221923828,STANISLAUS,MODESTO,-121.04090118408203,37.700668334960938
81617991,2021,2021-11-08,5002,2021-06-08,0205,13055,M009,2,5,6,5002,0,0,0,,0,MP63,"PRESCOTT RD","BANGS AVE",36.00,W,N,A,-,N,,,,,,,,,,Y,2,0,2,1,A,-,03,22350,,N,E,I,A,A,H,-,C,A,0,,,,,Y,Y,-,"- ",1,1,0,0,0,0,0,0,0,"- ","- ",37.704261779785156,-121.0318603515625,STANISLAUS,MODESTO,-121.03182220458984,37.704158782958984
81639152,2021,2021-12-01,5002,2021-11-21,1940,13068,,7,5,6,5002,0,0,0,,0,MP31,"CROWS LANDING RD","PECOS AVE",98.00,S,N,A,-,N,,,,,,,,,,Y,2,0,3,2,A,-,01,23152,A,N,B,C,A,A,H,-,C,B,0,,,,,Y,Y,D,22,2,0,1,0,0,0,0,0,0,"- ","- ",37.616668701171875,-120.99368286132812,STANISLAUS,MODESTO,-120.99359130859375,37.616432189941406
81642820,2021,2021-12-06,5002,2021-10-27,0723,13017,RD153,3,5,6,5002,0,0,0,,0,MP73,"SYLVAN AVE","SUMMER DR",32.00,S,N,A,-,N,,,,,,,,,,Y,2,0,1,2,A,-,07,21658,A,F,E,I,A,A,H,-,A,D,0,,,,,Y,,A,01,1,0,0,0,0,0,0,0,0,"- ","- ",37.689041137695312,-120.92558288574219,STANISLAUS,MODESTO,-120.92563629150391,37.688991546630859
8165282,2016,2016-11-10,5002,2016-10-28,1930,13039,M473,5,5,6,5002,0,0,0,,0,042,"CONNIE WY","EMPIRE AV",120.00,E,N,A,-,N,,,,,,,,,,N,2,0,1,2,A,-,11,21950,B,F,G,B,E,A,H,-,B,D,0,Y,,,,Y,,N,,1,0,0,0,1,0,0,0,0,"- ","- ",,,STANISLAUS,MODESTO,-120.96818567,37.62567
8166581,2016,2018-09-27,5002,2016-12-01,0102,11023,068,4,5,6,5002,0,0,0,,0,063,"STANDIFORD AV","LONGBRIDGE DR",82.00,E,N,A,-,N,,,,,,,,,,Y,1,1,0,1,A,-,01,23152,A,N,E,I,A,A,H,-,C,D,0,,,,,Y,Y,A,01,0,0,0,0,0,0,0,0,0,"- ","- ",,,STANISLAUS,MODESTO,-121.01726691,37.68940989
8166592,2016,2018-09-27,5002,2016-11-12,2243,11226,M026,6,5,6,5002,0,0,0,,0,083,"TULLY RD","SNYDER AV",570.00,S,N,A,-,N,,,,,,,,,,Y,1,1,0,2,A,-,11,21956,A,N,G,B,E,A,H,-,C,D,0,Y,,,,Y,,N,60,0,0,0,1,0,0,0,0,0,"- ","- ",,,STANISLAUS,MODESTO,-121.01263924,37.696925389999997
8166614,2016,2018-09-27,5002,2016-12-17,0021,11317,M097,6,5,6,5002,0,0,0,,0,083,"SYLVAN AV","MCHENRY AV",180.00,E,N,A,-,Y,STA,10,108,-,-,26.060,I,6,E,N,1,1,2,2,A,-,03,22350,,F,G,B,D,A,H,-,C,A,0,Y,,,,Y,Y,A,01,0,2,0,1,0,0,0,0,0,"- ","- ",,,STANISLAUS,MODESTO,-120.99439528000001,37.688915430000002
8166652,2016,2018-09-27,5002,2016-12-29,0044,11226,M146,4,5,6,5002,0,0,0,,0,072,"COFFEE RD","EAST BRIGGSMORE AV",13.00,N,N,A,-,N,,,,,,,,,,Y,1,1,0,1,A,-,03,22350,,N,E,A,A,A,H,-,C,A,0,,,Y,,Y,,C,02,0,0,0,0,0,0,0,1,0,"- ","- ",,,STANISLAUS,MODESTO,-120.9757079,37.667185660000001
8166955,2016,2017-05-01,5006,2016-09-16,2256,S987,MODES,5,5,3,5006,0,0,0,,0,,"ROSELLE AV","GLOW RD",0.00,,Y,A,-,N,,,,,,,,,,Y,1,1,1,3,A,-,00,23153,E,N,D,C,A,A,H,-,D,A,0,,,Y,,Y,Y,C,02,0,0,1,0,0,0,0,1,0,"- ","- ",,,STANISLAUS,RIVERBANK,-120.94012993,37.714559909999998
8167256,2018,2018-08-15,5002,2018-02-20,1551,11023,M166,2,5,6,5002,0,0,0,,0,072,"EAST BRIGGSMORE AV","HELD DR",0.00,,Y,A,-,N,,,,,,,,,,Y,1,1,2,2,A,-,09,21802,A,N,D,C,A,A,H,-,A,A,0,,,,,Y,,A,01,0,1,1,0,0,0,0,0,0,"- ","- ",,,STANISLAUS,MODESTO,-120.91349792480469,37.667129516601562
81679001,2020,2022-01-17,5002,2020-03-04,1547,11267,,3,5,6,5002,0,0,0,,0,MP41,"6TH ST (SR-99)","H ST",0.00,,Y,A,-,Y,,,,,,,,,,Y,1,1,0,2,A,-,01,23152,F,N,D,C,A,A,H,-,A,A,0,,,Y,Y,Y,,G,27,0,0,0,0,0,0,0,1,0,"- ","- ",,,STANISLAUS,MODESTO,-121.00183868408203,37.635658264160156
8170572,2017,2018-06-13,5006,2017-10-01,0145,S987,MODES,7,5,3,5006,0,0,0,,0,,"RT 219","ROSELLE AV",0.00,E,N,A,-,N,,,,,,,,,,Y,2,0,1,1,A,-,01,23152,B,N,H,A,A,A,H,-,D,A,0,,,Y,,Y,Y,C,02,1,0,0,0,0,0,0,0,1,"- ","- ",,,STANISLAUS,RIVERBANK,,
81707391,2020,2022-02-24,5002,2020-02-15,2123,11267,,6,5,6,5002,0,0,0,,0,MP83,"COFFEE RD","ENSENADA DR",110.00,N,N,A,-,N,,,,,,,,,,Y,1,1,0,2,A,-,11,21954,A,N,G,B,E,A,H,-,C,D,0,Y,,,,Y,,N,60,0,0,0,1,0,0,0,0,0,"- ","- ",,,STANISLAUS,MODESTO,-120.97578430175781,37.676063537597656
81727524,2022,2022-03-21,5002,2022-03-07,0257,13402,M151,1,5,6,5002,0,0,0,,0,MP73,"SYLVAN AVE","MILLBROOK AVE",0.00,,Y,A,-,N,,,,,,,,,,Y,2,0,4,1,A,-,01,23152,A,N,E,I,A,A,H,-,C,A,0,,,,,Y,Y,A,01,3,0,1,0,0,0,0,0,0,"- ","- ",37.688579559326172,-120.9351806640625,STANISLAUS,MODESTO,-120.93533325195312,37.688911437988281
81738556,2022,2022-04-01,5002,2022-03-13,0022,13342,M024,7,5,6,5002,0,0,0,,0,MP62,"NANCY LN","PARK PL",189.00,W,N,A,-,N,,,,,,,,,,N,2,0,1,3,A,-,08,22107,,F,B,E,E,A,H,-,C,D,0,Y,,,,Y,,A,07,1,0,0,0,1,0,0,0,0,"- ","- ",37.678611755371094,-121.03813934326172,STANISLAUS,MODESTO,-121.03842926025391,37.678821563720703
81747627,2022,2022-04-14,5001,2022-04-08,1441,747,STANI,5,5,4,5001,0,0,0,,0,003,"MITCHELL RD","FOWLER RD",643.00,N,N,A,-,N,,,,,,,,,,Y,2,0,1,2,A,-,12,21453,A,N,D,D,A,A,H,-,A,A,0,,,Y,,Y,,C,02,1,0,0,0,0,0,0,0,1,"- ","- ",,,STANISLAUS,CERES,-120.93872833251953,37.603775024414062
81763872,2022,2022-05-04,5002,2022-04-17,2012,13180,M409,7,5,6,5002,0,0,0,,0,MP41,"B ST","BEARD ST",185.00,E,N,A,-,N,,,,,,,,,,N,2,0,2,2,A,-,03,22350,,N,F,A,A,A,G,-,C,D,0,,,Y,,Y,,C,02,1,1,0,0,0,0,0,0,2,"- ","- ",37.631198883056641,-120.99324798583984,STANISLAUS,MODESTO,-120.99276733398438,37.631565093994141
81770258,2022,2022-05-12,5002,2022-03-29,2500,11789,,2,5,6,5002,0,0,0,,0,MP32,"4TH ST","G ST (N)",0.00,,Y,A,-,N,,,,,,,,,,N,2,0,1,2,A,-,10,21950,A,F,G,B,B,A,H,-,A,D,0,Y,,,,Y,Y,-,99,1,0,0,0,1,0,0,0,0,"- ","- ",37.665508270263672,-121.03795623779297,STANISLAUS,MODESTO,-121.03792572021484,37.665485382080078
81776470,2022,2022-05-20,5002,2022-03-28,0243,13028,,1,5,6,5002,0,0,0,,0,MP41,"6TH ST","H ST",0.00,,Y,C,-,Y,STA,,99,,R,15.769,H,,R,Y,2,0,1,2,A,-,01,23152,A,N,D,C,A,B,H,-,C,A,0,,,,Y,Y,Y,A,01,1,0,0,0,0,0,0,0,0,"- ","- ",37.635631561279297,-121.00232696533203,STANISLAUS,MODESTO,-121.00235748291016,37.635608673095703
81776502,2022,2022-05-20,5002,2022-04-30,1807,11236,M151,6,5,6,5002,0,0,0,,0,MP73,"FINE AVE","LAUDING WAY",0.00,,Y,A,-,N,,,,,,,,,,N,2,0,1,1,C,-,18,,,N,H,A,A,A,H,-,A,D,0,,,,,Y,,-,"- ",1,0,0,0,0,0,0,0,0,"- ","- ",37.684051513671875,-120.92601013183594,STANISLAUS,MODESTO,-120.92607116699219,37.684070587158203
81793219,2021,2022-06-13,5002,2021-07-19,2114,11621,M455,1,5,6,5002,0,0,0,,0,MP42,"SR-132 (YOSEMITE BL)","LA LOMA AV",0.00,,Y,A,-,Y,,,,,,,,,,N,1,1,0,2,A,-,11,21456,C,F,G,B,B,A,H,-,C,A,0,Y,,,,Y,,N,60,0,0,0,1,0,0,0,0,0,"- ","- ",,,STANISLAUS,MODESTO,-120.97198486328125,37.638198852539062
81793231,2022,2022-06-13,5002,2022-05-15,1630,13017,RD03,7,5,6,5002,0,0,0,,0,MP73,"COFFEE RD","FLOYD AVE",496.00,N,N,A,-,N,,,,,,,,,,Y,2,0,2,2,A,-,03,22350,,N,C,C,A,A,H,-,A,D,0,,,,,Y,,A,01,1,1,0,0,0,0,0,0,0,"- ","- ",37.678009033203125,-120.95762634277344,STANISLAUS,MODESTO,-120.97589874267578,37.679370880126953
81803207,2022,2022-06-27,5002,2022-05-07,1647,11267,,6,5,6,5002,0,0,0,,0,MP31,"WHITMORE AVE","MORGAN RD",1450.00,W,N,A,-,N,,,,,,,,,,Y,2,0,1,2,A,-,01,23152,A,N,D,C,A,A,H,-,A,D,0,,,,Y,Y,Y,A,01,1,0,0,0,0,0,0,0,0,"- ","- ",37.594741821289062,-120.97548675537109,STANISLAUS,MODESTO,-120.98026275634766,37.594898223876953
81805494,2021,2022-06-29,5002,2021-09-20,1834,11740,M166,1,5,6,5002,0,0,0,,0,MP72,"MERLE AVE","MAID MARIANE LN",270.00,E,N,A,-,N,,,,,,,,,,N,1,1,0,2,A,-,11,21954,A,N,G,B,D,A,H,-,B,D,0,Y,,,,Y,,N,60,0,0,0,1,0,0,0,0,0,"- ","- ",37.670860290527344,-120.93031311035156,STANISLAUS,MODESTO,-120.92935943603516,37.670852661132812
81806528,2022,2022-06-30,5006,2022-04-16,2104,S03494,,6,5,3,5006,0,0,0,,0,,"TERMINAL AVE","VAN DUSEN AVE",0.00,,Y,A,-,N,,,,,,,,,,Y,2,0,3,2,A,-,09,21802,A,N,D,D,A,A,H,-,A,A,0,,,,,Y,,A,01,1,0,2,0,0,0,0,0,0,"- ","- ",37.719200134277344,-120.9310302734375,STANISLAUS,RIVERBANK,-120.93109130859375,37.719081878662109
81809642,2022,2022-07-04,5002,2022-05-29,2214,S03831,RIVER,7,5,3,5006,0,0,0,,0,,"OAKDALE RD","HEARTLAND DR",150.00,S,N,A,-,N,,,,,,,,,,Y,2,0,1,1,A,-,03,22350,,N,E,I,A,A,H,-,C,D,0,,,,,Y,,A,01,1,0,0,0,0,0,0,0,0,"- ","- ",37.714828491210938,-120.95838928222656,STANISLAUS,RIVERBANK,-120.95834350585938,37.714218139648438
81815744,2022,2022-07-13,5002,2022-05-29,1318,13403,RD01,7,5,6,5002,0,0,0,,0,MP41,"6TH ST","G ST",0.00,,Y,A,-,N,,,,,,,,,,Y,2,0,7,2,A,-,12,21453,A,N,D,C,A,A,H,-,A,A,0,,,,,Y,,D,22,1,1,5,0,0,0,0,0,0,"- ","- ",37.634750366210938,-121.00064849853516,STANISLAUS,MODESTO,-121.00069427490234,37.634723663330078
81820948,2022,2022-07-20,5002,2022-06-24,0634,13342,M420,5,5,6,5002,0,0,0,,0,MP33,"5TH ST","I ST",12.00,S,N,A,-,N,,,,,,,,,,Y,2,0,2,2,A,-,12,21453,A,N,D,C,A,A,H,-,A,A,0,,,,,Y,,A,07,1,0,1,0,0,0,0,0,0,"- ","- ",37.635890960693359,-121.00444793701172,STANISLAUS,MODESTO,-121.00385284423828,37.635944366455078
8183304,2016,2016-12-12,5002,2016-12-05,1501,13085,M415,1,5,6,5002,0,0,0,,0,041,"I ST","9TH ST",75.00,E,N,A,-,N,,,,,,,,,,Y,2,0,1,2,A,-,09,21804,A,N,D,C,A,A,H,-,A,D,0,,,,,Y,,A,,1,0,0,0,0,0,0,0,0,"- ","- ",,,STANISLAUS,MODESTO,-120.99998669,37.638917079999999
81867452,2022,2022-09-19,5002,2022-08-29,0721,13403,,1,5,6,5002,0,0,0,,0,071,"COFFEE RD","LUCERN AVE",7.00,N,N,A,-,N,,,,,,,,,,N,2,0,1,2,A,-,10,21950,A,N,G,B,B,A,H,-,A,A,0,Y,,,,Y,,A,01,1,0,0,0,1,0,0,0,0,"- ","- ",37.652500152587891,-120.97601318359375,STANISLAUS,MODESTO,-120.97557067871094,37.652717590332031
81878375,2022,2022-09-30,5005,2022-09-14,1644,S02449,PATTE,3,5,3,5005,0,0,0,,0,PPD,"CHASE ST","MAYETTE ST",57.00,S,N,A,-,N,,,,,,,,,,Y,2,0,1,4,A,-,01,23152,A,F,B,E,F,A,H,-,A,D,0,Y,,,Y,Y,Y,A,01,1,0,0,0,1,0,0,0,0,"- ","- ",37.479461669921875,-121.12859344482422,STANISLAUS,PATTERSON,-121.12731170654297,37.480175018310547
81883616,2022,2022-10-06,5002,2022-09-14,1619,13343,,3,5,6,5002,0,0,0,,0,072,"BRIGGSMORE AVE","CLAUS RD",486.00,E,N,A,-,N,,,,,,,,,,Y,2,0,1,1,A,-,01,23152,A,N,E,I,A,A,H,-,A,D,0,,,,,Y,Y,A,01,1,0,0,0,0,0,0,0,0,"- ","- ",37.666881561279297,-120.92128753662109,STANISLAUS,MODESTO,-120.91960906982422,37.666938781738281
81884683,2022,2022-10-07,5002,2022-09-02,2143,13402,M704,5,5,6,5002,0,0,0,,0,042,"YOSEMITE BLVD","PHOENIX AVE",236.00,E,N,A,-,Y,STA,,132,,,16.855,H,,L,Y,2,0,2,2,A,-,05,21650,1,F,F,A,A,A,H,-,B,D,0,,Y,Y,,Y,,L,04,1,0,1,0,0,0,0,0,2,"- ","- ",37.638191223144531,-120.96243286132812,STANISLAUS,MODESTO,-120.96243286132812,37.638229370117188
81895841,2022,2022-10-21,5002,2022-09-29,2210,13401,,4,5,6,5002,0,0,0,,0,073,"ROSELLE AVE","SYLVAN AVE",0.00,,Y,A,-,N,,,,,,,,,,Y,2,0,1,1,A,-,08,22107,,N,E,I,A,A,H,-,C,D,0,,,Y,,Y,,C,02,1,0,0,0,0,0,0,0,1,"- ","- ",37.6885986328125,-120.93997955322266,STANISLAUS,MODESTO,-120.93968963623047,37.689132690429688
8190602,2016,2017-01-12,5002,2016-10-28,1835,11252,M156,5,5,6,5002,0,0,0,,0,073,"SYLVAN AV","ELSAKR WY",100.00,E,N,A,-,N,,,,,,,,,,Y,2,0,4,2,A,-,01,23152,A,N,A,C,A,A,H,-,C,D,0,,,,,Y,Y,A,07,4,0,0,0,0,0,0,0,0,"- ","- ",,,STANISLAUS,MODESTO,,
8190606,2016,2017-01-25,5002,2016-10-22,1713,11797,419,6,5,6,5002,0,0,0,,0,041,"5TH ST","K ST",0.00,,Y,A,-,N,,,,,,,,,,Y,2,0,2,2,A,-,12,22450,,N,D,C,A,A,H,-,A,D,0,,,,,Y,,A,,1,1,0,0,0,0,0,0,0,"- ","- ",,,STANISLAUS,MODESTO,-121.00616995999999,37.637879900000001
81931056,2022,2022-12-01,5002,2022-11-01,1647,13343,RD01,2,5,6,5002,0,0,0,,0,073,"FLOYD AVE","LINCOLN OAK DR",0.00,,Y,A,-,N,,,,,,,,,,Y,2,0,5,2,A,-,12,21453,A,N,D,C,A,A,H,-,A,A,0,,,,,Y,,A,01,1,1,3,0,0,0,0,0,0,"- ","- ",37.678131103515625,-120.94799041748047,STANISLAUS,MODESTO,-120.94797515869141,37.678085327148438
8193134,2016,2016-12-27,5002,2016-12-01,1422,11566,,4,5,6,5002,0,0,0,,0,081,"EAST MORRIS AV","AUBURN ST",5.00,E,N,A,-,N,,,,,,,,,,N,2,0,1,2,A,-,12,22450,,N,D,G,A,A,H,-,A,A,0,,Y,,,Y,,L,,1,0,0,0,0,0,1,0,0,"- ","- ",,,STANISLAUS,MODESTO,-120.98407272999999,37.650919999999999
8193183,2016,2016-12-23,5002,2016-12-11,2259,11857,M309,7,5,6,5002,0,0,0,,0,071,"OAKDALE RD","SCENIC DR",0.00,,Y,A,-,N,,,,,,,,,,Y,2,0,2,3,A,-,12,21453,A,N,D,C,A,A,H,-,C,A,0,,,Y,,Y,,C,,1,0,1,0,0,0,0,0,1,"- ","- ",,,STANISLAUS,MODESTO,-120.95738996999999,37.653069909999999
8193976,2016,2017-01-03,5002,2016-11-25,0725,11317,,5,5,6,5002,0,0,0,,0,073,"CLAUS RD","FLOYD AV",0.00,,Y,A,-,N,,,,,,,,,,Y,2,0,1,2,A,-,09,21801,A,N,D,C,A,A,H,-,A,D,0,,,,,Y,,A,01,1,0,0,0,0,0,0,0,0,"- ","- ",,,STANISLAUS,MODESTO,-120.92143993000001,37.678249970000003
81941555,2022,2022-12-14,5001,2022-11-29,1230,811,,2,5,4,5001,0,0,0,,0,005,"WHITMORE AVE","MITCHELL RD",0.00,,Y,A,-,N,,,,,,,,,,N,2,0,1,2,A,-,10,21950,A,N,G,B,B,A,H,-,A,A,0,Y,,,,Y,,D,22,1,0,0,0,1,0,0,0,0,"- ","- ",,,STANISLAUS,CERES,-120.93869781494141,37.594745635986328
81941561,2022,2022-12-14,5001,2022-12-05,2206,900,,1,5,4,5001,0,0,0,,0,001,"HERNDON AVE","HATCH RD",0.00,,Y,A,-,N,,,,,,,,,,Y,2,0,1,2,A,-,17,21461,A,N,D,C,A,A,H,-,C,A,0,,,,,Y,,A,01,1,0,0,0,0,0,0,0,0,"- ","- ",,,STANISLAUS,CERES,-120.97422027587891,37.609298706054688
81953799,2021,2022-12-28,5002,2021-08-08,2108,11621,M099,7,5,6,5002,0,0,0,,0,MP83,"MCHENRY AV (SR-108)","ROBIN HOOD DR",395.00,N,N,A,-,Y,,,108,,,,,,,N,1,1,0,2,A,-,04,21703,,F,H,G,A,A,H,-,C,D,0,,Y,,,Y,Y,D,22,0,0,0,0,0,1,0,0,0,"- ","- ",37.685329437255859,-120.99443817138672,STANISLAUS,MODESTO,-120.99434661865234,37.685333251953125
81956102,2022,2022-12-30,5002,2022-12-11,1200,10899,M455,7,5,6,5002,0,0,0,,0,042,"YOSEMITE BLVD","N. SANTA CRUZ AVE.",30.00,E,N,B,-,Y,,,,,,,,,,N,2,0,1,2,A,-,05,21650,1,F,D,G,A,B,H,-,A,D,0,,Y,,,Y,,L,04,1,0,0,0,0,0,1,0,0,"- ","- ",,,STANISLAUS,MODESTO,-120.97409820556641,37.638198852539062
8197111,2016,2017-01-06,5002,2016-12-21,1802,11804,135,3,5,6,5002,0,0,0,,0,073,"COFFEE RD","RUMBLE RD",75.00,S,N,A,-,N,,,,,,,,,,Y,2,0,2,2,A,-,04,21703,,N,C,C,A,A,H,-,C,A,0,,,Y,,Y,,C,,1,0,1,0,0,0,0,0,1,"- ","- ",,,STANISLAUS,MODESTO,-120.97598237,37.681474119999997
81973769,2022,2023-01-23,5002,2022-05-22,0117,13053,,7,5,6,5002,0,0,0,,0,MP71,"E BRIGGSMORE AVE","OAKDALE RD",1520.00,E,N,A,-,N,,,,,,,,,,Y,1,2,0,1,A,-,01,23152,A,N,F,A,A,A,H,-,C,D,0,,,,,Y,Y,A,07,0,0,0,0,0,0,0,0,0,"- ","- ",37.666778564453125,-120.95790863037109,STANISLAUS,MODESTO,-120.95238494873047,37.667491912841797
82004624,2023,2023-02-28,5001,2023-02-23,"13  ",917,,4,5,4,5001,0,0,0,,0,005,"MITCHELL RD","WHITMORE AVE",688.00,S,N,A,-,N,,,,,,,,,,N,2,0,1,2,A,-,03,22350,,F,G,B,D,A,H,-,C,D,0,Y,,,,Y,Y,A,01,1,0,0,0,1,0,0,0,0,"- ","- ",,,STANISLAUS,CERES,-120.93874359130859,37.592861175537109
82015377,2022,2024-02-15,5002,2022-03-13,1753,13053,M169,7,5,6,5002,0,0,0,,0,MP61,"WOODLAND AVE","YELLOWSTONE AVE",35.00,E,N,A,-,N,,,,,,,,,,Y,1,1,0,2,A,-,01,23152,A,N,H,G,A,A,H,-,A,A,0,,Y,,,Y,Y,A,01,0,0,0,0,0,1,0,0,0,"- ","- ",37.653129577636719,-121.03787231445312,STANISLAUS,MODESTO,-121.0377197265625,37.653133392333984
82040225,2023,2023-04-10,5009,2023-03-18,1342,S03768,HUGHS,6,5,2,5009,0,0,0,,0,HUGHSO,"CHARLES ST","FOX RD",423.00,S,N,A,-,N,,,,,,,,,,N,2,0,1,2,A,-,11,21950,B,N,G,B,E,A,H,-,A,D,0,Y,,,,Y,,N,60,1,0,0,0,1,0,0,0,0,"- ","- ",,,STANISLAUS,HUGHSON,-120.86543273925781,37.600868225097656
82062025,2023,2023-05-05,5002,2023-04-05,"730 ",13439,M878,3,5,6,5002,0,0,0,,0,033,"H ST","1ST ST (E)",140.00,W,N,A,-,N,,,,,,,,,,N,2,0,1,2,A,-,08,22100,B,N,D,C,A,A,H,-,A,D,0,,,Y,,Y,,A,07,1,0,0,0,0,0,0,0,0,"- ","- ",37.63916015625,-120.90042877197266,STANISLAUS,MODESTO,-120.90042114257812,37.638290405273438
82073381,2023,2023-05-22,5009,2023-05-02,1525,S04093,HUGHS,2,5,2,5009,0,0,0,,0,HPD,"HATCH RD","7TH ST (HUGHSON)",0.00,,Y,B,-,N,,,,,,,,,,Y,2,0,3,2,A,-,09,21801,A,N,A,C,A,B,H,-,A,D,0,,,,,Y,,D,22,1,1,1,0,0,0,0,0,0,"- ","- ",37.609298706054688,-120.86090850830078,STANISLAUS,HUGHSON,-120.86077117919922,37.609272003173828
82100556,2023,2023-07-10,5002,2023-05-12,1041,13053,,5,5,6,5002,0,0,0,,0,083,"MCHENRY AV (SR-108)","CLARATINA AV",0.00,,Y,A,-,Y,,,,,,,,,,Y,2,0,2,3,A,-,12,21453,A,N,A,C,A,A,H,-,A,A,0,,,,,Y,,A,01,1,1,0,0,0,0,0,0,0,"- ","- ",,,STANISLAUS,MODESTO,-120.99452972412109,37.699947357177734
82104883,2023,2023-08-18,5002,2023-06-08,1951,13262,M609,4,5,6,5002,0,0,0,,0,043,"HIGHMORE LN","REDFIELD AVE",200.00,E,N,A,-,N,,,,,,,,,,N,2,0,1,1,A,-,08,22107,,N,E,I,A,A,H,-,A,D,0,,,,,Y,,M,96,1,0,0,0,0,0,0,0,0,"- ","- ",37.648330688476562,-120.92932891845703,STANISLAUS,MODESTO,-120.92852783203125,37.648288726806641
82116711,2023,2023-07-14,5002,2023-07-01,1430,13364,M051,6,5,6,5002,0,0,0,,0,061,"STINSON CT","TEMPERATE AVE",190.00,S,N,A,-,N,,,,,,,,,,Y,2,0,1,2,C,-,18,,,N,A,E,A,A,H,-,A,D,0,,,,,Y,,-,"- ",1,0,0,0,0,0,0,0,0,"- ","- ",37.651348114013672,-121.03904724121094,STANISLAUS,MODESTO,-121.03860473632812,37.650737762451172
82123566,2023,2023-07-24,5002,2023-07-02,1822,13426,,7,5,6,5002,0,0,0,,0,062,"BRIGGSMORE AVE","PRESCOTT RD",0.00,,Y,A,-,N,,,,,,,,,,Y,2,0,1,2,A,-,05,21650,1,N,D,G,A,A,H,-,A,A,0,,Y,,,Y,,L,04,1,0,0,0,0,0,1,0,0,"- ","- ",37.669929504394531,-121.03086853027344,STANISLAUS,MODESTO,-121.03063201904297,37.669960021972656