CASE_ID,ACCIDENT_YEAR,PROC_DATE,JURIS,COLLISION_DATE,COLLISION_TIME,OFFICER_ID,REPORTING_DISTRICT,DAY_OF_WEEK,CHP_SHIFT,POPULATION,CNTY_CITY_LOC,SPECIAL_COND,BEAT_TYPE,CHP_BEAT_TYPE,CITY_DIVISION_LAPD,CHP_BEAT_CLASS,BEAT_NUMBER,PRIMARY_RD,SECONDARY_RD,DISTANCE,DIRECTION,INTERSECTION,WEATHER_1,WEATHER_2,STATE_HWY_IND,CALTRANS_COUNTY,CALTRANS_DISTRICT,STATE_ROUTE,ROUTE_SUFFIX,POSTMILE_PREFIX,POSTMILE,LOCATION_TYPE,RAMP_INTERSECTION,SIDE_OF_HWY,TOW_AWAY,COLLISION_SEVERITY,NUMBER_KILLED,NUMBER_INJURED,PARTY_COUNT,PRIMARY_COLL_FACTOR,PCF_CODE_OF_VIOL,PCF_VIOL_CATEGORY,PCF_VIOLATION,PCF_VIOL_SUBSECTION,HIT_AND_RUN,TYPE_OF_COLLISION,MVIW,PED_ACTION,ROAD_SURFACE,ROAD_COND_1,ROAD_COND_2,LIGHTING,CONTROL_DEVICE,CHP_ROAD_TYPE,PEDESTRIAN_ACCIDENT,BICYCLE_ACCIDENT,MOTORCYCLE_ACCIDENT,TRUCK_ACCIDENT,NOT_PRIVATE_PROPERTY,ALCOHOL_INVOLVED,STWD_VEHTYPE_AT_FAULT,CHP_VEHTYPE_AT_FAULT,COUNT_SEVERE_INJ,COUNT_VISIBLE_INJ,COUNT_COMPLAINT_PAIN,COUNT_PED_KILLED,COUNT_PED_INJURED,COUNT_BICYCLIST_KILLED,COUNT_BICYCLIST_INJURED,COUNT_MC_KILLED,COUNT_MC_INJURED,PRIMARY_RAMP,SECONDARY_RAMP,LATITUDE,LONGITUDE,COUNTY,CITY,POINT_X,POINT_Y
82134947,2023,2023-08-03,5002,2023-07-18,2106,13342,M194,2,5,6,5002,0,0,0,,0,061,"TULLY RD","ROSEBURG AVE",0.00,,Y,A,-,N,,,,,,,,,,Y,2,0,2,3,A,-,17,21451,A,N,D,C,A,A,H,-,C,A,0,,,,,Y,,A,07,1,1,0,0,0,0,0,0,0,"- ","- ",37.660411834716797,-121.01206970214844,STANISLAUS,MODESTO,-121.01213836669922,37.660419464111328
82159310,2023,2023-08-31,5002,2023-07-30,1836,13391,M151,7,5,6,5002,0,0,0,,0,073,"YERINGTON CT","SOQUEL DR",25.00,E,N,A,-,N,,,,,,,,,,N,2,0,1,2,A,-,08,22107,,N,B,E,A,A,H,-,A,D,0,,,Y,,Y,,C,03,1,0,0,0,0,0,0,0,1,"- ","- ",37.688438415527344,-120.93280792236328,STANISLAUS,MODESTO,-120.93283081054688,37.688461303710938
82165394,2023,2023-09-08,5002,2023-08-23,1948,11812,RD03,3,5,6,5002,0,0,0,,0,073,"CADEN DR","BEAUFORT DR",78.00,S,N,A,-,N,,,,,,,,,,Y,2,0,3,3,A,-,08,22107,,N,D,C,A,A,H,-,B,D,0,,,,,Y,,A,01,1,0,2,0,0,0,0,0,0,"- ","- ",37.683040618896484,-120.95099639892578,STANISLAUS,MODESTO,-120.95103454589844,37.682754516601562
82171746,2023,2023-09-18,5002,2023-09-11,1958,13300,RD01,1,5,6,5002,0,0,0,,0,083,"STANDIFORD AVE","WESTPOINT DR",128.00,E,N,A,-,N,,,,,,,,,,N,2,0,1,2,A,-,11,21954,A,N,G,B,D,A,H,-,D,D,0,Y,,,,Y,,N,60,1,0,0,0,1,0,0,0,0,"- ","- ",37.689189910888672,-121.00083160400391,STANISLAUS,MODESTO,-121.00025939941406,37.689193725585938
82185345,2022,2023-10-06,5002,2022-03-24,0558,13401,M065,4,5,6,5002,0,0,0,,0,MP82,"BRIGGSMORE AVE","(SR 108) MCHENRY AVE",11.00,W,N,A,-,Y,STA,,108,,,24.804,H,,L,N,2,0,1,2,A,-,11,21950,B,F,G,B,B,A,H,-,C,A,0,Y,,,,Y,,N,60,1,0,0,0,1,0,0,0,0,"- ","- ",37.670448303222656,-120.99411010742188,STANISLAUS,MODESTO,-120.99411010742188,37.670448303222656
82198267,2023,2023-10-13,5002,2023-10-09,1504,13136,M134,1,5,6,5002,0,0,0,,0,073,"OAKDALE RD","CLARATINA AVE",0.00,,Y,A,-,N,,,,,,,,,,Y,2,0,4,2,A,-,12,21453,A,N,D,C,A,A,H,-,A,A,0,,,,,Y,,D,22,3,1,0,0,0,0,0,0,0,"- ","- ",37.699848175048828,-120.95810699462891,STANISLAUS,MODESTO,-120.95816802978516,37.699821472167969
82204514,2023,2023-10-20,5002,2023-10-14,1844,13287,RD03,6,5,6,5002,0,0,0,,0,041,"K ST","15TH ST",0.00,,Y,A,-,N,,,,,,,,,,N,2,0,1,2,A,-,09,21800,A,N,B,G,A,A,H,-,C,A,0,,Y,,,Y,Y,L,04,1,0,0,0,0,0,1,0,0,"- ","- ",37.64508056640625,-120.99667358398438,STANISLAUS,MODESTO,-120.99671173095703,37.645057678222656
82207911,2022,2023-10-27,5002,2022-01-26,1535,11144,M123,3,5,6,5002,0,0,0,,0,MP72,"BRIGGSMORE AVE","COFFEE RD",0.00,,Y,A,-,N,,,,,,,,,,N,1,1,0,2,A,-,08,22107,,N,F,A,A,A,H,-,A,A,0,,,Y,,Y,,-,"- ",0,0,0,0,0,0,0,1,0,"- ","- ",37.667110443115234,-120.95755767822266,STANISLAUS,MODESTO,-120.9757080078125,37.667152404785156
82207917,2022,2023-10-30,5002,2022-12-22,2157,11531,M088,4,5,6,5002,0,0,0,,0,062,"TULLY RD","MOUNT VERNON DR",600.00,N,N,A,-,N,,,,,,,,,,N,1,1,0,2,A,-,11,21954,A,N,G,B,D,A,H,-,C,D,0,Y,,,,Y,Y,N,60,0,0,0,1,0,0,0,0,0,"- ","- ",37.677158355712891,-121.01235961914062,STANISLAUS,MODESTO,-121.01234436035156,37.678829193115234
82207940,2023,2023-10-25,5002,2023-10-16,"752 ",13451,,1,5,6,5002,0,0,0,,0,062,"SISK RD","BRIGGSMORE AVE",429.00,W,N,A,-,N,,,,,,,,,,N,2,0,1,2,A,-,11,21954,A,N,G,B,D,A,H,-,A,D,0,Y,,,,Y,,N,60,1,0,0,0,1,0,0,0,0,"- ","- ",37.667831420898438,-121.03170013427734,STANISLAUS,MODESTO,-121.03285217285156,37.667675018310547
82221182,2023,2023-10-30,5002,2023-10-18,1548,13482,,3,5,6,5002,0,0,0,,0,063,"PRESCOTT RD","STANDIFORD AVE",591.00,S,N,A,-,N,,,,,,,,,,N,2,0,1,2,A,-,10,21950,A,N,G,B,C,A,H,-,A,A,0,Y,,,,Y,,A,01,1,0,0,0,1,0,0,0,0,"- ","- ",37.689689636230469,-121.03156280517578,STANISLAUS,MODESTO,-121.03153228759766,37.688068389892578
82226211,2023,2023-11-03,5002,2023-10-30,1815,13000,516,1,5,6,5002,0,0,0,,0,031,"RIO GRANDE AVE","BOULDER AVE",156.00,W,N,A,-,N,,,,,,,,,,N,2,0,1,2,A,-,08,22107,,F,G,B,F,A,H,-,A,D,0,Y,,,,Y,,A,01,1,0,0,0,1,0,0,0,0,"- ","- ",37.609649658203125,-120.98636627197266,STANISLAUS,MODESTO,-120.98677825927734,37.609695434570312
82229599,2023,2023-11-07,5001,2023-11-05,1700,915,,7,5,4,5001,0,0,0,,0,003,"MITCHELL RD","HATCH RD",32.00,S,N,A,-,N,,,,,,,,,,N,2,0,1,2,A,-,12,21453,A,N,D,G,A,A,H,-,B,A,0,,Y,,,Y,,L,04,1,0,0,0,0,0,1,0,0,"- ","- ",,,STANISLAUS,CERES,-120.93875122070312,37.609233856201172
82243518,2023,2023-11-23,5002,2023-11-09,2137,13028,,4,5,6,5002,0,0,0,,0,042,"OREGON DR","KERR AVE",0.00,,Y,A,-,N,,,,,,,,,,N,2,0,1,2,A,-,12,22450,A,F,D,G,A,A,H,-,C,A,0,,Y,,,Y,,L,04,1,0,0,0,0,0,1,0,0,"- ","- ",37.63092041015625,-120.97171020507812,STANISLAUS,MODESTO,-120.97171020507812,37.63104248046875
82248747,2023,2023-11-30,5002,2023-08-01,1223,13067,,2,5,6,5002,0,0,0,,0,063,"SISK RD","VINTAGE DR",2000.00,N,N,A,-,N,,,,,,,,,,Y,2,0,2,2,A,-,09,21804,A,N,D,C,A,A,H,-,A,B,0,,,,,Y,,A,01,1,1,0,0,0,0,0,0,0,"- ","- ",37.691299438476562,-121.06230163574219,STANISLAUS,MODESTO,-121.06687927246094,37.69525146484375
82262893,2023,2023-12-25,5002,2023-03-18,1111,11531,M275,6,5,6,5002,0,0,0,,0,081,"COFFEE RD","SCENIC DR",119.00,S,N,A,-,N,,,,,,,,,,Y,1,1,1,1,A,-,03,22350,,N,E,I,A,A,H,-,A,A,0,,,,,Y,,D,22,1,0,0,0,0,0,0,0,0,"- ","- ",37.648998260498047,-120.97554779052734,STANISLAUS,MODESTO,-120.97550964355469,37.649021148681641
82262920,2023,2023-12-18,5002,2023-12-05,2250,13396,M567,2,5,6,5002,0,0,0,,0,031,"WHITMORE AVE","GUTHERIE ST",22.00,E,N,A,-,N,,,,,,,,,,Y,2,0,2,2,A,-,06,21751,,N,A,C,A,A,H,-,C,D,0,,,,,Y,,A,01,1,1,0,0,0,0,0,0,0,"- ","- ",37.594951629638672,-121.00531768798828,STANISLAUS,MODESTO,-121.00505065917969,37.594970703125
82263909,2023,2023-12-19,5002,2023-12-01,"815 ",13425,,5,5,6,5002,0,0,0,,0,042,"THRASHER AVE","OREGON DR",30.00,S,N,A,-,N,,,,,,,,,,Y,2,0,1,2,A,-,10,21954,B,F,G,B,D,A,H,-,A,D,0,Y,,,,Y,,A,01,1,0,0,0,1,0,0,0,0,"- ","- ",37.630908966064453,-120.97032928466797,STANISLAUS,MODESTO,-120.9703369140625,37.630947113037109
82266945,2023,2023-12-21,5002,2023-12-13,"856 ",13470,,3,5,6,5002,0,0,0,,0,033,"SR-132 (MAZE BLVD)","MARTIN LUTHER KING DR",0.00,,N,A,-,Y,STA,,132," "," ",14.440,H,,R,N,2,0,1,2,A,-,10,21950,A,N,G,B,B,A,H,-,A,A,0,Y,,,,Y,,A,01,1,0,0,0,1,0,0,0,0,"- ","- ",37.638580322265625,-121.01181793212891,STANISLAUS,MODESTO,-121.01181793212891,37.638641357421875
82280928,2023,2024-01-16,5002,2023-06-16,1217,11789,,5,5,6,5002,0,0,0,,0,062,"SISK RD","CONANT AVE",0.00,,Y,A,-,N,,,,,,,,,,Y,1,1,0,2,A,-,03,22350,,N,F,A,A,A,H,-,A,A,0,,,Y,,Y,,C,02,0,0,0,0,0,0,0,1,0,"- ","- ",37.67279052734375,-121.04036712646484,STANISLAUS,MODESTO,-121.04055023193359,37.672954559326172
82280930,2023,2024-01-08,5002,2023-11-04,"902 ",13522,M146,6,5,6,5002,0,0,0,,0,072,"BRIGGSMORE AVE","ROSE AVE",100.00,E,N,A,-,N,,,,,,,,,,Y,2,0,2,3,A,-,08,22107,,N,E,I,A,A,H,-,A,A,0,,,,,Y,,D,22,1,1,0,0,0,0,0,0,0,"- ","- ",37.667030334472656,-120.96662139892578,STANISLAUS,MODESTO,-120.96631622314453,37.666919708251953
82280931,2023,2024-01-18,5002,2023-11-18,1920,13132,,6,5,6,5002,0,0,0,,0,083,"MCHENRY AVE (SR-108)","WOODROW AVE",311.00,N,N,B,-,Y,,,,,,,,,,Y,1,1,0,2,A,-,11,21954,A,N,G,B,E,B,H,-,C,D,0,Y,,,,Y,,N,60,0,0,0,1,0,0,0,0,0,"- ","- ",,,STANISLAUS,MODESTO,-120.99424743652344,37.686294555664062
82308515,2023,2024-02-15,5001,2023-10-19,"310 ",895,,4,5,4,5001,0,0,0,,0,001,"HATCH RD","HERNDON RD",1466.00,E,N,A,-,N,,,,,,,,,,N,1,1,0,2,A,-,11,21954,A,F,G,B,D,A,H,-,C,D,0,Y,,,Y,Y,,N,60,0,0,0,1,0,0,0,0,0,"- ","- ",,,STANISLAUS,CERES,-120.96916961669922,37.609348297119141
82313505,2024,2024-02-14,5002,2024-01-21,2107,13464,,7,5,6,5002,0,0,0,,0,062,"SISK RD","RUMBLE RD",564.00,N,N,C,-,N,,,,,,,,,,Y,2,0,1,2,A,-,11,21950,B,N,G,B,D,B,H,-,C,D,0,Y,,,,Y,,N,60,1,0,0,0,1,0,0,0,0,"- ","- ",37.682281494140625,-121.04998016357422,STANISLAUS,MODESTO,-121.04994201660156,37.683696746826172
82322208,2023,2024-03-11,5002,2023-09-30,"16  ",13132,,6,5,6,5002,0,0,0,,0,063,"PELANDALE AVE","CARVER RD",24.00,W,N,B,-,N,,,,,,,,,,Y,1,1,1,1,A,-,01,23152,A,N,E,I,A,A,H,-,C,A,0,,,,,Y,Y,A,07,0,1,0,0,0,0,0,0,0,"- ","- ",37.700458526611328,-121.02268981933594,STANISLAUS,MODESTO,-121.022705078125,37.700332641601562
82353514,2024,2024-07-09,5002,2024-03-11,1545,13482,,1,5,6,5002,0,0,0,,0,062,"STANDIFORD AVE","N/B 99 OFF RAMP",0.00,,Y,A,-,N,,,,,,,,,,Y,2,0,3,3,A,-,09,21453,C,N,D,C,A,A,H,-,A,A,0,,,,Y,Y,,F,77,1,0,2,0,0,0,0,0,0,"- ","- ",37.684970855712891,-121.05081939697266,STANISLAUS,MODESTO,,
82357849,2024,2024-04-08,5002,2024-03-16,"222 ",13055,,6,5,6,5002,0,0,0,,0,082,"BRIGGSMORE AVE","SUNRISE AVE",30.00,E,N,A,-,N,,,,,,,,,,N,2,0,1,2,A,-,11,21954,A,N,G,B,D,A,H,-,C,A,0,Y,,,,Y,,N,60,1,0,0,0,1,0,0,0,0,"- ","- ",37.668190002441406,-120.96672821044922,STANISLAUS,MODESTO,-120.98477935791016,37.668590545654297
82357852,2024,2024-04-08,5002,2024-03-18,1806,11331,,1,5,6,5002,0,0,0,,0,072,"OAKDALE RD","LANCEY DR",56.00,N,N,A,-,N,,,,,,,,,,Y,2,0,1,3,A,-,03,22350,,N,C,C,A,A,H,-,A,A,0,,,,,Y,,A,07,1,0,0,0,0,0,0,0,0,"- ","- ",37.669479370117188,-120.95758056640625,STANISLAUS,MODESTO,-120.95764923095703,37.669582366943359
82363652,2024,2024-04-15,5002,2024-02-06,2123,13132,,2,5,6,5002,0,0,0,,0,072,"E BRIGGSMORE AVE","ROSE AVE",0.00,,Y,B,-,N,,,,,,,,,,Y,2,0,2,2,A,-,12,21453,A,N,D,C,A,A,H,-,C,A,0,,,,,Y,Y,-,"- ",1,0,1,0,0,0,0,0,0,"- ","- ",,,STANISLAUS,MODESTO,-120.96665954589844,37.666915893554688
82366188,2024,2024-04-29,5002,2024-01-03,1248,11196,039,3,5,6,5002,0,0,0,,0,062,"TULLY RD","BOWEN AVE",12.00,S,N,B,-,N,,,,,,,,,,N,1,1,0,2,A,-,10,21954,B,N,G,B,D,B,H,-,A,A,0,Y,,,,Y,,A,07,0,0,0,1,0,0,0,0,0,"- ","- ",37.674850463867188,-121.01235198974609,STANISLAUS,MODESTO,-121.01230621337891,37.674827575683594
82366202,2024,2024-04-18,5002,2024-02-25,2500,13464,M269,7,5,6,5002,0,0,0,,0,071,"COFFEE RD","ORANGEBURG AVE",221.00,N,N,A,-,N,,,,,,,,,,N,2,0,1,2,A,-,03,22350,,N,H,A,A,A,H,-,A,D,0,,,Y,,Y,,M,94,1,0,0,0,0,0,0,0,1,"- ","- ",37.663520812988281,-120.95757293701172,STANISLAUS,MODESTO,-120.97569274902344,37.664157867431641
82381970,2024,2024-05-09,5006,2024-01-17,"720 ",S02582,,3,5,3,5006,0,0,0,,0,RPD,"CALLANDER AVE","TOPEKA ST",4.00,S,N,A,-,Y,,,,,,,,,,Y,1,1,0,2,A,-,10,21950,A,N,G,B,B,A,H,-,A,A,0,Y,,,,Y,,D,22,0,0,0,1,0,0,0,0,0,"- ","- ",37.735309600830078,-120.94351959228516,STANISLAUS,RIVERBANK,-120.94497680664062,37.736988067626953
82382104,2024,2024-05-06,5009,2024-04-10,2225,S03775,,3,5,2,5009,0,0,0,,0,HPD,"HATCH RD","MOUNTAIN VIEW RD",1223.00,E,N,A,-,Y,,,,,,,,,,Y,2,0,2,2,A,-,01,23152,A,N,D,C,A,A,H,-,C,A,0,,,,,Y,Y,A,01,1,1,0,0,0,0,0,0,0,"- ","- ",,,STANISLAUS,HUGHSON,-120.87500762939453,37.609260559082031
82393227,2024,2024-05-27,5002,2024-03-27,2233,13132,,3,5,6,5002,0,0,0,,0,041,"SR-132 (YOSEMITE BLVD)","GROVELAND ST",6.00,W,N,B,-,Y,,,,,,,,,,Y,2,0,1,3,A,-,11,21950,B,N,G,B,D,B,H,-,E,D,0,Y,,,,Y,Y,N,60,1,0,0,0,1,0,0,0,0,"- ","- ",,,STANISLAUS,MODESTO,-120.98715209960938,37.6373291015625
82393228,2024,2024-05-31,5002,2024-03-29,1151,10152,,5,5,6,5002,0,0,0,,0,072,"BRIGGSMORE AVE","LAKEWOOD AVE",1911.00,W,N,B,-,N,,,,,,,,,,Y,2,0,5,2,A,-,01,23152,A,N,A,C,A,A,H,-,A,D,0,,,,,Y,Y,A,07,1,3,1,0,0,0,0,0,0,"- ","- ",37.666839599609375,-120.93940734863281,STANISLAUS,MODESTO,-120.94601440429688,37.666996002197266
82414688,2023,2024-06-17,5002,2023-09-17,2109,11267,,7,5,6,5002,0,0,0,,0,082,"SR108 (MCHENRY AVE)","BOWEN AVE",0.00,,Y,A,-,Y,,,,,,,,,,Y,1,1,1,2,A,-,03,22350,,N,G,B,B,A,H,-,C,A,0,Y,,,,Y,,A,01,0,1,0,1,0,0,0,0,0,"- ","- ",,,STANISLAUS,MODESTO,-120.99411010742188,37.674549102783203
82414690,2024,2024-06-14,5002,2024-04-04,1651,13035,,4,5,6,5002,0,0,0,,0,071,"SCENIC DR","OAKDALE RD",750.00,E,N,B,-,N,,,,,,,,,,Y,2,0,3,4,A,-,05,21651,A,N,A,C,A,B,H,-,A,D,0,,,,,Y,,A,01,1,1,1,0,0,0,0,0,0,"- ","- ",37.653068542480469,-120.95741271972656,STANISLAUS,MODESTO,-120.95484161376953,37.653034210205078
82433690,2024,2024-07-09,5002,2024-06-28,2318,13338,,5,5,6,5002,0,0,0,,0,062,"STANDIFORD AVE","PRESCOTT RD",673.00,W,N,A,-,N,,,,,,,,,,Y,2,0,1,2,A,-,09,21801,A,N,D,C,A,A,H,-,C,D,0,,,Y,,Y,,A,01,1,0,0,0,0,0,0,0,1,"- ","- ",37.689689636230469,-121.03156280517578,STANISLAUS,MODESTO,-121.03383636474609,37.689674377441406
8281649,2016,2017-01-24,5002,2016-12-10,1403,11226,M275,6,5,6,5002,0,0,0,,0,081,"SCENIC BL","BODEM ST",573.00,E,N,C,-,N,,,,,,,,,,Y,2,0,4,2,A,-,03,22350,,N,D,C,A,B,H,-,A,D,0,,,,,Y,,-,,2,1,1,0,0,0,0,0,0,"- ","- ",,,STANISLAUS,MODESTO,-120.98347294,37.64725
8286237,2017,2017-01-26,5002,2017-01-06,1059,REIS,515,5,5,6,5002,0,0,0,,0,031,"WEST HATCH RD","DALLAS ST",60.00,E,N,A,-,N,,,,,,,,,,Y,2,0,3,2,A,-,08,22107,,N,A,C,A,A,H,-,A,D,0,,,,,Y,,D,,1,1,1,0,0,0,0,0,0,"- ","- ",,,STANISLAUS,MODESTO,-121.00131620000001,37.609278140000001
8302579,2017,2018-02-16,5002,2017-02-06,1836,11271,M049,1,5,6,5002,0,0,0,,0,083,"MCHENRY AV","WEST UNION AV",198.00,N,N,C,-,Y,STA,10,108,-,-,26.390,H,-,W,N,2,0,1,2,A,-,11,21954,A,N,G,B,D,B,H,-,C,A,0,Y,,,,Y,Y,N,,1,0,0,0,1,0,0,0,0,"- ","- ",,,STANISLAUS,MODESTO,-120.99438264,37.693761989999999
8318202,2017,2017-03-28,5007,2017-02-08,0752,5696,,3,5,5,5007,0,0,0,,0,004,"NORTH GOLDEN STATE BL","ATHERSTONE RD",267.00,N,N,B,-,N,,,,,,,,,,Y,2,0,4,3,A,-,08,22107,,N,C,C,A,B,H,-,A,D,0,,,,,Y,,A,01,1,1,2,0,0,0,0,0,0,"- ","- ",,,STANISLAUS,TURLOCK,-120.88860292,37.533438500000003
83280692,2024,2024-08-02,5001,2024-02-22,1838,895,,4,5,4,5001,0,0,0,,0,003,"HATCH RD","MITCHELL RD",1111.00,E,N,A,-,N,,,,,,,,,,N,1,1,0,2,A,-,11,21954,A,N,G,B,E,A,H,-,D,D,0,Y,,,,Y,Y,N,60,0,0,0,1,0,0,0,0,0,"- ","- ",,,STANISLAUS,CERES,-120.93491363525391,37.609291076660156
83280859,2024,2024-08-02,5002,2024-06-16,"129 ",13132,,7,5,6,5002,0,0,0,,0,031,"S CARPENTER RD","WEST HATCH RD",0.00,,Y,A,-,N,,,,,,,,,,Y,1,2,0,1,A,-,01,23152,A,N,E,I,A,A,H,-,C,A,0,,,,,Y,Y,A,01,0,0,0,0,0,0,0,0,0,"- ","- ",,,STANISLAUS,MODESTO,-121.03044128417969,37.607337951660156
8329024,2017,2017-03-27,5007,2017-02-24,1852,5697,,5,5,5,5007,0,0,0,,0,002,"SOUTH GOLDEN STATE BL","MINERVA ST",0.00,N,N,A,-,N,,,,,,,,,,N,2,0,1,2,A,-,11,21954,A,N,G,B,D,A,H,-,D,D,0,Y,,,,Y,Y,N,60,1,0,0,0,1,0,0,0,0,"- ","- ",,,STANISLAUS,TURLOCK,-120.84198997,37.491129970000003
8337532,2017,2017-04-10,5007,2017-03-08,0820,5596,,3,5,5,5007,0,0,0,,0,003,"WEST MAIN ST","TULLY RD",416.00,E,N,A,-,N,,,,,,,,,,N,2,0,1,3,A,-,08,22107,,N,G,B,F,A,H,-,A,D,0,Y,,,,Y,,E,22,1,0,0,0,1,0,0,0,0,"- ","- ",,,STANISLAUS,TURLOCK,-120.86585460000001,37.49277833
8339281,2017,2017-12-26,5002,2017-03-15,2135,11807,,3,5,6,5002,0,0,0,,0,031,"CROWS LANDING RD","IMPERIAL AV",40.00,N,N,A,-,N,,,,,,,,,,N,2,0,1,2,A,-,11,21954,A,N,G,B,D,A,H,-,C,D,0,Y,,,,Y,,N,,1,0,0,0,1,0,0,0,0,"- ","- ",,,STANISLAUS,MODESTO,-120.99354228999999,37.60079983
8339310,2017,2018-02-16,5002,2017-03-23,0413,10096,M609,4,5,6,5002,0,0,0,,0,043,"RT 132","N MC CLURE RD",0.00,,Y,A,-,Y,STA,10,132,-,-,18.640,I,5,E,Y,2,0,2,2,A,-,01,23152,A,N,D,C,A,-,H,-,C,A,0,,,,,Y,Y,A,,1,0,1,0,0,0,0,0,0,"- ","- ",,,STANISLAUS,MODESTO,-120.92991407,37.638238180000002
8340873,2017,2017-04-14,5007,2017-03-29,2037,5762,5007,3,5,5,5007,0,0,0,,0,003,"WEST AV SOUTH","ANGELUS ST",5.00,S,N,A,-,N,,,,,,,,,,N,2,0,1,2,A,-,09,21801,A,N,A,G,A,A,H,-,C,A,0,,Y,,,Y,,D,22,1,0,0,0,0,0,1,0,0,"- ","- ",,,STANISLAUS,TURLOCK,-120.85807011,37.486706269999999
8345106,2017,2017-04-21,5002,2017-04-03,2137,11675,021,1,5,6,5002,0,0,0,,0,062,"SISK RD","RUMBLE RD",342.00,S,N,A,-,N,,,,,,,,,,N,2,0,1,2,A,-,11,21954,A,N,G,B,E,A,H,-,C,D,0,Y,,,,Y,,N,,1,0,0,0,1,0,0,0,0,"- ","- ",,,STANISLAUS,MODESTO,-121.04957401,37.681237289999999
8345189,2017,2017-04-24,5002,2017-03-12,2024,11023,M088,7,5,6,5002,0,0,0,,0,062,"UHLIG AV","MOUNT VERNON DR",75.00,N,N,A,-,N,,,,,,,,,,N,2,0,1,2,A,-,21,22106,,N,G,B,E,A,H,-,C,D,0,Y,,,,Y,,A,01,1,0,0,0,1,0,0,0,0,"- ","- ",,,STANISLAUS,MODESTO,-121.0133316,37.677245249999999
8345197,2017,2017-04-24,5002,2017-03-28,2054,11622,M179,2,5,6,5002,0,0,0,,0,061,"ORANGEBURG AV","MARTIN AV",0.00,,Y,A,-,N,,,,,,,,,,N,2,0,1,2,A,-,10,21950,A,N,G,B,B,A,H,-,C,D,0,Y,,,,Y,Y,D,,1,0,0,0,1,0,0,0,0,"- ","- ",,,STANISLAUS,MODESTO,-121.02564993,37.664169979999997
8383885,2017,2017-06-08,5002,2017-05-15,0942,11608,420,1,5,6,5002,0,0,0,,0,033,"I ST","3RD ST",0.00,,Y,A,-,N,,,,,,,,,,N,2,0,1,2,A,-,09,21802,A,N,F,A,A,A,-,-,A,D,0,,,Y,,Y,,A,,1,0,0,0,0,0,0,0,1,"- ","- ",,,STANISLAUS,MODESTO,-121.00580988,37.634499929999997
8391361,2017,2017-06-19,5007,2017-05-06,1021,5743,5007,6,5,5,5007,0,0,0,,0,004,"NORTH GOLDEN STATE BL","FULKERTH RD",312.00,N,N,A,-,N,,,,,,,,,,Y,2,0,1,1,C,-,18,,,N,H,A,A,A,H,-,A,D,0,,,Y,,Y,,-,"- ",1,0,0,0,0,0,0,0,1,"- ","- ",,,STANISLAUS,TURLOCK,,
8391393,2017,2017-06-19,5007,2017-05-27,2141,5763,TURLO,6,5,5,5007,0,0,0,,0,003,"WEST MAIN ST","NORTH SODERQUIST RD",11.00,W,N,A,-,N,,,,,,,,,,N,2,0,1,2,A,-,05,21650,1,N,G,G,A,A,H,-,C,A,0,,Y,,,Y,,L,04,1,0,0,0,0,0,1,0,0,"- ","- ",,,STANISLAUS,TURLOCK,-120.86254791,37.492779810000002
83983411,2024,2024-08-09,5002,2024-04-06,"503 ",11196,,6,5,6,5002,0,0,0,,0,082,"S.R. 108 (MC HENRY AVE)","BOWEN AVE",26.00,S,N,A,-,Y,STA,,108," "," ",25.061,H,,L,Y,1,1,0,1,A,-,01,23152,A,N,E,I,A,A,H,-,C,D,0,,,,,Y,,A,07,0,0,0,0,0,0,0,0,0,"- ","- ",37.674568176269531,-120.99413299560547,STANISLAUS,MODESTO,-120.99417877197266,37.674568176269531
8402251,2017,2017-08-15,5002,2017-07-06,2101,715,C013,4,5,6,5002,0,0,0,,0,004,"W WHITMORE AV","CROWS LANDING RD",514.00,W,N,A,-,N,,,,,,,,,,Y,2,0,1,2,A,-,07,21658,A,N,B,C,A,A,H,-,C,D,0,,,,,Y,,A,01,1,0,0,0,0,0,0,0,0,"- ","- ",37.594830000000002,-120.99366000000001,STANISLAUS,MODESTO,-120.99537309999999,37.594935280000001
8403552,2017,2017-07-11,5002,2017-06-26,1703,11531,M477,1,5,6,5002,0,0,0,,0,042,"MITCHELL RD","FINCH RD",1048.00,E,N,A,-,N,,,,,,,,,,Y,2,0,1,1,A,-,08,22107,,N,E,I,A,A,H,-,A,D,0,,,,,Y,,A,,1,0,0,0,0,0,0,0,0,"- ","- ",,,STANISLAUS,MODESTO,-120.94107355,37.621769569999998
8404322,2017,2017-07-13,5002,2017-04-03,1436,11226,M737,1,5,6,5002,0,0,0,,0,041,"LA LOMA AV","N MORTON BL",0.00,,Y,A,-,N,,,,,,,,,,N,1,1,0,1,A,-,08,22107,,N,E,I,A,A,H,-,A,D,0,,Y,,,Y,,L,04,0,0,0,0,0,1,0,0,0,"- ","- ",,,STANISLAUS,MODESTO,-120.98465998,37.643549950000001
8404570,2017,2018-04-26,5002,2017-07-17,1759,704,A204,1,5,6,5002,0,0,0,,0,001,"EAST HATCH RD","STONUM RD",0.00,,Y,A,-,N,,,,,,,,,,Y,1,1,0,2,A,-,09,21801,A,N,D,C,A,A,H,-,A,A,0,,,Y,,Y,,A,08,0,0,0,0,0,0,0,1,0,"- ","- ",37.609229999999997,-120.96160999999999,STANISLAUS,MODESTO,-120.96158998999999,37.609209880000002