CASE_ID,ACCIDENT_YEAR,PROC_DATE,JURIS,COLLISION_DATE,COLLISION_TIME,OFFICER_ID,REPORTING_DISTRICT,DAY_OF_WEEK,CHP_SHIFT,POPULATION,CNTY_CITY_LOC,SPECIAL_COND,BEAT_TYPE,CHP_BEAT_TYPE,CITY_DIVISION_LAPD,CHP_BEAT_CLASS,BEAT_NUMBER,PRIMARY_RD,SECONDARY_RD,DISTANCE,DIRECTION,INTERSECTION,WEATHER_1,WEATHER_2,STATE_HWY_IND,CALTRANS_COUNTY,CALTRANS_DISTRICT,STATE_ROUTE,ROUTE_SUFFIX,POSTMILE_PREFIX,POSTMILE,LOCATION_TYPE,RAMP_INTERSECTION,SIDE_OF_HWY,TOW_AWAY,COLLISION_SEVERITY,NUMBER_KILLED,NUMBER_INJURED,PARTY_COUNT,PRIMARY_COLL_FACTOR,PCF_CODE_OF_VIOL,PCF_VIOL_CATEGORY,PCF_VIOLATION,PCF_VIOL_SUBSECTION,HIT_AND_RUN,TYPE_OF_COLLISION,MVIW,PED_ACTION,ROAD_SURFACE,ROAD_COND_1,ROAD_COND_2,LIGHTING,CONTROL_DEVICE,CHP_ROAD_TYPE,PEDESTRIAN_ACCIDENT,BICYCLE_ACCIDENT,MOTORCYCLE_ACCIDENT,TRUCK_ACCIDENT,NOT_PRIVATE_PROPERTY,ALCOHOL_INVOLVED,STWD_VEHTYPE_AT_FAULT,CHP_VEHTYPE_AT_FAULT,COUNT_SEVERE_INJ,COUNT_VISIBLE_INJ,COUNT_COMPLAINT_PAIN,COUNT_PED_KILLED,COUNT_PED_INJURED,COUNT_BICYCLIST_KILLED,COUNT_BICYCLIST_INJURED,COUNT_MC_KILLED,COUNT_MC_INJURED,PRIMARY_RAMP,SECONDARY_RAMP,LATITUDE,LONGITUDE,COUNTY,CITY,POINT_X,POINT_Y
8404658,2017,2019-04-09,5006,2017-08-02,2100,801838,5006,3,5,3,5006,0,0,0,,0,001,"PATTERSON RD","OAKDALE RD",327.00,E,N,A,-,N,,,,,,,,,,Y,1,1,0,2,A,-,11,21955,,N,G,B,D,A,H,-,C,A,0,Y,,,,Y,,N,60,0,0,0,1,0,0,0,0,0,"- ","- ",,,STANISLAUS,RIVERBANK,-120.95751949,37.73265
8411303,2017,2017-07-27,5002,2017-07-05,1831,11026,586,3,5,6,5002,0,0,0,,0,071,"LAKEWOOD AV","BRIGGSMORE AV",0.00,,Y,A,-,N,,,,,,,,,,Y,2,0,1,3,A,-,08,22107,,N,B,C,A,A,H,-,A,D,0,,,Y,,Y,,D,,1,0,0,0,0,0,0,0,1,"- ","- ",,,STANISLAUS,MODESTO,-120.93941986999999,37.666909969999999
8434337,2017,2018-03-23,5004,2017-05-24,0000,187,RD13,3,5,3,5004,0,0,0,,0,00W,"YOSEMITE AV","YOSEMITE AV 146",0.00,,Y,A,-,Y,STA,10,120,-,-,5.070,H,-,E,Y,2,0,1,1,A,-,03,22350,,N,E,I,A,A,H,-,A,D,0,,,,,Y,,A,01,1,0,0,0,0,0,0,0,0,"- ","- ",37.767330000000001,-120.84786,STANISLAUS,OAKDALE,-120.84742251999999,37.767211840000002
8441814,2017,2017-09-18,5002,2017-08-16,1714,11402,M320,3,5,6,5002,0,0,0,,0,043,"HADDON AV","KINGSTON LN",74.00,E,N,A,-,N,,,,,,,,,,N,2,0,1,2,A,-,03,22350,,N,D,C,A,A,H,-,A,D,0,,,Y,,Y,,C,,1,0,0,0,0,0,0,0,1,"- ","- ",,,STANISLAUS,MODESTO,-120.94981444,37.641750000000002
84420514,2024,2024-10-07,5009,2024-09-24,"811 ",S03771,,2,5,2,5009,0,0,0,,0,HPD,"CHARLES ST","LOCUST ST",0.00,,Y,A,-,N,,,,,,,,,,N,2,0,1,2,A,-,10,21950,A,N,G,B,B,A,H,-,A,A,0,Y,,,,Y,,D,22,1,0,0,0,1,0,0,0,0,"- ","- ",37.598979949951172,-120.86564636230469,STANISLAUS,HUGHSON,-120.865478515625,37.598831176757812
84430911,2024,2024-10-15,5002,2024-10-03,1914,13424,,4,5,6,5002,0,0,0,,0,042,"SR-132 YOSEMITE BLVD","SANTA BARBARA AVE",129.00,W,N,A,-,Y,STA,,132," "," ",16.156,H,,R,Y,2,0,3,2,A,-,01,23152,A,N,C,C,A,A,H,-,A,A,0,,,,Y,Y,Y,A,01,1,0,2,0,0,0,0,0,0,"- ","- ",37.638099670410156,-120.97537231445312,STANISLAUS,MODESTO,-120.97537231445312,37.638164520263672
84455707,2024,2024-11-04,5002,2024-09-06,1714,13292,,5,5,6,5002,0,0,0,,0,072,"FINE AVE","SHARON AVE",165.00,S,N,A,-,N,,,,,,,,,,Y,2,0,2,1,A,-,08,22107,,N,E,I,A,A,H,-,A,D,0,,,,,Y,,A,01,2,0,0,0,0,0,0,0,0,"- ","- ",37.67449951171875,-120.92594909667969,STANISLAUS,MODESTO,-120.92594909667969,37.674045562744141
84455719,2024,2024-11-04,5002,2024-10-16,1850,13307,,3,5,6,5002,0,0,0,,0,,"KELLER ST","COFFEE VILLA DR",48.00,N,N,A,-,N,,,,,,,,,,N,2,0,3,4,A,-,08,22107,,F,G,B,F,A,H,-,B,D,0,Y,,,,Y,,A,01,2,1,0,0,3,0,0,0,0,"- ","- ",37.683551788330078,-120.97019195556641,STANISLAUS,MODESTO,-120.97019958496094,37.683700561523438
84459632,2024,2024-11-07,5002,2024-07-30,"750 ",13506,,2,5,6,5002,0,0,0,,0,083,"CLARATINA AVE","MCHENRY AVE (SR-108)",936.00,E,N,A,-,N,,,,,,,,,,Y,2,0,1,2,A,-,06,21755,A,F,C,C,A,A,H,-,A,D,0,,,,,Y,,A,07,1,0,0,0,0,0,0,0,0,"- ","- ",37.700000762939453,-120.99453735351562,STANISLAUS,MODESTO,-120.99129486083984,37.699958801269531
84476465,2024,2024-11-20,5002,2024-10-13,1122,13191,,7,5,6,5002,0,0,0,,0,063,"PRESCOTT RD","PELANDALE AVE",0.00,,Y,A,-,N,,,,,,,,,,Y,2,0,2,2,A,-,12,21453,A,N,D,C,A,A,H,-,A,D,0,,,,,Y,,-,"- ",1,0,1,0,0,0,0,0,0,"- ","- ",37.700641632080078,-121.03167724609375,STANISLAUS,MODESTO,-121.03176879882812,37.700458526611328
84485277,2024,2025-08-15,5002,2024-07-13,2334,13132,,6,5,6,5002,0,0,0,,0,062,"W BRIGGSMORE AVE","CARVER RD",980.00,E,N,A,-,N,,,,,,,,,,N,1,1,0,2,A,-,11,21954,A,N,G,B,D,A,H,-,C,D,0,Y,,,,Y,,N,60,0,0,0,1,0,0,0,0,0,"- ","- ",,,STANISLAUS,MODESTO,-121.01879119873047,37.670631408691406
84485278,2024,2025-01-17,5002,2024-07-27,1944,13053,,6,5,6,5002,0,0,0,,0,071,"SCENIC DR","OAKDALE RD",430.00,E,N,A,-,N,,,,,,,,,,Y,1,1,0,1,A,-,03,22350,,N,E,J,A,A,H,-,A,D,0,,,,,Y,,D,22,0,0,0,0,0,0,0,0,0,"- ","- ",37.653068542480469,-120.95741271972656,STANISLAUS,MODESTO,-120.95591735839844,37.6531982421875
84485320,2024,2024-11-29,5002,2024-10-18,1508,13409,,5,5,6,5002,0,0,0,,0,063,"NIGHTINGALE DR","BLACK BIRD WAY",128.00,E,N,A,-,N,,,,,,,,,,N,2,0,1,2,A,-,08,22107,,N,D,E,A,A,H,-,A,D,0,,,Y,,Y,,C,02,1,0,0,0,0,0,0,0,1,"- ","- ",37.693439483642578,-121.05697631835938,STANISLAUS,MODESTO,-121.05640411376953,37.693283081054688
84485355,2024,2024-11-27,5002,2024-11-02,"836 ",13581,,6,5,6,5002,0,0,0,,0,083,"UNION AVE","ALSAB CT",12.00,W,N,C,-,N,,,,,,,,,,Y,2,0,1,2,A,-,01,23152,A,N,A,E,A,B,H,-,A,D,0,,,,,Y,Y,A,01,1,0,0,0,0,0,0,0,0,"- ","- ",37.692359924316406,-121.010986328125,STANISLAUS,MODESTO,-121.01109313964844,37.692352294921875
84496202,2023,2024-12-13,5002,2023-12-31,1221,13244,,7,5,6,5002,0,0,0,,0,082,"ORANGEBURG AVE","STETSON AVE",125.00,E,N,B,-,N,,,,,,,,,,Y,2,0,3,3,A,-,08,22107,,N,E,I,A,A,H,-,A,D,0,,,,,Y,,A,01,1,2,0,0,0,0,0,0,0,"- ","- ",37.66400146484375,-121.01100921630859,STANISLAUS,MODESTO,-121.01065063476562,37.664012908935547
84497735,2024,2024-12-13,5005,2024-11-28,1713,S03770,,4,5,3,5005,0,0,0,,0,PPD,"HWY 33","WARD AVE",100.00,N,N,A,-,Y,,,,,,,,,,Y,2,0,1,1,A,-,05,21650,,N,E,I,A,A,H,-,B,D,0,,,Y,,Y,,C,02,1,0,0,0,0,0,0,0,1,"- ","- ",37.488609313964844,-121.14119720458984,STANISLAUS,PATTERSON,-121.14080047607422,37.489116668701172
84504485,2024,2024-12-16,5002,2024-09-17,2101,13288,,2,5,6,5002,0,0,0,,0,032,"H ST","1ST ST (W)",0.00,,Y,A,-,N,,,,,,,,,,N,2,0,1,1,A,-,08,22107,,N,E,I,A,A,F,-,C,A,0,,Y,,,Y,,L,04,1,0,0,0,0,0,1,0,0,"- ","- ",,,STANISLAUS,MODESTO,-121.00656890869141,37.632114410400391
84504644,2024,2025-01-16,5002,2024-12-08,1834,11697,,7,5,6,5002,0,0,0,,0,062,"SISK RD","WHITCOMB WAY",99.00,N,N,A,-,N,,,,,,,,,,Y,2,0,2,3,A,-,07,21658,A,N,B,C,A,A,H,-,C,D,0,,,,,Y,,A,01,1,0,1,0,0,0,0,0,0,"- ","- ",37.674690246582031,-121.0426025390625,STANISLAUS,MODESTO,-121.04283142089844,37.674858093261719
8450672,2017,2017-10-06,5007,2017-08-18,2316,5743,5007,5,5,5,5007,0,0,0,,0,001,"COLORADO AV","TUOLUMNE RD",0.00,,N,A,-,N,,,,,,,,,,Y,2,0,1,1,C,-,18,,,N,E,I,A,A,H,-,C,D,0,,,,,Y,,-,"- ",1,0,0,0,0,0,0,0,0,"- ","- ",,,STANISLAUS,TURLOCK,-120.83525992,37.514629909999996
8452704,2017,2017-09-28,5008,2017-08-18,2100,501824,,5,5,2,5008,0,0,0,,0,WP1,"BONNIE BRAE AV","CINNABAR WY",387.00,W,N,A,-,N,,,,,,,,,,N,2,0,1,2,A,-,03,22350,,N,C,E,A,A,H,-,C,D,0,,,,,Y,Y,-,"- ",1,0,0,0,0,0,0,0,0,"- ","- ",,,STANISLAUS,WATERFORD,-120.76462411,37.646744329999997
84539447,2025,2025-01-17,5002,2025-01-07,1705,13106,,2,5,6,5002,0,0,0,,0,041,"SR 132 (9TH ST)","E ST",0.00,,Y,A,-,Y,,,,,,,,,,N,2,0,1,2,A,-,10,21950,A,N,G,B,B,A,H,-,A,A,0,Y,,,,Y,,A,01,1,0,0,0,1,0,0,0,0,"- ","- ",37.634849548339844,-120.99609375,STANISLAUS,MODESTO,-120.99555969238281,37.634967803955078
84551703,2025,2025-01-28,5005,2025-01-09,1456,S01805,,4,5,3,5005,0,0,0,,0,PPD,"LAS PALMAS AVE","HARTLEY ST",172.00,E,N,A,-,N,,,,,,,,,,Y,2,0,1,2,A,-,04,21703,,N,C,C,A,A,H,-,A,A,0,,,,Y,Y,,A,01,1,0,0,0,0,0,0,0,0,"- ","- ",39.203418731689453,-121.16134643554688,STANISLAUS,PATTERSON,-121.12106323242188,37.475715637207031
84560760,2024,2025-02-03,5008,2024-10-04,"315 ",S01836,,5,5,2,5008,0,0,0,,0,WPD,"YOSEMITE BLVD","BENTLEY ST",95.00,E,N,A,-,Y,STA,,132," "," ",27.684,H,,R,Y,1,1,0,2,A,-,11,21954,A,N,G,B,E,A,H,-,C,D,0,Y,,,Y,Y,,N,60,0,0,0,1,0,0,0,0,0,"- ","- ",37.63800048828125,-120.76499176025391,STANISLAUS,WATERFORD,-120.76499176025391,37.638225555419922
84561801,2025,2025-02-06,5002,2025-01-23,"938 ",13579,,4,5,6,5002,0,0,0,,0,061,"TULLY RD","COLDWELL AVE",21.00,N,N,A,-,N,,,,,,,,,,N,2,0,1,2,A,-,17,21451,A,F,G,B,B,A,D,-,A,A,0,Y,,,,Y,,A,01,1,0,0,0,1,0,0,0,0,"- ","- ",37.653171539306641,-121.01203155517578,STANISLAUS,MODESTO,-121.01203918457031,37.65325927734375
84635293,2025,2025-04-03,5009,2025-02-04,1822,S03890,,2,5,3,5005,0,0,0,,0,PPD,"SPERRY AVE","LAS PALMAS AVE",80.00,W,N,A,-,N,,,,,,,,,,Y,2,0,3,3,A,-,01,23152,A,F,C,C,A,A,H,-,C,A,0,,,,,Y,Y,A,01,1,2,0,0,0,0,0,0,0,"- ","- ",37.464111328125,-121.14418029785156,STANISLAUS,PATTERSON,-121.14485931396484,37.464344024658203
8465507,2018,2018-11-30,5007,2018-10-01,1920,5749,,1,5,5,5007,0,0,0,,0,004,"W TAYLOR RD","NORTH WALNUT RD",1388.00,E,N,A,-,N,,,,,,,,,,Y,1,1,0,2,A,-,09,21804,B,N,C,C,A,A,H,-,D,D,0,,,Y,,Y,,C,02,0,0,0,0,0,0,0,1,0,"- ","- ",,,STANISLAUS,TURLOCK,-120.86194610595703,37.536708831787109
8465832,2019,2021-05-25,5001,2019-03-12,2020,803,A208,2,5,4,5001,0,0,0,,0,001,"RICHLAND AV","GIDDINGS RD",145.00,N,N,A,-,N,,,,,,,,,,N,1,1,0,2,A,-,11,21956,A,N,G,B,D,A,H,-,C,D,0,Y,,,,Y,,N,60,0,0,0,1,0,0,0,0,0,"- ","- ",37.609310150146484,-120.9661865234375,STANISLAUS,CERES,-120.96623992919922,37.607799530029297
84663480,2025,2025-04-25,5006,2025-04-04,1815,S03177,,5,5,3,5006,0,0,0,,0,RPD,"CLARIBEL RD","OAKDALE RD",1092.00,E,N,A,-,N,,,,,,,,,,N,2,0,1,2,A,-,09,21804,A,N,D,C,A,A,H,-,A,D,0,,,Y,,Y,,A,01,1,0,0,0,0,0,0,0,1,"- ","- ",37.711189270019531,-120.95835876464844,STANISLAUS,RIVERBANK,-120.95460510253906,37.710979461669922
84676055,2025,2025-05-06,5001,2025-04-02,1651,938,,3,5,4,5001,0,0,0,,0,005,"GOLF LINKS DR","HATCH RD",148.00,N,N,A,-,N,,,,,,,,,,N,2,0,1,2,A,-,03,22350,,N,C,C,A,A,H,-,A,D,0,,,,,Y,,M,91,1,0,0,0,0,0,0,0,0,"- ","- ",,,STANISLAUS,CERES,-120.93193054199219,37.609695434570312
84686614,2025,2025-06-13,5002,2025-02-27,1237,13444,,4,5,6,5002,0,0,0,,0,083,"SHERWOOD AVE","RUMBLE RD",0.00,,Y,A,-,N,,,,,,,,,,N,2,0,1,2,A,-,10,21950,A,N,G,B,B,A,H,-,A,A,0,Y,,,,Y,Y,A,01,1,0,0,0,1,0,0,0,0,"- ","- ",37.681838989257812,-120.99816131591797,STANISLAUS,MODESTO,-120.99817657470703,37.681892395019531
84691044,2025,2025-05-19,5006,2025-04-22,"624 ",S03077,,2,5,3,5006,0,0,0,,0,RPD,"PATTERSON RD","OAKDALE RD",385.00,E,N,A,-,Y,STA,,108," "," ",31.057,H,,L,Y,2,0,1,2,A,-,01,23152,F,N,C,E,A,A,H,-,A,A,0,,,,Y,Y,Y,A,01,1,0,0,0,0,0,0,0,0,"- ","- ",37.732891082763672,-120.95857238769531,STANISLAUS,RIVERBANK,-120.95857238769531,37.732753753662109
84691313,2025,2025-05-19,5005,2025-03-15,1532,S04815,,6,5,3,5005,0,0,0,,0,PPD,"ZACHARIAS RD","HWY 33",0.00,W,Y,B,-,N,,,,,,,,,,Y,2,0,3,3,A,-,04,21703,,N,C,C,A,A,H,-,A,D,0,,,,,Y,,A,07,1,1,1,0,0,0,0,0,0,"- ","- ",37.492530822753906,-121.14446258544922,STANISLAUS,PATTERSON,-121.14338684082031,37.493270874023438
84728366,2025,2025-07-22,5002,2025-03-29,1318,13596,,6,5,6,5002,0,0,0,,0,041,"NEEDHAM ST","PARK AVE",0.00,,Y,B,-,N,,,,,,,,,,Y,2,0,1,2,A,-,09,21801,A,N,D,C,A,A,H,-,A,D,0,,,Y,,Y,,A,01,1,0,0,0,0,0,0,0,1,"- ","- ",37.645801544189453,-120.99887847900391,STANISLAUS,MODESTO,-120.99892425537109,37.645774841308594
84736838,2024,2025-08-22,5002,2024-11-02,1954,10152,,6,5,6,5002,0,0,0,,0,081,"SR 108 (MCHENRY AV)","MODESTO AV",0.00,,Y,A,-,Y,,,,,,,,,,N,1,1,0,2,A,-,00,21760,B,N,H,G,A,A,H,-,C,D,0,,Y,,,Y,,D,22,0,0,0,0,0,1,0,0,0,"- ","- ",,,STANISLAUS,MODESTO,-120.99375915527344,37.649627685546875
84743442,2025,2025-06-30,5005,2025-06-17,"527 ",S03497,,2,5,3,5005,0,0,0,,0,PPD,"SYCAMORE AVE","EUCALYPTUS AVE",0.00,,Y,A,-,N,,,,,,,,,,N,2,0,5,2,A,-,12,22450,A,N,D,C,A,A,H,-,A,A,0,,,,,Y,,A,01,1,1,3,0,0,0,0,0,0,"- ","- ",37.49761962890625,-121.12722015380859,STANISLAUS,PATTERSON,-121.12622833251953,37.49847412109375
84748586,2025,2025-07-07,5001,2025-06-28,2128,821,,6,5,4,5001,0,0,0,,0,001,"ALLEY SOUTH OF 2500 CASWELL AVE.","6TH ST",279.00,E,N,A,-,N,,,,,,,,,,N,2,0,1,1,A,-,01,23152,A,N,E,J,A,A,H,-,D,D,0,,,Y,,Y,Y,C,06,1,0,0,0,0,0,0,0,1,"- ","- ",,,STANISLAUS,CERES,,
84754816,2025,2025-07-11,5002,2025-06-30,1130,11661,,1,5,6,5002,0,0,0,,0,041,"NEEDHAM ST","POPLAR AVE",50.00,E,N,A,-,N,,,,,,,,,,N,2,0,1,2,A,-,09,21804,A,F,D,G,A,A,H,-,A,A,0,,Y,,,Y,,L,04,1,0,0,0,0,0,1,0,0,"- ","- ",37.645820617675781,-121.00016784667969,STANISLAUS,MODESTO,-121.00004577636719,37.645805358886719
84763190,2025,2025-07-17,5002,2025-06-09,1717,13597,,1,5,6,5002,0,0,0,,0,063,"SISK RD","VINTAGE DR",0.00,,Y,A,-,N,,,,,,,,,,Y,2,0,1,2,A,-,09,21804,A,N,D,C,A,A,H,-,A,D,0,,,,,Y,,A,01,1,0,0,0,0,0,0,0,0,"- ","- ",37.691299438476562,-121.06230163574219,STANISLAUS,MODESTO,-121.06228637695312,37.691162109375
84763206,2025,2025-07-28,5002,2025-06-18,2323,11793,,3,5,6,5002,0,0,0,,0,072,"COFFEE RD","ENSENADA DR",81.00,S,N,A,-,N,,,,,,,,,,N,2,0,1,2,A,-,11,21954,A,N,G,B,D,A,H,-,C,D,0,Y,,,,Y,,N,60,1,0,0,0,1,0,0,0,0,"- ","- ",37.67572021484375,-120.95761108398438,STANISLAUS,MODESTO,-120.97577667236328,37.675537109375
8479248,2017,2017-12-07,5002,2017-10-11,0045,13080,5002,3,5,6,5002,0,0,0,,0,063,"PELANDALE AV","TULLY RD",525.00,W,N,A,-,N,,,,,,,,,,Y,2,0,2,1,A,-,01,23152,A,N,F,A,A,A,H,-,D,D,0,,,,,Y,Y,-,,1,1,0,0,0,0,0,0,0,"- ","- ",,,STANISLAUS,MODESTO,-121.01459386000001,37.700716470000003
84808237,2025,2025-09-10,5002,2025-02-25,1224,13132,,2,5,6,5002,0,0,0,,0,033,"K ST","4TH ST",0.00,,Y,A,-,N,,,,,,,,,,Y,1,1,1,4,A,-,03,22350,,N,E,I,F,A,H,-,A,A,0,Y,,,,Y,,A,01,0,0,1,0,1,0,0,0,0,"- ","- ",37.637119293212891,-121.00769805908203,STANISLAUS,MODESTO,-121.00714111328125,37.637191772460938
84813690,2024,2025-08-22,5002,2024-10-18,"242 ",11267,,5,5,6,5002,0,0,0,,0,,"CREEKWOOD DR","DRY CREEK DR",235.00,S,N,A,-,N,,,,,,,,,,Y,1,1,0,1,A,-,01,23152,A,N,E,I,A,A,H,-,C,D,0,,,,,Y,Y,A,01,0,0,0,0,0,0,0,0,0,"- ","- ",37.648628234863281,-120.92600250244141,STANISLAUS,MODESTO,-120.92615509033203,37.647972106933594
8492454,2017,2017-11-21,5004,2017-08-31,0430,292,RD36,4,5,3,5004,0,0,0,,0,00W,"WEST F ST","NORTH 1ST ST",108.00,W,N,A,-,N,,,108,,,,,,,Y,2,0,3,1,A,-,03,22350,,N,A,I,A,A,H,-,C,A,0,,,,,Y,,-,,1,2,0,0,0,0,0,0,0,"- ","- ",37.765549999999998,-120.84962,STANISLAUS,OAKDALE,-120.84962621,37.765565039999998
8504545,2018,2018-08-09,5002,2018-02-03,1639,13100,110,6,5,6,5002,0,0,0,,0,082,"MCHENRY AV","FLOYD AV",0.00,S,N,A,-,Y,STA,10,108,-,-,25.280,H,-,E,N,2,0,2,2,A,-,03,22350,,N,C,C,A,A,H,-,B,A,0,,,Y,,Y,,C,,1,0,1,0,0,0,0,0,1,"- ","- ",,,STANISLAUS,MODESTO,-120.99422454833984,37.67742919921875
8506216,2017,2017-12-29,5002,2017-11-23,0952,11812,,4,5,6,5002,0,0,0,,0,041,"BURNEY ST","LA LOMA AV",90.00,S,N,A,-,N,,,,,,,,,,Y,2,0,1,1,A,-,08,22107,,N,E,I,A,A,H,-,A,D,0,,,,,Y,,A,01,1,0,0,0,0,0,0,0,0,"- ","- ",,,STANISLAUS,MODESTO,-120.9889,37.644362839999999
8550708,2018,2018-02-10,5002,2018-01-28,1857,803,A208,7,5,6,5002,0,0,0,,0,001,"EAST HATCH RD","RICHLAND AV",302.00,W,N,A,-,N,,,,,,,,,,Y,2,0,1,2,A,-,11,21954,A,F,G,B,D,A,H,-,C,D,0,Y,,,,Y,Y,N,60,1,0,0,0,1,0,0,0,0,"- ","- ",37.609310150146484,-120.9661865234375,STANISLAUS,MODESTO,-120.96723937988281,37.609336853027344
8567413,2018,2018-03-13,5002,2018-02-09,2238,11765,045,5,5,6,5002,0,0,0,,0,082,"WEST BRIGGSMORE AV",COLLEGE,0.00,,Y,A,-,N,,,,,,,,,,Y,2,0,2,2,A,-,01,23152,A,N,D,C,A,A,H,-,C,A,0,,,,,Y,Y,-,,1,1,0,0,0,0,0,0,0,"- ","- ",,,STANISLAUS,MODESTO,-121.00768280029297,37.670490264892578
8593125,2018,2018-04-12,5002,2018-03-24,1150,13176110,479,6,5,6,5002,0,0,0,,0,033,"PARADISE RD","MARTIN LUTHER KING DR",89.00,W,N,C,-,N,,,,,,,,,,Y,2,0,3,1,A,-,08,22107,,N,E,J,A,B,H,-,A,A,0,,,,,Y,,A,,1,1,1,0,0,0,0,0,0,"- ","- ",,,STANISLAUS,MODESTO,-121.01207733154297,37.627658843994141
8593134,2018,2018-04-09,5002,2018-03-19,1915,11310,309,1,5,6,5002,0,0,0,,0,071,SCENIC,OAKDALE,0.00,,Y,A,-,N,,,,,,,,,,Y,2,0,1,2,A,-,12,21453,A,N,-,C,A,A,H,-,A,A,0,,,,,Y,,A,01,1,0,0,0,0,0,0,0,0,"- ","- ",,,STANISLAUS,MODESTO,-120.95738983154297,37.653068542480469
8593146,2018,2018-04-09,5002,2018-03-23,0740,11826,329,5,5,6,5002,0,0,0,,0,043,"LINCOLN AV","POPPYPATCH DR",0.00,,Y,A,-,N,,,,,,,,,,Y,2,0,1,2,A,-,09,21802,A,N,-,C,A,A,H,-,A,A,0,,,,,Y,,A,01,1,0,0,0,0,0,0,0,0,"- ","- ",,,STANISLAUS,MODESTO,-120.93901824951172,37.642669677734375
8593154,2018,2018-04-09,5002,2018-03-23,1731,13018,,5,5,6,5002,0,0,0,,0,063,"PELANDALE AV","GAGOS DR",350.00,E,N,A,-,N,,,,,,,,,,Y,2,0,2,2,A,-,03,22350,,N,C,C,A,A,H,-,A,D,0,,,,,Y,,A,01,2,0,0,0,0,0,0,0,0,"- ","- ",,,STANISLAUS,MODESTO,-121.06143188476562,37.700088500976562
8609612,2018,2018-05-14,5002,2018-04-19,1838,528,A201,4,5,6,5002,0,0,0,,0,001,"EAST HATCH RD","CENTRAL AV",270.00,E,N,A,-,N,,,,,,,,,,Y,2,0,3,3,C,-,18,,,F,C,C,A,A,H,-,A,A,0,,,,,Y,,-,"- ",1,0,2,0,0,0,0,0,0,"- ","- ",37.609241485595703,-120.95703887939453,STANISLAUS,MODESTO,-120.95616149902344,37.609245300292969
8610455,2018,2018-05-07,5002,2018-03-19,1950,10352,M145,1,5,6,5002,0,0,0,,0,072,"COFFEE RD","FLOYD AV",600.00,S,N,B,-,N,,,,,,,,,,N,2,0,1,2,A,-,09,21804,A,N,D,G,A,A,H,-,C,A,0,,Y,,,Y,,L,04,1,0,0,0,0,0,1,0,0,"- ","- ",,,STANISLAUS,MODESTO,-120.97579193115234,37.676361083984375
8622079,2018,2018-05-30,5007,2018-05-04,1420,5762,5007,5,5,5,5007,0,0,0,,0,00S,"NORTH GOLDEN STATE BL","FULKERTH RD",0.00,,Y,A,-,N,,,,,,,,,,Y,2,0,2,2,A,-,09,21453,C,N,A,C,A,A,H,-,A,A,0,,,,,Y,,A,07,1,1,0,0,0,0,0,0,0,"- ","- ",,,STANISLAUS,TURLOCK,-120.861135,37.507328000000001
8622311,2018,2018-05-30,5007,2018-05-14,1132,5736,,1,5,5,5007,0,0,0,,0,004,"DELS LN","PEDRAS RD",544.00,S,N,A,-,N,,,,,,,,,,N,2,0,1,2,A,-,08,22107,,N,B,G,A,A,H,-,A,D,0,,Y,,,Y,,A,01,1,0,0,0,0,0,1,0,0,"- ","- ",,,STANISLAUS,TURLOCK,-120.85810089111328,37.509456634521484
8624544,2018,2018-08-22,5002,2018-05-14,1823,13043,65,1,5,6,5002,0,0,0,,0,082,"MCHENRY AV","JUDITH LN",120.00,N,N,A,-,Y,STA,10,108,-,-,24.700,H,-,E,Y,2,0,1,2,A,-,08,22107,,N,A,G,A,A,H,-,A,D,0,,Y,,,Y,,L,,1,0,0,0,0,0,1,0,0,"- ","- ",,,STANISLAUS,MODESTO,-120.99410247802734,37.668941497802734
8632926,2018,2018-06-13,5002,2018-06-01,1625,833,B304,5,5,6,5002,0,0,0,,0,003,"MITCHELL RD","HATCH RD",562.00,N,N,A,-,N,,,,,,,,,,Y,2,0,1,2,A,-,08,22107,,N,D,C,A,A,H,-,A,D,0,,,Y,,Y,,A,01,1,0,0,0,0,0,0,0,1,"- ","- ",37.610481262207031,-120.93881988525391,STANISLAUS,MODESTO,-120.93874359130859,37.610862731933594
8634609,2018,2018-06-12,5001,2018-05-24,1510,355,C301,4,5,4,5001,0,0,0,,0,004,"DON PEDRO RD","CENTRAL AV",856.00,E,N,A,-,N,,,,,,,,,,N,2,0,1,2,A,-,10,21950,A,F,G,B,E,A,-,-,A,D,0,Y,,,,Y,,D,22,1,0,0,0,1,0,0,0,0,"- ","- ",37.58245849609375,-120.95480346679688,STANISLAUS,CERES,-120.9539794921875,37.582931518554688
8643655,2018,2018-07-03,5002,2018-05-26,2200,13079,,6,5,6,5002,0,0,0,,0,081,"COFFEE RD","BRIGHTON AV",0.00,,Y,A,-,N,,,,,,,,,,N,2,0,1,2,A,-,11,21954,A,N,G,B,D,A,H,-,C,D,0,Y,,,,Y,,N,60,1,0,0,0,1,0,0,0,0,"- ","- ",,,STANISLAUS,MODESTO,-120.97563934326172,37.661270141601562
8643693,2018,2018-08-23,5002,2018-05-06,1738,10352,M255,7,5,6,5002,0,0,0,,0,082,"EAST COOLIDGE AV","RT 108-MCHENRY AV",111.00,E,N,A,-,Y,STA,10,108,-,-,24.440,I,6,E,Y,2,0,1,1,A,-,01,23152,A,N,E,I,A,A,H,-,A,A,0,,,,,Y,Y,A,,1,0,0,0,0,0,0,0,0,"- ","- ",,,STANISLAUS,MODESTO,-120.99404907226562,37.665233612060547