CASE_ID,ACCIDENT_YEAR,PROC_DATE,JURIS,COLLISION_DATE,COLLISION_TIME,OFFICER_ID,REPORTING_DISTRICT,DAY_OF_WEEK,CHP_SHIFT,POPULATION,CNTY_CITY_LOC,SPECIAL_COND,BEAT_TYPE,CHP_BEAT_TYPE,CITY_DIVISION_LAPD,CHP_BEAT_CLASS,BEAT_NUMBER,PRIMARY_RD,SECONDARY_RD,DISTANCE,DIRECTION,INTERSECTION,WEATHER_1,WEATHER_2,STATE_HWY_IND,CALTRANS_COUNTY,CALTRANS_DISTRICT,STATE_ROUTE,ROUTE_SUFFIX,POSTMILE_PREFIX,POSTMILE,LOCATION_TYPE,RAMP_INTERSECTION,SIDE_OF_HWY,TOW_AWAY,COLLISION_SEVERITY,NUMBER_KILLED,NUMBER_INJURED,PARTY_COUNT,PRIMARY_COLL_FACTOR,PCF_CODE_OF_VIOL,PCF_VIOL_CATEGORY,PCF_VIOLATION,PCF_VIOL_SUBSECTION,HIT_AND_RUN,TYPE_OF_COLLISION,MVIW,PED_ACTION,ROAD_SURFACE,ROAD_COND_1,ROAD_COND_2,LIGHTING,CONTROL_DEVICE,CHP_ROAD_TYPE,PEDESTRIAN_ACCIDENT,BICYCLE_ACCIDENT,MOTORCYCLE_ACCIDENT,TRUCK_ACCIDENT,NOT_PRIVATE_PROPERTY,ALCOHOL_INVOLVED,STWD_VEHTYPE_AT_FAULT,CHP_VEHTYPE_AT_FAULT,COUNT_SEVERE_INJ,COUNT_VISIBLE_INJ,COUNT_COMPLAINT_PAIN,COUNT_PED_KILLED,COUNT_PED_INJURED,COUNT_BICYCLIST_KILLED,COUNT_BICYCLIST_INJURED,COUNT_MC_KILLED,COUNT_MC_INJURED,PRIMARY_RAMP,SECONDARY_RAMP,LATITUDE,LONGITUDE,COUNTY,CITY,POINT_X,POINT_Y
8648251,2018,2018-10-12,5002,2018-07-04,2049,11267,045,3,5,6,5002,0,0,0,,0,082,"BRIGGSMORE AV","COLLEGE AV",0.00,,Y,A,-,N,,,,,,,,,,Y,1,1,0,2,A,-,12,21453,A,N,D,G,A,A,H,-,C,A,0,,Y,,,Y,Y,L,04,0,0,0,0,0,1,0,0,0,"- ","- ",,,STANISLAUS,MODESTO,-121.00768280029297,37.670490264892578
8648696,2018,2019-03-12,5002,2018-12-07,2225,11023,M090,5,5,6,5002,0,0,0,,0,062,"CARVER RD","SCOTT AV",0.00,,Y,B,-,N,,,,,,,,,,Y,1,1,0,2,A,-,01,23152,A,N,A,C,A,A,H,-,C,D,0,,,Y,,Y,Y,C,02,0,0,0,0,0,0,0,1,0,"- ","- ",,,STANISLAUS,MODESTO,-121.02220153808594,37.674640655517578
8649024,2018,2018-07-11,5002,2018-05-25,1835,11675,657,5,5,6,5002,0,0,0,,0,031,"MOUNT MCKINLEY CT","ALGEN AV",500.00,N,N,B,-,N,,,,,,,,,,N,2,0,1,2,A,-,03,22350,,N,C,C,A,A,H,-,A,D,0,,,,,Y,,M,,1,0,0,0,0,0,0,0,0,"- ","- ",,,STANISLAUS,MODESTO,-120.99630737304688,37.600250244140625
8655940,2018,2018-07-19,5002,2018-07-01,1657,13040,M227,7,5,6,5002,0,0,0,,0,081,"WEST ROSEBURG AV","ENSLEN AV",0.00,,Y,A,-,N,,,,,,,,,,N,2,0,1,2,A,-,12,22450,,N,D,G,A,A,H,-,A,A,0,,Y,,,Y,,L,04,1,0,0,0,0,0,1,0,0,"- ","- ",,,STANISLAUS,MODESTO,-121.00074768066406,37.660179138183594
8662325,2018,2018-07-25,5002,2018-06-29,1625,11808,260,5,5,6,5002,0,0,0,,0,081,"JOHNSON ST","ALMOND AV",0.00,,Y,A,-,N,,,,,,,,,,N,2,0,1,2,A,-,12,22450,A,N,D,G,A,A,H,-,A,A,0,,Y,,,Y,,L,04,1,0,0,0,0,0,1,0,0,"- ","- ",,,STANISLAUS,MODESTO,-120.99149322509766,37.648708343505859
8676846,2018,2018-10-18,5001,2018-08-11,0140,757,D206,6,5,4,5001,0,0,0,,0,005,"MITCHELL RD","RHODE RD",0.00,,Y,A,-,N,,,,,,,,,,N,2,0,1,2,D,-,00,,,F,H,C,A,A,H,-,C,D,0,,,Y,,Y,Y,-,"- ",1,0,0,0,0,0,0,0,0,"- ","- ",37.580238342285156,-120.93872833251953,STANISLAUS,CERES,-120.93872,37.578490000000002
8683628,2018,2018-10-08,5002,2018-08-01,1300,13068,M1374,3,5,6,5002,0,0,0,,0,073,"COFFEE RD","MONTANA RD",0.00,,Y,A,-,N,,,,,,,,,,Y,2,0,1,2,A,-,09,21801,A,N,D,C,A,A,H,-,A,A,0,,,Y,,Y,,A,,1,0,0,0,0,0,0,0,1,"- ","- ",,,STANISLAUS,MODESTO,-120.97628021240234,37.698001861572266
8683697,2018,2018-08-29,5002,2018-08-21,1455,11023,M166,2,5,6,5002,0,0,0,,0,072,"CLAUS RD","BRIGGSMORE AV",469.00,N,N,A,-,N,,,,,,,,,,Y,2,0,1,2,A,-,05,21460,A,N,A,C,A,A,D,-,A,D,0,,,Y,,Y,,A,01,1,0,0,0,0,0,0,0,1,"- ","- ",,,STANISLAUS,MODESTO,-120.92131805419922,37.668186187744141
8696050,2018,2018-10-23,5002,2018-08-19,1618,11621,97,7,5,6,5002,0,0,0,,0,083,"RT 108","UNION AV",39.00,N,N,A,-,Y,STA,10,108,-,-,26.360,H,-,W,Y,2,0,2,2,A,-,09,21801,A,N,D,C,A,A,H,-,A,A,0,,,Y,,Y,,A,01,1,1,0,0,0,0,0,0,1,"- ","- ",,,STANISLAUS,MODESTO,-120.99437713623047,37.693328857421875
8697457,2018,2018-09-24,5002,2018-08-25,1611,13126,,6,5,6,5002,0,0,0,,0,072,"BRIGGSMORE AV","CLAUS RD",0.00,,Y,A,-,N,,,,,,,,,,Y,2,0,2,3,A,-,01,23152,A,N,D,C,A,A,H,-,A,A,0,,,,,Y,,D,,1,0,1,0,0,0,0,0,0,"- ","- ",,,STANISLAUS,MODESTO,-120.92128753662109,37.666900634765625
8697514,2018,2018-09-24,5002,2018-09-07,0038,13126,154,5,5,6,5002,0,0,0,,0,072,"BRIGGSMORE AV","ROSE AV",0.00,,Y,A,-,N,,,,,,,,,,Y,2,0,2,2,A,-,03,22350,,N,D,C,A,A,H,-,C,A,0,,,,,Y,,A,,1,0,1,0,0,0,0,0,0,"- ","- ",,,STANISLAUS,MODESTO,-120.96665954589844,37.667469024658203
8698027,2018,2018-12-17,5002,2018-09-08,0405,11857,405,6,5,6,5002,0,0,0,,0,041,"RT 132","D ST",550.00,,N,A,-,Y,STA,10,132,-,-,15.440,H,-,W,Y,2,0,2,1,A,-,08,22107,,N,E,J,A,A,H,-,B,A,0,,,,,Y,,E,,2,0,0,0,0,0,0,0,0,"- ","- ",,,STANISLAUS,MODESTO,-120.98802185058594,37.637210845947266
8709871,2018,2018-10-29,5002,2018-09-26,2251,13116,M537,3,5,6,5002,0,0,0,,0,MP63,"PELANDALE AV",SISK,635.00,W,N,A,-,Y,STA,10,99,-,R,21.521,R,4,S,Y,2,0,1,1,A,-,01,23152,B,N,E,I,A,A,H,-,C,D,0,,,,,Y,Y,D,,1,0,0,0,0,0,0,0,0,"- ","- ",,,STANISLAUS,MODESTO,-121.06929016113281,37.697181701660156
8711983,2018,2018-10-17,5002,2018-09-27,0745,11226,,4,5,6,5002,0,0,0,,0,063,"CARVER RD","WEST RUMBLE RD",30.00,N,N,A,-,N,,,,,,,,,,N,2,0,1,2,A,-,10,21954,B,N,G,B,B,A,H,-,A,D,0,Y,,,,Y,,N,,1,0,0,0,1,0,0,0,0,"- ","- ",,,STANISLAUS,MODESTO,-121.02232360839844,37.681800842285156
8729243,2018,2018-11-14,5007,2018-10-31,2215,5755,,3,5,5,5007,0,0,0,,0,002,"LANDER AV","ANGELUS ST",108.00,S,N,A,-,N,,,,,,,,,,N,2,0,1,2,A,-,11,21954,A,N,G,B,D,A,H,-,D,D,0,Y,,,,Y,,N,60,1,0,0,0,1,0,0,0,0,"- ","- ",,,STANISLAUS,TURLOCK,-120.84896087646484,37.486652374267578
8734696,2018,2018-11-09,5002,2018-10-06,2237,11531,M175,6,5,6,5002,0,0,0,,0,061,"PRESCOTT RD","PLAZA PKWY",493.00,S,N,A,-,N,,,,,,,,,,Y,2,0,1,1,A,-,01,23152,A,N,E,I,A,A,H,-,C,D,0,,,Y,,Y,Y,C,,1,0,0,0,0,0,0,0,1,"- ","- ",,,STANISLAUS,MODESTO,-121.03123474121094,37.670368194580078
8740707,2018,2018-11-29,5002,2018-11-03,1444,13186,STANI,6,5,6,5002,0,0,0,,0,071,"EAST BRIGGSMORE AV","COFFEE RD",0.00,,Y,A,-,N,,,,,,,,,,Y,2,0,1,2,A,-,08,22107,,N,B,C,A,A,H,-,A,A,0,,,Y,,Y,,D,22,1,0,0,0,0,0,0,0,1,"- ","- ",,,STANISLAUS,MODESTO,-120.9757080078125,37.667148590087891
8742315,2018,2019-01-28,5001,2018-11-19,0838,715,F001,1,5,4,5001,0,0,0,,0,005,"EAST WHITMORE AV","9TH ST",0.00,,Y,A,-,N,,,,,,,,,,Y,2,0,3,2,D,-,00,,,N,D,C,A,A,H,-,A,A,0,,,,,Y,,-,"- ",1,0,2,0,0,0,0,0,0,"- ","- ",37.594730377197266,-120.94783782958984,STANISLAUS,CERES,-120.94783020019531,37.594760894775391
8750088,2018,2018-12-04,5007,2018-10-31,0037,5753,TPD,3,5,5,5007,0,0,0,,0,002,"EAST OLIVE AV","NORTH CENTER ST",0.00,,Y,A,-,N,,,,,,,,,,N,2,0,1,2,A,-,01,23152,A,F,D,C,A,A,H,-,C,A,0,,,Y,,Y,Y,C,02,1,0,0,0,0,0,0,0,1,"- ","- ",,,STANISLAUS,TURLOCK,-120.84599304199219,37.496051788330078
8751681,2018,2018-12-11,5007,2018-11-17,1734,5778,,6,5,5,5007,0,0,0,,0,002,"SOUTH GOLDEN STATE BL","EAST AV",33.00,S,N,A,-,N,,,,,,,,,,N,2,0,1,2,A,-,17,21451,A,N,G,B,B,A,H,-,C,A,0,Y,,,,Y,,A,01,1,0,0,0,1,0,0,0,0,"- ","- ",,,STANISLAUS,TURLOCK,-120.84363555908203,37.492572784423828
8773167,2018,2019-01-12,5002,2018-12-11,1736,13197,419,2,5,6,5002,0,0,0,,0,041,"6TH ST","H ST",0.00,,Y,A,-,N,,,,,,,,,,Y,2,0,1,2,A,-,11,21954,A,N,G,B,D,A,H,-,C,A,0,Y,,,,Y,,N,60,1,0,0,0,1,0,0,0,0,"- ","- ",,,STANISLAUS,MODESTO,-121.00183868408203,37.635658264160156
8791186,2019,2019-02-04,5002,2019-01-18,1928,11793,M409,5,5,6,5002,0,0,0,,0,041,"D ST","11TH ST",0.00,,Y,A,-,N,,,,,,,,,,N,2,0,1,2,A,-,12,21453,A,F,G,B,A,A,H,-,C,A,0,,Y,,,Y,,-,,1,0,0,0,0,0,1,0,0,"- ","- ",,,STANISLAUS,MODESTO,-120.99246978759766,37.635448455810547
8794089,2018,2019-02-26,5004,2018-12-29,2239,209,RD36,6,5,3,5004,0,0,0,,0,031,"RT 108","EAST F ST",23.00,S,N,A,-,Y,STA,10,108,-,-,38.180,H,-,W,Y,2,0,1,1,A,-,03,22350,,N,H,I,A,A,H,-,C,A,0,,,,,Y,Y,-,99,1,0,0,0,0,0,0,0,0,"- ","- ",37.766281127929688,-120.84790802001953,STANISLAUS,OAKDALE,-120.84796142578125,37.766262054443359
8798095,2019,2019-02-08,5002,2019-01-13,1727,MR58,M284,7,5,6,5002,0,0,0,,0,071,"COFFEE RD","E ORANGEBURG",0.00,,Y,A,-,N,,,,,,,,,,Y,2,0,1,2,A,-,12,21453,A,N,D,-,A,A,H,-,C,A,0,,,Y,,Y,Y,C,,1,0,0,0,0,0,0,0,1,"- ","- ",,,STANISLAUS,MODESTO,-120.97567749023438,37.663551330566406
8806320,2019,2019-03-11,5002,2019-01-26,0852,11747,M088,6,5,6,5002,0,0,0,,0,062,"TULLY RD","LEVON AV",245.00,S,N,A,-,N,,,,,,,,,,Y,2,0,1,2,A,-,08,22107,,N,C,E,A,A,H,-,-,D,0,,,,,Y,,A,,1,0,0,0,0,0,0,0,0,"- ","- ",,,STANISLAUS,MODESTO,-121.01235961914062,37.680068969726562
8808488,2019,2019-09-12,5002,2019-04-30,0651,11531,M320,2,5,6,5002,0,0,0,,0,043,"RT 132","TRASK LN",91.00,E,N,A,-,Y,STA,10,132,-,-,17.430,H,-,W,Y,1,1,2,3,A,-,01,23152,F,N,E,I,A,A,H,-,A,D,0,,,,,Y,,D,22,1,1,0,0,0,0,0,0,0,"- ","- ",,,STANISLAUS,MODESTO,-120.95203399658203,37.638168334960938
8813662,2019,2019-04-04,5002,2019-02-04,1803,13032,MP99,1,5,6,5002,0,0,0,,0,041,"9TH ST","RIVER RD",855.00,N,N,A,-,N,,,,,,,,,,Y,2,0,2,2,A,-,01,23152,A,N,B,C,A,A,H,-,C,D,0,,,,,Y,,A,,1,0,1,0,0,0,0,0,0,"- ","- ",,,STANISLAUS,MODESTO,-120.98835754394531,37.628841400146484
8820486,2019,2019-04-04,5002,2019-03-10,1939,11789,504,7,5,6,5002,0,0,0,,0,032,"SUTTER AV","FIGARO AV",0.00,N,N,A,-,N,,,,,,,,,,N,2,0,1,2,A,-,11,21954,A,F,G,B,D,A,H,-,D,D,0,Y,,,,Y,Y,-,"- ",1,0,0,0,1,0,0,0,0,"- ","- ",,,STANISLAUS,MODESTO,-121.01178741455078,37.617870330810547
8822507,2019,2019-05-07,5002,2019-03-02,1433,13105,M457,6,5,6,5002,0,0,0,,0,042,"RT 132","CAMELIA AV",80.00,,N,F,-,Y,STA,10,132,-,-,16.420,H,-,E,Y,2,0,3,1,A,-,08,22107,,N,E,I,A,B,H,-,A,D,0,,,,,Y,,A,01,1,1,1,0,0,0,0,0,0,"- ","- ",,,STANISLAUS,MODESTO,-120.97023773193359,37.638195037841797
8822850,2019,2019-04-17,5002,2019-03-01,2101,11854,166,5,5,6,5002,0,0,0,,0,072,"CLAUS RD","BRIGGSMORE AV",0.00,,Y,A,-,N,,,,,,,,,,Y,2,0,6,2,A,-,09,21453,C,N,D,C,A,A,H,-,C,A,0,,,,,Y,,A,,2,4,0,0,0,0,0,0,0,"- ","- ",,,STANISLAUS,MODESTO,-120.92128753662109,37.666900634765625
8823410,2019,2019-03-25,5007,2019-03-06,0901,5694,5007,3,5,5,5007,0,0,0,,0,001,"GEER RD","FULLERTON RD",116.00,S,N,C,-,N,,,,,,,,,,Y,2,0,1,2,A,-,11,21954,A,N,G,B,D,B,H,-,A,D,0,Y,,,,Y,,N,60,1,0,0,0,1,0,0,0,0,"- ","- ",,,STANISLAUS,TURLOCK,-120.84903717041016,37.526660919189453
8823953,2019,2019-03-25,5001,2019-03-06,1627,858,B204,3,5,4,5001,0,0,0,,0,003,"MITCHELL RD","NICHOLAS WY",0.00,,Y,A,-,N,,,,,,,,,,Y,2,0,2,2,A,-,09,21801,A,N,D,C,A,A,H,-,A,A,0,,,,,Y,,A,01,1,1,0,0,0,0,0,0,0,"- ","- ",37.609298706054688,-120.93863677978516,STANISLAUS,CERES,-120.93875122070312,37.612190246582031
8839658,2019,2019-04-17,5001,2019-04-12,1148,839,A202,5,5,4,5001,0,0,0,,0,001,"EVANS RD","LOIS WY",131.00,E,N,A,-,N,,,,,,,,,,N,2,0,1,2,A,-,03,22350,,N,D,E,A,A,H,-,A,D,0,,,,,Y,,A,01,1,0,0,0,0,0,0,0,0,"- ","- ",37.602001190185547,-120.95600128173828,STANISLAUS,CERES,-120.95890808105469,37.602684020996094
8845280,2019,2019-04-26,5002,2019-04-13,0153,11793,M419,6,5,6,5002,0,0,0,,0,041,"6TH ST","K ST",0.00,,Y,A,-,N,,,,,,,,,,Y,2,0,1,2,A,-,12,22450,A,F,D,C,A,A,H,-,C,A,0,,,,,Y,,-,,1,0,0,0,0,0,0,0,0,"- ","- ",,,STANISLAUS,MODESTO,-121.00525665283203,37.638599395751953
8849055,2019,2019-05-13,5001,2019-04-22,0448,706,D206,1,5,4,5001,0,0,0,,0,005,"E SERVICE RD","EL CAMINO AV",0.00,,Y,A,-,N,,,,,,,,,,Y,2,0,2,3,A,-,03,22350,,N,C,C,A,A,H,-,D,D,0,,,,Y,Y,,G,25,1,1,0,0,0,0,0,0,0,"- ","- ",37.580230712890625,-120.942626953125,STANISLAUS,CERES,-120.94265747070312,37.580238342285156
8854711,2019,2019-05-17,5007,2019-04-24,2031,5753,TPD,3,5,5,5007,0,0,0,,0,003,"N WALNUT","WEST MAIN ST",408.00,N,N,A,-,N,,,,,,,,,,N,2,0,1,2,A,-,11,21950,B,N,G,B,D,A,H,-,E,D,0,Y,,,,Y,,N,60,1,0,0,0,1,0,0,0,0,"- ","- ",,,STANISLAUS,TURLOCK,-120.87175750732422,37.493850708007812
8863723,2019,2019-05-22,5002,2019-05-10,0808,13118,M351,5,5,6,5002,0,0,0,,0,031,"HATCH RD","BOISE AV",0.00,,Y,A,-,N,,,,,,,,,,Y,2,0,7,2,A,-,09,21801,A,N,D,C,A,A,H,-,A,A,0,,,,,Y,,A,,1,2,4,0,0,0,0,0,0,"- ","- ",,,STANISLAUS,MODESTO,-121.00705718994141,37.607730865478516
8866165,2019,2019-05-23,5002,2019-04-26,0941,10308,M479,5,5,6,5002,0,0,0,,0,033,"PARADISE RD","ELLEN AV",6.00,E,N,A,-,N,,,,,,,,,,N,2,0,1,2,A,-,10,21950,A,N,G,B,B,A,H,-,A,D,0,Y,,,,Y,,A,,1,0,0,0,1,0,0,0,0,"- ","- ",,,STANISLAUS,MODESTO,-121.01486206054688,37.625770568847656
8874345,2019,2019-06-20,5007,2019-05-24,1741,5782,5007,5,5,5,5007,0,0,0,,0,002,"EAST AV","BELL ST",161.00,E,N,A,-,N,,,,,,,,,,Y,2,0,1,2,A,-,09,21801,A,N,A,C,A,A,H,-,A,D,0,,,Y,,Y,,D,22,1,0,0,0,0,0,0,0,1,"- ","- ",,,STANISLAUS,TURLOCK,-120.83475494384766,37.49267578125
8878797,2019,2019-06-21,5002,2019-06-01,1557,11531,M195,6,5,6,5002,0,0,0,,0,061,"WEST ROSEBURG AV","DEL VALE AV",0.00,,Y,A,-,N,,,,,,,,,,Y,2,0,4,3,A,-,01,23152,A,F,D,C,A,A,H,-,A,A,0,,,,,Y,Y,A,01,2,2,0,0,0,0,0,0,0,"- ","- ",,,STANISLAUS,MODESTO,-121.01930236816406,37.660499572753906
8883380,2019,2019-07-11,5002,2019-06-14,1540,13105,737,5,5,6,5002,0,0,0,,0,041,"LA LOMA AV","MORTON WY",0.00,W,N,A,-,N,,,,,,,,,,N,2,0,2,2,A,-,03,22350,,N,C,C,A,A,H,-,A,D,0,,,,,Y,,-,,1,0,1,0,0,0,0,0,0,"- ","- ",,,STANISLAUS,MODESTO,-120.98541259765625,37.643550872802734
8886032,2019,2019-07-03,5002,2019-06-01,1548,11026,079,6,5,6,5002,0,0,0,,0,062,"WEST BRIGGSMORE AV","CARVER RD",0.00,,Y,A,-,N,,,,,,,,,,Y,2,0,1,2,A,-,12,21453,A,N,D,C,A,A,H,-,A,A,0,,,,,Y,,A,01,1,0,0,0,0,0,0,0,0,"- ","- ",,,STANISLAUS,MODESTO,-121.02214050292969,37.671489715576172
8887066,2019,2019-07-03,5002,2019-06-13,2050,13196,,4,5,6,5002,0,0,0,,0,071,"EAST ORANGEBURG AV","PALOMAR WY",0.00,,Y,A,-,N,,,,,,,,,,Y,2,0,1,2,A,-,08,22107,,N,C,E,A,A,H,-,C,D,0,,,,,Y,,A,,1,0,0,0,0,0,0,0,0,"- ","- ",,,STANISLAUS,MODESTO,-120.9732666015625,37.663551330566406
8889615,2019,2019-07-17,5002,2019-06-14,1944,13079,M156,5,5,6,5002,0,0,0,,0,073,"OAKDALE RD","SYLVAN AV",432.00,N,N,A,-,N,,,,,,,,,,Y,2,0,2,2,A,-,09,21804,,N,D,C,A,A,H,-,A,D,0,,,,,Y,Y,-,,1,1,0,0,0,0,0,0,0,"- ","- ",,,STANISLAUS,MODESTO,-120.95800018310547,37.690155029296875
8890710,2019,2019-12-03,5002,2019-04-25,1433,13118,M419,4,5,6,5002,0,0,0,,0,041,"RT 132","6TH ST",0.00,,Y,A,-,Y,STA,10,132,-,-,14.770,I,5,E,Y,2,0,2,2,A,-,17,21451,A,N,D,C,A,-,H,-,A,A,0,,,Y,,Y,,A,,1,1,0,0,0,0,0,0,2,"- ","- ",,,STANISLAUS,MODESTO,-121.00639343261719,37.639572143554688
8905986,2019,2019-08-06,5007,2019-07-16,2209,5770,,2,5,5,5007,0,0,0,,0,004,"COUNTRYSIDE DR","SHETLAND WY",247.00,N,N,A,-,N,,,,,,,,,,N,2,0,1,1,A,-,08,22107,,N,E,I,A,A,H,-,D,D,0,,,Y,,Y,,C,02,1,0,0,0,0,0,0,0,1,"- ","- ",,,STANISLAUS,TURLOCK,-120.87655639648438,37.511604309082031
8910834,2020,2020-03-19,5007,2020-01-08,1759,5792,5007,3,5,5,5007,0,0,0,,0,002,"EAST AV","ALPHA RD",111.00,S,N,A,-,N,,,,,,,,,,N,1,1,0,2,A,-,11,21956,A,N,G,B,D,A,H,-,E,D,0,Y,,,,Y,,N,60,0,0,0,1,0,0,0,0,0,"- ","- ",,,STANISLAUS,TURLOCK,-120.83757781982422,37.492679595947266
8911046,2020,2020-05-20,5002,2020-03-31,1444,11023,M456,2,5,6,5002,0,0,0,,0,042,"KERR AV","RT 132",18.00,S,N,A,-,Y,STA,10,132,-,-,16.360,I,6,E,N,1,1,0,2,A,-,10,21950,A,N,G,B,B,A,H,-,A,D,0,Y,,,,Y,,A,07,0,0,0,1,0,0,0,0,0,"- ","- ",,,STANISLAUS,MODESTO,-120.9713134765625,37.638198852539062
8911048,2020,2020-05-12,5002,2020-04-02,2143,11267,151,4,5,6,5002,0,0,0,,0,073,"CLAUS RD","MILNES RD",64.00,N,N,A,-,N,,,,,,,,,,N,1,1,0,3,A,-,11,21954,A,N,G,B,E,A,H,-,C,D,0,Y,,,,Y,,N,60,0,0,0,1,0,0,0,0,0,"- ","- ",,,STANISLAUS,MODESTO,-120.92149353027344,37.681976318359375
8911205,2019,2020-06-23,5006,2019-12-20,2206,S025B2,RPD,5,5,3,5006,0,0,0,,0,RPI,"PATTERSON RD","OAKDALE RD",0.00,,Y,A,-,Y,STA,10,108,-,-,31.050,I,5,E,Y,1,1,4,3,A,-,01,23152,A,N,D,C,A,A,H,-,C,A,0,,,,,Y,Y,D,22,0,1,3,0,0,0,0,0,0,"- ","- ",,,STANISLAUS,RIVERBANK,-120.95869445800781,37.732643127441406
8911635,2020,2020-10-01,5007,2020-07-23,1143,5610,CSUS,4,5,5,5007,0,0,0,,0,000,"WEST MONTE VISTA AV","DELS LN",0.00,,Y,A,-,N,,,,,,,,,,N,1,1,0,2,A,-,05,21202,A,N,D,G,A,A,H,-,A,A,0,,Y,,,Y,,L,04,0,0,0,0,0,1,0,0,0,"- ","- ",37.521919250488281,-120.85809326171875,STANISLAUS,TURLOCK,-120.85811614990234,37.521808624267578
8911960,2020,2022-06-11,5001,2020-09-29,1914,704,D003,2,5,4,5001,0,0,0,,0,005,"MITCHELL RD","WHITMORE AV",260.00,S,N,A,-,N,,,,,,,,,,N,1,1,0,2,A,-,11,21955,,F,H,B,D,A,H,-,C,A,0,Y,,,,Y,,N,60,0,0,0,1,0,0,0,0,0,"- ","- ",37.594730377197266,-120.93868255615234,STANISLAUS,CERES,-120.93869781494141,37.594036102294922
8912635,2019,2019-09-10,5002,2019-07-26,1046,11413,134,5,5,6,5002,0,0,0,,0,073,"COFFEE RD","SYLVAN MEADOWS DR",9.00,S,N,A,-,N,,,,,,,,,,N,2,0,1,2,A,-,10,21950,A,N,-,B,B,A,H,-,A,A,0,Y,,,,Y,,-,,1,0,0,0,1,0,0,0,0,"- ","- ",,,STANISLAUS,MODESTO,-120.97611999511719,37.691295623779297
8917262,2019,2019-08-15,5002,2019-04-22,2158,11267,,1,5,6,5002,0,0,0,,0,081,"SUNRISE AV","HELEN AV",0.00,,Y,A,-,N,,,,,,,,,,Y,2,0,2,2,A,-,01,23152,A,N,D,C,A,A,A,-,C,A,0,,,Y,,Y,Y,C,02,1,1,0,0,0,0,0,0,2,"- ","- ",,,STANISLAUS,MODESTO,-120.98470306396484,37.654541015625
8918449,2019,2019-09-26,5001,2019-08-04,0219,715,B008,7,5,4,5001,0,0,0,,0,003,"FAITH HOME RD","EAST HATCH RD",28.00,N,N,A,-,N,,,,,,,,,,Y,2,0,2,1,A,-,12,22450,,M,E,I,A,A,H,-,D,D,0,,,,,Y,,A,01,1,1,0,0,0,0,0,0,0,"- ","- ",37.609340667724609,-120.92050170898438,STANISLAUS,CERES,-120.92050170898438,37.609310150146484
8935555,2019,2019-09-24,5002,2019-09-03,0803,11026,045,2,5,6,5002,0,0,0,,0,082,"TULLY RD","BOWEN AV",0.00,,Y,A,-,N,,,,,,,,,,N,2,0,1,2,A,-,10,21950,A,F,-,B,B,A,H,-,A,A,0,Y,,,,Y,Y,-,,1,0,0,0,1,0,0,0,0,"- ","- ",,,STANISLAUS,MODESTO,-121.01230621337891,37.674858093261719
8935579,2019,2019-09-24,5002,2019-09-05,1945,13105,M714,4,5,6,5002,0,0,0,,0,032,"SIERRA DR","MERCED AV",1.00,W,N,A,-,N,,,,,,,,,,,2,0,1,2,A,-,08,22107,,N,H,G,A,A,H,-,A,D,0,,Y,,,Y,,L,04,1,0,0,0,0,0,1,0,0,"- ","- ",,,STANISLAUS,MODESTO,-120.99883270263672,37.631011962890625
8944954,2019,2019-10-11,5001,2019-09-07,1853,755,2,6,5,4,5001,0,0,0,,0,001,"TRICIA CT","10TH ST",216.00,W,N,A,-,N,,,,,,,,,,N,2,0,1,2,C,-,18,,,N,D,E,A,A,H,-,A,D,0,,,Y,,Y,,-,"- ",1,0,0,0,0,0,0,0,1,"- ","- ",37.585910797119141,-120.94537353515625,STANISLAUS,CERES,-120.94560241699219,37.586109161376953
8947364,2019,2019-10-07,5002,2019-05-21,0829,1320,M428,2,5,6,5002,0,0,0,,0,032,"ROUSE AV","SUTTER AV",0.00,,Y,A,-,N,,,,,,,,,,N,2,0,1,2,A,-,12,22450,A,F,D,G,A,A,H,-,A,A,0,,Y,,,Y,,A,,1,0,0,0,0,0,1,0,0,"- ","- ",,,STANISLAUS,MODESTO,-121.01175689697266,37.620571136474609
8950148,2019,2020-07-22,5002,2019-09-24,1731,10958,M415,2,5,6,5002,0,0,0,,0,041,"RT 132","I ST",132.00,S,N,A,-,Y,STA,10,132,-,L,15.270,H,-,W,N,2,0,4,3,A,-,08,22107,,N,B,C,A,A,H,-,A,A,0,,,,,Y,,D,,1,0,3,0,0,0,0,0,0,"- ","- ",,,STANISLAUS,MODESTO,-121.00058746337891,37.639213562011719
8950324,2019,2019-11-07,5002,2019-09-14,2115,11774,M479,6,5,6,5002,0,0,0,,0,033,"CHICAGO AV","HARON LN",0.00,,Y,A,-,N,,,,,,,,,,Y,2,0,1,2,A,-,09,21801,A,N,A,C,A,A,H,-,C,D,0,,,,,Y,,-,,1,0,0,0,0,0,0,0,0,"- ","- ",,,STANISLAUS,MODESTO,-121.01628875732422,37.625968933105469
8959548,2019,2019-11-04,5006,2019-09-26,1015,S987,MODES,4,5,3,5006,0,0,0,,0,,"CLAUS RD","TOWNSEND AV",491.00,S,N,A,-,N,,,,,,,,,,Y,2,0,2,1,A,-,08,22107,,N,F,I,A,A,H,-,A,A,0,,,,,Y,Y,A,01,1,1,0,0,0,0,0,0,0,"- ","- ",,,STANISLAUS,RIVERBANK,-120.92195892333984,37.721321105957031
8961889,2019,2019-10-23,5002,2019-10-03,1212,13232,M419,4,5,6,5002,0,0,0,,0,041,"6TH ST","I ST",0.00,,Y,A,-,N,,,,,,,,,,Y,2,0,1,2,A,-,12,21453,A,N,D,C,A,A,H,-,A,A,0,,,,,Y,,-,,1,0,0,0,0,0,0,0,0,"- ","- ",,,STANISLAUS,MODESTO,-121.00298309326172,37.636650085449219