CASE_ID,ACCIDENT_YEAR,PROC_DATE,JURIS,COLLISION_DATE,COLLISION_TIME,OFFICER_ID,REPORTING_DISTRICT,DAY_OF_WEEK,CHP_SHIFT,POPULATION,CNTY_CITY_LOC,SPECIAL_COND,BEAT_TYPE,CHP_BEAT_TYPE,CITY_DIVISION_LAPD,CHP_BEAT_CLASS,BEAT_NUMBER,PRIMARY_RD,SECONDARY_RD,DISTANCE,DIRECTION,INTERSECTION,WEATHER_1,WEATHER_2,STATE_HWY_IND,CALTRANS_COUNTY,CALTRANS_DISTRICT,STATE_ROUTE,ROUTE_SUFFIX,POSTMILE_PREFIX,POSTMILE,LOCATION_TYPE,RAMP_INTERSECTION,SIDE_OF_HWY,TOW_AWAY,COLLISION_SEVERITY,NUMBER_KILLED,NUMBER_INJURED,PARTY_COUNT,PRIMARY_COLL_FACTOR,PCF_CODE_OF_VIOL,PCF_VIOL_CATEGORY,PCF_VIOLATION,PCF_VIOL_SUBSECTION,HIT_AND_RUN,TYPE_OF_COLLISION,MVIW,PED_ACTION,ROAD_SURFACE,ROAD_COND_1,ROAD_COND_2,LIGHTING,CONTROL_DEVICE,CHP_ROAD_TYPE,PEDESTRIAN_ACCIDENT,BICYCLE_ACCIDENT,MOTORCYCLE_ACCIDENT,TRUCK_ACCIDENT,NOT_PRIVATE_PROPERTY,ALCOHOL_INVOLVED,STWD_VEHTYPE_AT_FAULT,CHP_VEHTYPE_AT_FAULT,COUNT_SEVERE_INJ,COUNT_VISIBLE_INJ,COUNT_COMPLAINT_PAIN,COUNT_PED_KILLED,COUNT_PED_INJURED,COUNT_BICYCLIST_KILLED,COUNT_BICYCLIST_INJURED,COUNT_MC_KILLED,COUNT_MC_INJURED,PRIMARY_RAMP,SECONDARY_RAMP,LATITUDE,LONGITUDE,COUNTY,CITY,POINT_X,POINT_Y
8971949,2019,2019-11-21,5007,2019-10-12,0002,5724,,6,5,5,5007,0,0,0,,0,001,"EAST MONTE VISTA AV","COLORADO AV",432.00,W,N,A,-,N,,,,,,,,,,N,2,0,1,2,A,-,11,21954,A,N,G,B,D,A,H,-,C,D,0,Y,,,,Y,,N,60,1,0,0,0,1,0,0,0,0,"- ","- ",,,STANISLAUS,TURLOCK,-120.83680725097656,37.521869659423828
8972715,2019,2019-11-20,5002,2019-10-27,1807,875,B206,7,5,6,5002,0,0,0,,0,003,"EAST HATCH RD","ANGIE AV",229.00,W,N,A,-,N,,,,,,,,,,Y,2,0,1,2,A,-,09,21804,A,N,D,C,A,A,H,-,A,D,0,,,Y,,Y,,A,01,1,0,0,0,0,0,0,0,1,"- ","- ",37.609298706054688,-120.93879699707031,STANISLAUS,MODESTO,-120.94094848632812,37.609310150146484
8973894,2019,2019-11-13,5002,2019-10-15,1325,10152,319,2,5,6,5002,0,0,0,,0,042,"EL VISTA AV","MILLER AV",0.00,,Y,A,-,N,,,,,,,,,,Y,2,0,2,2,A,-,12,21453,A,N,D,C,A,A,H,-,A,A,0,,,,,Y,,A,,1,0,1,0,0,0,0,0,0,"- ","- ",,,STANISLAUS,MODESTO,-120.95720672607422,37.640068054199219
8979368,2019,2020-01-28,5002,2019-11-24,1453,11845,MO51,7,5,6,5002,0,0,0,,0,061,"WOODLAND AV","DIABLO AV",0.00,,Y,A,-,N,,,,,,,,,,Y,2,0,3,2,A,-,12,22450,A,N,D,C,A,A,H,-,A,A,0,,,,,Y,,A,,2,0,1,0,0,0,0,0,0,"- ","- ",,,STANISLAUS,MODESTO,-121.03333282470703,37.653179168701172
8979411,2019,2020-01-24,5002,2019-11-22,1735,13126,M005,5,5,6,5002,0,0,0,,0,063,"STANDFORD AV","DALE RD",400.00,,N,A,-,N,,,,,,,,,,Y,2,0,3,2,A,-,09,21801,A,N,D,C,A,A,H,-,B,D,0,,,,,Y,,-,,1,1,1,0,0,0,0,0,0,"- ","- ",,,STANISLAUS,MODESTO,-121.04981231689453,37.685310363769531
8982448,2019,2020-01-10,5007,2019-11-11,1815,5780,5007,1,5,5,5007,0,0,0,,0,002,"BOTHUN RD","EAST AV",269.00,S,N,A,-,N,,,,,,,,,,N,2,0,1,2,A,-,11,21950,B,N,G,B,E,A,H,-,D,D,0,Y,,,,Y,Y,N,60,1,0,0,0,1,0,0,0,0,"- ","- ",,,STANISLAUS,TURLOCK,-120.83177185058594,37.491920471191406
8985647,2019,2020-06-16,5002,2019-11-10,0148,13155,43,7,5,6,5002,0,0,0,,0,609,"CLAUS RD","RT 132",30.00,N,N,A,-,Y,STA,10,132,-,-,19.010,I,6,E,Y,2,0,2,1,A,-,08,22107,,F,E,I,A,A,H,-,C,A,0,,,,,Y,,A,,1,1,0,0,0,0,0,0,0,"- ","- ",,,STANISLAUS,MODESTO,-120.92312622070312,37.638240814208984
8989580,2018,2019-12-07,5005,2018-10-14,2100,S01906,PATTE,7,5,3,5005,0,0,0,,0,3B5,"S 2ND","SPERRY AV",0.00,,Y,A,-,N,,,,,,,,,,N,2,0,1,1,A,-,03,22350,,N,E,I,A,A,H,-,C,D,0,,,,,Y,Y,A,01,1,0,0,0,0,0,0,0,0,"- ","- ",,,STANISLAUS,PATTERSON,-121.12321,37.464280000000002
8989742,2018,2019-11-26,5005,2018-01-14,2141,S023216,MODES,7,5,3,5005,0,0,0,,0,,"WARD AV","W LAS PALMAS AV",357.00,S,N,A,-,N,,,,,,,,,,Y,2,0,1,3,A,-,08,22107,,N,C,C,A,A,H,-,C,D,0,,,,,Y,,A,01,1,0,0,0,0,0,0,0,0,"- ","- ",,,STANISLAUS,PATTERSON,-121.1409912109375,37.465770721435547
90011804,2015,2015-10-19,9465,2015-08-11,1930,014853,,2,2,9,5000,0,3,5,,2,010,"COFFEE ROAD","CLARIBEL ROAD",0.00,,Y,A,-,N,,,,,,,,,,Y,2,0,3,3,A,-,12,22450,A,N,D,C,A,A,D,-,A,A,0,,,,,Y,,A,07,2,1,0,0,0,0,0,0,0,"- ","- ",37.710970000000003,-120.97662,STANISLAUS,UNINCORPORATED,-120.9766399,37.711029959999998
90012142,2015,2015-10-19,9465,2015-08-14,1641,018363,,5,2,9,5000,0,1,3,,2,011,"STATE ROUTE 99 (SOUTHBOUND)","WOODLAND AVENUE",230.00,N,N,A,-,Y,,,99,,,,,,,Y,2,0,1,2,A,-,08,22107,,N,F,A,A,A,H,-,A,D,0,,,Y,,Y,,C,02,1,0,0,0,0,0,0,0,1,"- ","- ",37.653799999999997,-121.02537,STANISLAUS,UNINCORPORATED,-121.02542063,37.653769969999999
90014541,2015,2015-10-19,9465,2015-08-24,1047,018259,,1,1,9,5000,0,3,5,,2,020,"LANGWORTH ROAD","CLARIBEL ROAD",2587.00,S,N,A,-,N,,,,,,,,,,Y,2,0,1,2,A,-,03,22350,,N,C,C,A,A,H,-,A,D,0,,,Y,,Y,,C,02,1,0,0,0,0,0,0,0,1,"- ","- ",37.703800000000001,-120.89400000000001,STANISLAUS,UNINCORPORATED,-120.89395085,37.703915870000003
9001692,2019,2019-12-23,5002,2019-09-01,0900,11531,M051,7,5,6,5002,0,0,0,,0,061,"NORTH CARPENTER RD","WOODLAND AV",197.00,N,N,A,-,N,,,,,,,,,,Y,2,0,1,2,A,-,03,22350,,N,D,C,A,A,H,-,A,D,0,,,Y,,Y,,C,02,1,0,0,0,0,0,0,0,1,"- ","- ",,,STANISLAUS,MODESTO,-121.03105926513672,37.653751373291016
90025022,2015,2015-10-19,9465,2015-07-01,0435,016917,,3,3,9,5000,0,1,1,,2,055,"INTERSTATE 5 (NORTHBOUND)","SPERRY AVENUE",2640.00,N,N,A,-,Y,,,5,,,,,,,Y,1,1,0,3,A,-,03,22350,,N,C,C,A,A,D,-,D,A,0,,,,Y,Y,,F,26,0,0,0,0,0,0,0,0,0,"- ","- ",37.468899999999998,-121.1853,STANISLAUS,UNINCORPORATED,-121.18536109999999,37.468839789999997
90025449,2015,2015-10-19,9465,2015-09-07,1145,018259,,1,1,9,5000,0,1,1,,2,055,"I-5 N/B","FINK ROAD",2640.00,S,N,A,-,Y,,,5,,,,,,N,Y,2,0,2,1,A,-,08,22107,,N,F,A,A,A,H,-,A,D,0,,,,,Y,,A,01,1,1,0,0,0,0,0,0,0,"- ","- ",37.388599999999997,-121.1319,STANISLAUS,UNINCORPORATED,-121.13188888000001,37.388607649999997
90026944,2015,2015-10-19,9465,2015-06-03,1329,020362,,3,1,9,5000,0,1,3,,1,031,"STATE ROUTE 132 (YOSEMITE BOULEVARD)","MCEWEN ROAD",280.00,W,N,A,-,Y,,,132,,,,,,,Y,1,1,1,1,A,-,05,21460,A,N,E,I,A,A,H,-,A,D,0,,,,,Y,,A,01,0,1,0,0,0,0,0,0,0,"- ","- ",37.6387,-120.8122,STANISLAUS,UNINCORPORATED,-120.81220003,37.63874637
90031711,2015,2015-10-19,9465,2015-10-12,0150,017167,,1,3,9,5000,0,3,5,,2,010,"FALLON LANE","BOYCE LANE",157.00,E,N,A,-,N,,,,,,,,,,Y,2,0,1,2,A,-,01,23152,A,N,C,E,A,A,H,-,D,D,0,,,,,Y,Y,A,01,1,0,0,0,0,0,0,0,0,"- ","- ",32.685749999999999,-120.96595000000001,STANISLAUS,UNINCORPORATED,-120.96597765,37.685730960000001
9004249,2018,2019-12-14,5004,2018-03-11,2025,209,RD19,7,5,3,5004,0,0,0,,0,00E,"D ST","APPALOOSA AV",154.00,W,N,A,-,N,,,,,,,,,,N,2,0,2,3,A,-,01,23152,A,N,B,E,A,A,H,-,C,D,0,,,,,Y,Y,A,01,1,1,0,0,0,0,0,0,0,"- ","- ",37.773200988769531,-120.83924102783203,STANISLAUS,OAKDALE,-120.83815765380859,37.773483276367188
9005067,2019,2020-06-16,5004,2019-12-16,1352,297,RD26,1,5,3,5004,0,0,0,,0,022,"WEST F ST","N OAK AV",0.00,,Y,A,-,Y,STA,10,108,-,-,37.170,H,-,E,N,2,0,3,5,A,-,03,22350,,N,C,C,A,A,H,-,A,A,0,,,,Y,Y,,A,01,3,0,0,0,0,0,0,0,0,"- ","- ",37.760639190673828,-120.8624267578125,STANISLAUS,OAKDALE,-120.86438751220703,37.759304046630859
90052808,2015,2015-11-17,9465,2015-11-05,1535,018778,,4,2,9,5000,0,2,4,,2,034,"GEER ROAD","E. GRAYSON ROAD",50.00,S,N,A,-,N,,,,,,,,,,Y,2,0,5,4,A,-,03,22350,,N,C,C,A,A,H,-,A,A,0,,,,,Y,,A,07,2,1,2,0,0,0,0,0,0,"- ","- ",37.565800000000003,-120.84706,STANISLAUS,UNINCORPORATED,-120.84702077,37.565532699999999
9005454,2019,2020-02-28,5004,2019-12-08,0138,236,RD21,7,5,3,5004,0,0,0,,0,022,"RAPUNZEL CT","WILLOWOOD DR",0.00,,Y,B,-,N,,,,,,,,,,Y,2,0,1,1,A,-,03,22350,,M,H,E,A,B,H,-,C,D,0,,,,,Y,,-,,1,0,0,0,0,0,0,0,0,"- ","- ",37.762680053710938,-120.87126922607422,STANISLAUS,OAKDALE,-120.87123870849609,37.762428283691406
90058325,2015,2015-11-24,9465,2015-11-14,1830,018825,,6,2,9,5000,0,3,5,,2,030,"LA GRANGE RD","OLD LA GRANGE ROAD",2467.00,S,N,A,-,N,,,,,,,,,,Y,2,0,1,1,A,-,08,22107,,N,F,A,A,A,H,-,D,D,0,,,Y,,Y,Y,C,02,1,0,0,0,0,0,0,0,1,"- ","- ",37.622999999999998,-120.461,STANISLAUS,UNINCORPORATED,-120.47150619,37.666639109999998
90063230,2015,2015-12-01,9465,2015-11-22,1820,018800,,7,2,9,5000,0,3,5,,2,040,"HATCH ROAD","MORGAN ROAD",25.00,W,N,A,-,N,,,,,,,,,,N,2,0,1,2,A,-,03,22350,,F,G,B,B,A,H,-,C,A,0,Y,,,,Y,,A,01,1,0,0,0,1,0,0,0,0,"- ","- ",37.609250000000003,-120.97821999999999,STANISLAUS,UNINCORPORATED,-120.98009628,37.609390670000003
90063277,2015,2015-12-01,9465,2015-11-30,0150,018382,,1,3,9,5000,0,3,5,,2,040,"HATCH RD","CROWS LANDING RD",0.00,,Y,A,-,N,,,,,,,,,,Y,2,0,2,2,A,-,01,23152,A,N,D,C,A,A,H,-,C,A,0,,,,,Y,Y,A,07,1,1,0,0,0,0,0,0,0,"- ","- ",37.609549999999999,-120.99370999999999,STANISLAUS,UNINCORPORATED,-120.99365999,37.609469910000001
90073049,2015,2015-12-15,9465,2015-11-14,0425,018382,,6,3,9,5000,0,3,5,,2,040,"FULKERTH ROAD","CARPENTER ROAD",2112.00,E,N,A,-,N,,,,,,,,,,Y,2,0,1,1,A,-,08,22107,,N,F,A,A,A,H,-,D,D,0,,,,,Y,,A,07,1,0,0,0,0,0,0,0,0,"- ","- ",37.507770000000001,-121.02607,STANISLAUS,UNINCORPORATED,-121.02359939,37.507744559999999
90078883,2015,2015-12-21,9465,2015-10-03,2000,019155,,6,2,9,5000,0,1,3,,1,054,"STATE ROUTE 33","J T CROW ROAD",1056.00,N,N,A,-,Y,,,,,,,,,,Y,2,0,1,1,A,-,01,23152,A,N,F,I,A,A,H,-,D,D,0,,,,,Y,Y,A,01,1,0,0,0,0,0,0,0,0,"- ","- ",37.555149999999998,-121.16819,STANISLAUS,UNINCORPORATED,-121.05274532999999,37.370394279999999
90081387,2015,2015-12-23,9465,2015-12-13,1050,018259,,7,1,9,5000,0,3,5,,2,030,"FINCH ROAD","CODONI AVENUE",140.00,W,N,B,C,N,,,,,,,,,,Y,2,0,1,1,A,-,08,22107,,N,E,I,A,B,H,-,A,D,0,,,,,Y,,A,01,1,0,0,0,0,0,0,0,0,"- ","- ",37.6248,-120.9117,STANISLAUS,UNINCORPORATED,-120.91161332999999,37.625075129999999
90082161,2015,2015-12-24,9465,2015-10-01,0121,014737,,4,3,9,5000,0,1,3,,2,041,"STATE ROUTE 99 (SOUTHBOUND)","HATCH ROAD",1315.00,N,N,B,-,Y,,,99,,,,,,,N,1,1,0,5,A,-,11,21954,A,N,G,B,E,B,H,-,D,D,0,Y,,,Y,Y,Y,N,60,0,0,0,1,0,0,0,0,0,"- ","- ",37.61947,-120.99415999999999,STANISLAUS,UNINCORPORATED,-120.99419091999999,37.619439499999999
90082772,2015,2015-12-28,9465,2015-12-12,0210,018998,,6,3,5,5007,0,1,3,,2,041,"STATE ROUTE 99 (NORTHBOUND)","FULKERTH ROAD",1056.00,N,N,A,-,Y,,,99,,,,,,,Y,2,0,1,2,A,-,01,23152,A,N,C,C,A,A,H,-,C,D,0,,,,Y,Y,Y,A,01,1,0,0,0,0,0,0,0,0,"- ","- ",37.508200000000002,-120.8781,STANISLAUS,TURLOCK,-120.87813056,37.508183699999996
90097006,2016,2016-01-18,9465,2016-01-04,1455,019553,,1,2,9,5000,0,1,3,,2,012,"STATE ROUTE 132 (MAZE BOULEVARD)","PARADISE ROAD",7920.00,W,N,A,-,Y,,,132,,,,,,,Y,2,0,1,1,A,-,01,23152,A,N,F,A,A,A,H,-,A,D,0,,,,,Y,Y,A,07,1,0,0,0,0,0,0,0,0,"- ","- ",37.63785,-121.20482,STANISLAUS,UNINCORPORATED,-121.20482647999999,37.637879320000003
90101854,2016,2016-01-25,9465,2016-01-09,0305,019155,,6,3,9,5000,0,3,5,,2,010,"MCHENRY AVENUE","HOGUE ROAD",104.00,S,N,A,-,Y,,,,,,,,,,Y,2,0,1,1,A,-,08,22107,,N,E,I,A,A,H,-,D,D,0,,,,,Y,,D,22,1,0,0,0,0,0,0,0,0,"- ","- ",37.747480000000003,-120.99547,STANISLAUS,UNINCORPORATED,-120.99554449,37.747874430000003
9010827,2019,2020-02-14,5002,2019-12-09,1716,11236,158,1,5,6,5002,0,0,0,,0,072,"ROSELLE AV","FLOYD AV",228.00,S,N,A,-,N,,,,,,,,,,Y,2,0,2,2,A,-,03,22350,,N,C,C,A,A,H,-,C,D,0,,,,,Y,,-,,1,1,0,0,0,0,0,0,0,"- ","- ",,,STANISLAUS,MODESTO,,
90109558,2015,2016-02-04,9465,2015-08-08,2118,019155,,6,2,9,5000,0,3,5,,2,040,"KEYES ROAD","USTICK ROAD",93.00,E,N,A,-,N,,,,,,,,,,Y,1,1,0,1,A,-,01,23152,A,N,E,I,A,A,H,-,D,D,0,,,,,Y,Y,D,22,0,0,0,0,0,0,0,0,0,"- ","- ",37.551380000000002,-121.01166000000001,STANISLAUS,UNINCORPORATED,-121.01169921,37.551428100000003
90115506,2016,2016-02-16,9465,2016-01-31,1218,018457,,7,1,9,5000,0,3,5,,2,040,"WHITMORE AVENUE","VIVIAN ROAD",0.00,,Y,B,G,N,,,,,,,,,,Y,2,0,3,2,A,-,09,21802,A,N,D,C,A,A,H,-,A,A,0,,,,,Y,,D,22,1,1,1,0,0,0,0,0,0,"- ","- ",37.594859999999997,-121.04853,STANISLAUS,UNINCORPORATED,-121.04855999999999,37.595219999999998
90116960,2016,2016-05-09,9465,2016-02-16,0703,018767,,2,1,9,5000,0,3,5,,2,040,"MONTE VISTA AVENUE","CARPENTER ROAD",0.00,,Y,E,-,N,,,,,,,,,,Y,2,0,1,2,A,-,09,21802,A,N,D,C,A,A,H,-,A,A,0,,,,,Y,,A,08,1,0,0,0,0,0,0,0,0,"- ","- ",37.522410000000001,-121.03082999999999,STANISLAUS,UNINCORPORATED,-121.03080997000001,37.522409889999999
90125733,2016,2016-02-29,9465,2016-02-15,1126,018274,,1,1,9,5000,0,3,5,,2,020,"RODDEN ROAD","STATE ROUTE 120",2112.00,E,N,A,-,N,,,,,,,,,,Y,2,0,1,2,A,-,05,21460,A,N,F,A,A,A,H,-,A,D,0,,,Y,,Y,,C,02,1,0,0,0,0,0,0,0,1,"- ","- ",37.781129999999997,-120.85068,STANISLAUS,UNINCORPORATED,-120.8514381,37.78156405
90127125,2016,2016-03-01,9465,2016-02-22,1449,015290,,1,2,9,5000,0,1,3,,2,052,"STATE ROUTE 132","KASSON ROAD",0.00,,Y,A,-,Y,,,132,,,,,,,Y,2,0,3,2,A,-,09,21802,A,N,D,C,A,A,H,-,A,A,0,,,,,Y,,D,22,1,0,2,0,0,0,0,0,0,"- ","- ",37.639420000000001,-121.24753,STANISLAUS,UNINCORPORATED,-121.24754804,37.639696899999997
90132964,2016,2016-03-09,9465,2016-02-27,1835,019517,,6,2,9,5000,0,1,3,,2,053,"STATE ROUTE 33","WEST STANISLAUS ROAD",445.00,S,N,A,-,Y,,,33,,,,,,,Y,2,0,1,2,A,-,01,23152,A,N,A,C,A,A,H,-,D,D,0,,,,,Y,Y,A,08,1,0,0,0,0,0,0,0,0,"- ","- ",37.568849999999998,-121.22045,STANISLAUS,UNINCORPORATED,-121.2203951,37.56891006
9013591,2019,2020-02-12,5007,2019-10-04,1632,5793,TURLO,5,5,5,5007,0,0,0,,0,004,"ELIZABETH WY",WESTMINSTER,107.00,S,N,A,-,N,,,,,,,,,,N,2,0,1,1,B,-,22,,,N,H,B,A,A,H,-,A,D,0,,,,,Y,,-,"- ",1,0,0,0,0,0,0,0,0,"- ","- ",,,STANISLAUS,TURLOCK,-120.82552337646484,37.515666961669922
90136271,2015,2016-03-14,9465,2015-10-05,0040,017167,,1,3,4,5001,0,1,3,,2,041,"STATE ROUTE 99 (NORTHBOUND)","HATCH ROAD",908.00,S,N,A,-,Y,,,99,,,,,,,Y,1,1,0,4,A,-,11,21954,A,F,G,B,E,A,H,-,C,D,0,Y,,,,Y,Y,N,60,0,0,0,1,0,0,0,0,0,"- ","- ",37.606850000000001,-120.97414999999999,STANISLAUS,CERES,-120.97410768,37.606888740000002
9013645,2019,2020-02-14,5002,2019-12-17,1746,875,A204,2,5,6,5002,0,0,0,,0,001,"EAST HATCH RD","STONUM RD",200.00,W,N,A,-,N,,,,,,,,,,N,2,0,1,2,A,-,11,21954,A,N,G,B,E,A,H,-,C,A,0,Y,,,,Y,,N,60,1,0,0,0,1,0,0,0,0,"- ","- ",,,STANISLAUS,MODESTO,-120.9622802734375,37.609214782714844
90138264,2016,2016-03-16,9465,2016-03-07,0410,018825,,1,3,9,5000,0,3,5,,2,010,"PARADISE ROAD","SHILOH ROAD",3696.00,W,N,C,-,N,,,,,,,,,,Y,2,0,1,1,A,-,08,22107,,N,E,I,A,B,H,-,D,D,0,,,,,Y,,A,01,1,0,0,0,0,0,0,0,0,"- ","- ",37.613399999999999,-121.1422,STANISLAUS,UNINCORPORATED,-121.14152507999999,37.612521399999999
90152339,2016,2016-04-06,9465,2016-03-29,1845,16320,,2,2,9,5000,0,3,5,,2,030,"MARAZAN STREET","JOECY STREET",83.00,S,N,A,-,N,,,,,,,,,,N,2,0,1,1,A,-,08,22107,,N,F,A,A,A,H,-,A,D,0,,,Y,,Y,,C,03,1,0,0,0,0,0,0,0,1,"- ","- ",37.518410000000003,-120.79927000000001,STANISLAUS,UNINCORPORATED,-120.799263,37.518202090000003
90156542,2016,2016-04-13,9465,2016-04-05,0118,016917,,2,3,9,5000,0,3,5,,2,030,"FAITH HOME ROAD","REDWOOD ROAD",47.00,N,N,A,-,N,,,,,,,,,,Y,2,0,2,1,A,-,01,23152,A,N,E,I,A,A,H,-,D,D,0,,,,,Y,Y,A,01,1,1,0,0,0,0,0,0,0,"- ","- ",37.573210000000003,-120.92049,STANISLAUS,UNINCORPORATED,-120.92041035,37.573179070000002
90168081,2016,2016-04-28,9465,2016-04-19,1722,018292,,2,2,9,5000,0,3,5,,2,040,"FULKERTH ROAD","CROWS LANDING ROAD",3696.00,W,N,A,-,N,,,,,,,,,,Y,2,0,2,2,A,-,03,22350,,N,D,C,A,A,H,-,A,D,0,,,,,Y,,A,01,1,1,0,0,0,0,0,0,0,"- ","- ",37.50665,-121.01111,STANISLAUS,UNINCORPORATED,-120.99462,37.507530000000003
90176676,2016,2016-05-10,9465,2016-04-23,0925,018259,,6,1,9,5000,0,1,3,,1,032,"STATE ROUTE 132","JOHANSEN ROAD",40.00,E,N,A,-,Y,,,132,,,,,,,N,2,0,1,2,A,-,00,21760,B,N,C,G,A,A,H,-,A,D,0,,Y,,,Y,,E,22,1,0,0,0,0,0,1,0,0,"- ","- ",37.638599999999997,-120.86409999999999,STANISLAUS,UNINCORPORATED,-120.86410081,37.638689560000003
90180380,2016,2016-05-16,9465,2016-03-13,2150,018216,,7,2,9,5000,0,1,3,,2,011,"STATE ROUTE 99 (NORTHBOUND)","HAMMETT ROAD",1000.00,S,N,C,-,Y,,,99,,,,,,,Y,1,1,0,1,A,-,01,23152,A,N,E,I,A,B,H,-,D,D,0,,,,,Y,Y,A,07,0,0,0,0,0,0,0,0,0,"- ","- ",37.721710000000002,-121.09929,STANISLAUS,UNINCORPORATED,-121.09932211,37.721671649999998
90191702,2016,2016-05-31,9465,2016-05-26,1543,018800,,4,2,9,5000,0,3,5,,2,050,"ORANGE AVENUE","ELM AVENUE",0.00,,Y,A,-,N,,,,,,,,,,Y,2,0,5,2,A,-,12,22450,A,N,D,C,A,A,H,-,A,A,0,,,,,Y,,A,01,1,1,3,0,0,0,0,0,0,"- ","- ",37.48048,-121.09232,STANISLAUS,UNINCORPORATED,-121.09227991,37.480579970000001
90193305,2016,2016-06-02,9465,2016-05-03,1918,018292,,2,2,9,5000,0,2,4,,2,042,"CROWS LANDING ROAD","HATCH ROAD",0.00,,Y,A,-,N,,,,,,,,,,Y,2,0,3,5,A,-,12,21453,A,F,D,C,A,A,H,-,A,A,0,,,,,Y,,D,22,1,1,1,0,0,0,0,0,0,"- ","- ",37.609439999999999,-120.99363,STANISLAUS,UNINCORPORATED,-120.99365999,37.609469910000001
90200064,2016,2016-06-13,9465,2016-06-02,1722,015761,,4,2,9,5000,0,2,4,,2,016,"CLARIBEL ROAD","STATE ROUTE 108",2112.00,E,N,A,-,N,,,,,,,,,,Y,2,0,2,2,A,-,07,21658,A,N,B,C,A,A,H,-,A,D,0,,,,,Y,,D,22,1,1,0,0,0,0,0,0,0,"- ","- ",37.711069999999999,-120.98511000000001,STANISLAUS,UNINCORPORATED,-120.987577,37.711005
90202831,2016,2016-06-16,9465,2016-06-02,0040,015596,,4,3,9,5000,0,3,5,,2,010,"CARPENTER ROAD","PARADISE ROAD",367.00,S,N,A,-,N,,,,,,,,,,N,2,0,1,2,C,-,18,,,N,G,B,D,A,H,-,D,D,0,Y,,,,Y,,-,"- ",1,0,0,0,1,0,0,0,0,"- ","- ",37.615369999999999,-121.03043,STANISLAUS,UNINCORPORATED,-121.03037487,37.615472189999998
90203977,2016,2016-06-17,9465,2016-06-14,2215,018216,,2,3,9,5000,0,3,5,,2,030,"HAWKINS ROAD","KEYES ROAD",5280.00,N,N,A,-,N,,,,,,,,,,Y,2,0,1,1,A,-,08,22107,,N,E,I,A,A,H,-,D,D,0,,,,,Y,,A,01,1,0,0,0,0,0,0,0,0,"- ","- ",37.558340000000001,-120.64566000000001,STANISLAUS,UNINCORPORATED,-120.64573715,37.565538220000001
90205504,2016,2016-06-20,9465,2016-06-13,0230,019155,,1,3,9,5000,0,1,3,,2,041,"SR-99 (N/B) TO HATCH ROAD (E/B)","HATCH ROAD",122.00,S,N,A,-,Y,,,99,,,,R,,,Y,2,0,1,1,A,-,03,22350,,N,E,I,A,A,H,-,C,D,0,,,Y,,Y,Y,C,02,1,0,0,0,0,0,0,0,1,"- ","- ",37.608870000000003,-120.97554,STANISLAUS,UNINCORPORATED,-120.97554,37.608870000000003
9020915,2019,2020-06-16,5002,2019-12-15,0525,13194,M065,7,5,6,5002,0,0,0,,0,082,"MCHENRY AV","BRIGGSMORE AV",64.00,S,N,A,-,Y,STA,10,108,-,-,24.760,H,-,E,N,2,0,1,2,A,-,11,21954,A,N,G,B,D,A,H,-,C,A,0,Y,,,,Y,,N,,1,0,0,0,1,0,0,0,0,"- ","- ",,,STANISLAUS,MODESTO,-120.99411010742188,37.669795989990234
90210821,2016,2016-06-28,9465,2016-03-31,2300,018998,,4,3,9,5000,0,3,5,,2,040,"TAYLOR ROAD","CROWS LANDING ROAD",2200.00,W,N,A,-,N,,,,,,,,,,Y,1,1,1,1,A,-,01,23152,A,N,H,A,A,A,H,-,D,D,0,,,,,Y,Y,A,01,0,1,0,0,0,0,0,0,0,"- ","- ",37.536630000000002,-121.00227,STANISLAUS,UNINCORPORATED,-120.994,37.536589999999997
90224726,2016,2016-07-18,9465,2016-07-07,0750,014737,,4,1,9,5000,0,1,3,,2,012,"STATE ROUTE 132","SAN JOAQUIN RIVER BRIDGE",3696.00,E,N,A,-,Y,,,132,,,,,,,Y,2,0,1,1,A,-,01,23152,A,N,E,I,A,A,H,-,A,D,0,,,,,Y,Y,A,01,1,0,0,0,0,0,0,0,0,"- ","- ",37.639000000000003,-121.2149,STANISLAUS,UNINCORPORATED,-121.21488788000001,37.639025850000003
90227220,2016,2016-07-21,9465,2016-07-08,0040,018768,,5,3,9,5000,0,2,4,,2,042,"CROWS LANDING ROAD","HATCH ROAD",4.00,N,N,A,-,N,,,,,,,,,,N,2,0,1,2,D,-,00,,,N,G,B,B,A,H,-,C,A,0,Y,,,,Y,,-,"- ",1,0,0,0,1,0,0,0,0,"- ","- ",37.609549999999999,-120.99354,STANISLAUS,UNINCORPORATED,-120.99366000000001,37.609480990000002
90229376,2016,2016-07-25,9465,2016-07-03,0200,020377,,7,3,9,5000,0,3,5,,2,030,"BUSINESS PARK DRIVE","DEL ESTE AVENUE",8.00,S,N,A,-,N,,,,,,,,,,Y,2,0,1,3,A,-,03,22350,,F,D,E,E,A,H,-,C,D,0,Y,,,,Y,,A,01,1,0,0,0,1,0,0,0,0,"- ","- ",37.622810000000001,-120.93947,STANISLAUS,UNINCORPORATED,-120.93948028,37.622708029999998