CASE_ID,ACCIDENT_YEAR,PROC_DATE,JURIS,COLLISION_DATE,COLLISION_TIME,OFFICER_ID,REPORTING_DISTRICT,DAY_OF_WEEK,CHP_SHIFT,POPULATION,CNTY_CITY_LOC,SPECIAL_COND,BEAT_TYPE,CHP_BEAT_TYPE,CITY_DIVISION_LAPD,CHP_BEAT_CLASS,BEAT_NUMBER,PRIMARY_RD,SECONDARY_RD,DISTANCE,DIRECTION,INTERSECTION,WEATHER_1,WEATHER_2,STATE_HWY_IND,CALTRANS_COUNTY,CALTRANS_DISTRICT,STATE_ROUTE,ROUTE_SUFFIX,POSTMILE_PREFIX,POSTMILE,LOCATION_TYPE,RAMP_INTERSECTION,SIDE_OF_HWY,TOW_AWAY,COLLISION_SEVERITY,NUMBER_KILLED,NUMBER_INJURED,PARTY_COUNT,PRIMARY_COLL_FACTOR,PCF_CODE_OF_VIOL,PCF_VIOL_CATEGORY,PCF_VIOLATION,PCF_VIOL_SUBSECTION,HIT_AND_RUN,TYPE_OF_COLLISION,MVIW,PED_ACTION,ROAD_SURFACE,ROAD_COND_1,ROAD_COND_2,LIGHTING,CONTROL_DEVICE,CHP_ROAD_TYPE,PEDESTRIAN_ACCIDENT,BICYCLE_ACCIDENT,MOTORCYCLE_ACCIDENT,TRUCK_ACCIDENT,NOT_PRIVATE_PROPERTY,ALCOHOL_INVOLVED,STWD_VEHTYPE_AT_FAULT,CHP_VEHTYPE_AT_FAULT,COUNT_SEVERE_INJ,COUNT_VISIBLE_INJ,COUNT_COMPLAINT_PAIN,COUNT_PED_KILLED,COUNT_PED_INJURED,COUNT_BICYCLIST_KILLED,COUNT_BICYCLIST_INJURED,COUNT_MC_KILLED,COUNT_MC_INJURED,PRIMARY_RAMP,SECONDARY_RAMP,LATITUDE,LONGITUDE,COUNTY,CITY,POINT_X,POINT_Y
90229639,2016,2018-01-17,9465,2016-07-07,0225,018410,,4,3,9,5000,0,1,1,,2,056,"INTERSTATE 5 (SOUTHBOUND)","HAMILTON ROAD",5280.00,N,N,A,-,Y,,,5,,,,,,,Y,2,0,1,2,A,-,03,22350,,N,C,C,A,A,H,-,D,D,0,,,,Y,Y,,G,25,1,0,0,0,0,0,0,0,0,"- ","- ",37.574010000000001,-121.31206,STANISLAUS,UNINCORPORATED,-121.31202479,37.57405558
90230770,2016,2016-07-26,9465,2016-06-16,0115,020599,,4,3,9,5000,0,1,1,,2,055,"INTERSTATE 5 (SOUTHBOUND)","SPERRY AVENUE",770.00,N,N,A,-,Y,,,5,,,,,,,Y,1,1,0,2,A,-,01,23152,A,N,E,I,A,A,H,-,D,D,0,,,,Y,Y,Y,D,22,0,0,0,0,0,0,0,0,0,"- ","- ",37.465029999999999,-121.18213,STANISLAUS,UNINCORPORATED,-121.18204754,37.465116559999998
90234397,2016,2016-08-01,9465,2016-06-24,1835,018767,,5,2,9,5000,0,1,1,,2,055,"INTERSTATE 5 NORTHBOUND","NEILS HANSEN ROAD",331.00,N,N,A,-,Y,,,5,,,,,,N,Y,1,1,2,1,A,-,08,22107,,N,F,A,A,A,H,-,A,D,0,,,,,Y,Y,A,07,2,0,0,0,0,0,0,0,0,"- ","- ",37.458480000000002,-121.17585,STANISLAUS,UNINCORPORATED,-121.1759387,37.458415180000003
90235009,2016,2016-08-01,9465,2016-07-21,2140,019155,,4,2,9,5000,0,3,5,,2,050,"OAK FLAT ROAD","WARD AVENUE",24.00,W,N,A,-,N,,,,,,,,,,Y,2,0,1,1,A,-,01,23152,A,N,H,A,A,A,H,-,D,D,0,,,,,Y,Y,A,01,1,0,0,0,0,0,0,0,0,"- ","- ",37.422530000000002,-121.14166,STANISLAUS,UNINCORPORATED,-121.14156253,37.42257652
90235443,2016,2016-08-02,9465,2016-06-29,1220,020270,,3,1,9,5000,0,1,3,,2,053,"STATE ROUTE 33","ROGERS ROAD",0.00,,Y,A,-,Y,,,33,,,,,,,Y,2,0,2,2,A,-,12,22450,A,N,A,C,A,A,H,-,A,A,0,,,,,Y,,A,01,2,0,0,0,0,0,0,0,0,"- ","- ",37.529330000000002,-121.17703,STANISLAUS,UNINCORPORATED,-121.17703537,37.529320589999998
90236485,2016,2016-08-03,9465,2016-07-23,1915,019713,,6,2,9,5000,0,1,3,,2,053,"STATE ROUTE 33","FRUIT AVENUE",300.00,S,N,A,-,Y,,,33,,,,,,,Y,2,0,5,2,A,-,06,21751,,F,F,A,A,A,H,-,A,D,0,,,,,Y,,A,01,1,2,2,0,0,0,0,0,0,"- ","- ",37.508780000000002,-121.1544,STANISLAUS,UNINCORPORATED,-121.1545823,37.508635959999999
9024128,2019,2020-02-15,5007,2019-12-09,1736,5785,5007,1,5,5,5007,0,0,0,,0,001,"EAST MONTE VISTA AV","MONTE VISTA AV",29.00,N,N,A,-,N,,,,,,,,,,Y,2,0,2,2,A,-,17,24250,,N,A,C,A,A,H,-,C,D,0,,,,,Y,,A,07,2,0,0,0,0,0,0,0,0,"- ","- ",,,STANISLAUS,TURLOCK,-120.848876953125,37.521949768066406
90242148,2016,2016-08-10,9465,2016-07-23,2109,018410,,6,2,9,5000,0,1,3,,2,023,"STATE ROUTE 108","WALKER ROAD",633.00,W,N,A,-,Y,,,108,,,,,,,Y,2,0,5,2,A,-,01,23152,A,F,B,C,A,A,H,-,D,D,0,,,,,Y,Y,D,22,3,2,0,0,0,0,0,0,0,"- ","- ",37.75029,-120.90527,STANISLAUS,UNINCORPORATED,-120.90526722,37.750283869999997
90249660,2016,2016-08-22,9465,2016-07-14,2245,019575,,4,3,9,5000,0,1,3,,2,028,"STATE ROUTE 4","ROCK CREEK",439.00,W,N,A,-,Y,,,4,,,,,,,Y,1,2,1,2,A,-,01,23152,A,N,A,C,A,A,H,-,D,D,0,,,,,Y,Y,A,01,1,0,0,0,0,0,0,0,0,"- ","- ",37.944899999999997,-120.90009999999999,STANISLAUS,UNINCORPORATED,-120.90010893,37.945032310000002
90249824,2016,2016-08-22,9465,2016-08-06,0140,012845,,6,3,9,5000,0,2,4,,2,024,"ALBERS RD.","MILNES RD",2112.00,N,N,A,-,N,,,,,,,,,,Y,2,0,3,2,A,-,01,23152,A,N,E,I,A,A,H,-,D,D,0,,,,,Y,Y,A,01,2,1,0,0,0,0,0,0,0,"- ","- ",37.687170000000002,-120.84833,STANISLAUS,UNINCORPORATED,-120.84826382999999,37.687865510000002
90251830,2016,2016-08-24,9465,2016-08-12,2320,020374,,5,3,9,5000,0,1,3,,1,032,"STATE ROUTE 132","LAKE ROAD",7920.00,W,N,A,-,Y,,,,,,,,,,Y,2,0,1,1,A,-,08,22107,,N,E,I,A,A,H,-,D,D,0,,,,,Y,,A,01,1,0,0,0,0,0,0,0,0,"- ","- ",37.38382,-120.30485,STANISLAUS,UNINCORPORATED,,
90255484,2016,2016-08-29,9465,2016-05-05,0956,015398,,4,1,5,5007,0,1,3,,2,041,"STATE ROUTE 99 (NORTHBOUND)","STATE ROUTE 165 (LANDER AVENUE)",1848.00,N,N,B,-,Y,,,99,,,,,,,Y,1,1,1,5,A,-,08,22107,,N,E,I,A,A,H,-,A,D,0,,,,Y,Y,,G,25,0,0,1,0,0,0,0,0,0,"- ","- ",37.47636,-120.85484,STANISLAUS,TURLOCK,-120.85486441,37.476298079999999
9025949,2020,2020-02-27,5007,2020-01-12,0959,5789,5007,7,5,5,5007,0,0,0,,0,001,"GEER RD","FULLERTON DR",20.00,N,N,A,-,N,,,,,,,,,,Y,2,0,1,1,C,-,18,,,N,E,I,A,A,H,-,A,A,0,,,,,Y,,-,"- ",1,0,0,0,0,0,0,0,0,"- ","- ",,,STANISLAUS,TURLOCK,-120.84903717041016,37.527034759521484
90264139,2016,2016-09-08,9465,2016-06-23,1531,015761,,4,2,9,5000,0,2,4,,2,026,"CLARIBEL ROAD","OAKDALE-WATERFORD HIGHWAY",2112.00,W,N,A,-,N,,,,,,,,,,N,1,1,0,2,A,-,03,22350,,N,G,B,E,A,H,-,A,D,0,Y,,,,Y,,D,22,0,0,0,1,0,0,0,0,0,"- ","- ",37.711060000000003,-120.83015,STANISLAUS,UNINCORPORATED,-120.82993899,37.711082500000003
90267897,2016,2016-09-14,9465,2016-09-01,2205,020374,,4,3,9,5000,0,3,5,,2,050,"ROGERS ROAD","NEEDHAM ROAD",168.00,N,N,A,-,N,,,,,,,,,,Y,2,0,1,1,A,-,08,22107,,N,E,I,A,A,H,-,D,D,0,,,,,Y,,A,01,1,0,0,0,0,0,0,0,0,"- ","- ",37.522739999999999,-121.1772,STANISLAUS,UNINCORPORATED,-121.17710479,37.522730869999997
90277152,2016,2016-09-27,9465,2016-09-18,0120,020377,,7,3,5,5007,0,1,3,,2,041,"STATE ROUTE 99 (SOUTHBOUND)","WEST MAIN STREET",1584.00,N,N,A,-,Y,,,99,,,,,,,Y,2,0,2,2,A,-,08,22107,,N,B,E,A,A,H,-,C,D,0,,,,Y,Y,,A,01,1,1,0,0,0,0,0,0,0,"- ","- ",37.49682,-120.87202000000001,STANISLAUS,TURLOCK,-120.87206334,37.496796969999998
90279492,2016,2016-09-29,9465,2016-07-12,1847,018671,,2,2,9,5000,0,1,3,,2,041,"STATE ROUTE 99 (NORTHBOUND)","CROWS LANDING ROAD",1320.00,S,N,A,-,Y,,,99,,,,,,,N,1,1,0,2,A,-,11,21954,A,N,G,B,E,A,H,-,A,D,0,Y,,,,Y,Y,N,60,0,0,0,1,0,0,0,0,0,"- ","- ",37.617190000000001,-120.98874000000001,STANISLAUS,UNINCORPORATED,-120.98873402,37.617239140000002
9027969,2019,2020-02-12,5002,2019-12-18,1545,13066,,3,5,6,5002,0,0,0,,0,041,"H ST","12TH ST",0.00,,Y,C,-,N,,,,,,,,,,N,2,0,1,2,A,-,10,21950,A,N,G,B,B,B,H,-,B,A,0,Y,,,,Y,,-,,1,0,0,0,1,0,0,0,0,"- ","- ",,,STANISLAUS,MODESTO,-120.99607849121094,37.640010833740234
90288735,2016,2016-10-11,9465,2016-08-18,2028,019155,,4,2,9,5000,0,1,3,,2,052,"STATE ROUTE 132 (MAZE BOULEVARD)","RIVER ROAD",3907.00,E,N,A,-,Y,,,132,,,,,,,Y,1,1,1,1,A,-,01,23152,A,N,F,A,A,A,H,-,D,D,0,,,,,Y,Y,A,01,0,1,0,0,0,0,0,0,0,"- ","- ",37.640970000000003,-121.23321,STANISLAUS,UNINCORPORATED,-121.23319058,37.640837480000002
90293635,2016,2016-10-17,9465,2016-09-03,1510,018778,,6,2,9,5000,0,3,5,,2,050,"DEL PUERTO CANYON ROAD","DIABLO GRANDE PARKWAY",14678.00,W,N,A,-,Y,,,,,,,,,,Y,1,1,0,1,A,-,01,23152,A,N,F,A,A,A,H,-,A,A,0,,,Y,,Y,Y,C,02,0,0,0,0,0,0,0,1,0,"- ","- ",37.477510000000002,-121.22435,STANISLAUS,UNINCORPORATED,-121.22389638,37.477268629999998
90303313,2016,2016-10-27,9465,2016-06-16,1729,018767,,4,2,9,5000,0,3,5,,2,050,"ROGERS ROAD","DANIEL ROAD",528.00,S,N,A,-,N,,,,,,,,,,Y,1,1,0,2,A,-,08,22107,,N,D,C,A,A,H,-,A,D,0,,,,,Y,,A,01,0,0,0,0,0,0,0,0,0,"- ","- ",37.483280000000001,-121.17728,STANISLAUS,UNINCORPORATED,,
90308346,2016,2016-11-01,9465,2016-10-20,1840,020457,,4,2,9,5000,0,3,5,,2,050,"DEL PUERTO CANYON RD","DIABLO GRANDE PKWY",9504.00,W,N,A,-,N,,,,,,,,,,N,2,0,1,1,A,-,03,22350,,N,F,A,A,A,H,-,B,D,0,,,Y,,Y,,C,02,1,0,0,0,0,0,0,0,1,"- ","- ",37.479939999999999,-121.21053000000001,STANISLAUS,UNINCORPORATED,-121.20855417999999,37.478113139999998
90311846,2016,2016-11-04,9465,2016-10-22,1140,018259,,6,1,9,5000,0,1,1,,2,055,"I-5 N/B","WESTLY REST AREA",2640.00,S,N,B,-,Y,,,5,,,,,,N,N,2,0,1,1,A,-,08,22107,,N,F,A,A,A,H,-,A,D,0,,,Y,,Y,,C,02,1,0,0,0,0,0,0,0,1,"- ","- ",37.575699999999998,-121.3137,STANISLAUS,UNINCORPORATED,-121.31365286,37.575761620000002
90318864,2016,2016-11-14,9465,2016-11-05,0520,16320,,6,3,9,5000,0,1,3,,2,023,"STATE ROUTE 108","CLAUS ROAD",147.00,E,N,A,-,Y,,,108,,,,,,,Y,2,0,2,2,A,-,01,23152,A,F,A,C,A,A,H,-,D,D,0,,,,,Y,Y,A,01,1,1,0,0,0,0,0,0,0,"- ","- ",37.737220000000001,-120.92162,STANISLAUS,UNINCORPORATED,-120.9216085,37.737181229999997
9032846,2019,2020-02-06,5002,2019-12-23,1840,11470,M499,1,5,6,5002,0,0,0,,0,032,"TUOLUMNE BL","LEON AV",0.00,,Y,A,-,N,,,,,,,,,,Y,2,0,4,2,A,-,09,21802,A,N,D,C,A,A,H,-,C,A,0,,,,,Y,,-,,1,1,2,0,0,0,0,0,0,"- ","- ",,,STANISLAUS,MODESTO,-121.009521484375,37.627819061279297
90330362,2016,2016-11-28,9465,2016-11-11,1745,020270,,5,2,9,5000,0,3,5,,2,030,"HICKMAN ROAD","COGSWELL ROAD",25.00,S,N,A,-,N,,,,,,,,,,Y,2,0,2,2,A,-,08,22107,,N,A,C,A,A,H,-,D,D,0,,,Y,,Y,,A,01,2,0,0,0,0,0,0,0,2,"- ","- ",37.609250000000003,-120.75548999999999,STANISLAUS,UNINCORPORATED,-120.75551286,37.609241390000001
90330805,2016,2016-11-28,9465,2016-09-27,0333,020952,,2,3,9,5000,0,1,3,,2,012,"STATE ROUTE 132","PARADISE ROAD",0.00,,Y,A,-,Y,,,132,,,,,,,Y,1,1,0,2,A,-,09,21802,A,N,D,C,A,A,H,-,D,A,0,,,,Y,Y,,A,01,0,0,0,0,0,0,0,0,0,"- ","- ",37.637799999999999,-121.1589,STANISLAUS,UNINCORPORATED,-121.15889998999999,37.637826990000001
90334507,2016,2016-12-01,9465,2016-11-21,1505,019575,,1,2,9,5000,0,3,5,,2,010,"DUNN ROAD","SHOEMAKE AVENUE",0.00,,Y,A,-,N,,,,,,,,,,Y,2,0,5,2,A,-,12,22450,A,N,D,C,A,A,H,-,A,A,0,,,,,Y,,D,22,2,3,0,0,0,0,0,0,0,"- ","- ",37.666699999999999,-121.14100000000001,STANISLAUS,UNINCORPORATED,-121.14106993,37.666809960000002
90342249,2016,2016-12-12,9465,2016-11-03,0745,018259,,4,1,9,5000,0,1,3,,2,041,"STATE ROUTE 99 (NORTHBOUND)","STATE ROUTE 165 (LANDER AVENUE)",675.00,N,N,A,-,Y,,,99,,,,,,,Y,1,1,0,1,A,-,01,23152,E,N,E,I,A,A,H,-,A,D,0,,,,,Y,,A,01,0,0,0,0,0,0,0,0,0,"- ","- ",37.475000000000001,-120.8515,STANISLAUS,UNINCORPORATED,-120.85150835,37.474978720000003
90342714,2016,2016-12-12,9465,2016-11-30,0540,014658,,3,3,9,5000,0,3,5,,2,030,"MONTPELIER ROAD","MONTE VISTA AVENUE",25.00,N,N,E,-,N,,,,,,,,,,Y,2,0,1,2,A,-,05,21650,,N,A,C,A,A,H,-,D,D,0,,,,,Y,,A,01,1,0,0,0,0,0,0,0,0,"- ","- ",37.520899999999997,-120.68380000000001,STANISLAUS,UNINCORPORATED,-120.68389326,37.520933970000002
90343633,2016,2016-12-13,9465,2016-12-02,0822,019155,,5,1,9,5000,0,1,3,,1,032,"STATE ROUTE 132","LAKE ROAD",4752.00,W,N,A,-,Y,,,132,,,,,,,Y,2,0,2,1,A,-,08,22107,,N,E,I,A,A,H,-,A,D,0,,,,,Y,,A,07,1,1,0,0,0,0,0,0,0,"- ","- ",37.63946,-120.50463000000001,STANISLAUS,UNINCORPORATED,-120.50461034,37.639434250000001
90370055,2017,2017-01-16,9465,2017-01-07,1740,019155,,6,2,9,5000,0,3,5,,2,030,"SANTA FE AVENUE","SOUTH AVENUE",80.00,N,N,B,C,N,,,,,,,,,,Y,2,0,3,2,A,-,03,22350,,N,D,C,A,B,H,-,D,D,0,,,,,Y,,A,01,2,0,1,0,0,0,0,0,0,"- ","- ",37.631390000000003,-120.90125,STANISLAUS,UNINCORPORATED,-120.90134706000001,37.631346479999998
90375521,2017,2017-01-23,9465,2017-01-13,2300,020457,,5,3,9,5000,0,3,5,,2,020,"FRANKENHEIMER ROAD","RIVER ROCK RD",125.00,E,N,A,-,N,,,,,,,,,,Y,2,0,4,1,A,-,08,22107,,N,E,I,A,A,H,-,D,D,0,,,,,Y,,A,07,1,1,2,0,0,0,0,0,0,"- ","- ",37.822859999999999,-120.81581,STANISLAUS,UNINCORPORATED,-120.815781,37.822857999999997
90377738,2017,2017-03-01,9465,2017-01-13,1445,018457,,5,2,9,5000,0,3,5,,2,010,"PARADISE ROAD","DUNNING LANE",130.00,W,N,A,-,N,,,,,,,,,,Y,2,0,2,1,C,-,18,,,N,E,I,A,A,H,-,A,D,0,,,,,Y,,-,"- ",1,1,0,0,0,0,0,0,0,"- ","- ",37.615679999999998,-121.03435,STANISLAUS,UNINCORPORATED,-121.03430046,37.615568940000003
90382324,2016,2017-01-31,9465,2016-12-28,2335,015290,,3,3,9,5000,0,1,3,,2,053,"STATE ROUTE 33","ORCHARD ROAD",686.00,S,N,A,-,Y,,,33,,,,,,,Y,1,1,0,2,A,-,01,23152,F,N,A,C,A,A,H,-,D,D,0,,,,Y,Y,Y,A,01,0,0,0,0,0,0,0,0,0,"- ","- ",37.607370000000003,-121.26246,STANISLAUS,UNINCORPORATED,-121.26249202,37.60733493
90383742,2017,2017-02-01,9465,2017-01-21,0151,020190,,6,3,9,5000,0,2,4,,2,058,"LAS PALMAS AVENUE","SYCAMORE AVENUE",1607.00,E,N,B,-,N,,,,,,,,,,Y,2,0,1,1,A,-,08,22107,,N,E,I,A,B,H,-,D,D,0,,,,,Y,,A,07,1,0,0,0,0,0,0,0,0,"- ","- ",37.481720000000003,-121.10805999999999,STANISLAUS,UNINCORPORATED,-121.10779683,37.481820929999998
90391494,2017,2017-02-13,9465,2017-02-01,0715,018259,,3,1,9,5000,0,1,3,,2,015,"SISK ROAD",SR-219,40.00,N,N,B,E,Y,,,,,,,,,,N,2,0,1,2,A,-,09,21453,C,F,D,G,A,A,H,-,A,A,0,,Y,,,Y,,A,01,1,0,0,0,0,0,1,0,0,"- ","- ",37.711199999999998,-121.0775,STANISLAUS,UNINCORPORATED,,
90396673,2016,2017-02-21,9465,2016-12-08,2032,019152,,4,2,9,5000,0,3,5,,2,030,"TENAYA DRIVE","DALY AVENUE",80.00,W,N,B,-,N,,,,,,,,,,N,1,1,0,2,A,-,11,21954,A,F,G,B,E,A,H,-,D,D,0,Y,,,,Y,Y,N,60,0,0,0,1,0,0,0,0,0,"- ","- ",37.632939999999998,-120.96326999999999,STANISLAUS,UNINCORPORATED,-120.96345095,37.633040549999997
90397133,2017,2017-02-21,9465,2017-02-12,0300,018998,,7,3,9,5000,0,3,5,,2,040,"GRAYSON ROAD","MORGAN ROAD",528.00,E,N,A,-,N,,,,,,,,,,Y,2,0,1,1,A,-,01,23152,A,N,F,A,A,B,H,-,D,D,0,,,,,Y,Y,A,01,1,0,0,0,0,0,0,0,0,"- ","- ",37.566800000000001,-120.9721,STANISLAUS,UNINCORPORATED,-120.97358839,37.565816079999998
90399440,2017,2017-02-24,9465,2017-02-22,0320,017167,,3,3,9,5000,0,1,3,,2,012,"STATE ROUTE 132 (MAZE BLVD)","PAULINE AVENUE",0.00,,Y,A,-,Y,,,132,,,,,,,Y,2,0,2,2,A,-,01,23152,A,N,C,C,A,A,H,-,D,D,0,,,,,Y,Y,A,01,2,0,0,0,0,0,0,0,0,"- ","- ",37.63832,-121.0536,STANISLAUS,UNINCORPORATED,-121.05360109,37.638411470000001
90408843,2017,2017-03-09,9465,2017-02-20,2240,020313,,1,3,9,5000,0,3,5,,2,030,"LUCINDA AVENUE","8TH STREET",8.00,W,N,B,-,Y,,,,,,,,,,Y,2,0,2,3,A,-,12,22450,A,F,A,G,A,B,H,-,D,A,0,,Y,,,Y,,A,01,2,0,0,0,0,0,2,0,0,"- ","- ",37.558520000000001,-120.91446999999999,STANISLAUS,UNINCORPORATED,-120.91438758,37.558530730000001
90409152,2017,2017-03-09,9465,2017-01-26,0535,014658,,4,3,9,5000,0,3,5,,2,020,"OAKDALE-WATERFORD HIGHWAY","ALVARADO ROAD",1970.00,N,N,A,-,N,,,,,,,,,,Y,1,1,2,2,A,-,09,21801,A,N,A,C,A,A,H,-,D,D,0,,,Y,,Y,,A,01,0,2,0,0,0,0,0,1,0,"- ","- ",37.730400000000003,-120.83499999999999,STANISLAUS,UNINCORPORATED,-120.83499931999999,37.73041714
90416232,2017,2017-03-21,9465,2017-03-13,0140,015290,,1,3,9,5000,0,2,4,,2,026,"CLARIBEL ROAD","ROSELLE AVENUE",1056.00,W,N,A,-,N,,,,,,,,,,Y,2,0,2,2,A,-,05,21460,A,N,A,C,A,A,H,-,D,D,0,,,,,Y,,A,01,2,0,0,0,0,0,0,0,0,"- ","- ",37.710920000000002,-120.94409,STANISLAUS,UNINCORPORATED,-120.94373028,37.710940000000001
90422704,2017,2017-03-28,9465,2017-01-07,1655,018382,,6,2,9,5000,0,1,3,,1,031,"STATE ROUTE 132 (YOSEMITE BOULEVARD)","CODONI AVENUE",788.00,W,N,B,C,Y,,,132,,,,,,,Y,1,1,1,2,A,-,08,22107,,N,D,C,A,B,H,-,D,D,0,,,,,Y,,A,01,1,0,0,0,0,0,0,0,0,"- ","- ",37.638199999999998,-120.9143,STANISLAUS,UNINCORPORATED,-120.91430016,37.63822081
90424850,2017,2017-03-30,9465,2017-03-23,0625,16320,,4,1,9,5000,0,3,5,,2,010,"PIRRONE ROAD","GATEWAY DRIVE",1954.00,S,N,A,-,N,,,,,,,,,,N,2,0,1,2,A,-,11,21954,A,N,G,B,D,A,H,-,C,D,0,Y,,,,Y,,N,60,1,0,0,0,1,0,0,0,0,"- ","- ",37.718020000000003,-121.09242999999999,STANISLAUS,UNINCORPORATED,-121.09437402,37.717944359999997
90434841,2017,2017-04-17,9465,2017-04-05,0929,014588,,3,1,9,5000,0,1,1,,2,055,"INTERSTATE 5 (SOUTHBOUND)","DEL PUERTO CREEK",856.00,N,N,B,-,Y,,,5,,,,,,,Y,2,0,1,1,A,-,08,22107,,N,E,I,A,A,H,-,A,D,0,,,,,Y,,D,22,1,0,0,0,0,0,0,0,0,"- ","- ",37.489669999999997,-121.20679,STANISLAUS,UNINCORPORATED,-121.20677564,37.48968438
90441616,2017,2017-04-25,9465,2017-04-15,2345,020374,,6,3,9,5000,0,3,5,,2,010,"PELTON AVENUE","SUTTER AVENUE",0.00,,Y,A,-,N,,,,,,,,,,Y,2,0,1,2,A,-,12,22450,A,N,D,C,A,A,H,-,C,A,0,,,,,Y,,A,01,1,0,0,0,0,0,0,0,0,"- ","- ",37.616529999999997,-120.01177,STANISLAUS,UNINCORPORATED,-121.01178998,37.616529939999999
9044982,2020,2020-10-19,5002,2020-01-29,0739,11136,M415,3,5,6,5002,0,0,0,,0,041,"I ST","RT 132",5.00,W,N,B,-,Y,STA,10,132,-,L,15.240,I,5,E,N,2,0,1,2,A,-,10,21950,A,N,G,B,B,A,H,-,A,A,0,Y,,,,Y,,-,,1,0,0,0,1,0,0,0,0,"- ","- ",,,STANISLAUS,MODESTO,-121.00101470947266,37.639568328857422
90452771,2017,2017-05-10,9465,2017-05-02,0515,020952,,2,3,9,5000,0,1,3,,2,023,"STATE ROUTE 108","SNEDIGAR ROAD",150.00,E,N,A,-,Y,,,108,,,,,,,Y,2,0,1,1,A,-,08,22107,,N,F,A,A,A,H,-,B,D,0,,,,,Y,,A,08,1,0,0,0,0,0,0,0,0,"- ","- ",37.746000000000002,-120.9132,STANISLAUS,UNINCORPORATED,-120.91338628,37.746175299999997
90458354,2017,2017-05-18,9465,2017-05-05,2220,014913,,5,3,9,5000,0,1,3,,2,041,"SR 99 (SOUTHBOUND) FROM MITCHELL ROAD","MITCHELL ROAD",50.00,S,N,A,-,Y,,,99,,,,R,,,Y,2,0,1,2,A,-,03,22350,,N,C,C,A,A,H,-,C,D,0,,,,,Y,,A,01,1,0,0,0,0,0,0,0,0,"- ","- ",37.575600000000001,-120.93875,STANISLAUS,UNINCORPORATED,-120.93875,37.575600000000001
90458970,2017,2017-05-18,9465,2017-05-17,0100,015596,,3,3,9,5000,0,1,3,,2,041,"S/B S. 9TH ST. ON-RAMP TO S/B SR-99","HATCH RD.",528.00,S,N,A,-,Y,,,,,,,,,,N,2,0,1,2,A,-,11,21954,A,F,G,B,E,A,H,-,D,D,0,Y,,,,Y,,N,60,1,0,0,0,1,0,0,0,0,"- ","- ",37.608289999999997,-120.97629999999999,STANISLAUS,UNINCORPORATED,,
9046276,2020,2020-02-21,5007,2020-01-05,0310,5769,,7,5,5,5007,0,0,0,,0,003,"SOUTH WALNUT RD","UTILITY POLE  #5102126",142.00,S,N,E,-,N,,,,,,,,,,Y,2,0,1,1,A,-,01,23152,A,N,E,I,A,A,H,-,C,D,0,,,,,Y,Y,A,07,1,0,0,0,0,0,0,0,0,"- ","- ",,,STANISLAUS,TURLOCK,,
90463584,2017,2017-05-25,9465,2017-03-18,0148,020952,,6,3,9,5000,0,1,3,,2,011,"STATE ROUTE 99 (NORTHBOUND)","KANSAS AVENUE",1584.00,N,N,A,-,Y,,,99,,,,,,,Y,2,0,2,1,A,-,01,23152,A,N,E,I,A,A,H,-,D,D,0,,,,,Y,Y,A,01,1,1,0,0,0,0,0,0,0,"- ","- ",37.649999999999999,-121.02119999999999,STANISLAUS,UNINCORPORATED,-121.02126026000001,37.649928889999998
90469429,2017,2017-06-16,9465,2017-05-26,0540,16320,,5,3,9,5000,0,3,5,,2,030,"LAKE ROAD","HALL ROAD",1373.00,E,N,A,-,N,,,,,,,,,,Y,2,0,3,2,A,-,08,22107,,N,D,C,A,A,H,-,A,D,0,,,,,Y,,A,01,1,2,0,0,0,0,0,0,0,"- ","- ",37.623910000000002,-120.73087,STANISLAUS,UNINCORPORATED,-120.73240991999999,37.623755260000003
90469997,2017,2017-06-02,9465,2017-05-26,1722,018767,,5,2,9,5000,0,1,3,,2,052,"STATE ROUTE 132","KASSON ROAD",2640.00,W,N,A,-,Y,,,132,,,,,,,Y,2,0,1,2,A,-,03,22350,,N,C,C,A,A,H,-,A,D,0,,,Y,,Y,,C,02,1,0,0,0,0,0,0,0,1,"- ","- ",37.63899,-121.24576999999999,STANISLAUS,UNINCORPORATED,-121.24582338,37.63980926
90473557,2017,2017-06-08,9465,2017-05-30,0910,014658,,2,1,9,5000,0,3,5,,2,030,"QUINCY ROAD","ZEERING ROAD",70.00,N,N,A,-,N,,,,,,,,,,Y,2,0,1,1,A,-,08,22107,,N,E,I,A,A,H,-,A,A,0,,,,,Y,,A,01,1,0,0,0,0,0,0,0,0,"- ","- ",37.5289,-120.82129999999999,STANISLAUS,UNINCORPORATED,-120.82125571,37.529242199999999
90474842,2017,2017-06-13,9465,2017-06-04,2340,019982,,7,3,5,5007,0,1,3,,2,041,"NB SR 99","LANDER AVENUE",776.00,N,N,A,-,Y,,,99,,,,,,,Y,2,0,1,1,A,-,08,22107,,N,E,I,A,A,H,-,C,D,0,,,,,Y,,A,07,1,0,0,0,0,0,0,0,0,"- ","- ",37.475430000000003,-120.85177,STANISLAUS,TURLOCK,-120.85188857,37.475128009999999
90483533,2017,2017-06-22,9465,2017-05-28,0240,020599,,7,3,9,5000,0,3,5,,2,050,"EAST LAS PALMAS AVENUE","HARTLEY STREET",809.00,E,N,A,-,N,,,,,,,,,,Y,1,1,2,1,A,-,01,23152,F,N,E,I,A,A,H,-,D,D,0,,,,,Y,,A,01,0,2,0,0,0,0,0,0,0,"- ","- ",37.476370000000003,-121.11968,STANISLAUS,UNINCORPORATED,-121.11915827999999,37.476580720000001