CASE_ID,ACCIDENT_YEAR,PROC_DATE,JURIS,COLLISION_DATE,COLLISION_TIME,OFFICER_ID,REPORTING_DISTRICT,DAY_OF_WEEK,CHP_SHIFT,POPULATION,CNTY_CITY_LOC,SPECIAL_COND,BEAT_TYPE,CHP_BEAT_TYPE,CITY_DIVISION_LAPD,CHP_BEAT_CLASS,BEAT_NUMBER,PRIMARY_RD,SECONDARY_RD,DISTANCE,DIRECTION,INTERSECTION,WEATHER_1,WEATHER_2,STATE_HWY_IND,CALTRANS_COUNTY,CALTRANS_DISTRICT,STATE_ROUTE,ROUTE_SUFFIX,POSTMILE_PREFIX,POSTMILE,LOCATION_TYPE,RAMP_INTERSECTION,SIDE_OF_HWY,TOW_AWAY,COLLISION_SEVERITY,NUMBER_KILLED,NUMBER_INJURED,PARTY_COUNT,PRIMARY_COLL_FACTOR,PCF_CODE_OF_VIOL,PCF_VIOL_CATEGORY,PCF_VIOLATION,PCF_VIOL_SUBSECTION,HIT_AND_RUN,TYPE_OF_COLLISION,MVIW,PED_ACTION,ROAD_SURFACE,ROAD_COND_1,ROAD_COND_2,LIGHTING,CONTROL_DEVICE,CHP_ROAD_TYPE,PEDESTRIAN_ACCIDENT,BICYCLE_ACCIDENT,MOTORCYCLE_ACCIDENT,TRUCK_ACCIDENT,NOT_PRIVATE_PROPERTY,ALCOHOL_INVOLVED,STWD_VEHTYPE_AT_FAULT,CHP_VEHTYPE_AT_FAULT,COUNT_SEVERE_INJ,COUNT_VISIBLE_INJ,COUNT_COMPLAINT_PAIN,COUNT_PED_KILLED,COUNT_PED_INJURED,COUNT_BICYCLIST_KILLED,COUNT_BICYCLIST_INJURED,COUNT_MC_KILLED,COUNT_MC_INJURED,PRIMARY_RAMP,SECONDARY_RAMP,LATITUDE,LONGITUDE,COUNTY,CITY,POINT_X,POINT_Y
90483592,2017,2017-06-22,9465,2017-03-13,2021,020313,,1,2,9,5000,0,3,5,,2,030,"FRAZINE ROAD","GARST ROAD",2058.00,S,N,A,-,N,,,,,,,,,,N,1,1,0,2,A,-,03,22350,,F,G,B,E,A,H,-,D,D,0,Y,,,,Y,,A,08,0,0,0,1,0,0,0,0,0,"- ","- ",37.646929999999998,-120.91177999999999,STANISLAUS,UNINCORPORATED,-120.9117725,37.647189820000001
90486433,2017,2017-06-23,9465,2017-05-25,1625,019713,,4,2,9,5000,0,3,5,,2,020,"PARKER ROAD","CHURCH STREET",1267.00,W,N,A,-,N,,,,,,,,,,Y,1,1,1,2,A,-,01,23152,A,N,A,C,A,A,H,-,A,D,0,,,,,Y,Y,A,07,0,1,0,0,0,0,0,0,0,"- ","- ",37.667349999999999,-120.9021,STANISLAUS,UNINCORPORATED,-120.90265266999999,37.667391270000003
90489825,2017,2017-06-28,9465,2017-06-17,1536,018767,,6,2,9,5000,0,3,5,,2,050,"HOWARD ROAD","DELTA MENDOTA CANAL",200.00,E,N,A,-,N,,,,,,,,,,Y,2,0,1,1,A,-,08,22107,,N,E,I,A,A,H,-,A,D,0,,,,,Y,,A,01,1,0,0,0,0,0,0,0,0,"- ","- ",37.536549999999998,-121.24019,STANISLAUS,UNINCORPORATED,,
90493948,2017,2017-07-05,9465,2017-06-23,0212,020374,,5,3,9,5000,0,3,5,,2,030,"ROHDE ROAD","REDWOOD ROAD",0.00,,Y,A,-,N,,,,,,,,,,Y,2,0,2,2,A,-,01,23152,A,N,A,C,A,A,H,-,C,A,0,,,,,Y,Y,A,01,1,1,0,0,0,0,0,0,0,"- ","- ",37.342210000000001,-120.56056,STANISLAUS,UNINCORPORATED,-120.93479000000001,37.572749999999999
90496211,2017,2017-07-07,9465,2017-07-03,0005,018768,,1,3,9,5000,0,3,5,,2,010,"PARADISE ROAD","IOWA AVENUE",220.00,W,N,A,-,N,,,,,,,,,,Y,2,0,1,1,A,-,08,22107,,N,E,I,A,A,H,-,D,D,0,,,,,Y,,A,01,1,0,0,0,0,0,0,0,0,"- ","- ",37.609200000000001,-121.07686,STANISLAUS,UNINCORPORATED,-121.07685944000001,37.609154240000002
90498443,2017,2017-07-11,9465,2017-06-17,0121,020457,,6,3,9,5000,0,3,5,,2,030,"N. HICKMAN ROAD","E. MONTE VISTA AVENUE",1777.00,N,N,A,-,N,,,,,,,,,,Y,1,2,0,2,A,-,01,23152,G,N,A,C,A,A,H,-,D,D,0,,,,,Y,Y,A,07,0,0,0,0,0,0,0,0,0,"- ","- ",37.313600000000001,-120.45271,STANISLAUS,UNINCORPORATED,-120.75749980000001,37.526378020000003
90499046,2017,2017-07-12,9465,2017-07-04,1140,012845,,2,1,9,5000,0,3,5,,2,020,"RIVER ROAD","CLEVELAND AVENUE",680.00,E,N,A,-,N,,,,,,,,,,Y,2,0,1,1,A,-,08,22107,,N,E,J,A,A,H,-,A,D,0,,,Y,,Y,,C,02,1,0,0,0,0,0,0,0,1,"- ","- ",37.785620000000002,-120.88214000000001,STANISLAUS,UNINCORPORATED,-120.88233669,37.780431069999999
90500030,2017,2017-07-13,9465,2017-07-10,2205,019982,,1,3,9,5000,0,3,5,,2,010,"PARADISE ROAD","SHILOH ROAD",0.00,,N,A,-,N,,,,,,,,,,Y,2,0,2,1,A,-,01,23152,A,N,E,I,A,A,H,-,D,D,0,,,,,Y,Y,A,01,1,1,0,0,0,0,0,0,0,"- ","- ",37.608719999999998,-121.13693000000001,STANISLAUS,UNINCORPORATED,-121.13076991,37.608809919999999
90506329,2017,2017-07-26,9465,2017-03-18,0149,019152,,6,3,6,5002,0,1,3,,2,011,"STATE ROUTE 99 (NORTHBOUND)","KANSAS AVENUE",2088.00,N,N,A,-,Y,,,99,,,,,,,Y,1,1,1,4,A,-,01,23152,A,N,G,B,E,A,H,-,E,D,0,Y,,,,Y,Y,D,22,1,0,0,1,1,0,0,0,0,"- ","- ",37.649909999999998,-121.02084000000001,STANISLAUS,MODESTO,-121.02087906,37.649863859999996
90506929,2017,2018-01-24,9465,2017-07-11,0255,020190,,2,3,9,5000,0,3,5,,2,050,"GRAYSON ROAD",SR-33,96.00,E,N,A,-,N,,,,,,,,,,Y,2,0,1,2,A,-,03,22350,,N,C,C,A,A,H,-,D,D,0,,,,,Y,,A,01,1,0,0,0,0,0,0,0,0,"- ","- ",37.546610000000001,-121.19569,STANISLAUS,UNINCORPORATED,-121.19576502,37.546547400000001
90510015,2017,2017-07-27,9465,2017-07-15,0135,020587,,6,3,9,5000,0,1,3,,1,032,"STATE ROUTE 132","EUCALYPTUS AVENUE",658.00,W,N,A,-,Y,,,132,,,,,,,Y,2,0,1,1,A,-,01,23152,A,N,E,I,A,A,H,-,D,D,0,,,,,Y,Y,D,22,1,0,0,0,0,0,0,0,0,"- ","- ",37.638249999999999,-120.78082999999999,STANISLAUS,UNINCORPORATED,-120.78082983,37.638267710000001
90510090,2017,2017-07-27,9465,2017-07-16,1350,018778,,7,1,9,5000,0,1,3,,2,023,SR-108,"CLAUS ROAD",15.00,E,N,A,-,Y,,,108,,,,,,,Y,2,0,1,1,A,-,01,23152,A,M,E,I,A,A,H,-,A,D,0,,,,,Y,Y,D,22,1,0,0,0,0,0,0,0,0,"- ","- ",37.737160000000003,-120.922,STANISLAUS,UNINCORPORATED,-120.92199223,37.737100750000003
90511618,2017,2017-07-28,9465,2017-07-15,1725,019713,,6,2,9,5000,0,2,4,,2,058,"LAS PALMAS AVENUE","JENNINGS ROAD",2640.00,W,N,A,-,N,,,,,,,,,,Y,2,0,1,1,A,-,08,22107,,N,E,I,A,A,H,-,A,D,0,,,,,Y,,A,01,1,0,0,0,0,0,0,0,0,"- ","- ",37.494729999999997,-121.0784,STANISLAUS,UNINCORPORATED,-121.076149,37.495477999999999
90512647,2017,2017-08-01,9465,2017-07-12,0450,019982,,3,3,9,5000,0,3,5,,2,010,"BECKWITH RD.","N HART RD.",3960.00,E,N,A,-,N,,,,,,,,,,Y,2,0,2,3,A,-,09,21801,A,N,A,C,A,A,H,-,D,D,0,,,,,Y,,A,01,1,0,1,0,0,0,0,0,0,"- ","- ",37.681690000000003,-121.11024999999999,STANISLAUS,UNINCORPORATED,-121.10914117999999,37.681679850000002
90513851,2017,2017-08-15,9465,2017-07-20,1425,019517,,4,2,9,5000,0,3,5,,2,020,SR-120,"KENNEDY ROAD",11616.00,E,N,A,-,Y,,,120,,,,,,,Y,2,0,2,1,A,-,03,22350,,N,F,A,A,A,H,-,A,D,0,,,Y,,Y,,C,02,2,0,0,0,0,0,0,0,2,"- ","- ",37.805630000000001,-120.70025,STANISLAUS,UNINCORPORATED,-120.70025776999999,37.8056476
90515607,2017,2017-08-03,9465,2017-07-21,2135,019152,,5,2,9,5000,0,3,5,,2,020,"ORANGE BLOSSOM ROAD","GRAPE ARBOR ROAD",3659.00,W,N,A,-,N,,,,,,,,,,Y,2,0,1,1,A,-,01,23152,A,N,F,I,A,A,H,-,D,D,0,,,,,Y,Y,A,07,1,0,0,0,0,0,0,0,0,"- ","- ",37.823970000000003,-120.7028,STANISLAUS,UNINCORPORATED,-120.70296961,37.823873229999997
90521850,2017,2017-08-11,9465,2017-07-30,1625,018778,,7,2,9,5000,0,1,3,,2,011,"SR-99 N/B","TUOLUMNE BLVD",70.00,S,N,A,-,Y,,,99,,,,,,N,Y,2,0,1,2,A,-,07,21658,A,F,F,I,A,A,H,-,A,D,0,,,Y,,Y,,A,01,1,0,0,0,0,0,0,0,1,"- ","- ",37.627160000000003,-120.99664,STANISLAUS,UNINCORPORATED,-120.99668826,37.627148759999997
90524461,2017,2017-08-16,9465,2017-05-17,0658,013647,,3,1,9,5000,0,3,5,,2,030,"EAST AVENUE","SANTA FE AVENUE",1584.00,W,N,A,-,N,,,,,,,,,,Y,1,1,0,2,A,-,08,22107,,N,C,G,A,A,H,-,A,D,0,,Y,,,Y,,D,22,0,0,0,0,0,1,0,0,0,"- ","- ",37.4923,-120.7664,STANISLAUS,UNINCORPORATED,-120.76211000000001,37.492269999999998
90525210,2017,2017-08-17,9465,2017-08-08,2155,021783,,2,2,9,5000,0,3,5,,2,030,"GEER ROAD","HATCH ROAD",0.00,,Y,A,-,N,,,,,,,,,,Y,2,0,1,1,A,-,01,23152,A,N,E,I,A,A,H,-,C,A,0,,,,,Y,Y,D,22,1,0,0,0,0,0,0,0,0,"- ","- ",37.60904,-120.84759,STANISLAUS,UNINCORPORATED,-120.84741993,37.60915996
90544388,2017,2017-09-11,9465,2017-08-20,2058,021783,,7,2,9,5000,0,3,5,,2,040,"WEST MAIN STREET","MITCHELL ROAD",0.00,,Y,A,-,N,,,,,,,,,,Y,2,0,2,2,A,-,03,22350,,N,C,C,A,A,H,-,D,A,0,,,Y,,Y,,A,01,1,1,0,0,0,0,0,0,2,"- ","- ",37.492780000000003,-120.94029,STANISLAUS,UNINCORPORATED,-120.94040998,37.492749969999998
9054495,2020,2020-05-28,5002,2020-02-05,1826,11808,054,3,5,6,5002,0,0,0,,0,083,"STANDFORD AV","SHERWOOD AV",420.00,W,N,A,-,N,,,,,,,,,,N,2,0,1,2,A,-,11,21954,A,N,G,B,D,A,H,-,C,A,0,Y,,,,Y,,N,60,1,0,0,0,1,0,0,0,0,"- ","- ",,,STANISLAUS,MODESTO,-120.99890899658203,37.689174652099609
90546212,2017,2017-09-12,9465,2017-08-05,2140,018998,,6,2,9,5000,0,3,5,,2,050,"WARD AVENUE","ELFERS ROAD",0.00,,Y,A,-,N,,,,,,,,,,Y,1,1,0,1,A,-,01,23152,A,N,E,I,A,A,H,-,D,D,0,,,,,Y,Y,A,01,0,0,0,0,0,0,0,0,0,"- ","- ",37.4499,-121.14109999999999,STANISLAUS,UNINCORPORATED,-121.14111998999999,37.449889910000003
90547136,2017,2017-11-17,9465,2017-07-17,1455,019713,,1,2,9,5000,0,1,3,,1,054,"STATE ROUTE 33","GAFFERY ROAD",1584.00,S,N,A,-,Y,,,33,,,,,,,Y,1,1,0,1,A,-,08,22107,,N,F,A,A,A,H,-,A,D,0,,,,Y,Y,,F,26,0,0,0,0,0,0,0,0,0,"- ","- ",37.590310000000002,-121.24401,STANISLAUS,UNINCORPORATED,-121.24393313,37.590394250000003
90549615,2017,2017-09-18,9465,2017-09-01,0545,019152,,5,3,9,5000,0,1,3,,2,053,"STATE ROUTE 33","HAMILTON ROAD",0.00,,Y,A,-,Y,,,33,,,,,,,Y,2,0,6,3,A,-,09,21801,A,N,A,C,A,A,H,-,C,D,0,,,,,Y,,D,22,1,1,4,0,0,0,0,0,0,"- ","- ",37.565640000000002,-121.21688,STANISLAUS,UNINCORPORATED,-121.21686047999999,37.565661249999998
90552836,2017,2017-09-21,9465,2017-08-27,1759,021235,,7,2,6,5002,0,3,5,,2,030,"STATE ROUTE 132","MART AVENUE",725.00,W,N,A,-,N,,,,,,,,,,Y,2,0,5,2,A,-,03,22350,,N,A,C,A,A,H,-,A,D,0,,,,,Y,,A,01,3,1,1,0,0,0,0,0,0,"- ","- ",37.6387,-120.80896,STANISLAUS,MODESTO,-120.808958,37.638699000000003
90554334,2017,2017-09-25,9465,2017-09-14,2325,021239,,4,3,4,5001,0,3,5,,2,030,"ROHDE ROAD","REDWOOD ROAD",130.00,N,N,A,-,N,,,,,,,,,,N,2,0,1,2,A,-,08,22107,,N,D,C,A,A,H,-,C,D,0,,Y,,,Y,,L,04,1,0,0,0,0,0,1,0,0,"- ","- ",37.573210000000003,-120.93549,STANISLAUS,CERES,,
90557134,2017,2017-09-27,9465,2017-09-17,1805,020362,,7,2,9,5000,0,2,4,,2,043,"WEST MAIN AVENUE","CARPENTER ROAD",17.00,E,N,A,-,N,,,,,,,,,,Y,2,0,2,3,A,-,01,23152,A,N,C,C,A,A,H,-,A,D,0,,,,,Y,Y,A,01,1,0,1,0,0,0,0,0,0,"- ","- ",37.49333,-121.03075,STANISLAUS,UNINCORPORATED,-121.03082141,37.493289490000002
90567310,2017,2017-10-11,9465,2017-09-27,1253,018274,,3,1,9,5000,0,3,5,,2,050,"EASTIN ROAD","STUHR ROAD",288.00,S,N,A,-,N,,,,,,,,,,Y,2,0,2,1,A,-,08,22107,,N,E,I,A,A,H,-,A,D,0,,,,,Y,,A,01,1,0,1,0,0,0,0,0,0,"- ","- ",37.332320000000003,-121.06752,STANISLAUS,UNINCORPORATED,-121.06748376,37.332559029999999
90569237,2017,2017-11-08,9465,2017-10-01,1804,020260,,7,2,4,5001,0,1,3,,2,041,"STATE ROUTE 99 (SOUTHBOUND)","MITCHELL ROAD",740.00,S,N,A,-,Y,,,99,,,,,,,Y,2,0,3,4,A,-,09,21804,A,N,B,C,A,A,H,-,A,D,0,,,,Y,Y,Y,A,07,1,2,0,0,0,0,0,0,0,"- ","- ",37.57282,-120.93577000000001,STANISLAUS,CERES,-120.9357268,37.572863290000001
90579106,2017,2017-10-26,9465,2017-10-12,2135,020599,,4,2,9,5000,0,3,5,,2,020,"OAKDALE-WATERFORD HIGHWAY","ALBERS ROAD",886.00,E,N,A,-,Y,,,,,,,,,,Y,2,0,2,1,A,-,08,22107,,F,F,I,A,A,H,-,D,D,0,,,,,Y,,D,22,1,1,0,0,0,0,0,0,0,"- ","- ",37.732469999999999,-120.83813000000001,STANISLAUS,UNINCORPORATED,-120.83667674,37.732220599999998
90581213,2017,2017-10-27,9465,2017-10-08,1202,020587,,7,1,9,5000,0,2,4,,2,024,"ALBERS ROAD","CLARIBEL ROAD",605.00,S,N,A,-,N,,,,,,,,,,N,2,0,1,2,A,-,08,22107,,N,G,B,E,A,H,-,A,D,0,Y,,,,Y,,A,01,1,0,0,0,1,0,0,0,0,"- ","- ",37.710180000000001,-120.84836,STANISLAUS,UNINCORPORATED,-120.8483507,37.709398659999998
90581359,2017,2017-10-27,9465,2017-10-16,2140,017167,,1,2,9,5000,0,1,3,,2,021,"STATE ROUTE 120","VALLEY HOME ROAD",0.00,,Y,A,-,Y,,,120,,,,,,,Y,2,0,1,1,A,-,01,23152,A,N,E,I,A,A,H,-,D,A,0,,,,,Y,Y,A,01,1,0,0,0,0,0,0,0,0,"- ","- ",37.790100000000002,-120.86599,STANISLAUS,UNINCORPORATED,-120.86604995,37.789988549999997
90585163,2017,2017-11-01,9465,2017-10-22,0120,020807,,7,3,9,5000,0,3,5,,2,030,"MITCHELL ROAD","FINCH ROAD",1056.00,S,N,A,-,N,,,,,,,,,,Y,2,0,1,1,A,-,01,23152,A,N,E,I,A,A,H,-,D,D,0,,,,,Y,Y,A,01,1,0,0,0,0,0,0,0,0,"- ","- ",37.620609999999999,-120.93917,STANISLAUS,UNINCORPORATED,-120.94105127,37.621756580000003
90588909,2017,2017-11-09,9465,2017-10-26,2245,020985,,4,3,9,5000,0,3,5,,2,040,"GRAYSON ROAD","BROYLE ROAD",580.00,W,N,A,-,N,,,,,,,,,,Y,2,0,2,1,A,-,08,22107,,N,E,I,A,A,H,-,D,D,0,,,,,Y,Y,A,07,1,0,1,0,0,0,0,0,0,"- ","- ",37.565919999999998,-121.11474,STANISLAUS,UNINCORPORATED,-121.11204069,37.565950000000001
9058972,2020,2020-04-07,5002,2020-03-01,2052,13118,M045,7,5,6,5002,0,0,0,,0,082,"WEST BRIGGSMORE AV","TULLY RD",500.00,E,N,A,-,N,,,,,,,,,,Y,2,0,2,1,A,-,01,23152,A,N,E,I,A,A,H,-,C,A,0,,,,,Y,Y,-,,2,0,0,0,0,0,0,0,0,"- ","- ",,,STANISLAUS,MODESTO,-121.01052093505859,37.670475006103516
9059556,2020,2020-03-19,5002,2020-02-15,1811,11741,153,6,5,6,5002,0,0,0,,0,073,"ROSELLE AV","SYLVAN AV",135.00,N,N,A,-,N,,,,,,,,,,Y,2,0,3,2,A,-,05,21460,A,N,A,C,A,A,H,-,D,D,0,,,,,Y,,-,,1,2,0,0,0,0,0,0,0,"- ","- ",,,STANISLAUS,MODESTO,,
9060154,2019,2020-03-09,5002,2019-09-14,2320,11267,,6,5,6,5002,0,0,0,,0,071,"SCENIC AV","EASTRIDGE AV",200.00,W,N,A,-,N,,,,,,,,,,Y,2,0,1,1,A,-,03,22350,,N,H,A,A,A,H,-,C,D,0,,,,,Y,,A,07,1,0,0,0,0,0,0,0,0,"- ","- ",,,STANISLAUS,MODESTO,-120.94462585449219,37.653583526611328
90604945,2017,2017-11-29,9465,2017-11-19,0230,020807,,7,3,9,5000,0,1,3,,2,041,"SR-99 N/B","HATCH ROAD",1584.00,N,N,A,-,Y,,,99,,,,,,N,Y,2,0,1,1,A,-,01,23152,A,N,E,I,A,A,H,-,C,D,0,,,,,Y,Y,A,07,1,0,0,0,0,0,0,0,0,"- ","- ",37.61262,-120.97949,STANISLAUS,UNINCORPORATED,-120.97942372999999,37.612665040000003
90616791,2017,2017-12-13,9465,2017-12-06,0650,16320,,3,1,9,5000,0,1,3,,2,028,"STATE ROUTE 4","MILTON ROAD",5491.00,E,N,A,-,Y,,,4,,,,,,,Y,2,0,3,3,A,-,08,22107,,N,A,C,A,A,H,-,B,D,0,,,,,Y,,A,01,1,1,1,0,0,0,0,0,0,"- ","- ",37.944499999999998,-120.82474999999999,STANISLAUS,UNINCORPORATED,-120.82475429,37.944483560000002
90616923,2017,2017-12-13,9465,2017-12-07,0625,16320,,4,1,9,5000,0,3,5,,2,020,"PATTERSON ROAD","KAUFMAN ROAD",1584.00,W,N,A,-,N,,,,,,,,,,N,2,0,1,2,A,-,11,21954,A,N,G,B,E,A,H,-,D,D,0,Y,,,,Y,,N,60,1,0,0,0,1,0,0,0,0,"- ","- ",37.732799999999997,-120.85427,STANISLAUS,UNINCORPORATED,-120.85424682,37.732823349999997
90618663,2017,2017-12-15,9465,2017-10-17,0010,019982,,2,3,5,5007,0,1,3,,2,041,"STATE ROUTE 99 (NORTHBOUND)","LANDER AVENUE",2200.00,N,N,A,-,Y,,,99,,,,,,,Y,2,0,1,1,A,-,08,22107,,N,E,I,A,A,H,-,C,D,0,,,,,Y,,A,01,1,0,0,0,0,0,0,0,0,"- ","- ",37.476230000000001,-120.8548,STANISLAUS,TURLOCK,-120.85478544,37.476266950000003
90620304,2017,2017-12-19,9465,2017-12-08,0540,019155,,5,3,9,5000,0,2,4,,2,024,"MILTON ROAD","STATE ROUTE 4",5808.00,N,N,A,-,N,,,,,,,,,,Y,2,0,1,1,A,-,08,22107,,N,E,I,A,A,H,-,D,D,0,,,,,Y,,D,22,1,0,0,0,0,0,0,0,0,"- ","- ",37.966650000000001,-120.84372999999999,STANISLAUS,UNINCORPORATED,-120.84363999999999,37.96069756
90620691,2017,2017-12-19,9465,2017-12-08,1622,018945,,5,2,9,5000,0,3,5,,2,050,"DEL PUERTO CANYON PARKWAY","INTERSTATE 5",40.00,W,N,A,-,N,,,,,,,,,,Y,2,0,4,2,A,-,09,21801,A,N,A,C,A,A,H,-,A,D,0,,,,,Y,,A,01,2,1,1,0,0,0,0,0,0,"- ","- ",37.463509999999999,-121.18089999999999,STANISLAUS,UNINCORPORATED,-121.18104700000001,37.463475000000003
90621328,2017,2017-12-20,9465,2017-12-10,1720,019713,,7,2,9,5000,0,1,3,,1,054,"STATE ROUTE 33","W. HAMILITON ROAD",0.00,,Y,A,-,Y,,,33,,,,,,,Y,2,0,2,2,A,-,09,21801,A,N,A,C,A,A,H,-,D,D,0,,,,,Y,,A,01,2,0,0,0,0,0,0,0,0,"- ","- ",37.565640000000002,-121.21688,STANISLAUS,UNINCORPORATED,-121.21686047999999,37.565661249999998
90630700,2017,2018-01-02,9465,2017-11-16,0640,16320,,4,1,9,5000,0,3,5,,2,030,"HAWKINS ROAD","KEYES ROAD",8501.00,N,N,B,-,N,,,,,,,,,,Y,1,1,0,1,A,-,08,22107,,N,E,I,A,A,H,-,A,D,0,,,,,Y,,A,01,0,0,0,0,0,0,0,0,0,"- ","- ",37.57461,-120.64588000000001,STANISLAUS,UNINCORPORATED,-120.64577731999999,37.57438183
90630751,2017,2018-01-02,9465,2017-10-15,1157,018998,,7,1,9,5000,0,3,5,,2,030,"SANTA FE AVENUE","REDWOOD ROAD",52.00,S,N,A,-,N,,,,,,,,,,Y,1,1,0,1,A,-,01,23152,A,N,E,I,A,A,H,-,A,D,0,,,,,Y,Y,A,01,0,0,0,0,0,0,0,0,0,"- ","- ",37.572830000000003,-120.84428,STANISLAUS,UNINCORPORATED,-120.84442704999999,37.572809059999997
90632961,2017,2018-01-04,9465,2017-10-10,0450,019982,,2,3,9,5000,0,3,5,,2,030,"E. MONTE VISTA AVENUE","N. MONTPELLIER ROAD",88.00,E,N,A,-,N,,,,,,,,,,Y,1,1,0,1,A,-,08,22107,,N,E,I,A,A,H,-,D,A,0,,,,,Y,,D,22,0,0,0,0,0,0,0,0,0,"- ","- ",37.520710000000001,-120.68308,STANISLAUS,UNINCORPORATED,-120.68354272000001,37.520831790000003
90637854,2018,2018-01-11,9465,2018-01-04,0155,020457,,4,3,9,5000,0,3,5,,2,030,"9TH STREET","LOMBARDO AVENUE",37.00,N,N,C,-,N,,,,,,,,,,Y,2,0,1,1,A,-,01,23152,A,N,E,I,A,B,H,-,C,D,0,,,,,Y,Y,A,01,1,0,0,0,0,0,0,0,0,"- ","- ",37.621761322021484,-120.98583221435547,STANISLAUS,UNINCORPORATED,-120.98581695556641,37.621707916259766
90640679,2018,2018-01-16,9465,2018-01-07,1440,020395,,7,2,9,5000,0,3,5,,2,020,"SONORA ROAD","FRANKENHEIMER ROAD",5280.00,S,N,B,-,N,,,,,,,,,,Y,2,0,2,2,A,-,05,21460,A,N,B,C,A,A,H,-,A,D,0,,,Y,,Y,,C,02,1,1,0,0,0,0,0,0,2,"- ","- ",37.858890533447266,-120.75525665283203,STANISLAUS,UNINCORPORATED,-120.75872802734375,37.859699249267578
90645702,2017,2018-01-30,9465,2017-10-17,0727,013647,,2,1,5,5007,0,1,3,,2,041,"STATE ROUTE 99 (SOUTHBOUND)","MONTE VISTA AVENUE",1164.00,N,N,A,-,Y,,,99,,,,,,,Y,1,1,0,1,A,-,08,22107,,N,F,A,A,A,H,-,A,D,0,,,,,Y,,A,07,0,0,0,0,0,0,0,0,0,"- ","- ",37.524799999999999,-120.8861,STANISLAUS,TURLOCK,-120.88679322999999,37.524430469999999
90645844,2017,2018-01-23,9465,2017-10-15,0207,020807,,7,3,9,5000,0,1,3,,2,045,SR-165,"CLAUSEN ROAD",528.00,N,N,A,-,Y,,,165,,,,,,,Y,1,1,1,4,A,-,03,22350,,F,C,C,A,A,H,-,D,D,0,,,Y,,Y,Y,D,22,0,1,0,0,0,0,0,1,0,"- ","- ",37.458559999999999,-120.84909,STANISLAUS,UNINCORPORATED,-120.84909104,37.458559989999998
90646846,2017,2018-01-24,9465,2017-11-12,1209,018382,,7,1,9,5000,0,1,3,,2,041,"SR-99 (S/B) TO MITCHELL ROAD","MITCHELL ROAD",1125.00,N,N,A,-,Y,,,99,,,,R,,,Y,1,1,0,2,A,-,08,22107,,N,B,C,A,A,H,-,A,D,0,,,,,Y,,A,01,0,0,0,0,0,0,0,0,0,"- ","- ",37.578139999999998,-120.94181,STANISLAUS,UNINCORPORATED,-120.94181,37.578139999999998
90647810,2018,2018-01-25,9465,2018-01-14,1720,020663,,7,2,9,5000,0,3,5,,2,040,"FAITH HOME ROAD","MAIN STREET",2747.00,N,N,A,-,N,,,,,,,,,,Y,2,0,1,2,A,-,08,22107,,N,B,C,A,A,H,-,D,D,0,,,,,Y,,A,01,1,0,0,0,0,0,0,0,0,"- ","- ",37.499568939208984,-120.92156219482422,STANISLAUS,UNINCORPORATED,-120.92148590087891,37.500164031982422
90658202,2018,2018-02-09,9465,2018-01-22,0305,020807,,1,3,9,5000,0,3,5,,2,040,"RUBLE ROAD","CROWS LANDING ROAD",2640.00,W,N,A,-,N,,,,,,,,,,N,2,0,1,2,A,-,08,22107,,M,F,A,A,A,H,-,C,D,0,,,,,Y,,A,07,1,0,0,0,0,0,0,0,0,"- ","- ",37.48577880859375,-121.00453948974609,STANISLAUS,UNINCORPORATED,-121.00360107421875,37.48577880859375
90660290,2017,2018-02-20,9465,2017-11-01,1025,014588,,3,1,9,5000,0,3,5,,2,050,"HOWARD ROAD","CALIFORNIA AQUEDUCT",125.00,E,N,A,-,N,,,,,,,,,,Y,1,1,0,1,A,-,01,23152,F,N,E,I,A,A,H,-,A,D,0,,,,,Y,,A,01,0,0,0,0,0,0,0,0,0,"- ","- ",37.536799999999999,-121.25738,STANISLAUS,UNINCORPORATED,,
90661009,2018,2018-02-14,9465,2018-01-30,2000,017167,,2,2,9,5000,0,3,5,,2,020,"FRANKENHEIMER ROAD","28 MILE ROAD",12672.00,E,N,B,-,N,,,,,,,,,,Y,2,0,1,1,A,-,08,22107,,N,E,I,A,A,H,-,D,D,0,,,,,Y,,D,22,1,0,0,0,0,0,0,0,0,"- ","- ",37.824569702148438,-120.79778289794922,STANISLAUS,UNINCORPORATED,-120.79811859130859,37.824569702148438
90661722,2017,2018-02-14,9465,2017-10-22,0111,021783,,7,3,9,5000,0,3,5,,2,010,"SHOEMAKE AVENUE","FINNEY ROAD",509.00,W,N,A,-,N,,,,,,,,,,N,1,1,0,2,A,-,11,21954,A,N,G,B,E,A,H,-,D,D,0,Y,,,,Y,,N,60,0,0,0,1,0,0,0,0,0,"- ","- ",37.667189999999998,-121.08834,STANISLAUS,UNINCORPORATED,-121.08768852,37.667181370000002