CASE_ID,ACCIDENT_YEAR,PROC_DATE,JURIS,COLLISION_DATE,COLLISION_TIME,OFFICER_ID,REPORTING_DISTRICT,DAY_OF_WEEK,CHP_SHIFT,POPULATION,CNTY_CITY_LOC,SPECIAL_COND,BEAT_TYPE,CHP_BEAT_TYPE,CITY_DIVISION_LAPD,CHP_BEAT_CLASS,BEAT_NUMBER,PRIMARY_RD,SECONDARY_RD,DISTANCE,DIRECTION,INTERSECTION,WEATHER_1,WEATHER_2,STATE_HWY_IND,CALTRANS_COUNTY,CALTRANS_DISTRICT,STATE_ROUTE,ROUTE_SUFFIX,POSTMILE_PREFIX,POSTMILE,LOCATION_TYPE,RAMP_INTERSECTION,SIDE_OF_HWY,TOW_AWAY,COLLISION_SEVERITY,NUMBER_KILLED,NUMBER_INJURED,PARTY_COUNT,PRIMARY_COLL_FACTOR,PCF_CODE_OF_VIOL,PCF_VIOL_CATEGORY,PCF_VIOLATION,PCF_VIOL_SUBSECTION,HIT_AND_RUN,TYPE_OF_COLLISION,MVIW,PED_ACTION,ROAD_SURFACE,ROAD_COND_1,ROAD_COND_2,LIGHTING,CONTROL_DEVICE,CHP_ROAD_TYPE,PEDESTRIAN_ACCIDENT,BICYCLE_ACCIDENT,MOTORCYCLE_ACCIDENT,TRUCK_ACCIDENT,NOT_PRIVATE_PROPERTY,ALCOHOL_INVOLVED,STWD_VEHTYPE_AT_FAULT,CHP_VEHTYPE_AT_FAULT,COUNT_SEVERE_INJ,COUNT_VISIBLE_INJ,COUNT_COMPLAINT_PAIN,COUNT_PED_KILLED,COUNT_PED_INJURED,COUNT_BICYCLIST_KILLED,COUNT_BICYCLIST_INJURED,COUNT_MC_KILLED,COUNT_MC_INJURED,PRIMARY_RAMP,SECONDARY_RAMP,LATITUDE,LONGITUDE,COUNTY,CITY,POINT_X,POINT_Y
90662139,2017,2018-04-12,9465,2017-10-17,2150,019982,,2,2,9,5000,0,3,5,,2,010,"HAMMOND STREET","ROBERTSON ROAD",57.00,S,N,A,-,N,,,,,,,,,,Y,1,1,0,1,A,-,01,23152,A,N,G,B,A,A,H,-,C,A,0,,,,,Y,Y,A,07,0,0,0,0,0,0,0,0,0,"- ","- ",37.613030000000002,-121.01875,STANISLAUS,UNINCORPORATED,-121.01862799,37.613133470000001
90662176,2018,2020-04-20,9465,2018-01-03,1352,018767,,3,1,9,5000,0,1,3,,2,023,"STATE ROUTE 108/120","LANCASTER ROAD",12144.00,E,N,B,-,Y,,,,,,,,,,Y,1,1,1,2,A,-,05,21650,,N,A,C,A,A,H,-,A,D,0,,,,,Y,,A,07,1,0,0,0,0,0,0,0,0,"- ","- ",37.805679321289062,-120.70905303955078,STANISLAUS,UNINCORPORATED,,
90664394,2018,2018-02-20,9465,2018-02-10,2100,021066,,6,2,4,5001,0,1,3,,2,041,"SR-99 (N/B)","PINE STREET",630.00,N,N,A,-,Y,,,99,,,,,,,Y,2,0,1,1,A,-,08,22107,,N,F,A,A,A,H,-,D,D,0,,,,,Y,,A,01,1,0,0,0,0,0,0,0,0,"- ","- ",37.589588165283203,-120.95391845703125,STANISLAUS,CERES,-120.95417022705078,37.589336395263672
90666975,2018,2018-02-22,9465,2018-02-15,1800,020575,,4,2,9,5000,0,1,1,,2,056,"INTERSTATE 5","SPERRY AVENUE",10560.00,S,N,A,-,Y,,,5,,,,,,,Y,2,0,3,1,A,-,01,23152,A,N,F,A,A,A,H,-,D,D,0,,,,,Y,Y,A,01,2,1,0,0,0,0,0,0,0,"- ","- ",37.438911437988281,-121.16181182861328,STANISLAUS,UNINCORPORATED,-121.16181945800781,37.43890380859375
90669927,2018,2018-02-26,9465,2018-02-16,1042,019155,,5,1,9,5000,0,1,3,,2,011,"STATE ROUTE 99 (NORTHBOUND)","L STREET",122.00,S,N,A,-,Y,,,,,,,,,,Y,2,0,1,1,A,-,08,22107,,N,E,I,A,A,H,-,A,D,0,,,,,Y,,A,01,1,0,0,0,0,0,0,0,0,"- ","- ",37.639118194580078,-121.00644683837891,STANISLAUS,UNINCORPORATED,,
90672800,2018,2018-04-11,9465,2018-02-26,0215,019982,,1,3,4,5001,0,3,5,,2,030,"HATCH ROAD","HERNDON ROAD",0.00,,N,A,-,N,,,,,,,,,,Y,2,0,1,2,A,-,01,23152,A,N,F,A,A,A,H,-,C,A,0,,,,,Y,Y,D,22,1,0,0,0,0,0,0,0,0,"- ","- ",37.609531402587891,-120.97540283203125,STANISLAUS,CERES,-120.97422027587891,37.609298706054688
90676714,2017,2018-03-07,9465,2017-12-25,2145,021235,,1,2,6,5002,0,3,5,,2,030,"CENTER STREET","F STREET",130.00,S,N,A,-,N,,,,,,,,,,Y,1,1,0,2,A,-,11,21954,A,F,G,B,D,A,H,-,C,D,0,Y,,,,Y,,N,60,0,0,0,1,0,0,0,0,0,"- ","- ",37.489280000000001,-120.83826999999999,STANISLAUS,MODESTO,-120.83837976,37.489332439999998
90684694,2018,2018-03-19,9465,2018-03-07,2050,021022,,3,2,9,5000,0,3,5,,2,040,"SHILOH ROAD","DOS RIOS LANE",1320.00,N,N,B,-,N,,,,,,,,,,Y,2,0,1,1,A,-,08,22107,,N,F,A,A,A,H,-,D,D,0,,,,,Y,,D,22,1,0,0,0,0,0,0,0,0,"- ","- ",37.576511383056641,-121.14028167724609,STANISLAUS,UNINCORPORATED,-121.14033508300781,37.576904296875
90685929,2018,2018-03-20,9465,2018-03-11,1300,021235,,7,1,9,5000,0,3,5,,2,040,"BRADBURY ROAD","MORGAN ROAD",2957.00,W,N,A,-,N,,,,,,,,,,N,2,0,1,2,A,-,08,22107,,N,B,C,A,A,H,-,A,D,0,,,Y,,Y,,C,02,1,0,0,0,0,0,0,0,1,"- ","- ",37.449329376220703,-120.98674011230469,STANISLAUS,UNINCORPORATED,-120.98658752441406,37.449337005615234
90687492,2018,2018-03-22,9465,2018-03-03,1406,018259,,6,2,9,5000,0,1,1,,2,055,"I-5 SB","INGRAM CREEK ROAD",5280.00,S,N,B,C,Y,,,5,,,,,,S,Y,2,0,5,2,A,-,03,22350,,N,C,C,A,B,H,-,A,D,0,,,,Y,Y,,A,01,2,0,3,0,0,0,0,0,0,"- ","- ",37.528671264648438,-121.25373840332031,STANISLAUS,UNINCORPORATED,-121.25375366210938,37.528652191162109
90687523,2018,2018-03-22,9465,2018-03-09,0458,020374,,5,3,6,5002,0,1,3,,2,022,"STATE ROUTE 108/120","DILLWOOD ROAD",0.00,,Y,B,-,Y,,,,,,,,,,Y,2,0,2,2,A,-,09,21801,A,N,A,C,A,A,H,-,D,A,0,,,,,Y,,A,01,1,0,1,0,0,0,0,0,0,"- ","- ",37.776500701904297,-120.79341125488281,STANISLAUS,MODESTO,,
90692753,2018,2018-03-29,9465,2018-02-01,2340,020807,,4,3,9,5000,0,3,5,,2,030,"SOUTH 7TH STREET","BLANKENBURG AVENUE",630.00,S,N,A,-,N,,,,,,,,,,N,1,1,0,2,A,-,11,21954,A,F,G,B,E,A,H,-,C,D,0,Y,,,,Y,,N,60,0,0,0,1,0,0,0,0,0,"- ","- ",37.619560241699219,-120.98970031738281,STANISLAUS,UNINCORPORATED,-120.98970794677734,37.619579315185547
90696485,2018,2018-04-02,9465,2018-03-21,2255,020374,,3,3,9,5000,0,3,5,,2,020,"RIVER ROAD","CLEVELAND AVENUE",2429.00,W,N,C,-,N,,,,,,,,,,Y,2,0,1,1,A,-,01,23152,A,N,E,I,A,B,H,-,D,D,0,,,,,Y,Y,A,07,1,0,0,0,0,0,0,0,0,"- ","- ",37.777641296386719,-120.89251708984375,STANISLAUS,UNINCORPORATED,-120.89244079589844,37.777660369873047
90698454,2018,2018-04-12,9465,2018-03-25,0105,021066,,7,3,9,5000,0,1,3,,2,013,"STATE ROUTE 108","STEWART ROAD",457.00,S,N,B,-,Y,,,,,,,,,,Y,2,0,1,1,A,-,01,23152,,N,E,I,A,A,H,-,C,D,0,,,,,Y,Y,A,01,1,0,0,0,0,0,0,0,0,"- ","- ",37.742149353027344,-120.99545288085938,STANISLAUS,UNINCORPORATED,,
90706078,2018,2018-04-16,9465,2018-04-05,2117,020457,,4,2,9,5000,0,3,5,,2,010,"PARADISE ROAD","CHICAGO AVENUE",37.00,E,N,C,-,N,,,,,,,,,,N,2,0,1,2,A,-,03,22350,,N,G,B,D,B,H,-,C,A,0,Y,,,,Y,,A,01,1,0,0,0,1,0,0,0,0,"- ","- ",37.626140594482422,-121.01438140869141,STANISLAUS,UNINCORPORATED,-121.01448059082031,37.626033782958984
9070881,2020,2020-10-19,5002,2020-01-08,0059,11267,334,3,5,6,5002,0,0,0,,0,043,"RT 132","LINCOLN AV",1000.00,W,N,E,-,Y,STA,10,132,-,-,17.960,H,-,W,N,2,0,2,2,A,-,17,21208,A,F,C,G,A,A,H,-,C,D,0,,Y,,,Y,,L,04,1,0,1,0,0,0,2,0,0,"- ","- ",,,STANISLAUS,MODESTO,-120.9423828125,37.638145446777344
90712527,2018,2018-04-25,9465,2018-04-14,0350,020374,,6,3,9,5000,0,1,1,,2,055,"INTERSTATE 5 (NORTHBOUND)","KHALSA ROAD",213.00,S,N,A,-,Y,,,5,,,,,,,Y,2,0,1,1,A,-,01,23152,A,N,E,I,A,A,H,-,C,D,0,,,,,Y,Y,A,01,1,0,0,0,0,0,0,0,0,"- ","- ",37.565361022949219,-121.29981994628906,STANISLAUS,UNINCORPORATED,-121.29994964599609,37.565196990966797
90718883,2018,2018-05-03,9465,2018-04-22,0118,020914,,7,3,9,5000,0,3,5,,2,040,"WASHINGTON ROAD","FULKERTH ROAD",106.00,N,N,A,-,N,,,,,,,,,,Y,2,0,1,1,A,-,08,22107,,N,E,I,A,A,H,-,C,D,0,,,,,Y,,A,01,1,0,0,0,0,0,0,0,0,"- ","- ",37.507881164550781,-120.90351104736328,STANISLAUS,UNINCORPORATED,-120.90360260009766,37.507469177246094
90720280,2018,2018-06-18,9465,2018-02-19,2327,020190,,1,3,9,5000,0,1,3,,2,041,"STATE ROUTE 99 NORTHBOUND","FAITH HOME ROAD",2113.00,N,N,A,-,Y,,,99,,,,,,N,Y,1,1,1,2,A,-,01,23152,A,N,C,C,A,A,H,-,D,D,0,,,,Y,Y,Y,A,01,0,1,0,0,0,0,0,0,0,"- ","- ",37.564659118652344,-120.92584228515625,STANISLAUS,UNINCORPORATED,-120.92584991455078,37.564643859863281
90723656,2018,2018-05-10,9465,2018-05-03,2125,020374,,4,2,9,5000,0,1,1,,2,056,"INTERSTATE 5 (NORTHBOUND)","STATE ROUTE 140",440.00,N,N,A,-,Y,,,5,,,,,,,N,2,0,1,2,A,-,11,21954,A,F,G,B,E,A,H,-,D,A,0,Y,,,,Y,,N,60,1,0,0,0,1,0,0,0,0,"- ","- ",37.247440338134766,-121.08901977539062,STANISLAUS,UNINCORPORATED,-121.08904266357422,37.247432708740234
90733237,2018,2018-05-24,9465,2018-04-25,0643,018259,,3,1,9,5000,0,2,S,,2,001,"HILLS FERRY ROAD","RIVER ROAD",0.00,,Y,A,-,N,,,,,,,,,,Y,2,0,1,2,A,-,05,21460,A,N,D,C,A,A,H,-,A,D,0,,,,,Y,,A,08,1,0,0,0,0,0,0,0,0,"- ","- ",37.345951080322266,-120.97828674316406,STANISLAUS,UNINCORPORATED,-120.97805023193359,37.346298217773438
90734705,2018,2018-05-25,9465,2018-05-12,0020,021022,,6,3,9,5000,0,3,5,,2,020,"MILNES ROAD","LANGWORTH ROAD",1584.00,E,N,A,-,N,,,,,,,,,,Y,2,0,4,2,A,-,01,23152,A,N,A,C,A,A,H,-,D,D,0,,,,,Y,Y,A,01,1,2,1,0,0,0,0,0,0,"- ","- ",37.681888580322266,-120.88596343994141,STANISLAUS,UNINCORPORATED,-120.88842010498047,37.681869506835938
90735202,2018,2018-05-25,9465,2018-04-14,2500,019517,,6,4,9,5000,0,3,5,,2,040,"CARPENTER ROAD","CROWS LANDING ROAD",10032.00,N,N,A,-,N,,,,,,,,,,Y,1,1,0,1,A,-,01,23152,F,N,F,A,A,A,H,-,D,D,0,,,,,Y,,D,22,0,0,0,0,0,0,0,0,0,"- ","- ",37.455989837646484,-121.02799987792969,STANISLAUS,UNINCORPORATED,-121.02950286865234,37.456253051757812
90735869,2018,2018-05-29,9465,2018-05-26,1642,021226,,6,2,9,5000,0,1,3,,2,015,SR-219,"CARVER ROAD",0.00,,Y,A,-,Y,,,219,,,,,,,Y,2,0,2,2,A,-,01,23152,A,N,D,C,A,A,H,-,A,A,0,,,,,Y,Y,A,01,1,1,0,0,0,0,0,0,0,"- ","- ",37.711231231689453,-121.02217864990234,STANISLAUS,UNINCORPORATED,-121.02217864990234,37.711238861083984
90735937,2018,2018-05-29,9465,2018-05-19,1810,020874,,6,2,9,5000,0,2,4,,2,024,"ALBERS ROAD","DUSTY LANE",3168.00,S,N,A,-,N,,,,,,,,,,Y,2,0,1,2,A,-,01,23152,A,N,B,C,A,A,H,-,A,D,0,,,Y,,Y,Y,C,02,1,0,0,0,0,0,0,0,1,"- ","- ",37.682071685791016,-120.84812927246094,STANISLAUS,UNINCORPORATED,-120.84793090820312,37.651641845703125
90739065,2018,2018-06-01,9465,2018-05-26,0210,021022,,6,3,5,5007,0,1,3,,2,041,"SR-99 SOUTHBOUND TO WEST MAIN ST.","WEST MAIN STREET",1056.00,N,N,A,-,Y,,,99,,,,R,,S,Y,2,0,1,1,A,-,01,23152,A,N,E,I,A,A,H,-,D,D,0,,,,,Y,Y,A,01,1,0,0,0,0,0,0,0,0,"- ","- ",37.496040344238281,-120.87203216552734,STANISLAUS,TURLOCK,-120.87203216552734,37.496040344238281
90748104,2018,2018-06-14,9465,2018-06-12,1138,020260,,2,1,9,5000,0,2,4,,2,042,"CROWS LANDING ROAD","FULKERTH ROAD",0.00,,Y,A,-,N,,,,,,,,,,Y,2,0,1,2,A,-,12,22450,A,N,D,C,A,A,H,-,A,A,0,,,,Y,Y,,G,25,1,0,0,0,0,0,0,0,0,"- ","- ",37.507499694824219,-120.99465179443359,STANISLAUS,UNINCORPORATED,-120.99462127685547,37.507530212402344
90753182,2018,2018-06-21,9465,2018-05-17,0320,019152,,4,3,9,5000,0,3,5,,2,020,"OAKDALE-WATERFORD HIGHWAY","ALVARADO ROAD",3163.00,S,N,A,-,N,,,,,,,,,,Y,1,1,0,1,A,-,01,23152,A,N,E,I,A,A,H,-,D,D,0,,,,,Y,Y,A,01,0,0,0,0,0,0,0,0,0,"- ","- ",37.717269897460938,-120.82626342773438,STANISLAUS,UNINCORPORATED,-120.82683563232422,37.717918395996094
90754520,2018,2018-06-25,9465,2018-04-21,1655,021239,,6,2,9,5000,0,3,5,,2,030,SR-132,"HOPPER ROAD",414.00,W,N,A,-,Y,,,132,,,,,,,Y,1,1,1,1,A,-,01,23152,G,N,F,A,A,A,H,-,A,D,0,,,,,Y,Y,A,01,0,0,1,0,0,0,0,0,0,"- ","- ",37.638721466064453,-120.83274841308594,STANISLAUS,UNINCORPORATED,-120.83274841308594,37.638729095458984
90754648,2018,2018-06-25,9465,2018-06-14,1054,018059,,4,1,9,5000,0,1,3,,2,011,"STATE ROUTE 99 (SOUTHBOUND)","G STREET",500.00,S,N,A,-,Y,,,,,,,,,,Y,2,0,4,1,A,-,03,22350,,N,F,A,A,A,H,-,A,D,0,,,,,Y,,A,07,1,1,2,0,0,0,0,0,0,"- ","- ",37.633350372314453,-121.00016021728516,STANISLAUS,UNINCORPORATED,-121.00004577636719,37.633319854736328
9075481,2020,2020-06-24,5002,2020-03-11,2050,13018,M420,3,5,6,5002,0,0,0,,0,033,"5TH ST","K ST",0.00,,Y,A,-,N,,,,,,,,,,Y,2,0,1,2,D,-,00,,,N,G,B,E,A,H,-,C,D,0,Y,,,,Y,,-,"- ",1,0,0,0,1,0,0,0,0,"- ","- ",,,STANISLAUS,MODESTO,-121.00617218017578,37.63787841796875
90767388,2018,2018-07-11,9465,2018-05-02,2030,021549,,3,2,9,5000,0,3,5,,2,040,"E. HARDING AVENUE","STATE ROUTE 165 (LANDER AVENUE)",2006.00,E,N,A,-,N,,,,,,,,,,N,1,1,0,2,A,-,05,21202,A,N,C,G,A,A,H,-,D,D,0,,Y,,,Y,,L,04,0,0,0,0,0,1,0,0,0,"- ","- ",37.463459014892578,-120.84042358398438,STANISLAUS,UNINCORPORATED,-120.84215545654297,37.463504791259766
90769869,2018,2018-07-16,9465,2018-07-04,0805,019155,,3,1,9,5000,0,3,5,,2,010,"DALE ROAD","LADD ROAD",528.00,S,N,A,-,N,,,,,,,,,,Y,2,0,4,1,A,-,08,22107,,N,F,I,A,A,H,-,A,D,0,,,,,Y,,A,07,1,2,1,0,0,0,0,0,0,"- ","- ",37.729640960693359,-121.05066680908203,STANISLAUS,UNINCORPORATED,-121.05044555664062,37.731491088867188
90780048,2018,2018-07-30,9465,2018-07-15,0135,021636,,7,3,9,5000,0,2,4,,2,058,"E. LAS PALMAS AVENUE","SYCAMORE AVENUE",305.00,E,N,A,-,N,,,,,,,,,,Y,2,0,3,1,A,-,01,23152,A,N,E,I,A,A,H,-,D,D,0,,,,,Y,Y,A,01,1,1,1,0,0,0,0,0,0,"- ","- ",37.47998046875,-121.11154174804688,STANISLAUS,UNINCORPORATED,-121.11167907714844,37.480030059814453
9078419,2020,2020-09-22,5002,2020-03-17,1018,13196,MZ07,2,5,6,5002,0,0,0,,0,082,"RT 108-MCHENRY AV","JUDITH LN",141.00,S,N,A,-,Y,STA,10,108,-,-,24.640,H,-,E,Y,2,0,5,2,A,-,09,21804,A,N,D,C,A,A,H,-,A,D,0,,,,,Y,Y,-,,2,0,3,0,0,0,0,0,0,"- ","- ",,,STANISLAUS,MODESTO,-120.99409484863281,37.668083190917969
9078457,2020,2020-09-22,5002,2020-03-20,1127,11136,M415,5,5,6,5002,0,0,0,,0,041,"RT 132","I ST",0.00,,Y,A,-,Y,STA,10,132,-,L,15.240,I,5,W,N,2,0,1,2,A,-,09,21801,A,N,D,C,A,A,H,-,A,A,0,,,,,Y,,-,,1,0,0,0,0,0,0,0,0,"- ","- ",,,STANISLAUS,MODESTO,-121.00101470947266,37.639568328857422
9078612,2020,2020-10-06,5002,2020-03-02,1934,13280,M224,1,5,6,5002,0,0,0,,0,081,"RT 108","EAST ROSEBURG AV",0.00,,Y,A,-,Y,STA,10,108,-,-,24.060,I,5,E,N,2,0,1,2,A,-,10,21950,A,N,G,B,B,A,H,-,C,A,0,Y,,,,Y,,-,,1,0,0,0,1,0,0,0,0,"- ","- ",,,STANISLAUS,MODESTO,-120.99397277832031,37.659812927246094
90794044,2018,2018-08-20,9465,2018-08-09,1043,18222,,4,1,9,5000,0,3,5,,2,050,"QUINCE AVENUE","EUCALYPTUS AVENUE",815.00,N,N,A,-,N,,,,,,,,,,Y,2,0,2,3,A,-,01,23152,A,M,C,C,A,A,H,-,A,D,0,,,,,Y,Y,A,08,1,0,1,0,0,0,0,0,0,"- ","- ",37.494239807128906,-121.14154052734375,STANISLAUS,UNINCORPORATED,-121.14142608642578,37.494068145751953
90794803,2018,2018-08-21,9465,2018-07-02,1650,021235,,1,2,9,5000,0,2,4,,2,044,"CARPENTER ROAD","MONTE VISTA AVENUE",1584.00,N,N,A,-,N,,,,,,,,,,Y,1,1,0,1,A,-,01,23152,A,N,E,I,A,A,H,-,A,D,0,,,,,Y,Y,A,01,0,0,0,0,0,0,0,0,0,"- ","- ",37.528278350830078,-121.03079986572266,STANISLAUS,UNINCORPORATED,-121.03080749511719,37.526760101318359
90801530,2018,2018-08-30,9465,2018-08-18,1134,018671,,6,1,9,5000,0,3,5,,2,030,"BALDWIN ROAD","HATCH ROAD",1050.00,S,N,A,-,N,,,,,,,,,,Y,2,0,2,2,A,-,09,21804,A,N,D,C,A,A,H,-,A,D,0,,,,,Y,,M,96,1,0,1,0,0,0,0,0,0,"- ","- ",37.606300354003906,-120.88816833496094,STANISLAUS,UNINCORPORATED,-120.88824462890625,37.606376647949219
90803338,2018,2018-08-31,9465,2018-08-19,1935,021321,,7,2,9,5000,0,3,5,,2,040,"HATCH ROAD","CRYSTAL AVENUE",0.00,,Y,A,-,N,,,,,,,,,,Y,2,0,1,2,A,-,09,21801,A,N,D,C,A,A,H,-,A,D,0,,,Y,,Y,,A,01,1,0,0,0,0,0,0,0,1,"- ","- ",37.609619140625,-120.99459838867188,STANISLAUS,UNINCORPORATED,-120.99474334716797,37.609458923339844
90807169,2018,2018-09-06,9465,2018-08-20,0754,019155,,1,1,9,5000,0,1,3,,2,011,"STATE ROUTE 99 (NORTHBOUND)","STANDIFORD AVENUE",1584.00,S,N,A,-,Y,,,99,,,,,,,Y,2,0,2,2,A,-,08,22107,,N,E,I,A,A,H,-,A,D,0,,,,,Y,,A,01,1,0,1,0,0,0,0,0,0,"- ","- ",37.680191040039062,-121.04959869384766,STANISLAUS,UNINCORPORATED,-121.04953765869141,37.680248260498047
90807303,2018,2018-09-06,9465,2018-08-26,1116,018945,,7,1,9,5000,0,1,3,,1,032,"STATE ROUTE 132","OLD LA GRANGE ROAD",6336.00,E,N,A,-,Y,,,132,,,,,,,Y,2,0,1,1,A,-,03,22350,,N,F,A,A,A,H,-,A,D,0,,,Y,,Y,,C,02,1,0,0,0,0,0,0,0,1,"- ","- ",37.646919250488281,-120.41056823730469,STANISLAUS,UNINCORPORATED,-120.41063690185547,37.6468505859375
90812563,2018,2018-09-13,9465,2018-09-07,0912,020985,,5,1,9,5000,0,3,5,,2,040,"BRADBURY ROAD","COMMONS ROAD",0.00,,Y,A,-,N,,,,,,,,,,Y,2,0,3,2,A,-,09,21802,A,N,D,C,A,A,H,-,A,A,0,,,,,Y,,A,01,1,2,0,0,0,0,0,0,0,"- ","- ",37.449020385742188,-120.91266632080078,STANISLAUS,UNINCORPORATED,-120.91268157958984,37.449020385742188
90822042,2018,2018-09-26,9465,2018-09-15,1847,021321,,6,2,9,5000,0,3,5,,2,010,"ROUSE AVENUE","COLORADO AVENUE",320.00,W,N,A,-,N,,,,,,,,,,N,2,0,1,2,A,-,03,22350,,F,G,B,E,A,H,-,A,D,0,Y,,,,Y,,A,01,1,0,0,0,1,0,0,0,0,"- ","- ",37.620590209960938,-121.00813293457031,STANISLAUS,UNINCORPORATED,-121.00830841064453,37.620559692382812
90827278,2018,2018-10-03,9465,2018-08-07,1920,020874,,2,2,9,5000,0,3,5,,2,020,"PATTERSON ROAD","LANGWORTH ROAD",1056.00,W,N,B,-,N,,,,,,,,,,Y,1,2,4,2,A,-,05,21650,,N,A,C,A,A,H,-,A,D,0,,,,,Y,,A,01,0,4,0,0,0,0,0,0,0,"- ","- ",37.732749938964844,-120.89810943603516,STANISLAUS,UNINCORPORATED,-120.89805603027344,37.7327880859375
90827291,2018,2018-10-03,9465,2018-08-23,2145,021226,,4,2,9,5000,0,1,3,,1,031,SR-132,"FAIRLAND AVENUE",546.00,E,N,A,-,Y,,,132,,,,,,,N,1,1,0,2,A,-,17,21200,,N,C,G,A,A,H,-,D,D,0,,Y,,,Y,Y,L,04,0,0,0,0,0,1,0,0,0,"- ","- ",37.638561248779297,-120.87722015380859,STANISLAUS,UNINCORPORATED,-120.87722015380859,37.638553619384766
90829541,2018,2018-10-05,9465,2018-09-21,1624,021636,,5,2,9,5000,0,3,5,,2,010,"N DAKOTA AVENUE","BLUE GUM AVENUE",0.00,,Y,A,-,N,,,,,,,,,,Y,2,0,1,2,A,-,01,23152,A,N,D,C,A,A,H,-,E,A,0,,,,,Y,Y,A,01,1,0,0,0,0,0,0,0,0,"- ","- ",37.660018920898438,-121.06770324707031,STANISLAUS,UNINCORPORATED,-121.06765747070312,37.659999847412109
90830900,2018,2018-10-08,9465,2018-09-23,0450,021549,,7,3,9,5000,0,1,3,,2,041,"STATE ROUTE 99 (SOUTHBOUND)","TULLY ROAD",210.00,N,N,A,-,Y,,,,,,,,,,Y,2,0,1,1,A,-,01,23152,A,N,E,I,A,A,H,-,D,D,0,,,,,Y,Y,A,01,1,0,0,0,0,0,0,0,0,"- ","- ",37.487689971923828,-120.86776733398438,STANISLAUS,UNINCORPORATED,-120.86777496337891,37.488170623779297
90835861,2018,2018-10-15,9465,2018-10-01,2125,020807,,1,2,9,5000,0,1,3,,2,041,"SR-99 N/B","TAYLOR ROAD",2904.00,S,N,A,-,Y,,,99,,,,,,N,Y,2,0,1,1,A,-,01,23152,A,N,F,A,A,A,H,-,C,D,0,,,,,Y,Y,A,01,1,0,0,0,0,0,0,0,0,"- ","- ",37.5306396484375,-120.88963317871094,STANISLAUS,UNINCORPORATED,-120.88971710205078,37.530616760253906
90840826,2018,2018-10-22,9465,2018-10-19,1605,020575,,5,2,9,5000,0,3,5,,2,040,"FAITH HOME ROAD","HARDING ROAD",0.00,,Y,A,-,N,,,,,,,,,,Y,2,0,3,2,A,-,01,23152,A,N,A,C,A,A,H,-,A,D,0,,,,,Y,Y,A,01,1,1,1,0,0,0,0,0,0,"- ","- ",37.463600158691406,-120.92169189453125,STANISLAUS,UNINCORPORATED,-120.92169952392578,37.463558197021484
90843512,2018,2018-10-24,9465,2018-10-05,0356,020807,,5,3,5,5007,0,1,3,,2,041,"SR-99 N/B","WEST MAIN STREET",1584.00,S,N,A,-,Y,,,99,,,,,,N,Y,2,0,1,2,A,-,03,22350,,N,C,C,A,A,H,-,C,D,0,,,,Y,Y,,A,01,1,0,0,0,0,0,0,0,0,"- ","- ",37.485969543457031,-120.8662109375,STANISLAUS,TURLOCK,-120.86627960205078,37.485931396484375
90844314,2018,2018-10-25,9465,2018-10-14,1747,020833,,7,2,9,5000,0,2,4,,2,024,"ALBERS ROAD","MILNES ROAD",0.00,,Y,A,-,N,,,,,,,,,,Y,2,0,3,2,A,-,12,21453,A,N,D,C,A,A,H,-,A,A,0,,,,,Y,Y,A,07,1,1,1,0,0,0,0,0,0,"- ","- ",37.682098388671875,-120.84809875488281,STANISLAUS,UNINCORPORATED,-120.84816741943359,37.682071685791016
90846368,2018,2018-10-26,9465,2018-09-22,0053,020952,,6,3,9,5000,0,3,5,,2,040,"S. 9TH STREET","PECOS AVENUE",253.00,S,N,A,-,N,,,,,,,,,,N,2,0,1,3,A,-,11,21954,A,N,G,B,D,A,H,-,D,D,0,Y,,,,Y,,N,60,1,0,0,0,1,0,0,0,0,"- ","- ",37.614921569824219,-120.98329162597656,STANISLAUS,UNINCORPORATED,-120.98330688476562,37.614952087402344
90854762,2018,2018-11-07,9465,2018-10-22,1042,018671,,1,1,9,5000,0,1,3,,2,041,"STATE ROUTE 99 (NORTHBOUND)","TUOLUMNE BLVD",40.00,S,N,A,-,Y,,,99,,,,,,,Y,2,0,1,1,A,-,08,22107,,N,E,A,A,A,H,-,A,D,0,,,Y,,Y,,C,02,1,0,0,0,0,0,0,0,1,"- ","- ",37.627349853515625,-120.99684143066406,STANISLAUS,UNINCORPORATED,-120.99674224853516,37.627372741699219
90856926,2018,2018-11-09,9465,2018-11-03,0222,021235,,6,3,9,5000,0,1,1,,2,056,"INTERSTATE 5 (NORTHBOUND)","FINK ROAD",2220.00,N,N,A,-,Y,,,5,,,,,,,Y,2,0,2,1,A,-,01,23152,A,N,E,J,A,A,H,-,C,D,0,,,,,Y,Y,A,01,1,1,0,0,0,0,0,0,0,"- ","- ",37.402599334716797,-121.1414794921875,STANISLAUS,UNINCORPORATED,-121.1416015625,37.402515411376953