CASE_ID,ACCIDENT_YEAR,PROC_DATE,JURIS,COLLISION_DATE,COLLISION_TIME,OFFICER_ID,REPORTING_DISTRICT,DAY_OF_WEEK,CHP_SHIFT,POPULATION,CNTY_CITY_LOC,SPECIAL_COND,BEAT_TYPE,CHP_BEAT_TYPE,CITY_DIVISION_LAPD,CHP_BEAT_CLASS,BEAT_NUMBER,PRIMARY_RD,SECONDARY_RD,DISTANCE,DIRECTION,INTERSECTION,WEATHER_1,WEATHER_2,STATE_HWY_IND,CALTRANS_COUNTY,CALTRANS_DISTRICT,STATE_ROUTE,ROUTE_SUFFIX,POSTMILE_PREFIX,POSTMILE,LOCATION_TYPE,RAMP_INTERSECTION,SIDE_OF_HWY,TOW_AWAY,COLLISION_SEVERITY,NUMBER_KILLED,NUMBER_INJURED,PARTY_COUNT,PRIMARY_COLL_FACTOR,PCF_CODE_OF_VIOL,PCF_VIOL_CATEGORY,PCF_VIOLATION,PCF_VIOL_SUBSECTION,HIT_AND_RUN,TYPE_OF_COLLISION,MVIW,PED_ACTION,ROAD_SURFACE,ROAD_COND_1,ROAD_COND_2,LIGHTING,CONTROL_DEVICE,CHP_ROAD_TYPE,PEDESTRIAN_ACCIDENT,BICYCLE_ACCIDENT,MOTORCYCLE_ACCIDENT,TRUCK_ACCIDENT,NOT_PRIVATE_PROPERTY,ALCOHOL_INVOLVED,STWD_VEHTYPE_AT_FAULT,CHP_VEHTYPE_AT_FAULT,COUNT_SEVERE_INJ,COUNT_VISIBLE_INJ,COUNT_COMPLAINT_PAIN,COUNT_PED_KILLED,COUNT_PED_INJURED,COUNT_BICYCLIST_KILLED,COUNT_BICYCLIST_INJURED,COUNT_MC_KILLED,COUNT_MC_INJURED,PRIMARY_RAMP,SECONDARY_RAMP,LATITUDE,LONGITUDE,COUNTY,CITY,POINT_X,POINT_Y
90859237,2018,2018-11-13,9465,2018-11-11,1709,019553,,7,2,9,5000,0,3,5,,2,030,"9TH STREET","LUCINDA AVENUE",250.00,N,N,A,-,N,,,,,,,,,,N,2,0,1,2,A,-,11,21954,A,N,G,B,D,A,H,-,D,D,0,Y,,,,Y,,N,60,1,0,0,0,1,0,0,0,0,"- ","- ",37.559490203857422,-120.91333770751953,STANISLAUS,UNINCORPORATED,-120.91325378417969,37.559226989746094
90864609,2018,2018-11-21,9465,2018-11-18,2243,021226,,7,3,9,5000,0,3,5,,2,030,"DEL ESTE AVENUE","MARIPOSA ROAD",830.00,E,N,A,-,N,,,,,,,,,,Y,2,0,4,2,A,-,08,22107,,F,C,C,A,A,H,-,C,D,0,,,,,Y,,A,01,1,3,0,0,0,0,0,0,0,"- ","- ",37.622760772705078,-120.93689727783203,STANISLAUS,UNINCORPORATED,-120.93427276611328,37.622779846191406
90868144,2018,2018-12-11,9465,2018-11-19,0259,021320,,1,3,9,5000,0,3,5,,2,040,"CENTRAL AVENUE","KEYES ROAD",528.00,S,N,A,-,N,,,,,,,,,,Y,2,0,2,1,A,-,08,22107,,N,E,I,A,A,H,-,D,D,0,,,,,Y,,A,01,2,0,0,0,0,0,0,0,0,"- ","- ",37.546058654785156,-120.95704650878906,STANISLAUS,UNINCORPORATED,-120.95705413818359,37.549850463867188
90868764,2018,2018-11-27,9465,2018-11-24,0755,018825,,6,1,9,5000,0,3,5,,2,040,"VIVIAN ROAD","GRAYSON ROAD",0.00,,Y,B,-,N,,,,,,,,,,Y,2,0,3,2,A,-,12,22450,A,N,D,C,A,B,H,-,A,A,0,,,,,Y,,A,01,1,1,1,0,0,0,0,0,0,"- ","- ",37.565898895263672,-121.04850006103516,STANISLAUS,UNINCORPORATED,-121.0484619140625,37.565959930419922
90874557,2018,2019-06-28,9465,2018-10-05,1715,020575,,5,2,9,5000,0,3,5,,2,050,"HOWARD ROAD","DELTA MENDOTA CANAL",7.00,E,N,A,-,N,,,,,,,,,,Y,1,2,3,2,A,-,08,22107,,N,A,C,A,A,H,-,A,D,0,,,,,Y,,A,07,3,0,0,0,0,0,0,0,0,"- ","- ",37.5364990234375,-121.24220275878906,STANISLAUS,UNINCORPORATED,,
90875371,2018,2018-12-05,9465,2018-10-28,1830,021066,,7,2,9,5000,0,3,5,,2,030,"GRATTON ROAD","BARNHART ROAD",92.00,N,N,A,-,N,,,,,,,,,,Y,1,1,0,2,A,-,11,21956,,N,G,B,E,A,H,-,D,D,0,Y,,,,Y,Y,N,60,0,0,0,1,0,0,0,0,0,"- ","- ",37.544181823730469,-120.79212188720703,STANISLAUS,UNINCORPORATED,-120.79209136962891,37.544151306152344
90884467,2018,2018-12-17,9465,2018-12-07,2355,021235,,5,3,9,5000,0,2,4,,2,042,"CROWS LANDING ROAD","TAYLOR ROAD",490.00,S,N,A,-,N,,,,,,,,,,Y,2,0,1,1,A,-,01,23152,A,N,E,I,A,A,H,-,C,D,0,,,,,Y,Y,D,22,1,0,0,0,0,0,0,0,0,"- ","- ",37.535030364990234,-120.99407958984375,STANISLAUS,UNINCORPORATED,-120.99416351318359,37.535251617431641
90896151,2018,2019-01-02,9465,2018-12-25,2050,020833,,2,2,9,5000,0,1,3,,2,013,"MCHENRY AVENUE","PATTERSON ROAD",0.00,,Y,A,-,N,,,,,,,,,,Y,2,0,1,1,A,-,01,23152,A,N,E,I,A,A,H,-,C,A,0,,,,,Y,Y,A,07,1,0,0,0,0,0,0,0,0,"- ","- ",37.732879638671875,-120.99508666992188,STANISLAUS,UNINCORPORATED,-120.99523162841797,37.731491088867188
90899576,2019,2019-04-24,9465,2019-01-02,0350,019152,,3,3,9,5000,0,3,5,,2,010,"N. DAKOTA AVE.","BECKWITH ROAD",0.00,,Y,A,-,N,,,,,,,,,,Y,2,0,2,2,A,-,12,22450,A,N,D,C,A,A,H,-,D,A,0,,,,Y,Y,,A,07,2,0,0,0,0,0,0,0,0,"- ","- ",37.681739807128906,-121.06803131103516,STANISLAUS,UNINCORPORATED,-121.06813049316406,37.681739807128906
90900497,2019,2019-01-09,9465,2019-01-04,1610,021321,,5,2,9,5000,0,3,5,,2,030,"SAM AVENUE","LEO AVENUE",0.00,,Y,A,-,N,,,,,,,,,,Y,2,0,1,1,A,-,03,22350,,N,E,I,A,A,H,-,A,D,0,,,Y,,Y,,C,02,1,0,0,0,0,0,0,0,1,"- ","- ",37.614151000976562,-120.97885894775391,STANISLAUS,UNINCORPORATED,-120.97878265380859,37.614170074462891
90902286,2019,2019-01-11,9465,2019-01-05,1720,020985,,6,2,9,5000,0,1,3,,2,022,"STATE ROUTE 108/120","TUOLUMNE COUNTY LINE",1240.00,W,N,B,C,Y,,,120,,,,,,,Y,2,0,3,2,C,-,18,,,N,A,C,A,B,H,-,D,D,0,,,,,Y,,-,"- ",1,2,0,0,0,0,0,0,0,"- ","- ",37.821758270263672,-120.64383697509766,STANISLAUS,UNINCORPORATED,-120.64385986328125,37.821815490722656
90907647,2018,2019-06-28,9465,2018-12-24,0300,021321,,1,3,9,5000,0,3,5,,2,030,"FINCH ROAD","CODONI AVENUE",0.00,,Y,A,-,N,,,,,,,,,,Y,1,1,0,1,A,-,01,23152,G,N,E,I,A,A,H,-,D,D,0,,,,,Y,Y,A,07,0,0,0,0,0,0,0,0,0,"- ","- ",37.62506103515625,-120.91104888916016,STANISLAUS,UNINCORPORATED,-120.9111328125,37.625068664550781
90913738,2019,2019-02-07,9465,2019-01-22,0455,021062,,2,3,6,5002,0,1,3,,2,011,"STATE ROUTE 99 (SOUTHBOUND)","CARPENTER ROAD",4224.00,N,N,B,-,Y,,,99,,,,,,,Y,2,0,1,1,A,-,08,22107,,N,E,I,A,A,H,-,C,D,0,,,,,Y,,A,01,1,0,0,0,0,0,0,0,0,"- ","- ",37.675571441650391,-121.04454040527344,STANISLAUS,MODESTO,-121.04458618164062,37.675510406494141
90918501,2019,2019-02-04,9465,2019-01-28,1937,019553,,1,2,9,5000,0,3,5,,2,030,"GOLDEN STATE BLVD","STANISLAUS COUNTY LINE",60.00,N,N,A,-,N,,,,,,,,,,Y,2,0,1,1,A,-,01,23152,A,N,F,I,A,A,H,-,D,D,0,,,Y,,Y,Y,C,02,1,0,0,0,0,0,0,0,1,"- ","- ",37.4656982421875,-120.81495666503906,STANISLAUS,UNINCORPORATED,,
9092069,2020,2020-07-30,5002,2020-04-03,1253,11531,,5,5,6,5002,0,0,0,,0,062,"SISK RD","EARL ST",71.00,N,N,A,-,N,,,,,,,,,,Y,2,0,1,2,A,-,11,21954,A,N,-,B,D,A,H,-,A,D,0,Y,,,,Y,,N,60,1,0,0,0,1,0,0,0,0,"- ","- ",,,STANISLAUS,MODESTO,-121.04463958740234,37.676380157470703
90924034,2019,2019-02-11,9465,2019-02-09,2006,021136,,6,2,9,5000,0,3,5,,2,040,"S. CENTRAL AVENUE","W. LINWOOD AVENUE",170.00,N,N,C,-,Y,,,,,,,,,,Y,2,0,2,2,A,-,01,23152,A,N,A,C,A,B,H,-,D,D,0,,,,,Y,Y,A,01,1,1,0,0,0,0,0,0,0,"- ","- ",37.478679656982422,-120.95823669433594,STANISLAUS,UNINCORPORATED,-120.95821380615234,37.478775024414062
90928909,2019,2019-02-19,9465,2019-02-09,0449,020457,,6,3,9,5000,0,1,3,,2,011,"STATE ROUTE 99 (SOUTHBOUND)","PELANDALE AVENUE",120.00,N,N,C,-,Y,,,99,,,,,,,Y,2,0,1,1,A,-,01,23152,A,N,E,I,A,B,H,-,D,D,0,,,,,Y,Y,A,01,1,0,0,0,0,0,0,0,0,"- ","- ",37.69921875,-121.07145690917969,STANISLAUS,UNINCORPORATED,-121.07108306884766,37.699508666992188
90936405,2019,2019-02-28,9465,2019-02-22,1555,020575,,5,2,9,5000,0,3,5,,2,040,"HARDING ROAD","WASHINGTON ROAD",0.00,,Y,A,-,N,,,,,,,,,,Y,2,0,2,2,A,-,01,23152,A,N,D,C,A,A,H,-,A,A,0,,,,,Y,Y,D,22,2,0,0,0,0,0,0,0,0,"- ","- ",37.463581085205078,-120.90361022949219,STANISLAUS,UNINCORPORATED,-120.90364074707031,37.463581085205078
9093662,2020,2020-08-03,5002,2020-04-06,0416,875,B201,1,5,6,5002,0,0,0,,0,003,"EAST HATCH RD","MOFFETT RD",403.00,W,N,A,-,N,,,,,,,,,,Y,2,0,2,1,A,-,03,22350,,N,E,I,A,B,H,-,C,A,0,,,,,Y,,A,01,1,1,0,0,0,0,0,0,0,"- ","- ",37.609291076660156,-120.94790649414062,STANISLAUS,MODESTO,-120.94930267333984,37.609275817871094
90938408,2018,2019-03-04,9465,2018-12-05,2145,021549,,3,2,9,5000,0,3,5,,2,030,"RIVER ROAD","BYSTRUM ROAD",60.00,E,N,C,-,N,,,,,,,,,,N,2,0,1,2,A,-,05,21460,A,F,G,B,D,B,H,-,C,D,0,Y,,,,Y,,-,99,1,0,0,0,1,0,0,0,0,"- ","- ",37.626060485839844,-120.98406219482422,STANISLAUS,UNINCORPORATED,-120.9842529296875,37.626056671142578
90947704,2019,2019-03-18,9465,2019-03-10,0140,021321,,7,3,9,5000,0,1,3,,2,012,"STATE ROUTE 132","DAKOTA AVENUE",2640.00,W,N,B,-,Y,,,132,,,,,,,Y,2,0,3,1,A,-,08,22107,,N,E,I,A,B,H,-,D,D,0,,,,,Y,,A,01,1,2,0,0,0,0,0,0,0,"- ","- ",37.638099670410156,-121.07614898681641,STANISLAUS,UNINCORPORATED,-121.07614898681641,37.638198852539062
90956033,2019,2019-03-28,9465,2019-02-13,1905,020374,,3,2,9,5000,0,3,5,,2,020,"CLARIBEL ROAD","LANGWORTH ROAD",1380.00,E,N,B,-,N,,,,,,,,,,Y,1,1,1,2,A,-,01,23152,A,N,D,C,A,A,H,-,D,D,0,,,,,Y,Y,D,22,0,0,1,0,0,0,0,0,0,"- ","- ",37.711029052734375,-120.88887786865234,STANISLAUS,UNINCORPORATED,-120.88921356201172,37.711021423339844
9096213,2020,2020-06-29,5002,2020-02-28,1645,13286,M487,5,5,6,5002,0,0,0,,0,032,"PINE TREE LN","PARADISE RD",0.00,,Y,A,-,N,,,,,,,,,,Y,2,0,1,2,A,-,10,21950,A,N,G,B,B,A,H,-,A,A,0,Y,,,,Y,,-,"- ",1,0,0,0,1,0,0,0,0,"- ","- ",,,STANISLAUS,MODESTO,-121.02362060546875,37.619819641113281
90962154,2019,2019-04-05,9465,2019-03-28,1602,020914,,4,2,6,5002,0,1,3,,2,041,"STATE ROUTE 99 (NORTHBOUND)","CROWS LANDING ROAD",1056.00,S,N,B,-,Y,,,99,,,,,,,Y,2,0,1,3,A,-,07,21658,A,M,B,C,A,A,H,-,A,D,0,,,,,Y,,D,22,1,0,0,0,0,0,0,0,0,"- ","- ",37.617149353027344,-120.98954772949219,STANISLAUS,MODESTO,-120.98955535888672,37.617107391357422
90962246,2019,2019-04-05,9465,2019-03-29,0805,018059,,5,1,9,5000,0,3,5,,2,030,"KEYES ROAD","GRIFFIN ROAD",0.00,,Y,A,-,N,,,,,,,,,,Y,2,0,2,2,A,-,09,21802,A,N,D,C,A,A,H,-,A,A,0,,,,,Y,,A,01,1,1,0,0,0,0,0,0,0,"- ","- ",37.551181793212891,-120.85627746582031,STANISLAUS,UNINCORPORATED,-120.85623168945312,37.551170349121094
90965382,2019,2019-04-10,9465,2019-04-01,1040,014658,,1,1,9,5000,0,1,3,,2,021,"STATE ROUTE 120","SAWYER AVENUE",0.00,,Y,B,-,Y,,,120,,,,,,,Y,2,0,1,3,A,-,09,21801,A,N,D,C,A,A,H,-,A,A,0,,,,,Y,,D,22,1,0,0,0,0,0,0,0,0,"- ","- ",37.792881011962891,-120.90464782714844,STANISLAUS,UNINCORPORATED,-120.90464019775391,37.793006896972656
90966123,2019,2019-04-11,9465,2019-04-05,1450,018825,,5,2,9,5000,0,3,5,,2,020,"26 MILE ROAD","DUNN RANCH RD",324.00,S,N,B,-,N,,,,,,,,,,Y,2,0,1,1,A,-,01,23152,A,N,E,I,A,A,H,-,A,D,0,,,,,Y,Y,A,07,1,0,0,0,0,0,0,0,0,"- ","- ",37.803199768066406,-120.86840057373047,STANISLAUS,UNINCORPORATED,-120.86839000000001,37.803564000000001
9096859,2019,2020-07-23,5005,2019-06-25,2150,S02447,PPD,2,5,3,5005,0,0,0,,0,3Q4,"SPERRY AV","AMERICAN EAGLE",481.00,W,N,A,-,N,,,,,,,,,,Y,2,0,2,1,A,-,03,22350,,N,E,I,A,A,H,-,C,A,0,,,,,Y,,-,,1,1,0,0,0,0,0,0,0,"- ","- ",,,STANISLAUS,PATTERSON,-121.15142059326172,37.464485168457031
90970972,2019,2019-05-02,9465,2019-04-10,0458,021062,,3,3,9,5000,0,3,5,,2,030,"HICKMAN ROAD","DAVIS STREET",169.00,N,N,A,-,N,,,,,,,,,,Y,2,0,1,1,A,-,03,22350,,N,H,H,A,A,H,-,D,D,0,,,,,Y,,A,01,1,0,0,0,0,0,0,0,0,"- ","- ",37.619651794433594,-120.75543212890625,STANISLAUS,UNINCORPORATED,-120.75543975830078,37.619785308837891
90987587,2019,2019-05-13,9465,2019-05-04,1115,018623,,6,1,9,5000,0,1,3,,1,032,SR-132,"SKYLINE BLVD",3696.00,E,N,A,-,Y,,,132,,,,,,,Y,2,0,1,1,A,-,01,23152,A,N,E,I,A,A,H,-,A,D,0,,,,,Y,Y,D,22,1,0,0,0,0,0,0,0,0,"- ","- ",37.641128540039062,-120.72746276855469,STANISLAUS,UNINCORPORATED,-120.72744750976562,37.64105224609375
90993779,2019,2019-05-22,9465,2019-05-03,2500,018259,,5,4,9,5000,0,1,3,,2,052,SR-132,"RIVER ROAD",1056.00,E,N,B,-,Y,,,132,,,,,,,N,2,0,1,2,A,-,11,21956,,F,G,B,E,A,H,-,D,D,0,Y,,,,Y,,N,60,1,0,0,0,1,0,0,0,0,"- ","- ",37.639900207519531,-121.24314117431641,STANISLAUS,UNINCORPORATED,-121.24314880371094,37.639984130859375
91005581,2019,2019-06-07,9465,2019-05-27,1035,015398,,1,1,9,5000,0,2,4,,2,034,"GEER ROAD","KEYES ROAD",0.00,,Y,B,-,N,,,,,,,,,,Y,2,0,2,2,A,-,12,21453,A,N,D,C,A,A,H,-,A,A,0,,,,Y,Y,,A,01,1,0,1,0,0,0,0,0,0,"- ","- ",37.551120758056641,-120.84702301025391,STANISLAUS,UNINCORPORATED,-120.84707641601562,37.551181793212891
91009722,2019,2019-06-14,9465,2019-06-10,1332,018671,,1,1,9,5000,0,1,3,,2,041,"SR-99 S/B","SERVICE ROAD",245.00,S,N,A,-,Y,,,99,,,,,,S,Y,2,0,9,2,A,-,03,22350,,N,C,C,A,A,H,-,A,D,0,,,,,Y,,A,08,2,5,2,0,0,0,0,0,0,"- ","- ",37.579738616943359,-120.9434814453125,STANISLAUS,UNINCORPORATED,-120.94353485107422,37.579677581787109
9101283,2020,2020-11-03,5002,2020-05-09,1410,13244,214,6,5,6,5002,0,0,0,,0,082,"GRANGER AV","CARLTON AV",180.00,E,N,A,-,N,,,,,,,,,,N,2,0,1,3,A,-,09,21804,,N,G,G,A,A,H,-,A,A,0,,Y,,,Y,,L,04,1,0,0,0,0,0,1,0,0,"- ","- ",,,STANISLAUS,MODESTO,-121.00365447998047,37.667495727539062
91013366,2019,2019-06-19,9465,2019-06-14,1145,018222,,5,1,9,5000,0,3,5,,2,050,"HOWARD ROAD","INGRAM CREEK ROAD",938.00,S,N,A,-,N,,,,,,,,,,Y,2,0,1,2,A,-,06,21755,,N,F,A,A,A,H,-,A,D,0,,,Y,Y,Y,,C,02,1,0,0,0,0,0,0,0,1,"- ","- ",37.538551330566406,-121.26470947265625,STANISLAUS,UNINCORPORATED,-121.26497650146484,37.538627624511719
91017003,2019,2019-06-25,9465,2019-06-19,1935,018844,,3,2,9,5000,0,3,5,,2,010,"ST FRANCIS AVENUE","HULEN AVENUE",1395.00,W,N,A,-,N,,,,,,,,,,Y,2,0,1,1,A,-,01,23152,A,N,E,I,A,A,H,-,A,D,0,,,,,Y,Y,A,01,1,0,0,0,0,0,0,0,0,"- ","- ",37.721958160400391,-121.00585174560547,STANISLAUS,UNINCORPORATED,-121.00578308105469,37.722003936767578
91017474,2019,2019-06-25,9465,2019-05-30,1520,020833,,4,2,9,5000,0,1,3,,2,013,"STATE ROUTE 108 (MCHENRY AVENUE)","STATE ROUTE 219 (KIERNAN AVENUE)",250.00,E,N,A,-,Y,,,108,,,,,,,N,2,0,1,2,A,-,17,21663,,N,D,G,A,A,H,-,A,D,0,,Y,,,Y,,L,04,1,0,0,0,0,0,1,0,0,"- ","- ",37.711799621582031,-120.99500274658203,STANISLAUS,UNINCORPORATED,-120.99501037597656,37.711799621582031
91032680,2019,2019-07-17,9465,2019-07-12,2020,019730,,5,2,9,5000,0,3,5,,2,020,"VALLEY HOME ROAD","PLEASANT VALLEY ROAD",0.00,,Y,A,-,N,,,,,,,,,,Y,2,0,2,2,A,-,09,21802,A,N,D,C,A,A,H,-,B,A,0,,,,,Y,,A,01,1,0,1,0,0,0,0,0,0,"- ","- ",37.808338165283203,-120.88773345947266,STANISLAUS,UNINCORPORATED,-120.88771820068359,37.808368682861328
91033052,2019,2019-07-18,9465,2019-07-10,1945,021636,,3,2,9,5000,0,3,5,,2,030,"LATIMER AVENUE","S. 9TH STREET",0.00,,Y,A,-,N,,,,,,,,,,N,2,0,1,2,A,-,12,21453,A,F,D,G,A,A,H,-,A,A,0,,Y,,,Y,,A,01,1,0,0,0,0,0,1,0,0,"- ","- ",37.618518829345703,-120.98480224609375,STANISLAUS,UNINCORPORATED,-120.98497009277344,37.61846923828125
91036457,2019,2019-07-24,9465,2019-07-18,1935,019730,,4,2,9,5000,0,3,5,,2,020,"ROSELLE AVENUE","PLAINVIEW ROAD",0.00,,Y,A,-,N,,,,,,,,,,Y,2,0,2,3,A,-,01,23152,A,N,A,C,A,A,H,-,B,A,0,,,,,Y,Y,A,01,1,0,1,0,0,0,0,0,0,"- ","- ",37.7034912109375,-120.93994903564453,STANISLAUS,UNINCORPORATED,-120.93997955322266,37.7034912109375
9103716,2020,2020-11-05,5002,2020-05-22,1821,13039,M026,5,5,6,5002,0,0,0,,0,083,"SEMALLON DR","PERLETTE WY",30.00,N,N,A,-,N,,,,,,,,,,N,2,0,1,2,A,-,09,21803,A,N,-,G,A,A,H,-,A,-,0,,Y,,,Y,,L,04,1,0,0,0,0,0,1,0,0,"- ","- ",,,STANISLAUS,MODESTO,-121.00405883789062,37.694023132324219
9103762,2020,2020-11-02,5007,2020-05-08,2210,5791,5007,5,5,5,5007,0,0,0,,0,004,"PEDRAS RD","DONNELLY PARK DR",200.00,W,N,A,-,N,,,,,,,,,,N,2,0,1,2,B,-,22,,,F,G,B,F,A,H,-,C,D,0,Y,,,,Y,,-,,1,0,0,0,1,0,0,0,0,"- ","- ",,,STANISLAUS,TURLOCK,-120.85389709472656,37.510940551757812
91039343,2019,2019-07-26,9465,2019-07-20,1310,018844,,6,1,9,5000,0,1,3,,2,028,SR-4,"DUNTON ROAD",1216.00,E,N,A,-,Y,,,4,,,,,,,Y,2,0,4,2,A,-,05,21460,A,N,A,C,A,A,H,-,A,D,0,,,,,Y,,A,07,2,2,0,0,0,0,0,0,0,"- ","- ",37.937351226806641,-120.80258941650391,STANISLAUS,UNINCORPORATED,-120.80258941650391,37.937332153320312
91040352,2019,2019-07-29,9465,2019-06-26,1615,019713,,3,2,9,5000,0,1,1,,2,056,"INTERSTATE 5 (SOUTHBOUND)","SALADO CREEK OVERCROSSING",1010.00,N,N,A,-,Y,,,5,,,,,,,Y,1,2,0,1,A,-,08,22107,,N,F,A,A,A,H,-,A,D,0,,,,,Y,,A,07,0,0,0,0,0,0,0,0,0,"- ","- ",37.425701141357422,-121.15569305419922,STANISLAUS,UNINCORPORATED,-121.15563201904297,37.425724029541016
91040384,2019,2019-07-29,9465,2019-05-06,0440,021511,,1,3,9,5000,0,1,3,,2,028,"STATE ROUTE 4","MILTON ROAD",7339.00,E,N,A,-,Y,,,4,,,,,,,Y,1,1,1,2,A,-,01,23152,F,N,A,C,A,A,H,-,D,D,0,,,,,Y,,A,01,1,0,0,0,0,0,0,0,0,"- ","- ",37.941608428955078,-120.81912231445312,STANISLAUS,UNINCORPORATED,-120.81912231445312,37.941608428955078
91042013,2019,2019-07-30,9465,2019-07-01,1910,019730,,1,2,9,5000,0,3,5,,2,020,"RICE ROAD","OAKDALE-WATERFORD HIGHWAY",0.00,,Y,A,-,N,,,,,,,,,,Y,1,1,1,2,A,-,09,21802,A,N,D,C,A,A,H,-,B,A,0,,,Y,,Y,,A,07,0,1,0,0,0,0,0,1,0,"- ","- ",37.696578979492188,-120.81355285644531,STANISLAUS,UNINCORPORATED,-120.81356048583984,37.696598052978516
91042947,2019,2019-07-31,9465,2019-07-19,1645,019376,,5,2,9,5000,0,1,3,,2,012,"STATE ROUTE 132","GATES ROAD",2112.00,W,N,A,-,Y,,,132,,,,,,,Y,2,0,6,2,A,-,08,22107,,N,A,C,A,A,H,-,A,D,0,,,,,Y,,A,01,2,4,0,0,0,0,0,0,0,"- ","- ",37.637809753417969,-121.18479919433594,STANISLAUS,UNINCORPORATED,-121.18479919433594,37.637851715087891
91045027,2019,2019-08-05,9465,2019-07-20,0815,018825,,6,1,9,5000,0,1,3,,2,041,"SR-99 SOUTHBOUND","GOLF ROAD",290.00,S,N,A,-,Y,,,99,,,,,,S,Y,2,0,1,3,A,-,07,21658,A,F,B,C,A,A,H,-,A,D,0,,,,Y,Y,,A,01,1,0,0,0,0,0,0,0,0,"- ","- ",37.466201782226562,-120.82981872558594,STANISLAUS,UNINCORPORATED,-120.82981872558594,37.466194152832031
91045160,2019,2019-08-05,9465,2019-07-28,0850,018623,,7,1,9,5000,0,1,3,,2,012,"SR-132 EASTBOUND","PARADISE ROAD",9240.00,W,N,A,-,Y,,,132,,,,,,E,Y,2,0,1,1,A,-,01,23152,G,N,E,I,A,A,H,-,A,D,0,,,,,Y,Y,A,01,1,0,0,0,0,0,0,0,0,"- ","- ",37.638031005859375,-121.19087219238281,STANISLAUS,UNINCORPORATED,-121.19086456298828,37.638130187988281
91045734,2019,2019-08-05,9465,2019-08-04,2500,021066,,7,4,9,5000,0,3,5,,2,030,"PAULSON ROAD","NOWLIN COURT",815.00,S,N,A,-,N,,,,,,,,,,Y,2,0,1,1,A,-,01,23152,A,N,F,A,A,A,A,-,A,D,0,,,Y,,Y,Y,C,02,1,0,0,0,0,0,0,0,1,"- ","- ",37.466609954833984,-120.81507110595703,STANISLAUS,UNINCORPORATED,-120.81513977050781,37.466632843017578
91057951,2019,2019-08-23,9465,2019-08-15,1400,020374,,4,2,9,5000,0,3,5,,2,030,"MONTPELIER ROAD","LAKE ROAD",490.00,S,N,A,-,N,,,,,,,,,,N,2,0,1,2,A,-,08,22107,,N,D,A,A,A,H,-,A,A,0,,,Y,,Y,,C,03,1,0,0,0,0,0,0,0,1,"- ","- ",37.622501373291016,-120.75253295898438,STANISLAUS,UNINCORPORATED,-120.75251007080078,37.622451782226562
91058964,2019,2019-08-26,9465,2019-07-28,0300,021511,,7,3,9,5000,0,3,5,,2,040,"CENTRAL AVENUE","WEST MAIN STREET",3696.00,S,N,A,-,N,,,,,,,,,,Y,2,0,1,1,A,-,01,23152,A,N,F,A,A,A,H,-,A,D,0,,,,,Y,Y,A,01,1,0,0,0,0,0,0,0,0,"- ","- ",37.482219696044922,-120.95832061767578,STANISLAUS,UNINCORPORATED,-120.95841979980469,37.492828369140625
91059355,2019,2019-08-26,9465,2019-08-19,0545,015398,,1,3,9,5000,0,3,5,,2,030,"MONTPELIER ROAD","WHITMORE AVE.",3485.00,S,N,A,-,N,,,,,,,,,,Y,2,0,1,2,A,-,05,21460,A,N,D,C,A,A,H,-,B,D,0,,,Y,,Y,,C,02,1,0,0,0,0,0,0,0,1,"- ","- ",37.586719512939453,-120.73710632324219,STANISLAUS,UNINCORPORATED,-120.73709869384766,37.586761474609375
91062132,2019,2019-08-29,9465,2019-08-23,1909,019553,,5,2,9,5000,0,3,5,,2,030,"MITCHELL ROAD","RIVERSIDE DRIVE",1347.00,N,N,A,-,N,,,,,,,,,,Y,2,0,1,2,A,-,03,22350,,N,C,C,A,A,H,-,A,D,0,,,Y,,Y,,C,02,1,0,0,0,0,0,0,0,1,"- ","- ",37.627788543701172,-120.95192718505859,STANISLAUS,UNINCORPORATED,-120.95199584960938,37.627742767333984
91066456,2019,2019-09-03,9465,2019-08-26,1000,018825,,1,1,9,5000,0,3,5,,2,040,"PRAIRIE FLOWER ROAD","BRADBURY ROAD",0.00,,Y,A,-,N,,,,,,,,,,Y,2,0,1,2,A,-,09,21802,A,F,D,C,A,A,H,-,A,A,0,,,,,Y,,A,01,1,0,0,0,0,0,0,0,0,"- ","- ",37.449069976806641,-120.93087768554688,STANISLAUS,UNINCORPORATED,-120.93087768554688,37.449081420898438
91066708,2019,2019-09-04,9465,2019-08-23,1858,020575,,5,2,9,5000,0,2,4,,2,044,"CARPENTER ROAD","WHITMORE AVENUE",445.00,N,N,A,-,N,,,,,,,,,,Y,2,0,1,2,A,-,01,23152,A,N,D,C,A,A,H,-,A,D,0,,,,,Y,Y,A,01,1,0,0,0,0,0,0,0,0,"- ","- ",37.596099853515625,-121.03029632568359,STANISLAUS,UNINCORPORATED,-121.03029632568359,37.596271514892578