CASE_ID,ACCIDENT_YEAR,PROC_DATE,JURIS,COLLISION_DATE,COLLISION_TIME,OFFICER_ID,REPORTING_DISTRICT,DAY_OF_WEEK,CHP_SHIFT,POPULATION,CNTY_CITY_LOC,SPECIAL_COND,BEAT_TYPE,CHP_BEAT_TYPE,CITY_DIVISION_LAPD,CHP_BEAT_CLASS,BEAT_NUMBER,PRIMARY_RD,SECONDARY_RD,DISTANCE,DIRECTION,INTERSECTION,WEATHER_1,WEATHER_2,STATE_HWY_IND,CALTRANS_COUNTY,CALTRANS_DISTRICT,STATE_ROUTE,ROUTE_SUFFIX,POSTMILE_PREFIX,POSTMILE,LOCATION_TYPE,RAMP_INTERSECTION,SIDE_OF_HWY,TOW_AWAY,COLLISION_SEVERITY,NUMBER_KILLED,NUMBER_INJURED,PARTY_COUNT,PRIMARY_COLL_FACTOR,PCF_CODE_OF_VIOL,PCF_VIOL_CATEGORY,PCF_VIOLATION,PCF_VIOL_SUBSECTION,HIT_AND_RUN,TYPE_OF_COLLISION,MVIW,PED_ACTION,ROAD_SURFACE,ROAD_COND_1,ROAD_COND_2,LIGHTING,CONTROL_DEVICE,CHP_ROAD_TYPE,PEDESTRIAN_ACCIDENT,BICYCLE_ACCIDENT,MOTORCYCLE_ACCIDENT,TRUCK_ACCIDENT,NOT_PRIVATE_PROPERTY,ALCOHOL_INVOLVED,STWD_VEHTYPE_AT_FAULT,CHP_VEHTYPE_AT_FAULT,COUNT_SEVERE_INJ,COUNT_VISIBLE_INJ,COUNT_COMPLAINT_PAIN,COUNT_PED_KILLED,COUNT_PED_INJURED,COUNT_BICYCLIST_KILLED,COUNT_BICYCLIST_INJURED,COUNT_MC_KILLED,COUNT_MC_INJURED,PRIMARY_RAMP,SECONDARY_RAMP,LATITUDE,LONGITUDE,COUNTY,CITY,POINT_X,POINT_Y
91072748,2019,2019-09-11,9465,2019-09-05,1550,018825,,4,2,9,5000,0,3,5,,2,010,"COUNTRY CLUB DRIVE","ST JOHN RD.",1257.00,W,N,A,-,N,,,,,,,,,,Y,2,0,2,2,A,-,08,22107,,N,D,C,A,A,H,-,A,D,0,,,,,Y,,A,01,1,1,0,0,0,0,0,0,0,"- ","- ",37.739578247070312,-121.00914764404297,STANISLAUS,UNINCORPORATED,-121.00902557373047,37.739570617675781
91073989,2019,2019-09-13,9465,2019-09-08,1810,019553,,7,2,9,5000,0,3,5,,2,030,"MITCHELL ROAD","RIVERSIDE DRIVE",0.00,,Y,A,-,N,,,,,,,,,,Y,2,0,2,2,A,-,12,21453,A,N,D,C,A,A,H,-,A,A,0,,,,,Y,,A,01,1,0,1,0,0,0,0,0,0,"- ","- ",37.625709533691406,-120.94809722900391,STANISLAUS,UNINCORPORATED,-120.94815063476562,37.625659942626953
91076153,2019,2019-09-17,9465,2019-08-12,1230,018998,,1,1,9,5000,0,3,5,,2,040,"FOOTE ROAD","KEYES ROAD",0.00,,Y,A,-,N,,,,,,,,,,Y,1,1,0,3,A,-,12,22450,A,N,D,C,A,A,H,-,A,D,0,,,,Y,Y,,D,22,0,0,0,0,0,0,0,0,0,"- ","- ",37.547248840332031,-120.91123962402344,STANISLAUS,UNINCORPORATED,-120.91127777099609,37.547290802001953
91083566,2019,2019-09-26,9465,2019-09-21,1900,019553,,6,2,9,5000,0,3,5,,2,030,"MONTPELIER ROAD","WHITMORE AVENUE",2000.00,S,N,A,-,N,,,,,,,,,,Y,2,0,1,1,A,-,01,23152,A,N,F,A,A,A,H,-,D,D,0,,,,,Y,Y,A,08,1,0,0,0,0,0,0,0,0,"- ","- ",37.590129852294922,-120.73966217041016,STANISLAUS,UNINCORPORATED,-120.73975372314453,37.590236663818359
9108472,2020,2020-10-27,5002,2020-05-30,1341,11740,M528,6,5,6,5002,0,0,0,,0,031,"CROWS LANDING RD","HATCH RD",20.00,N,N,B,-,N,,,,,,,,,,Y,2,0,1,2,A,-,09,21801,A,N,D,C,A,A,H,-,A,D,0,,,Y,,Y,,A,01,1,0,0,0,0,0,0,0,1,"- ","- ",,,STANISLAUS,MODESTO,-120.99365997314453,37.609523773193359
91088156,2019,2019-10-01,9465,2019-09-22,1145,018222,,7,1,9,5000,0,3,5,,2,020,"MILTON ROAD","STATE ROUTE 4",8448.00,N,N,A,-,N,,,,,,,,,,Y,2,0,1,1,A,-,03,22350,,N,F,A,A,A,H,-,A,D,0,,,Y,,Y,,C,02,1,0,0,0,0,0,0,0,1,"- ","- ",37.967929840087891,-120.8436279296875,STANISLAUS,UNINCORPORATED,-120.8436279296875,37.967945098876953
91090193,2019,2019-10-03,9465,2019-09-20,1134,018259,,5,1,9,5000,0,1,3,,2,053,SR-33,"GAFFERY ROAD",1210.00,S,N,A,-,Y,,,33,,,,,,,Y,2,0,2,2,D,-,00,,,N,A,C,A,A,H,-,A,D,0,,,,,Y,,-,"- ",2,0,0,0,0,0,0,0,0,"- ","- ",37.592151641845703,-121.24587249755859,STANISLAUS,UNINCORPORATED,-121.24586486816406,37.592155456542969
91098964,2019,2019-10-16,9465,2019-09-30,2323,021235,,1,3,4,5001,0,1,3,,2,041,"STATE ROUTE 99 (SOUTHBOUND)","SERVICE ROAD",2915.00,N,N,A,-,Y,,,99,,,,,,,Y,2,0,1,2,A,-,01,23152,A,N,E,I,A,A,H,-,C,D,0,,,,,Y,Y,A,01,1,0,0,0,0,0,0,0,0,"- ","- ",37.58306884765625,-120.94728088378906,STANISLAUS,CERES,-120.94733428955078,37.5830078125
91110138,2019,2019-10-30,9465,2019-10-21,2500,018259,,1,4,9,5000,0,3,5,,2,050,"NEEDHAM ROAD","STARK ROAD",1584.00,W,N,A,-,N,,,,,,,,,,Y,2,0,1,1,A,-,08,22107,,N,E,I,A,A,H,-,D,D,0,,,,,Y,,A,01,1,0,0,0,0,0,0,0,0,"- ","- ",37.522281646728516,-121.22081756591797,STANISLAUS,UNINCORPORATED,-121.21918487548828,37.522319793701172
91115433,2019,2019-11-07,9465,2019-10-08,0015,020374,,2,3,9,5000,0,3,5,,2,050,"E. LAS PALMAS AVENUE","ELM AVENUE",170.00,E,N,A,-,N,,,,,,,,,,Y,1,1,0,1,A,-,08,22107,,N,E,I,A,A,H,-,A,D,0,,,,,Y,,A,07,0,0,0,0,0,0,0,0,0,"- ","- ",37.487129211425781,-121.09642791748047,STANISLAUS,UNINCORPORATED,-121.0963134765625,37.487094879150391
91119276,2019,2019-11-13,9465,2019-11-05,2310,020374,,2,3,9,5000,0,1,1,,2,056,"INTERSTATE 5 (NORTHBOUND)","STUHR ROAD",2534.00,N,N,A,-,Y,,,5,,,,,,,Y,2,0,1,1,A,-,08,22107,,N,E,I,A,A,H,-,D,D,0,,,,Y,Y,,G,25,1,0,0,0,0,0,0,0,0,"- ","- ",37.33251953125,-121.11202239990234,STANISLAUS,UNINCORPORATED,-121.11206817626953,37.332504272460938
91119687,2019,2019-11-13,9465,2019-11-08,0048,016440,,5,3,9,5000,0,1,3,,1,031,"STATE ROUTE 132","CODONI AVENUE",497.00,W,N,A,-,Y,,,132,,,,,,,Y,2,0,1,1,A,-,01,23152,A,N,F,A,A,A,H,-,D,D,0,,,,,Y,Y,A,07,1,0,0,0,0,0,0,0,0,"- ","- ",37.638198852539062,-120.91326904296875,STANISLAUS,UNINCORPORATED,-120.91326904296875,37.638229370117188
91128792,2019,2019-11-25,9465,2019-11-12,0313,016440,,2,3,6,5002,0,1,3,,2,011,"STATE ROUTE 99 (NORTHBOUND)","BECKWITH ROAD",2640.00,S,N,A,-,Y,,,99,,,,,,,Y,2,0,1,2,D,-,00,,,N,B,C,A,A,H,-,C,D,0,,,,Y,Y,,-,"- ",1,0,0,0,0,0,0,0,0,"- ","- ",37.678489685058594,-121.04795837402344,STANISLAUS,MODESTO,-121.04802703857422,37.678413391113281
91131184,2019,2019-11-27,9465,2019-11-21,0612,018222,,4,1,9,5000,0,3,5,,2,050,"ROGERS ROAD","NEEDHAM ROAD",1065.00,S,N,A,-,N,,,,,,,,,,Y,2,0,1,1,A,-,08,22107,,N,E,I,A,A,H,-,C,D,0,,,,,Y,,A,01,1,0,0,0,0,0,0,0,0,"- ","- ",37.519321441650391,-121.177001953125,STANISLAUS,UNINCORPORATED,-121.17713928222656,37.519344329833984
91142648,2019,2019-12-13,9465,2019-10-01,2312,020642,,2,3,5,5007,0,1,3,,2,041,"STATE ROUTE 99 (SOUTHBOUND)","STATE ROUTE 165(LANDER AVENUE)",400.00,N,N,A,-,Y,,,99,,,,,,,N,1,1,0,3,A,-,11,21954,A,N,G,B,D,A,H,-,D,D,0,Y,,,Y,Y,,N,60,0,0,0,1,0,0,0,0,0,"- ","- ",37.474330902099609,-120.85037994384766,STANISLAUS,TURLOCK,-120.85039520263672,37.474292755126953
91142687,2019,2019-12-13,9465,2019-10-11,2020,020575,,5,2,9,5000,0,3,5,,2,040,"SERVICE ROAD","COLLINS ROAD",125.00,W,N,A,-,N,,,,,,,,,,N,2,0,1,2,A,-,03,22350,,F,C,G,A,A,H,-,D,D,0,,Y,,,Y,,-,99,1,0,0,0,0,0,1,0,0,"- ","- ",37.5802001953125,-120.95089721679688,STANISLAUS,UNINCORPORATED,,
91145945,2019,2021-01-05,9465,2019-10-25,0745,020190,,5,1,9,5000,0,3,5,,2,050,"EASTIN ROAD","SHIELLS ROAD",172.00,S,N,A,-,N,,,,,,,,,,Y,1,1,2,2,A,-,08,22107,,N,E,I,F,A,H,-,A,D,0,Y,,,,Y,,A,07,1,1,0,1,0,0,0,0,0,"- ","- ",37.30364990234375,-121.06765747070312,STANISLAUS,UNINCORPORATED,-121.06752777099609,37.303565979003906
91146386,2019,2019-12-18,9465,2019-12-10,2112,016440,,2,2,9,5000,0,2,4,,2,025,"CLAUS ROAD","PLAINVIEW ROAD",550.00,N,N,B,-,N,,,,,,,,,,Y,2,0,1,1,A,-,08,22107,,N,E,I,A,A,H,-,D,D,0,,,,,Y,,A,07,1,0,0,0,0,0,0,0,0,"- ","- ",37.704830169677734,-120.92179107666016,STANISLAUS,UNINCORPORATED,-120.92172241210938,37.705131530761719
91147640,2019,2019-12-19,9465,2019-12-15,1720,020885,,7,2,9,5000,0,3,5,,2,010,"CARPERNTER ROAD","MAZE BLVD",3538.00,N,N,A,-,Y,,,,,,,,,,Y,2,0,1,2,A,-,01,23152,A,N,C,C,A,A,H,-,E,D,0,,,Y,,Y,Y,C,02,1,0,0,0,0,0,0,0,1,"- ","- ",37.639690399169922,-121.03044891357422,STANISLAUS,UNINCORPORATED,,
91153951,2019,2019-12-27,9465,2019-12-24,0400,021136,,2,3,9,5000,0,3,5,,2,040,"WEST MAIN STREET","CARPENTER ROAD",3350.00,E,N,E,-,N,,,,,,,,,,Y,2,0,2,2,A,-,08,22107,,N,A,C,A,B,H,-,D,D,0,,,,Y,Y,,A,01,1,0,1,0,0,0,0,0,0,"- ","- ",37.493148803710938,-121.01873779296875,STANISLAUS,UNINCORPORATED,-121.01933288574219,37.493190765380859
91160796,2019,2020-01-13,9330,2019-12-28,0545,021337,,6,3,9,5000,0,2,S,,2,040,"GRAYSON ROAD","USTICK ROAD",2640.00,W,N,A,-,N,,,,,,,,,,Y,2,0,1,1,A,-,08,22107,,N,E,I,A,A,H,-,D,D,0,,,,,Y,,D,22,1,0,0,0,0,0,0,0,0,"- ","- ",37.565898895263672,-121.02046203613281,STANISLAUS,UNINCORPORATED,-121.02106475830078,37.565959930419922
91160999,2019,2020-01-07,9465,2019-12-30,1148,018259,,1,1,9,5000,0,3,5,,2,030,"BROOKLYN COURT","E STREET",130.00,W,N,B,-,N,,,,,,,,,,N,2,0,2,1,A,-,08,22107,,N,F,A,A,A,H,-,A,D,0,,,Y,,Y,,C,06,1,1,0,0,0,0,0,0,2,"- ","- ",37.646469116210938,-120.90409851074219,STANISLAUS,UNINCORPORATED,-120.90419006347656,37.645881652832031
9116369,2020,2020-10-19,5002,2020-06-13,1732,11026,115,6,5,6,5002,0,0,0,,0,082,"COFFEE RD","ATHENS AV",0.00,,Y,A,-,N,,,,,,,,,,Y,2,0,2,2,A,-,08,22107,,N,D,C,A,A,H,-,A,D,0,,,,,Y,,-,,1,1,0,0,0,0,0,0,0,"- ","- ",,,STANISLAUS,MODESTO,-120.97574615478516,37.674018859863281
91173048,2020,2020-01-24,9465,2020-01-19,0825,020245,,7,1,9,5000,0,3,5,,2,040,"KEYES ROAD","VIVIAN ROAD",0.00,,Y,B,-,N,,,,,,,,,,Y,2,0,3,2,A,-,12,22450,A,N,D,C,A,A,H,-,A,A,0,,,,,Y,,D,22,1,0,2,0,0,0,0,0,0,"- ","- ",37.551410675048828,-121.04847717285156,STANISLAUS,UNINCORPORATED,-121.04850006103516,37.551429748535156
91173908,2019,2020-01-27,9465,2019-12-21,1915,020156,,6,2,9,5000,0,3,5,,2,010,"TURNER STREET","MAYETTE AVENUE",0.00,,Y,A,-,N,,,,,,,,,,Y,2,0,2,2,A,-,01,23152,A,N,D,C,A,A,H,-,C,A,0,,,,,Y,Y,A,01,1,0,1,0,0,0,0,0,0,"- ","- ",37.623920440673828,-121.01969909667969,STANISLAUS,UNINCORPORATED,-121.01972961425781,37.62384033203125
91176014,2019,2020-01-29,9465,2019-12-10,0800,020245,,2,1,9,5000,0,3,5,,2,030,"2ND STREET","E STREET",125.00,W,N,B,-,N,,,,,,,,,,N,1,1,0,2,A,-,12,22451,B,N,H,F,A,A,H,-,A,A,0,,Y,,,Y,,L,04,0,0,0,0,0,1,0,0,0,"- ","- ",37.640869140625,-120.90425109863281,STANISLAUS,UNINCORPORATED,-121.04161071777344,37.664020538330078
9118662,2020,2020-09-04,5002,2020-06-28,1944,10958,554,7,5,6,5002,0,0,0,,0,031,"RANCHO ENCANTADO LN","SAN RAMOS WY",0.00,,Y,A,-,N,,,,,,,,,,Y,2,0,1,2,A,-,12,22450,A,N,D,C,A,-,H,-,A,A,0,,,,,Y,,-,,1,0,0,0,0,0,0,0,0,"- ","- ",,,STANISLAUS,MODESTO,-121.01988983154297,37.605598449707031
91186989,2020,2020-02-14,9465,2020-02-04,0315,020914,,2,3,9,5000,0,3,5,,2,020,"CLARIBEL ROAD","WELLSFORD ROAD",1848.00,W,N,A,-,N,,,,,,,,,,Y,2,0,2,3,A,-,03,22350,,N,H,H,A,A,H,-,D,D,0,,,,,Y,,D,22,1,0,1,0,0,0,0,0,0,"- ","- ",37.711048126220703,-120.88224029541016,STANISLAUS,UNINCORPORATED,-120.88214111328125,37.711021423339844
91186996,2020,2020-02-14,9465,2020-02-01,2030,021783,,6,2,9,5000,0,1,1,,2,055,"INTERSTATE 5","INGRAM CREEK ROAD",10560.00,S,N,A,-,Y,,,5,,,,,,,Y,2,0,1,1,A,-,01,23152,F,N,E,I,A,A,H,-,D,D,0,,,,,Y,,A,01,1,0,0,0,0,0,0,0,0,"- ","- ",37.519100189208984,-121.24246978759766,STANISLAUS,UNINCORPORATED,-121.24247741699219,37.519096374511719
91189893,2019,2020-02-20,9465,2019-12-22,0723,019073,,7,1,9,5000,0,3,5,,2,030,"FAITH HOME ROAD","SERVICE ROAD",1060.00,S,N,C,-,N,,,,,,,,,,Y,1,1,1,2,A,-,01,23152,F,N,A,C,A,B,H,-,A,D,0,,,,,Y,,A,01,0,1,0,0,0,0,0,0,0,"- ","- ",37.577220916748047,-120.92046356201172,STANISLAUS,UNINCORPORATED,-120.92042499999999,37.577429000000002
91192875,2020,2020-02-25,9465,2020-02-15,2058,020457,,6,2,6,5002,0,1,3,,2,011,"STATE ROUTE 99 (NORTHBOUND)","KANSAS AVENUE",214.00,S,N,A,-,Y,,,99,,,,,,,Y,2,0,5,2,A,-,03,22350,,N,D,C,A,A,H,-,D,D,0,,,,,Y,,A,01,1,3,1,0,0,0,0,0,0,"- ","- ",37.645118713378906,-121.01541137695312,STANISLAUS,MODESTO,-121.01544952392578,37.645061492919922
91193535,2020,2020-02-25,9465,2020-02-21,2312,015979,,5,3,9,5000,0,3,5,,2,030,"BYSTRUM ROAD","EUGENE AVENUE",56.00,N,N,A,-,N,,,,,,,,,,Y,2,0,1,3,A,-,01,23152,A,N,G,C,A,A,H,-,C,D,0,,,,,Y,Y,A,01,1,0,0,0,0,0,0,0,0,"- ","- ",37.612148284912109,-120.97857666015625,STANISLAUS,UNINCORPORATED,-120.978515625,37.612033843994141
9119410,2020,2020-09-10,5007,2020-06-09,1913,5791,5007,2,5,5,5007,0,0,0,,0,J03,"WEST MAIN ST","N KILROY RD",0.00,,Y,A,-,N,,,,,,,,,,Y,2,0,3,2,A,-,17,21451,A,N,D,C,A,A,H,-,B,A,0,,,Y,,Y,,A,01,1,1,1,0,0,0,0,0,1,"- ","- ",,,STANISLAUS,TURLOCK,-120.87635040283203,37.492698669433594
91204524,2020,2020-03-09,9465,2020-02-29,1240,019730,,6,1,9,5000,0,1,3,,1,032,"STATE ROUTE 132","LA GRANGE DAM ROAD",9768.00,E,N,A,-,Y,,,132,,,,,,,Y,2,0,1,1,A,-,08,22107,,N,F,A,A,A,H,-,A,D,0,,,Y,,Y,,C,02,1,0,0,0,0,0,0,0,1,"- ","- ",37.65277099609375,-120.42375946044922,STANISLAUS,UNINCORPORATED,-120.42378234863281,37.652744293212891
91209593,2020,2020-03-17,9465,2020-02-29,2040,020985,,6,2,9,5000,0,3,5,,2,010,"SISK ROAD","WESSEX LANE",450.00,N,N,A,-,N,,,,,,,,,,N,2,0,1,2,A,-,11,21956,,N,G,B,E,A,H,-,C,D,0,Y,,,,Y,,N,60,1,0,0,0,1,0,0,0,0,"- ","- ",37.71337890625,-121.07760620117188,STANISLAUS,UNINCORPORATED,-121.07765197753906,37.713314056396484
91210355,2020,2020-03-17,9465,2020-03-07,0530,021368,,6,3,9,5000,0,1,3,,2,053,SR-33,"MARSHALL ROAD",740.00,S,N,B,-,Y,,,33,,,,,,,Y,2,0,2,2,A,-,05,21650,,N,A,C,A,A,H,-,D,D,0,,,,,Y,,A,01,2,0,0,0,0,0,0,0,0,"- ","- ",37.433380126953125,-121.10064697265625,STANISLAUS,UNINCORPORATED,-121.10066986083984,37.433364868164062
9121050,2020,2020-09-08,5002,2020-05-31,0901,11531,M398,7,5,6,5002,0,0,0,,0,MP41,"BURNEY ST","WALDEN ST",5.00,N,N,A,-,N,,,,,,,,,,Y,2,0,2,1,A,-,08,22107,,N,E,I,A,A,H,-,A,D,0,,,,,Y,,A,07,2,0,0,0,0,0,0,0,0,"- ","- ",,,STANISLAUS,MODESTO,-120.98896026611328,37.640602111816406
91221192,2020,2020-04-06,9465,2020-03-29,2045,020609,,7,2,5,5007,0,1,3,,2,041,"STATE ROUTE 99 (NORTHBOUND)","W. MAIN ST",1100.00,N,N,A,-,Y,,,99,,,,,,,Y,2,0,1,2,A,-,01,23152,A,N,B,C,A,A,H,-,D,D,0,,,,,Y,Y,A,07,1,0,0,0,0,0,0,0,0,"- ","- ",37.49517822265625,-120.87122344970703,STANISLAUS,TURLOCK,-120.87120819091797,37.495185852050781
91225797,2020,2020-05-05,9465,2020-04-08,1333,020260,,3,1,9,5000,0,3,5,,2,040,"SERVICE ROAD","LUCAS ROAD",16.00,E,N,A,-,N,,,,,,,,,,Y,1,1,0,1,A,-,08,22107,,N,E,I,A,A,H,-,A,D,0,,,Y,,Y,,C,02,0,0,0,0,0,0,0,1,0,"- ","- ",37.580291748046875,-120.94635772705078,STANISLAUS,UNINCORPORATED,-120.94634600000001,37.580235000000002
91231301,2020,2020-04-30,9465,2020-03-26,0652,017558,,4,1,9,5000,0,1,3,,2,023,"STATE ROUTE 108","ATLAS ROAD",71.00,W,N,A,-,Y,,,,,,,,,,Y,1,2,0,2,A,-,08,22107,,N,D,C,A,B,H,-,B,D,0,,,,,Y,,A,01,0,0,0,0,0,0,0,0,0,"- ","- ",37.77642822265625,-120.80744171142578,STANISLAUS,UNINCORPORATED,-120.80741882324219,37.776416778564453
91233731,2020,2020-05-05,9465,2020-04-22,1040,018259,,3,1,9,5000,0,1,3,,2,053,SR-33,"FRANK COX ROAD",80.00,S,N,A,-,Y,,,33,,,,,,,Y,2,0,2,2,A,-,11,21956,,N,G,B,D,A,H,-,A,D,0,Y,,Y,,Y,,N,60,1,1,0,0,1,0,0,0,1,"- ","- ",37.539058685302734,-121.18781280517578,STANISLAUS,UNINCORPORATED,-121.18780517578125,37.5390625
91233912,2020,2020-05-05,9465,2020-04-29,0505,018623,,3,3,9,5000,0,3,5,,2,010,"EMERALD AVENUE","LONE PALM AVENUE",310.00,W,N,A,-,N,,,,,,,,,,N,2,0,1,2,A,-,11,21954,A,N,G,B,E,A,H,-,D,D,0,Y,,,,Y,,N,60,1,0,0,0,1,0,0,0,0,"- ","- ",37.652130126953125,-121.0242919921875,STANISLAUS,UNINCORPORATED,-121.0240478515625,37.6519775390625
91235687,2020,2020-05-11,9465,2020-05-01,0008,021770,,5,3,9,5000,0,1,3,,2,011,"SR-99 N/B","HAMMETT ROAD",2690.00,S,N,A,-,Y,,,99,,,,,,N,Y,2,0,1,2,A,-,03,22350,,N,D,C,A,A,H,-,C,D,0,,,,,Y,,A,01,1,0,0,0,0,0,0,0,0,"- ","- ",37.720199584960938,-121.09763336181641,STANISLAUS,UNINCORPORATED,-121.09760284423828,37.720233917236328
91236399,2020,2020-05-19,9465,2020-04-30,2230,020374,,4,3,9,5000,0,3,5,,2,050,"DEL PUERTO CANYON ROAD","DIABLO GRANDE PARKWAY",10560.00,W,N,A,-,N,,,,,,,,,,Y,2,0,2,1,A,-,08,22107,,N,E,I,A,A,H,-,D,D,0,,,,,Y,,A,01,1,0,1,0,0,0,0,0,0,"- ","- ",37.480140686035156,-121.21125793457031,STANISLAUS,UNINCORPORATED,-121.21110534667969,37.480098724365234
91239374,2020,2020-05-19,9465,2020-05-11,2100,021636,,1,2,9,5000,0,3,5,,2,040,"S. CENTRAL AVENUE","W. MAIN STREET",1056.00,S,N,A,-,N,,,,,,,,,,N,2,0,1,2,A,-,03,22350,,N,C,G,A,A,H,-,D,D,0,,Y,,,Y,,A,01,1,0,0,0,0,0,1,0,0,"- ","- ",37.490341186523438,-120.95838928222656,STANISLAUS,UNINCORPORATED,-120.9583740234375,37.48992919921875
9124155,2020,2020-09-12,5007,2020-06-29,1635,5794,,1,5,5,5007,0,0,0,,0,002,"LANDER AV","F ST",221.00,S,N,A,-,N,,,,,,,,,,Y,2,0,3,2,A,-,08,21460,5,N,D,C,A,A,H,-,A,D,0,,,,,Y,,A,01,1,1,1,0,0,0,0,0,0,"- ","- ",,,STANISLAUS,TURLOCK,-120.84898376464844,37.481643676757812
91246757,2020,2020-06-03,9465,2020-05-25,1610,021066,,1,2,9,5000,0,2,4,,2,024,"ALBERS ROAD","MID CANAL",298.00,S,N,A,-,N,,,,,,,,,,Y,2,0,1,1,A,-,08,22107,,N,F,A,A,A,H,-,A,D,0,,,Y,,Y,,C,02,1,0,0,0,0,0,0,0,1,"- ","- ",37.650348663330078,-120.84793090820312,STANISLAUS,UNINCORPORATED,,
91248444,2020,2020-06-08,9465,2020-05-28,2030,020985,,4,2,9,5000,0,1,3,,1,032,"STATE ROUTE 132","FIELDS ROAD",633.00,W,N,A,-,Y,,,132,,,,,,,Y,2,0,2,1,A,-,01,23152,A,N,E,I,A,A,H,-,D,D,0,,,,,Y,Y,A,01,1,1,0,0,0,0,0,0,0,"- ","- ",37.638439178466797,-120.39511108398438,STANISLAUS,UNINCORPORATED,-120.39515686035156,37.638355255126953
91248848,2020,2020-11-04,9465,2020-02-09,1847,020885,,7,2,9,5000,0,3,5,,2,020,SR-120,"26 MILE RD",129.00,W,N,A,-,Y,,,120,,,,,,,N,1,1,0,2,A,-,11,21956,,F,G,B,E,A,H,-,D,D,0,Y,,,,Y,Y,N,60,0,0,0,1,0,0,0,0,0,"- ","- ",37.789199829101562,-120.86453247070312,STANISLAUS,UNINCORPORATED,-120.86459350585938,37.789112091064453
91252305,2020,2020-06-16,9465,2020-06-06,2038,021549,,6,2,9,5000,0,1,3,,2,041,"STATE ROUTE 99 (SOUTHBOUND)","MITCHELL ROAD",2587.00,S,N,A,-,Y,,,99,,,,,,,Y,2,0,1,1,A,-,03,22350,,N,E,J,A,A,H,-,D,D,0,,,Y,,Y,,C,02,1,0,0,0,0,0,0,0,1,"- ","- ",37.570419311523438,-120.93293762207031,STANISLAUS,UNINCORPORATED,-120.93293762207031,37.570419311523438
91252328,2020,2020-06-16,9465,2020-05-31,2020,021235,,7,2,9,5000,0,3,5,,2,050,"SHIELLS ROAD","DRAPER ROAD",1550.00,W,N,A,-,N,,,,,,,,,,N,2,0,1,1,A,-,08,22107,,N,E,I,A,A,A,-,D,D,0,,,Y,,Y,,C,02,1,0,0,0,0,0,0,0,1,"- ","- ",37.303970336914062,-121.05490875244141,STANISLAUS,UNINCORPORATED,-121.0545654296875,37.303947448730469
91253194,2020,2020-07-22,9465,2020-06-11,1840,019713,,4,2,9,5000,0,3,5,,2,050,"DEL PUERTO CANYON ROAD","DIABLO GRANDE PARKWAY",7920.00,N,N,A,-,N,,,,,,,,,,Y,2,0,1,1,A,-,08,22107,,N,E,I,A,A,A,-,A,D,0,,,,,Y,,D,22,1,0,0,0,0,0,0,0,0,"- ","- ",37.475749969482422,-121.20523834228516,STANISLAUS,UNINCORPORATED,-121.20452117919922,37.475181579589844
91253199,2020,2020-06-17,9465,2020-06-03,1045,018998,,3,1,9,5000,0,1,1,,2,055,"INTERSTATE 5","KHALSA ROAD",1846.00,S,N,A,-,Y,,,5,,,,,,,Y,1,1,0,1,A,-,08,22107,,N,F,A,A,A,H,-,A,D,0,,,,,Y,,A,07,0,0,0,0,0,0,0,0,0,"- ","- ",37.562191009521484,-121.29604339599609,STANISLAUS,UNINCORPORATED,-121.29605102539062,37.562175750732422
91256241,2020,2020-06-23,9465,2020-06-20,2220,021239,,6,3,9,5000,0,3,5,,2,030,"MONTPELIER ROAD","KEYES ROAD",2330.00,N,N,A,-,N,,,,,,,,,,Y,2,0,1,1,A,-,08,22107,,N,E,J,A,A,H,-,D,D,0,,,,,Y,,D,22,1,0,0,0,0,0,0,0,0,"- ","- ",37.556808471679688,-120.71726989746094,STANISLAUS,UNINCORPORATED,-120.7171630859375,37.556488037109375
91256497,2020,2020-11-06,9465,2020-03-21,0654,021136,,6,1,9,5000,0,1,3,,2,012,"STATE ROUTE 132 (MAZE BOULEVARD)","HART ROAD",0.00,,Y,B,C,Y,,,132,,,,,,,Y,1,2,0,2,A,-,12,21453,A,N,D,C,A,B,H,-,A,A,0,,,,Y,Y,,G,25,0,0,0,0,0,0,0,0,0,"- ","- ",37.63787841796875,-121.12217712402344,STANISLAUS,UNINCORPORATED,-121.12217712402344,37.637897491455078
91256786,2020,2020-06-25,9465,2020-06-13,2315,021511,,6,3,9,5000,0,3,5,,2,030,"PRICILLA LANE",SR-132,2400.00,S,N,A,-,N,,,,,,,,,,N,2,0,1,2,A,-,11,21954,A,N,G,B,D,A,H,-,D,D,0,Y,,,,Y,,N,60,1,0,0,0,1,0,0,0,0,"- ","- ",37.631828308105469,-120.79934692382812,STANISLAUS,UNINCORPORATED,-120.799356,37.631909