CASE_ID,ACCIDENT_YEAR,PROC_DATE,JURIS,COLLISION_DATE,COLLISION_TIME,OFFICER_ID,REPORTING_DISTRICT,DAY_OF_WEEK,CHP_SHIFT,POPULATION,CNTY_CITY_LOC,SPECIAL_COND,BEAT_TYPE,CHP_BEAT_TYPE,CITY_DIVISION_LAPD,CHP_BEAT_CLASS,BEAT_NUMBER,PRIMARY_RD,SECONDARY_RD,DISTANCE,DIRECTION,INTERSECTION,WEATHER_1,WEATHER_2,STATE_HWY_IND,CALTRANS_COUNTY,CALTRANS_DISTRICT,STATE_ROUTE,ROUTE_SUFFIX,POSTMILE_PREFIX,POSTMILE,LOCATION_TYPE,RAMP_INTERSECTION,SIDE_OF_HWY,TOW_AWAY,COLLISION_SEVERITY,NUMBER_KILLED,NUMBER_INJURED,PARTY_COUNT,PRIMARY_COLL_FACTOR,PCF_CODE_OF_VIOL,PCF_VIOL_CATEGORY,PCF_VIOLATION,PCF_VIOL_SUBSECTION,HIT_AND_RUN,TYPE_OF_COLLISION,MVIW,PED_ACTION,ROAD_SURFACE,ROAD_COND_1,ROAD_COND_2,LIGHTING,CONTROL_DEVICE,CHP_ROAD_TYPE,PEDESTRIAN_ACCIDENT,BICYCLE_ACCIDENT,MOTORCYCLE_ACCIDENT,TRUCK_ACCIDENT,NOT_PRIVATE_PROPERTY,ALCOHOL_INVOLVED,STWD_VEHTYPE_AT_FAULT,CHP_VEHTYPE_AT_FAULT,COUNT_SEVERE_INJ,COUNT_VISIBLE_INJ,COUNT_COMPLAINT_PAIN,COUNT_PED_KILLED,COUNT_PED_INJURED,COUNT_BICYCLIST_KILLED,COUNT_BICYCLIST_INJURED,COUNT_MC_KILLED,COUNT_MC_INJURED,PRIMARY_RAMP,SECONDARY_RAMP,LATITUDE,LONGITUDE,COUNTY,CITY,POINT_X,POINT_Y
91261040,2020,2020-06-30,9465,2020-06-21,1435,021337,,7,2,9,5000,0,1,3,,2,022,SR-108/120,"WILLMS ROAD",1000.00,W,N,A,-,Y,,,120,,,,,,,Y,2,0,1,2,C,-,18,,,N,B,C,A,A,H,-,A,D,0,,,,,Y,,-,"- ",1,0,0,0,0,0,0,0,0,"- ","- ",37.813438415527344,-120.65960693359375,STANISLAUS,UNINCORPORATED,-120.65959930419922,37.813419342041016
91262319,2020,2020-07-02,9465,2020-06-10,1842,021022,,3,2,9,5000,0,2,4,,2,043,"WEST MAIN STREET","CARPENTER ROAD",3599.00,E,N,A,-,N,,,,,,,,,,Y,1,1,1,3,A,-,05,21650,,N,B,C,A,A,H,-,A,D,0,,,,,Y,,A,01,1,0,0,0,0,0,0,0,0,"- ","- ",37.493179321289062,-121.01883697509766,STANISLAUS,UNINCORPORATED,-121.01847839355469,37.493183135986328
91262677,2020,2020-07-03,9465,2020-06-22,1634,020833,,1,2,9,5000,0,3,5,,2,010,"KIERNAN AVENUE","ZINFANDEL AVENUE",75.00,W,N,A,-,N,,,,,,,,,,Y,2,0,1,2,A,-,09,21804,A,N,D,C,A,A,H,-,A,D,0,,,Y,,Y,,A,07,1,0,0,0,0,0,0,0,1,"- ","- ",37.710800170898438,-121.09030151367188,STANISLAUS,UNINCORPORATED,-121.09030151367188,37.710826873779297
91263806,2020,2020-07-06,9465,2020-06-27,1932,020833,,6,2,9,5000,0,1,3,,2,013,"STATE ROUTE 108","COFFEE ROAD",0.00,,Y,A,-,Y,,,108,,,,,,,Y,2,0,1,2,A,-,12,22450,A,N,D,C,A,A,H,-,A,A,0,,,Y,,Y,,C,02,1,0,0,0,0,0,0,0,1,"- ","- ",37.732799530029297,-120.97689819335938,STANISLAUS,UNINCORPORATED,-120.97689819335938,37.732749938964844
91269140,2020,2020-07-15,9465,2020-06-01,0430,021511,,1,3,6,5002,0,1,3,,2,011,"SR-99 N/B","TUOLUMNE BLVD",150.00,N,N,A,-,Y,,,99,,,,,,N,Y,1,1,0,2,A,-,11,21954,A,N,G,B,E,A,H,-,D,D,0,Y,,,,Y,,N,60,0,0,0,1,0,0,0,0,0,"- ","- ",37.628009796142578,-120.99694061279297,STANISLAUS,MODESTO,-120.99688720703125,37.628021240234375
91269173,2020,2020-07-15,9465,2020-05-17,2123,021636,,7,2,9,5000,0,1,3,,2,041,"STATE ROUTE 99 (NORTHBOUND)","HATCH RD",1584.00,N,N,A,-,Y,,,99,,,,,,,Y,1,1,1,1,A,-,01,23152,F,N,E,I,A,A,H,-,C,D,0,,,,,Y,,A,01,0,1,0,0,0,0,0,0,0,"- ","- ",37.613071441650391,-120.97976684570312,STANISLAUS,UNINCORPORATED,-120.97972106933594,37.613101959228516
91270083,2020,2020-07-17,9465,2020-07-10,1320,019730,,5,1,9,5000,0,3,5,,2,030,"GOLDEN STATE BLVD","DAUBENBERGER ROAD",1373.00,S,N,A,-,N,,,,,,,,,,Y,2,0,1,1,A,-,08,22107,,N,F,A,A,A,H,-,A,D,0,,,,,Y,,A,01,1,0,0,0,0,0,0,0,0,"- ","- ",37.468521118164062,-120.81788635253906,STANISLAUS,UNINCORPORATED,-120.81797027587891,37.468643188476562
91271656,2020,2020-07-21,9465,2020-07-09,1105,019730,,4,1,9,5000,0,3,5,,2,030,"S. 9TH STREET","SONORA AVENUE",0.00,,Y,A,-,N,,,,,,,,,,Y,2,0,1,2,A,-,09,21801,A,N,D,C,A,A,H,-,A,A,0,,,Y,Y,Y,,F,26,1,0,0,0,0,0,0,0,1,"- ","- ",37.620548248291016,-120.98564910888672,STANISLAUS,UNINCORPORATED,-120.98552703857422,37.620559692382812
91275884,2020,2020-07-28,9465,2020-07-22,1501,019713,,3,2,9,5000,0,1,1,,2,056,"DIABLO GRANDE PARKWAY","I-5 (N/B) OFF-RAMP TO DIABLO GRANDE PKWY",0.00,,Y,A,-,Y,,,,,,,,,,Y,2,0,1,2,A,-,09,21802,A,N,D,C,A,A,H,-,A,A,0,,,Y,,Y,,A,07,1,0,0,0,0,0,0,0,1,"- ","- ",37.46392822265625,-121.17977142333984,STANISLAUS,UNINCORPORATED,,
91280792,2020,2020-08-05,9465,2020-07-26,1545,018955,,7,2,9,5000,0,1,3,,2,028,"STATE ROUTE 4","MILTON ROAD",16526.00,W,N,A,-,Y,,,4,,,,,,,Y,2,0,1,1,A,-,08,22107,,N,F,A,A,A,H,-,A,D,0,,,Y,,Y,,C,02,1,0,0,0,0,0,0,0,1,"- ","- ",37.944988250732422,-120.90131378173828,STANISLAUS,UNINCORPORATED,-120.90130615234375,37.944950103759766
91280833,2020,2020-11-13,9465,2020-07-18,2130,021368,,6,2,9,5000,0,3,5,,2,050,"RIVER ROAD","GAFFERY ROAD",27.00,S,N,A,-,N,,,,,,,,,,Y,2,0,1,3,A,-,01,23152,A,N,E,I,A,A,H,-,D,D,0,,,,,Y,Y,A,01,1,0,0,0,0,0,0,0,0,"- ","- ",37.600028991699219,-121.22512054443359,STANISLAUS,UNINCORPORATED,,
9128301,2020,2020-12-01,5002,2020-07-07,2155,11209,M057,2,5,6,5002,0,0,0,,0,083,"RT 108-MCHENRY AV","RUMBLE RD",5.00,N,N,A,-,Y,STA,10,108,-,-,25.560,I,5,E,N,2,0,1,2,A,-,11,21453,D,F,G,B,B,A,H,-,C,A,0,Y,,,,Y,,N,60,1,0,0,0,1,0,0,0,0,"- ","- ",,,STANISLAUS,MODESTO,-120.99428558349609,37.681552886962891
91287439,2020,2020-08-17,9465,2020-08-11,1750,021066,,2,2,9,5000,0,3,5,,2,050,"VILLA MANUCHA ROAD","AZEVEDO ROAD",2640.00,W,N,A,-,N,,,,,,,,,,Y,2,0,1,1,A,-,08,22107,,N,F,A,A,A,H,-,A,D,0,,,,Y,Y,,G,25,1,0,0,0,0,0,0,0,0,"- ","- ",37.363750457763672,-121.02581787109375,STANISLAUS,UNINCORPORATED,-121.0257568359375,37.363807678222656
9128943,2020,2020-10-02,5002,2020-07-08,2158,13286,MO24,3,5,6,5002,0,0,0,,0,062,"ORANGEBURG AV","EVERGREEN RD",180.00,S,N,A,-,N,,,,,,,,,,N,2,0,1,2,A,-,11,21954,A,N,G,B,D,A,H,-,C,D,0,Y,,,,Y,Y,N,60,1,0,0,0,1,0,0,0,0,"- ","- ",,,STANISLAUS,MODESTO,-121.03015899658203,37.667007446289062
91295863,2020,2020-08-31,9465,2020-08-08,0150,021235,,6,3,9,5000,0,3,5,,2,030,"BYSTRUM ROAD","HOSMER AVENUE",40.00,N,N,A,-,N,,,,,,,,,,N,2,0,1,2,A,-,21,22106,,F,G,B,D,A,H,-,C,D,0,Y,,,,Y,,-,99,1,0,0,0,1,0,0,0,0,"- ","- ",37.622940063476562,-120.9844970703125,STANISLAUS,UNINCORPORATED,-120.98448944091797,37.622898101806641
91296611,2020,2020-09-01,9465,2020-08-18,0720,018955,,2,1,9,5000,0,3,5,,2,030,"LANGWORTH ROAD","CLARIBEL ROAD",859.00,N,N,B,-,N,,,,,,,,,,Y,2,0,3,2,A,-,05,21650,,N,A,C,A,A,H,-,A,D,0,,,,,Y,Y,D,22,2,1,0,0,0,0,0,0,0,"- ","- ",37.713390350341797,-120.89402008056641,STANISLAUS,UNINCORPORATED,-120.89400482177734,37.71337890625
91301068,2020,2020-11-03,9465,2020-08-29,1840,021337,,6,2,9,5000,0,3,5,,2,030,"RIVERSIDE DRIVE",SR-132,595.00,S,N,A,-,N,,,,,,,,,,Y,2,0,5,5,A,-,08,22107,,N,E,I,F,A,H,-,A,D,0,Y,,,Y,Y,,G,25,1,3,1,0,4,0,0,0,0,"- ","- ",37.636459350585938,-120.94795227050781,STANISLAUS,UNINCORPORATED,-120.94806800000001,37.636496999999999
91305403,2020,2020-09-16,9465,2020-07-13,0854,019155,,1,1,9,5000,0,2,4,,2,044,"CARPENTER ROAD","WEST MAIN AVENUE",1210.00,N,N,A,-,N,,,,,,,,,,Y,1,1,1,3,A,-,01,23152,F,N,B,C,A,A,H,-,A,D,0,,,,,Y,,A,01,0,0,1,0,0,0,0,0,0,"- ","- ",37.496368408203125,-121.03093719482422,STANISLAUS,UNINCORPORATED,-121.0308837890625,37.496612548828125
91308897,2020,2020-09-22,9465,2020-09-07,1954,020833,,1,2,9,5000,0,3,5,,2,010,"CARPENTER ROAD","ELM AVENUE",0.00,,Y,A,-,N,,,,,,,,,,Y,2,0,3,2,A,-,09,21802,A,F,D,C,A,A,H,-,C,A,0,,,,,Y,,A,07,1,2,0,0,0,0,0,0,0,"- ","- ",37.643199920654297,-121.03019714355469,STANISLAUS,UNINCORPORATED,-121.03024291992188,37.64324951171875
91309259,2020,2020-09-22,9465,2020-09-11,1950,020833,,5,2,9,5000,0,1,1,,2,055,"INTERSTATE 5 SOUTHBOUND","KERN CREEK",750.00,N,N,A,-,Y,,,5,,,,,,S,Y,2,0,2,2,A,-,03,22350,,N,C,C,A,A,H,-,D,D,0,,,,,Y,,A,01,1,0,1,0,0,0,0,0,0,"- ","- ",37.517898559570312,-121.24099731445312,STANISLAUS,UNINCORPORATED,-121.24102020263672,37.517871856689453
9131196,2020,2020-09-25,5007,2020-07-03,2159,5767,5007,5,5,5,5007,0,0,0,,0,003,"WEST MAIN ST","DIANNE DR",0.00,,Y,A,-,N,,,,,,,,,,Y,2,0,1,2,A,-,12,22450,A,N,D,C,A,A,H,-,C,A,0,,,,Y,Y,,A,01,1,0,0,0,0,0,0,0,0,"- ","- ",,,STANISLAUS,TURLOCK,-120.880859375,37.492660522460938
91312118,2020,2020-09-25,9465,2020-08-08,1830,020575,,6,2,9,5000,0,2,4,,2,042,"CROWS LANDING ROAD","EHRLICH ROAD",20.00,N,N,A,-,N,,,,,,,,,,Y,1,1,0,2,A,-,01,23152,A,N,A,C,A,A,H,-,A,D,0,,,,Y,Y,Y,E,22,0,0,0,0,0,0,0,0,0,"- ","- ",37.438301086425781,-121.006103515625,STANISLAUS,UNINCORPORATED,-121.00617980957031,37.438312530517578
91327578,2020,2020-10-20,9465,2020-07-10,2104,019982,,5,2,9,5000,0,3,5,,2,020,"SONORA ROAD","28 MILE ROAD",5808.00,E,N,A,-,N,,,,,,,,,,Y,2,0,1,1,A,-,01,23152,A,N,E,I,A,A,G,-,D,D,0,,,Y,,Y,Y,C,02,1,0,0,0,0,0,0,0,1,"- ","- ",37.883209228515625,-120.82273101806641,STANISLAUS,UNINCORPORATED,-120.8218994140625,37.882854461669922
9133116,2020,2020-11-18,5002,2020-07-13,1732,11740,M065,1,5,6,5002,0,0,0,,0,082,"RT 108","JUDITH LN",50.00,N,N,A,-,Y,STA,10,108,-,-,24.680,H,-,E,Y,2,0,1,2,A,-,09,21801,A,N,D,D,A,A,H,-,A,A,0,,,,,Y,,A,01,1,0,0,0,0,0,0,0,0,"- ","- ",,,STANISLAUS,MODESTO,-120.99410247802734,37.668655395507812
91332193,2020,2020-11-03,9465,2020-10-13,0838,018955,,2,1,9,5000,0,3,5,,2,030,"GARNER ROAD","LECKRON ROAD",835.00,N,N,A,-,N,,,,,,,,,,Y,2,0,1,2,A,-,09,21804,A,N,B,C,A,A,H,-,A,D,0,,,,,Y,,A,07,1,0,0,0,0,0,0,0,0,"- ","- ",37.631568908691406,-120.92298126220703,STANISLAUS,UNINCORPORATED,-120.92310333251953,37.631462097167969
9134091,2020,2020-08-20,5002,2020-07-31,1717,13127,M537,5,5,6,5002,0,0,0,,0,063,"SISK RD","VINTAGE DR",310.00,N,N,A,-,N,,,,,,,,,,Y,2,0,1,2,A,-,04,21703,,N,C,C,A,A,H,-,A,D,0,,,,,Y,,-,,1,0,0,0,0,0,0,0,0,"- ","- ",,,STANISLAUS,MODESTO,-121.06306457519531,37.691738128662109
91341615,2020,2020-11-09,9465,2020-11-07,1458,021022,,6,2,9,5000,0,3,5,,2,040,"WEST MORRIS AVENUE","CARPENTER ROAD",2640.00,S,N,A,-,N,,,,,,,,,,Y,2,0,4,2,A,-,21,22106,,F,D,C,A,A,H,-,A,D,0,,,,,Y,,A,01,1,0,3,0,0,0,0,0,0,"- ","- ",37.493198394775391,-121.02169799804688,STANISLAUS,UNINCORPORATED,,
91342530,2020,2020-11-10,9465,2020-11-01,0100,021783,,7,3,9,5000,0,3,5,,2,050,"RIVER ROAD","CROWS LANDING ROAD",2376.00,S,N,A,-,N,,,,,,,,,,Y,2,0,1,1,A,-,01,23152,A,N,F,A,A,A,H,-,D,D,0,,,,,Y,Y,A,01,1,0,0,0,0,0,0,0,0,"- ","- ",37.415420532226562,-121.01624298095703,STANISLAUS,UNINCORPORATED,-121.01646423339844,37.415447235107422
91342776,2020,2020-11-10,9465,2020-11-04,0810,018671,,3,1,9,5000,0,1,3,,2,012,SR-132,"RUSSELL ROAD",1056.00,W,N,A,-,Y,,,132,,,,,,,Y,2,0,1,2,A,-,01,23152,A,N,F,C,A,A,H,-,A,D,0,,,Y,,Y,Y,C,02,1,0,0,0,0,0,0,0,1,"- ","- ",37.637859344482422,-121.15299987792969,STANISLAUS,UNINCORPORATED,-121.15299987792969,37.637825012207031
91344640,2020,2020-11-13,9465,2020-11-11,0150,019982,,3,3,9,5000,0,1,3,,2,011,"STATE ROUTE 99 (NORTHBOUND)","HAMMETT ROAD",400.00,S,N,A,-,Y,,,99,,,,,,,Y,2,0,1,2,A,-,01,23152,A,N,C,C,A,A,H,-,D,D,0,,,,,Y,Y,A,01,1,0,0,0,0,0,0,0,0,"- ","- ",37.725128173828125,-121.10230255126953,STANISLAUS,UNINCORPORATED,-121.10232543945312,37.725105285644531
91356143,2020,2020-12-01,9465,2020-11-23,1915,019713,,1,2,9,5000,0,3,5,,2,050,"DRAPER ROAD","ORESTIMBA ROAD",1293.00,S,N,A,-,N,,,,,,,,,,Y,2,0,1,1,A,-,08,22107,,N,E,I,A,A,H,-,D,D,0,,,,,Y,,A,01,1,0,0,0,0,0,0,0,0,"- ","- ",37.31488037109375,-121.04924774169922,STANISLAUS,UNINCORPORATED,-121.04922485351562,37.314929962158203
91356396,2020,2020-12-01,9465,2020-11-26,0823,018059,,4,1,9,5000,0,1,3,,2,012,"STATE ROUTE 132","TEXAS ROAD",2165.00,W,N,A,-,Y,,,132,,,,,,,Y,2,0,1,1,A,-,08,22107,,N,F,A,A,A,H,-,A,D,0,,,,,Y,,D,22,1,0,0,0,0,0,0,0,0,"- ","- ",37.637950897216797,-121.11192321777344,STANISLAUS,UNINCORPORATED,-121.11192321777344,37.637966156005859
91361506,2020,2020-12-08,9465,2020-12-07,1530,018274,,1,2,9,5000,0,1,3,,2,021,"STATE ROUTE 120","CLEVELAND AVENUE",350.00,W,N,A,-,Y,,,120,,,,,,,Y,2,0,3,3,A,-,01,23152,F,N,A,C,A,A,H,-,A,D,0,,,,,Y,,D,22,1,2,0,0,0,0,0,0,0,"- ","- ",37.791481018066406,-120.8878173828125,STANISLAUS,UNINCORPORATED,-120.8878173828125,37.79150390625
91368119,2020,2020-12-16,9465,2020-12-07,0600,018955,,1,1,9,5000,0,3,5,,2,040,"CENTRAL AVENUE","MONTE VISTA ROAD",15.00,N,N,A,-,N,,,,,,,,,,Y,2,0,1,2,A,-,03,22350,,M,C,C,A,A,H,-,D,D,0,,,,,Y,,D,22,1,0,0,0,0,0,0,0,0,"- ","- ",37.521869659423828,-120.95865631103516,STANISLAUS,UNINCORPORATED,-120.95864105224609,37.521923065185547
91368152,2020,2020-12-16,9465,2020-12-06,1544,020833,,7,2,9,5000,0,2,4,,2,024,"ALBERS ROAD","RICE ROAD",0.00,,Y,A,-,N,,,,,,,,,,Y,2,0,4,2,A,-,05,21752,D,N,A,C,A,A,H,-,A,D,0,,,,,Y,,A,01,1,1,2,0,0,0,0,0,0,"- ","- ",37.696559906005859,-120.84831237792969,STANISLAUS,UNINCORPORATED,-120.84832000732422,37.696571350097656
91368455,2020,2020-12-16,9465,2020-11-30,1550,021022,,1,2,9,5000,0,3,5,,2,030,"H STREET","SOUTH 1ST STREET",3.00,W,N,A,-,N,,,,,,,,,,Y,1,1,0,1,A,-,01,23152,G,N,E,I,A,A,H,-,A,D,0,,,Y,,Y,Y,C,06,0,0,0,0,0,0,0,1,0,"- ","- ",37.4869384765625,-120.83881378173828,STANISLAUS,UNINCORPORATED,-120.83876037597656,37.486934661865234
91368619,2020,2020-12-16,9465,2020-12-02,2005,018623,,3,2,9,5000,0,3,5,,2,030,"ROHDE ROAD","SEVENTH STREET",138.00,N,N,A,-,N,,,,,,,,,,Y,2,0,1,2,A,-,01,23152,A,M,D,C,A,A,H,-,C,A,0,,,,Y,Y,Y,A,01,1,0,0,0,0,0,0,0,0,"- ","- ",37.556938171386719,-120.91594696044922,STANISLAUS,UNINCORPORATED,-120.91591644287109,37.556941986083984
91376374,2020,2020-12-28,9465,2020-10-25,1915,020914,,7,2,9,5000,0,1,3,,2,023,"STATE ROUTE 108","MONDO LANE",196.00,E,N,A,-,Y,,,108,,,,,,,Y,1,1,2,2,A,-,01,23152,A,N,D,C,A,A,H,-,D,D,0,,,,Y,Y,Y,A,01,0,0,2,0,0,0,0,0,0,"- ","- ",37.754581451416016,-120.89028930664062,STANISLAUS,UNINCORPORATED,-120.89028930664062,37.754562377929688
91380191,2020,2021-01-04,9465,2020-12-31,1825,019713,,4,2,9,5000,0,3,5,,2,050,"RIVER ROAD","HILLS FERRY ROAD",0.00,,Y,A,-,N,,,,,,,,,,Y,2,0,2,1,A,-,03,22350,,N,E,I,A,A,H,-,D,A,0,,,,,Y,,A,01,1,1,0,0,0,0,0,0,0,"- ","- ",37.345771789550781,-121.97820281982422,STANISLAUS,UNINCORPORATED,-120.97805023193359,37.346298217773438
91381015,2020,2021-01-05,9465,2020-12-09,1740,018767,,3,2,9,5000,0,1,1,,2,055,"INTERSTATE 5 (SOUTHBOUND)","SAN JOAQUIN CO LINE",2112.00,S,N,A,-,Y,,,5,,,,,,,Y,2,0,1,1,A,-,08,22107,,N,E,I,A,A,H,-,D,D,0,,,,,Y,,A,07,1,0,0,0,0,0,0,0,0,"- ","- ",37.573261260986328,-121.31098937988281,STANISLAUS,UNINCORPORATED,-121.31098937988281,37.573257446289062
91381821,2020,2021-01-06,9465,2020-12-31,0845,018222,,4,1,9,5000,0,3,5,,2,020,"LANGWORTH ROAD","PATTERSON ROAD",2820.00,S,N,B,-,N,,,,,,,,,,Y,2,0,1,1,A,-,01,23152,A,N,E,I,A,B,H,-,A,D,0,,,,,Y,Y,A,01,1,0,0,0,0,0,0,0,0,"- ","- ",37.725028991699219,-120.89408111572266,STANISLAUS,UNINCORPORATED,-120.89414978027344,37.725017547607422
91382997,2020,2021-01-07,9465,2020-12-23,1633,020833,,3,2,9,5000,0,1,1,,2,055,"INTERSTATE 5 SOUTHBOUND","INGRAM CREEK ROAD",3480.00,N,N,A,-,Y,,,5,,,,,,S,Y,2,0,3,1,A,-,08,22107,,N,F,A,A,A,H,-,A,D,0,,,,,Y,,A,07,2,1,0,0,0,0,0,0,0,"- ","- ",37.547451019287109,-121.27758026123047,STANISLAUS,UNINCORPORATED,-121.27755737304688,37.547477722167969
91383506,2020,2021-01-07,9465,2020-09-06,0305,021337,,7,3,9,5000,0,1,3,,2,012,"STATE ROUTE 132 (MAZE BOULEVARD)","HART ROAD",2284.00,W,N,A,-,Y,,,132,,,,,,,Y,1,2,0,3,A,-,05,21650,,N,B,C,A,A,H,-,D,D,0,,,,,Y,,A,01,0,0,0,0,0,0,0,0,0,"- ","- ",37.63787841796875,-121.12921142578125,STANISLAUS,UNINCORPORATED,-121.12921142578125,37.637870788574219
91390369,2021,2021-01-19,9465,2021-01-06,2125,018623,,3,2,9,5000,0,3,5,,2,010,"COFFEE ROAD","CLARATINA AVENUE",825.00,N,N,A,-,N,,,,,,,,,,N,2,0,1,2,A,-,11,21954,A,F,G,B,D,A,H,-,D,D,0,Y,,,,Y,Y,N,60,1,0,0,0,1,0,0,0,0,"- ","- ",37.702110290527344,-120.97633361816406,STANISLAUS,UNINCORPORATED,-120.97638702392578,37.702198028564453
91391182,2021,2021-01-20,9465,2021-01-13,1405,020609,,3,2,9,5000,0,1,3,,1,032,"STATE ROUTE 132","CRABTREE ROAD",47.00,W,N,A,-,Y,,,132,,,,,,,Y,2,0,1,2,A,-,08,22107,,N,B,C,A,A,H,-,A,D,0,,,Y,,Y,,C,02,1,0,0,0,0,0,0,0,1,"- ","- ",37.644508361816406,-120.61306762695312,STANISLAUS,UNINCORPORATED,-120.61307525634766,37.644535064697266
91391219,2021,2021-01-20,9465,2021-01-17,1820,020833,,7,2,9,5000,0,3,5,,2,030,"LAKE ROAD","ROBERTS FERRY ROAD",9141.00,E,N,A,-,N,,,,,,,,,,Y,2,0,1,1,A,-,03,22350,,N,F,A,A,A,H,-,D,D,0,,,Y,,Y,,C,02,1,0,0,0,0,0,0,0,1,"- ","- ",37.628040313720703,-120.58705139160156,STANISLAUS,UNINCORPORATED,-120.58655548095703,37.628078460693359
91392545,2021,2021-01-22,9465,2021-01-18,0230,020374,,1,3,9,5000,0,3,5,,2,050,"NEEDHAM ROAD","STARK ROAD",0.00,,Y,A,-,N,,,,,,,,,,Y,2,0,1,1,A,-,01,23152,A,N,E,I,A,A,H,-,D,D,0,,,,,Y,Y,D,22,1,0,0,0,0,0,0,0,0,"- ","- ",37.522300720214844,-121.21378326416016,STANISLAUS,UNINCORPORATED,-121.21372222900391,37.522312164306641
91393737,2021,2021-01-25,9465,2021-01-23,1500,020609,,6,2,5,5007,0,1,3,,2,041,"STATE ROUTE 99","STATE ROUTE 165 (LANDER AVENUE)",0.00,,Y,A,-,Y,,,99,,,,,,,Y,2,0,1,1,A,-,01,23152,A,N,F,A,A,A,H,-,A,A,0,,,,,Y,Y,D,22,1,0,0,0,0,0,0,0,0,"- ","- ",37.473091125488281,-120.84899139404297,STANISLAUS,TURLOCK,-120.84877014160156,37.473651885986328
91394887,2020,2021-01-27,9465,2020-09-25,1931,020575,,5,2,9,5000,0,2,4,,2,042,"CROWS LANDING ROAD","BARNHART ROAD",190.00,S,N,A,-,N,,,,,,,,,,Y,1,1,1,2,C,-,18,,,N,D,C,A,A,H,-,D,D,0,,,,,Y,Y,-,"- ",0,0,1,0,0,0,0,0,0,"- ","- ",37.543701171875,-120.99359893798828,STANISLAUS,UNINCORPORATED,-120.99353790283203,37.543506622314453
91399322,2021,2021-02-01,9465,2021-01-24,1910,020245,,7,2,9,5000,0,2,4,,2,026,"CLARIBEL ROAD","TERMINAL AVENUE",0.00,,Y,C,-,N,,,,,,,,,,Y,2,0,1,2,A,-,09,21801,A,N,D,C,A,B,H,-,C,A,0,,,,,Y,,D,22,1,0,0,0,0,0,0,0,0,"- ","- ",37.710910797119141,-120.92938232421875,STANISLAUS,UNINCORPORATED,-120.92935943603516,37.710899353027344
91405269,2021,2021-02-09,9465,2021-02-03,1817,020457,,3,2,9,5000,0,1,3,,2,013,"SR-108 (MCHENRY AVE)","CRAWFORD ROAD",528.00,W,N,A,-,Y,,,108,,,,,,,Y,2,0,3,2,A,-,03,22350,,N,C,C,A,A,H,-,D,D,0,,,,,Y,,A,01,1,2,0,0,0,0,0,0,0,"- ","- ",37.716838836669922,-120.99504852294922,STANISLAUS,UNINCORPORATED,-120.99509429931641,37.716838836669922
91405702,2021,2021-02-10,9465,2021-01-29,1830,021239,,5,2,9,5000,0,1,3,,2,012,SR-132,"PAULINE AVENUE",55.00,W,N,A,-,N,,,132,,,,,,,Y,2,0,2,2,A,-,08,22107,,N,B,C,A,A,H,-,C,D,0,,,,,Y,,A,07,2,0,0,0,0,0,0,0,0,"- ","- ",37.638271331787109,-121.01548004150391,STANISLAUS,UNINCORPORATED,-121.01548004150391,37.638648986816406
91406531,2021,2021-02-11,9465,2021-02-05,1955,021066,,5,2,9,5000,0,2,4,,2,057,"FINK ROAD","BELL ROAD",410.00,W,N,A,-,N,,,,,,,,,,Y,2,0,5,2,A,-,05,21650,,N,A,C,A,A,H,-,D,D,0,,,,,Y,,A,01,1,2,2,0,0,0,0,0,0,"- ","- ",37.3916015625,-121.10494232177734,STANISLAUS,UNINCORPORATED,-121.10488128662109,37.391590118408203
91406707,2021,2021-02-11,9465,2021-01-30,0550,018259,,6,3,9,5000,0,2,4,,2,058,"LAS PALMAS AVENUE","CHESTNUT AVENUE",545.00,W,N,E,-,N,,,,,,,,,,Y,2,0,1,1,A,-,08,22107,,N,E,I,A,B,H,-,D,D,0,,,,,Y,,A,01,1,0,0,0,0,0,0,0,0,"- ","- ",37.482570648193359,-121.10630798339844,STANISLAUS,UNINCORPORATED,-121.10634613037109,37.482486724853516
9140796,2020,2020-11-02,5006,2020-05-09,1815,503115,RPD,6,5,3,5006,0,0,0,,0,RP1,"1ST ST","RIVERSIDE  DR",0.00,,Y,A,-,N,,,,,,,,,,Y,2,0,3,2,A,-,09,21801,,N,A,C,A,A,H,-,A,D,0,,,,,Y,,A,01,3,0,0,0,0,0,0,0,0,"- ","- ",,,STANISLAUS,RIVERBANK,-120.93898010253906,37.739879608154297