CASE_ID,ACCIDENT_YEAR,PROC_DATE,JURIS,COLLISION_DATE,COLLISION_TIME,OFFICER_ID,REPORTING_DISTRICT,DAY_OF_WEEK,CHP_SHIFT,POPULATION,CNTY_CITY_LOC,SPECIAL_COND,BEAT_TYPE,CHP_BEAT_TYPE,CITY_DIVISION_LAPD,CHP_BEAT_CLASS,BEAT_NUMBER,PRIMARY_RD,SECONDARY_RD,DISTANCE,DIRECTION,INTERSECTION,WEATHER_1,WEATHER_2,STATE_HWY_IND,CALTRANS_COUNTY,CALTRANS_DISTRICT,STATE_ROUTE,ROUTE_SUFFIX,POSTMILE_PREFIX,POSTMILE,LOCATION_TYPE,RAMP_INTERSECTION,SIDE_OF_HWY,TOW_AWAY,COLLISION_SEVERITY,NUMBER_KILLED,NUMBER_INJURED,PARTY_COUNT,PRIMARY_COLL_FACTOR,PCF_CODE_OF_VIOL,PCF_VIOL_CATEGORY,PCF_VIOLATION,PCF_VIOL_SUBSECTION,HIT_AND_RUN,TYPE_OF_COLLISION,MVIW,PED_ACTION,ROAD_SURFACE,ROAD_COND_1,ROAD_COND_2,LIGHTING,CONTROL_DEVICE,CHP_ROAD_TYPE,PEDESTRIAN_ACCIDENT,BICYCLE_ACCIDENT,MOTORCYCLE_ACCIDENT,TRUCK_ACCIDENT,NOT_PRIVATE_PROPERTY,ALCOHOL_INVOLVED,STWD_VEHTYPE_AT_FAULT,CHP_VEHTYPE_AT_FAULT,COUNT_SEVERE_INJ,COUNT_VISIBLE_INJ,COUNT_COMPLAINT_PAIN,COUNT_PED_KILLED,COUNT_PED_INJURED,COUNT_BICYCLIST_KILLED,COUNT_BICYCLIST_INJURED,COUNT_MC_KILLED,COUNT_MC_INJURED,PRIMARY_RAMP,SECONDARY_RAMP,LATITUDE,LONGITUDE,COUNTY,CITY,POINT_X,POINT_Y
91408616,2021,2021-02-16,9465,2021-02-09,1100,018955,,2,1,5,5007,0,1,3,,2,041,"STATE ROUTE 99 (SOUTHBOUND)","LINWOOD AVENUE",250.00,S,N,A,-,Y,,,99,,,,,,,Y,2,0,1,2,A,-,03,22350,,N,C,C,A,A,H,-,A,D,0,,,,Y,Y,,A,01,1,0,0,0,0,0,0,0,0,"- ","- ",37.477699279785156,-120.85893249511719,STANISLAUS,TURLOCK,-120.85890960693359,37.477748870849609
91414126,2021,2021-02-24,9465,2021-02-20,1635,021337,,6,2,9,5000,0,3,5,,2,020,"LA GRANGE ROAD (J-59)","COOPERSTOWN ROAD",2640.00,N,N,A,-,N,,,,,,,,,,Y,2,0,1,2,A,-,01,23152,A,N,B,C,A,A,H,-,A,D,0,,,Y,,Y,Y,C,02,1,0,0,0,0,0,0,0,1,"- ","- ",37.68927001953125,-120.47015380859375,STANISLAUS,UNINCORPORATED,-120.46999359130859,37.688674926757812
91433307,2021,2021-05-11,9465,2021-03-22,0940,021062,,1,1,9,5000,0,1,3,,2,041,"STATE ROUTE 99 (NORTHBOUND)","MONTE VISTA AVENUE",2112.00,N,N,A,-,Y,,,99,,,,,,,Y,2,0,3,2,A,-,07,21658,A,N,C,C,A,A,H,-,A,D,0,,,,,Y,,A,07,1,0,2,0,0,0,0,0,0,"- ","- ",37.527511596679688,-120.88838195800781,STANISLAUS,UNINCORPORATED,-120.888427734375,37.527484893798828
91433942,2021,2021-04-01,9465,2021-03-13,1010,020245,,6,1,9,5000,0,3,5,,2,030,"MONTPELIER ROAD","HALL ROAD",2600.00,S,N,A,-,N,,,,,,,,,,N,2,0,1,3,A,-,17,23114,A,N,E,J,A,A,H,-,A,D,0,,Y,,,Y,,D,22,1,0,0,0,0,0,1,0,0,"- ","- ",37.580619812011719,-120.73213195800781,STANISLAUS,UNINCORPORATED,,
91433984,2021,2021-03-24,9465,2021-03-19,0640,021062,,5,1,9,5000,0,3,5,,2,040,"CENTRAL AVENUE","KEYES ROAD",2635.00,S,N,B,-,N,,,,,,,,,,Y,2,0,1,1,A,-,08,22107,,N,E,I,A,B,H,-,B,D,0,,,,,Y,,A,01,1,0,0,0,0,0,0,0,0,"- ","- ",37.543949127197266,-120.95697021484375,STANISLAUS,UNINCORPORATED,-120.95700073242188,37.544063568115234
91437926,2021,2021-03-29,9465,2021-03-18,0120,021235,,4,3,9,5000,0,3,5,,2,030,"KEYES ROAD","HICKMAN ROAD",2300.00,E,N,A,-,N,,,,,,,,,,Y,2,0,1,1,A,-,01,23152,F,N,E,I,A,A,H,-,D,D,0,,,,,Y,,A,01,1,0,0,0,0,0,0,0,0,"- ","- ",37.551109313964844,-120.74775695800781,STANISLAUS,UNINCORPORATED,-120.74765777587891,37.551143646240234
91438488,2021,2021-03-29,9465,2021-03-21,1955,019713,,7,2,9,5000,0,1,1,,2,056,"INTERSTATE 5","PETE MILLER ROAD OC",0.00,,N,A,-,Y,,,5,,,,,,,Y,2,0,6,1,A,-,08,22107,,N,F,A,A,A,H,-,D,D,0,,,,,Y,Y,D,22,1,3,2,0,0,0,0,0,0,"- ","- ",37.288551330566406,-121.09961700439453,STANISLAUS,UNINCORPORATED,-121.09958648681641,37.288558959960938
91446006,2021,2021-04-08,9465,2021-04-01,0627,018059,,4,1,9,5000,0,3,5,,2,010,"EMERALD AVENUE","KANSAS AVENUE",220.00,N,N,A,-,N,,,,,,,,,,N,2,0,1,2,A,-,11,21954,A,N,G,B,D,A,H,-,B,D,0,Y,,,,Y,,N,60,1,0,0,0,1,0,0,0,0,"- ","- ",37.646640777587891,-121.02101898193359,STANISLAUS,UNINCORPORATED,-121.02101135253906,37.646591186523438
91452648,2021,2021-04-19,9465,2021-03-08,1234,021062,,1,1,9,5000,0,2,4,,2,043,"WEST MAIN AVENUE","CARPENTER ROAD",3470.00,E,N,A,-,N,,,,,,,,,,Y,1,2,0,2,A,-,05,21650,A,N,A,C,A,A,C,-,A,D,0,,,,,Y,,D,22,0,0,0,0,0,0,0,0,0,"- ","- ",37.493190765380859,-121.018798828125,STANISLAUS,UNINCORPORATED,-121.0189208984375,37.493186950683594
91453276,2021,2021-04-19,9465,2021-04-03,1102,018955,,6,1,6,5002,0,1,3,,2,011,"STATE ROUTE 99 (SOUTHBOUND)","9TH STREET",600.00,N,N,A,-,Y,,,99,,,,,,,Y,2,0,1,2,A,-,03,22350,,N,C,C,A,A,H,-,A,D,0,,,Y,,Y,,C,02,1,0,0,0,0,0,0,0,1,"- ","- ",37.661178588867188,-121.02629852294922,STANISLAUS,MODESTO,-121.02626037597656,37.661190032958984
91459192,2021,2021-04-27,9465,2021-04-18,1710,020833,,7,2,9,5000,0,3,5,,2,010,"PELTON AVENUE","LEON AVENUE",221.00,W,N,A,-,N,,,,,,,,,,N,2,0,1,2,A,-,11,21954,A,F,G,B,D,A,H,-,A,D,0,Y,,,,Y,,N,60,1,0,0,0,1,0,0,0,0,"- ","- ",37.616539001464844,-121.01016998291016,STANISLAUS,UNINCORPORATED,-121.01025390625,37.616531372070312
91464351,2021,2021-05-03,9465,2021-04-21,2245,020985,,3,3,9,5000,0,1,1,,2,055,"INTERSTATE 5 (NORTHBOUND)","DAVIS ROAD",1606.00,N,N,A,-,Y,,,5,,,,,,,Y,2,0,4,2,A,-,07,21658,A,N,B,C,A,A,H,-,D,D,0,,,,,Y,,A,01,2,2,0,0,0,0,0,0,0,"- ","- ",37.385311126708984,-121.12969970703125,STANISLAUS,UNINCORPORATED,-121.12971496582031,37.385299682617188
91467631,2021,2021-05-07,9465,2021-01-18,1310,018767,,1,1,6,5002,0,1,3,,2,011,"STATE ROUTE 99 (SOUTHBOUND)","CARPENTER ROAD",2101.00,S,N,A,-,Y,,,99,,,,,,,Y,1,1,0,3,A,-,03,22350,,N,C,C,A,A,H,-,A,D,0,,,Y,Y,Y,,C,02,0,0,0,0,0,0,0,1,0,"- ","- ",37.661060333251953,-121.02619934082031,STANISLAUS,MODESTO,-121.02622222900391,37.661056518554688
91468668,2021,2021-05-10,9465,2021-04-27,1935,019730,,2,2,9,5000,0,3,5,,2,030,"PECOS AVENUE","VALACIA STREET",0.00,,Y,A,-,N,,,,,,,,,,Y,2,0,1,2,A,-,09,21802,A,N,D,C,A,A,H,-,B,A,0,,,Y,,Y,,A,01,1,0,0,0,0,0,0,0,1,"- ","- ",37.616630554199219,-120.97730255126953,STANISLAUS,UNINCORPORATED,-120.97731018066406,37.616588592529297
91468718,2021,2021-05-10,9465,2021-05-05,2312,020914,,3,3,9,5000,0,2,4,,2,044,"CARPENTER ROAD","TUOLUMNE ROAD",312.00,N,N,A,-,N,,,,,,,,,,Y,2,0,3,2,A,-,01,23152,A,F,A,C,A,A,H,-,D,D,0,,,,,Y,Y,D,22,2,1,0,0,0,0,0,0,0,"- ","- ",37.51593017578125,-121.03086853027344,STANISLAUS,UNINCORPORATED,,
91469208,2021,2021-05-10,9465,2021-05-02,0730,018222,,7,1,9,5000,0,3,5,,2,020,"PATTERSON ROAD","LANGWORTH ROAD",1300.00,E,N,A,-,N,,,,,,,,,,N,2,0,1,1,A,-,03,22350,,N,H,A,A,A,H,-,A,D,0,,,,,Y,,A,01,1,0,0,0,0,0,0,0,0,"- ","- ",37.732791900634766,-120.88983154296875,STANISLAUS,UNINCORPORATED,-120.88991546630859,37.732772827148438
91477678,2021,2021-05-20,9465,2021-05-05,2125,021239,,3,2,9,5000,0,3,5,,2,020,"CLARIBEL ROAD","TERMINAL AVENUE",250.00,W,N,A,-,N,,,,,,,,,,Y,2,0,1,1,A,-,03,22350,,N,E,I,A,A,H,-,C,D,0,,,Y,,Y,,C,02,1,0,0,0,0,0,0,0,1,"- ","- ",37.710910797119141,-120.93023681640625,STANISLAUS,UNINCORPORATED,-120.93022155761719,37.710903167724609
91479182,2021,2021-05-25,9465,2021-05-09,1715,020457,,7,2,9,5000,0,2,4,,2,016,"CLARIBEL ROAD","MCHENRY AVENUE",2112.00,E,N,A,-,N,,,,,,,,,,N,2,0,1,2,A,-,08,22107,,N,D,C,A,A,H,-,A,A,0,,Y,,,Y,,D,22,1,0,0,0,0,0,1,0,0,"- ","- ",37.710971832275391,-120.98634338378906,STANISLAUS,UNINCORPORATED,-120.98761749267578,37.711147308349609
91479466,2021,2021-05-24,9465,2021-05-02,1207,019155,,7,1,9,5000,0,3,5,,2,030,"NADINE AVENUE","MUSICK AVENUE",120.00,W,N,A,-,N,,,,,,,,,,Y,1,1,0,2,A,-,08,22103,,N,D,C,A,A,H,-,A,D,0,,,,,Y,,A,01,0,0,0,0,0,0,0,0,0,"- ","- ",37.613021850585938,-120.97122955322266,STANISLAUS,UNINCORPORATED,-120.97107696533203,37.613014221191406
91479468,2021,2021-05-24,9465,2021-04-30,0609,018998,,5,1,9,5000,0,1,3,,2,023,"STATE ROUTE 108","KENNEDY ROAD",12672.00,W,N,A,-,Y,,,,,,,,,,Y,1,1,1,2,A,-,05,21460,A,N,A,C,A,A,H,-,B,D,0,,,,Y,Y,Y,A,01,0,0,1,0,0,0,0,0,0,"- ","- ",37.804489135742188,-120.70462036132812,STANISLAUS,UNINCORPORATED,-120.70475006103516,37.804508209228516
91481156,2021,2021-05-27,9465,2021-05-19,1955,018381,,3,2,9,5000,0,3,5,,2,030,"TIM BELL ROAD","OLD TIM BELL ROAD",4752.00,E,N,A,-,N,,,,,,,,,,N,2,0,1,1,C,-,18,,,N,H,H,A,A,H,-,A,D,0,,,Y,,Y,,-,"- ",1,0,0,0,0,0,0,0,1,"- ","- ",37.665340423583984,-120.74535369873047,STANISLAUS,UNINCORPORATED,-120.74552917480469,37.665283203125
91486668,2021,2021-06-01,9465,2021-05-20,1848,020457,,4,2,9,5000,0,3,5,,2,010,"KENNETH STREET","HAYS STREET",0.00,,N,A,-,N,,,,,,,,,,N,2,0,1,2,A,-,08,22107,,N,D,G,A,A,H,-,A,A,0,,Y,,,Y,,L,04,1,0,0,0,0,0,1,0,0,"- ","- ",37.612518310546875,-121.01638031005859,STANISLAUS,UNINCORPORATED,-121.01643371582031,37.612522125244141
91489826,2021,2021-06-04,9465,2021-04-29,2240,021022,,4,3,9,5000,0,3,5,,2,030,"SOUTH 7TH STREET","RIVER ROAD",0.00,,Y,A,-,N,,,,,,,,,,Y,2,0,3,3,A,-,09,21801,A,N,D,C,A,A,H,-,C,D,0,,,Y,,Y,,C,02,2,1,0,0,0,0,0,0,2,"- ","- ",37.625450134277344,-120.99330902099609,STANISLAUS,UNINCORPORATED,-120.99313354492188,37.626014709472656
91490860,2021,2021-06-07,9465,2021-04-22,0600,021062,,4,1,9,5000,0,3,5,,2,030,"KEYES ROAD","DOWNIE ROAD",15.00,E,N,A,-,N,,,,,,,,,,Y,1,1,0,2,A,-,09,21804,A,N,B,C,A,A,H,-,B,D,0,,,,,Y,,M,46,0,0,0,0,0,0,0,0,0,"- ","- ",37.551170349121094,-120.77371215820312,STANISLAUS,UNINCORPORATED,-120.77369689941406,37.551151275634766
91491164,2021,2021-06-07,9465,2021-04-16,2056,018274,,5,2,9,5000,0,1,3,,2,011,"STATE ROUTE 99 (SOUTHBOUND)","N. 9TH STREET",800.00,S,N,A,-,Y,,,99,,,,,,,N,2,0,1,3,A,-,11,21954,A,N,G,B,E,A,H,-,D,D,0,Y,,,Y,Y,,N,60,1,0,0,0,1,0,0,0,0,"- ","- ",37.657428741455078,-121.02606201171875,STANISLAUS,UNINCORPORATED,-121.02610015869141,37.657428741455078
91493878,2021,2021-06-10,9465,2021-05-29,1125,018955,,6,1,9,5000,0,3,5,,2,020,"PATTERSON ROAD","LANGWORTH ROAD",80.00,W,N,A,-,N,,,,,,,,,,Y,2,0,1,2,A,-,01,23152,A,M,C,C,A,A,H,-,A,D,0,,,,,Y,Y,A,01,1,0,0,0,0,0,0,0,0,"- ","- ",37.732749938964844,-120.89483642578125,STANISLAUS,UNINCORPORATED,-120.89468383789062,37.732753753662109
91500331,2021,2021-06-18,9465,2021-06-02,1835,020609,,3,2,9,5000,0,1,3,,2,012,"STATE ROUTE 132","I STREET",384.00,E,N,A,-,Y,,,132,,,,,,,N,2,0,1,2,A,-,08,22107,,N,B,6,A,A,H,-,A,D,0,,Y,,,Y,,L,04,1,0,0,0,0,0,1,0,0,"- ","- ",37.638271331787109,-120.89714813232422,STANISLAUS,UNINCORPORATED,-120.89714813232422,37.638320922851562
91506437,2021,2021-06-25,9465,2021-05-19,2500,021239,,3,4,9,5000,0,3,5,,2,050,"LAS PALMAS AVENUE","ELM AVENUE",480.00,E,N,A,-,N,,,,,,,,,,Y,1,1,0,1,A,-,08,22107,,N,E,I,A,A,H,-,C,D,0,,,,,Y,,A,01,0,0,0,0,0,0,0,0,0,"- ","- ",37.487598419189453,-121.09532165527344,STANISLAUS,UNINCORPORATED,-121.09538269042969,37.487514495849609
91508623,2021,2021-06-29,9465,2021-06-11,1811,018274,,5,2,9,5000,0,1,3,,2,041,"STATE ROUTE 99 (SOUTHBOUND)","PINE STREET",700.00,N,N,A,-,Y,,,,,,,,,,Y,2,0,1,2,A,-,03,22350,,N,C,C,A,A,H,-,A,D,0,,,Y,,Y,Y,C,02,1,0,0,0,0,0,0,0,1,"- ","- ",37.589519500732422,-120.95458984375,STANISLAUS,UNINCORPORATED,-120.95317077636719,37.588130950927734
91508628,2021,2021-06-29,9465,2021-06-11,1954,020833,,5,2,9,5000,0,1,1,,2,055,"INTERSTATE 5 (NORTHBOUND)","DEL PUERTO CREEK",8000.00,N,N,A,-,Y,,,5,,,,,,,Y,2,0,1,1,A,-,01,23152,A,N,E,I,A,A,H,-,A,D,0,,,,,Y,Y,D,22,1,0,0,0,0,0,0,0,0,"- ","- ",37.504829406738281,-121.22503662109375,STANISLAUS,UNINCORPORATED,-121.22506713867188,37.504798889160156
91510627,2021,2021-07-01,9465,2021-06-21,0150,021226,,1,3,9,5000,0,1,1,,2,055,"INTERSTATE 5 (SOUTHBOUND)","KHALSA ROAD",2640.00,S,N,A,-,Y,,,5,,,,,,,Y,2,0,1,1,A,-,08,22107,,N,E,I,A,A,H,-,D,A,0,,,,,Y,,A,01,1,0,0,0,0,0,0,0,0,"- ","- ",37.559650421142578,-121.29342651367188,STANISLAUS,UNINCORPORATED,-121.29339599609375,37.5596923828125
91518266,2021,2021-07-12,9465,2021-07-02,1740,020985,,5,2,9,5000,0,3,5,,2,030,"KEYES ROAD","BERKELEY AVENUE",15.00,W,N,A,-,N,,,,,,,,,,Y,2,0,3,2,A,-,12,22450,A,N,C,C,A,A,H,-,A,A,0,,,,,Y,,A,07,1,0,2,0,0,0,0,0,0,"- ","- ",37.551101684570312,-120.82884979248047,STANISLAUS,UNINCORPORATED,-120.82878112792969,37.551120758056641
91520100,2021,2021-07-14,9465,2021-05-24,0535,018222,,1,3,9,5000,0,1,3,,2,053,"STATE ROUTE 33","LEMON AVENUE",485.00,N,N,A,-,Y,,,33,,,,,,,Y,2,0,1,2,A,-,06,21750,A,F,A,C,A,A,H,-,B,D,0,,,Y,,Y,Y,D,22,1,0,0,0,0,0,0,0,1,"- ","- ",37.49871826171875,-121.14739227294922,STANISLAUS,UNINCORPORATED,-121.14736175537109,37.498741149902344
9152086,2020,2020-11-14,5007,2020-08-16,1323,5608,TPD,7,5,5,5007,0,0,0,,0,PD4,"MOUNTAIN VIEW RD","ORCHID LN",0.00,,N,-,-,N,,,,,,,,,,N,2,0,1,2,A,-,03,22350,,N,-,-,A,-,-,-,-,-,0,,,Y,,Y,,C,02,1,0,0,0,0,0,0,0,1,"- ","- ",37.530990600585938,-120.88057708740234,STANISLAUS,TURLOCK,-120.88056182861328,37.531719207763672
91521740,2021,2021-07-16,9465,2021-06-20,2200,020914,,7,3,9,5000,0,2,4,,2,042,"CROWS LANDING ROAD","RIVER ROAD",0.00,,Y,A,-,N,,,,,,,,,,Y,2,0,1,2,A,-,12,22450,A,N,D,C,A,A,H,-,D,A,0,,,Y,,Y,,A,01,1,0,0,0,0,0,0,0,0,"- ","- ",37.420551300048828,-121.02165985107422,STANISLAUS,UNINCORPORATED,-121.02166748046875,37.420478820800781
91526534,2021,2021-07-22,9465,2021-03-07,2320,019152,,7,3,9,5000,0,3,5,,2,050,"STUHR ROAD","JORGENSEN ROAD",2975.00,W,N,A,-,N,,,,,,,,,,Y,1,1,0,2,A,-,01,23152,A,N,E,I,A,A,H,-,D,D,0,,,,,Y,Y,A,01,0,0,0,0,0,0,0,0,0,"- ","- ",37.333438873291016,-121.08814239501953,STANISLAUS,UNINCORPORATED,-121.08676147460938,37.33349609375
91529838,2021,2021-07-27,9465,2021-07-02,2500,020914,,5,4,9,5000,0,3,5,,2,020,"OAKDALE WATERFORD HIGHWAY","CLARIBEL ROAD",2826.00,N,N,A,-,N,,,,,,,,,,Y,1,1,0,1,A,-,08,22107,,N,F,A,A,A,H,-,D,D,0,,,,,Y,Y,D,22,0,0,0,0,0,0,0,0,0,"- ","- ",37.718330383300781,-120.8271484375,STANISLAUS,UNINCORPORATED,-120.82692718505859,37.718009948730469
9153473,2020,2020-10-20,5002,2020-08-28,1404,890,B201,5,5,6,5002,0,0,0,,0,003,"MOFFETT RD","HATCH RD",9.00,S,N,A,-,N,,,,,,,,,,Y,2,0,3,3,A,-,12,21453,A,N,F,C,A,A,H,-,A,A,0,,,,,Y,,A,71,1,1,1,0,0,0,0,0,0,"- ","- ",,,STANISLAUS,MODESTO,-120.94790649414062,37.609256744384766
91542666,2021,2021-08-11,9465,2021-06-23,1027,018324,,3,1,9,5000,0,2,S,,2,004,"PARADISE ROAD","CHICAGO AVENUE",55.00,W,N,A,-,N,,,,,,,,,,N,2,0,2,3,A,-,03,22350,,F,G,B,C,A,H,-,A,D,0,Y,,,,Y,,D,22,1,1,0,0,2,0,0,0,0,"- ","- ",38.819801330566406,-121.02760314941406,STANISLAUS,UNINCORPORATED,-121.01472473144531,37.625869750976562
91542907,2021,2021-08-12,9465,2021-07-22,1912,020575,,4,2,9,5000,0,1,1,,2,056,"INTERSTATE 5","STUHR ROAD",56.00,N,N,A,-,Y,,,5,,,,,,,Y,2,0,1,3,A,-,03,22350,,N,C,C,A,A,H,-,A,D,0,,,,Y,Y,,G,25,1,0,0,0,0,0,0,0,0,"- ","- ",37.325630187988281,-121.10984039306641,STANISLAUS,UNINCORPORATED,-121.10984802246094,37.325626373291016
91545016,2021,2021-08-16,9465,2021-08-06,1800,020833,,5,2,9,5000,0,3,5,,2,020,"MILTON ROAD","STATE ROUTE 4",15840.00,N,N,A,-,N,,,,,,,,,,Y,2,0,1,1,A,-,08,22107,,N,F,A,A,A,H,-,A,D,0,,,Y,,Y,,C,02,1,0,0,0,0,0,0,0,1,"- ","- ",38.008121490478516,-120.85221862792969,STANISLAUS,UNINCORPORATED,-120.84504699707031,37.988002777099609
91549739,2021,2021-08-19,9465,2021-03-29,0210,021783,,1,3,9,5000,0,1,3,,2,023,"STATE ROUTE 108","ADAMS GRAVEL PLANT ROAD",211.00,W,N,A,-,Y,,,108,,,,,,,Y,1,1,0,1,A,-,01,23152,F,N,E,J,A,A,H,-,D,D,0,,,,,Y,,A,01,0,0,0,0,0,0,0,0,0,"- ","- ",37.741371154785156,-120.91783905029297,STANISLAUS,UNINCORPORATED,-120.91787719726562,37.741397857666016
91552760,2021,2021-08-24,9465,2021-04-03,0224,021337,,6,3,9,5000,0,1,3,,2,011,"STATE ROUTE 99 (SOUTHBOUND)","HAMMETT ROAD",4224.00,S,N,A,-,Y,,,99,,,,,,,Y,1,1,1,5,A,-,11,21954,A,N,G,B,D,A,H,-,D,D,0,Y,,,Y,Y,,N,60,0,1,0,1,0,0,0,0,0,"- ","- ",37.716049194335938,-121.09304809570312,STANISLAUS,UNINCORPORATED,-121.09303283691406,37.716075897216797
91553813,2021,2021-08-25,9465,2021-05-27,0625,018998,,4,1,9,5000,0,1,3,,2,012,"STATE ROUTE 132","TEXAS ROAD",1053.00,E,N,A,-,Y,,,132,,,,,,,Y,1,2,1,3,A,-,05,21650,,N,B,2,A,A,H,-,A,D,0,,,,Y,Y,,A,01,0,0,1,0,0,0,0,0,0,"- ","- ",37.638038635253906,-121.10121154785156,STANISLAUS,UNINCORPORATED,-121.10121154785156,37.638034820556641
91562966,2021,2022-02-01,9465,2021-06-16,1528,020457,,3,2,9,5000,0,3,5,,2,010,"GATES ROAD","STATE ROUTE 132",1162.00,N,N,A,-,N,,,,,,,,,,Y,1,1,3,2,A,-,08,22107,,N,E,I,A,A,H,-,A,D,0,,,,,Y,,A,01,1,2,0,0,0,0,0,0,0,"- ","- ",37.641330718994141,-121.15872192382812,STANISLAUS,UNINCORPORATED,-121.158777,37.641007999999999
91563578,2021,2021-09-06,9465,2021-08-25,0745,019730,,3,1,9,5000,0,2,4,,2,044,"CARPENTER ROAD","TAYLOR ROAD",0.00,,Y,A,-,N,,,,,,,,,,Y,2,0,1,2,A,-,05,21752,D,N,A,C,A,A,H,-,A,A,0,,,,,Y,,A,01,1,0,0,0,0,0,0,0,0,"- ","- ",37.536670684814453,-121.03044891357422,STANISLAUS,UNINCORPORATED,-121.03044891357422,37.536739349365234
91564520,2021,2021-09-07,9465,2021-06-08,1237,018259,,2,1,9,5000,0,1,1,,2,055,"INTERSTATE 5 (I-5) NB","DEL PUERTO CANYON ROAD",369.00,N,N,A,-,Y,,,5,,,,,,N,Y,1,1,1,1,A,-,08,22107,,N,F,A,A,A,H,-,A,D,0,,,,Y,Y,,G,25,1,0,0,0,0,0,0,0,0,"- ","- ",37.464771270751953,-121.18118286132812,STANISLAUS,UNINCORPORATED,-121.18117523193359,37.464778900146484
91566250,2021,2021-09-28,9465,2021-08-21,1800,020575,,6,2,9,5000,0,3,5,,2,040,"GRAYSON ROAD","SHILOH ROAD",0.00,,Y,A,-,N,,,,,,,,,,Y,2,0,3,2,A,-,09,21801,A,N,A,C,A,A,H,-,A,D,0,,,,,Y,,A,08,1,2,0,0,0,0,0,0,0,"- ","- ",37.563850402832031,-121.14054107666016,STANISLAUS,UNINCORPORATED,-121.14054107666016,37.563850402832031
91570623,2021,2021-09-15,9465,2021-08-27,2007,018274,,5,2,9,5000,0,3,5,,2,020,"26 MILE ROAD","METTLER ROAD",115.00,S,N,A,-,N,,,,,,,,,,Y,2,0,3,3,A,-,05,21460,C,F,A,C,A,A,H,-,D,D,0,,,,,Y,,-,99,1,1,1,0,0,0,0,0,0,"- ","- ",37.820079803466797,-120.86884307861328,STANISLAUS,UNINCORPORATED,-120.868798,37.820031
91571041,2021,2021-09-15,9465,2021-04-21,0102,021636,,3,3,9,5000,0,1,1,,2,055,"INTERSTATE 5 (NORTHBOUND)","INGRAM CREEK ROAD",5808.00,S,N,A,-,Y,,,5,,,,,,,Y,1,1,1,3,A,-,03,22350,,N,C,D,A,A,H,-,D,D,0,,,,Y,Y,,G,25,0,0,1,0,0,0,0,0,0,"- ","- ",37.52947998046875,-121.254150390625,STANISLAUS,UNINCORPORATED,-121.25415802001953,37.529472351074219
91582322,2021,2021-09-29,9465,2021-09-19,2230,021636,,7,3,4,5001,0,1,3,,2,041,"STATE ROUTE 99 (NORTHBOUND)","WHITMORE AVENUE",890.00,S,N,A,-,Y,,,99,,,,,,,Y,2,0,2,3,A,-,01,23152,A,N,C,C,A,A,H,-,C,D,0,,,,,Y,Y,D,22,1,0,1,0,0,0,0,0,0,"- ","- ",37.592571258544922,-120.95778656005859,STANISLAUS,CERES,-120.95777893066406,37.592578887939453
91582329,2021,2021-09-29,9465,2021-09-25,2209,021636,,6,3,9,5000,0,3,5,,2,040,"CENTRAL AVENUE","E. TAYLOR RD",355.00,N,N,A,-,N,,,,,,,,,,N,2,0,1,1,A,-,01,23152,A,N,F,A,A,A,H,-,D,D,0,,,Y,,Y,Y,C,02,1,0,0,0,0,0,0,0,1,"- ","- ",37.537769317626953,-120.95687866210938,STANISLAUS,UNINCORPORATED,-120.95793914794922,37.533931732177734
91587493,2021,2021-10-04,9465,2021-09-12,2243,020885,,7,3,9,5000,0,3,5,,2,030,"EAST MONTE VISTA AVE","NORTH WARING RD",975.00,E,N,A,-,N,,,,,,,,,,N,2,0,3,2,A,-,01,23152,A,N,F,A,A,A,H,-,D,D,0,,,,,Y,Y,A,01,2,1,0,0,0,0,0,0,0,"- ","- ",37.521640777587891,-120.80863952636719,STANISLAUS,UNINCORPORATED,-120.80870056152344,37.521686553955078
91596532,2021,2021-10-14,9465,2021-09-24,1445,021235,,5,2,9,5000,0,3,5,,2,010,"PARADISE ROAD","PAULINE AVENUE",445.00,E,N,A,-,N,,,,,,,,,,Y,2,0,1,1,A,-,01,23152,A,N,E,I,A,A,H,-,A,D,0,,,,,Y,Y,D,22,1,0,0,0,0,0,0,0,0,"- ","- ",37.609451293945312,-121.05126953125,STANISLAUS,UNINCORPORATED,-121.05169677734375,37.609348297119141
91599596,2021,2021-10-18,9465,2021-06-19,2210,021549,,6,3,9,5000,0,3,5,,2,030,"EAST KEYES ROAD","MOUNTAIN VIEW ROAD",0.00,,Y,A,-,N,,,,,,,,,,Y,1,1,1,2,A,-,01,23152,A,N,D,C,A,A,H,-,D,A,0,,,,,Y,Y,A,01,0,0,1,0,0,0,0,0,0,"- ","- ",37.55120849609375,-120.87908172607422,STANISLAUS,UNINCORPORATED,-120.87908935546875,37.551223754882812