CASE_ID,ACCIDENT_YEAR,PROC_DATE,JURIS,COLLISION_DATE,COLLISION_TIME,OFFICER_ID,REPORTING_DISTRICT,DAY_OF_WEEK,CHP_SHIFT,POPULATION,CNTY_CITY_LOC,SPECIAL_COND,BEAT_TYPE,CHP_BEAT_TYPE,CITY_DIVISION_LAPD,CHP_BEAT_CLASS,BEAT_NUMBER,PRIMARY_RD,SECONDARY_RD,DISTANCE,DIRECTION,INTERSECTION,WEATHER_1,WEATHER_2,STATE_HWY_IND,CALTRANS_COUNTY,CALTRANS_DISTRICT,STATE_ROUTE,ROUTE_SUFFIX,POSTMILE_PREFIX,POSTMILE,LOCATION_TYPE,RAMP_INTERSECTION,SIDE_OF_HWY,TOW_AWAY,COLLISION_SEVERITY,NUMBER_KILLED,NUMBER_INJURED,PARTY_COUNT,PRIMARY_COLL_FACTOR,PCF_CODE_OF_VIOL,PCF_VIOL_CATEGORY,PCF_VIOLATION,PCF_VIOL_SUBSECTION,HIT_AND_RUN,TYPE_OF_COLLISION,MVIW,PED_ACTION,ROAD_SURFACE,ROAD_COND_1,ROAD_COND_2,LIGHTING,CONTROL_DEVICE,CHP_ROAD_TYPE,PEDESTRIAN_ACCIDENT,BICYCLE_ACCIDENT,MOTORCYCLE_ACCIDENT,TRUCK_ACCIDENT,NOT_PRIVATE_PROPERTY,ALCOHOL_INVOLVED,STWD_VEHTYPE_AT_FAULT,CHP_VEHTYPE_AT_FAULT,COUNT_SEVERE_INJ,COUNT_VISIBLE_INJ,COUNT_COMPLAINT_PAIN,COUNT_PED_KILLED,COUNT_PED_INJURED,COUNT_BICYCLIST_KILLED,COUNT_BICYCLIST_INJURED,COUNT_MC_KILLED,COUNT_MC_INJURED,PRIMARY_RAMP,SECONDARY_RAMP,LATITUDE,LONGITUDE,COUNTY,CITY,POINT_X,POINT_Y
91600571,2021,2021-10-19,9465,2021-06-13,0210,021770,,7,3,9,5000,0,1,3,,2,011,"STATE ROUTE 99 (NORTHBOUND)","BECKWITH ROAD",3850.00,N,N,A,-,Y,,,99,,,,,,,Y,1,1,0,3,A,-,01,23152,A,M,F,A,A,A,H,-,C,D,0,,,,Y,Y,Y,A,01,0,0,0,0,0,0,0,0,0,"- ","- ",37.691070556640625,-121.06247711181641,STANISLAUS,UNINCORPORATED,-121.06255340576172,37.690975189208984
91602755,2021,2021-10-21,9465,2021-10-11,1155,018955,,1,1,9,5000,0,1,3,,2,041,"SR-99 (S/B) TO HATCH ROAD","HATCH ROAD",0.00,,Y,A,-,Y,,,99,,,,R,,,N,2,0,1,2,A,-,10,21950,A,N,G,B,B,A,H,-,A,D,0,Y,,,,Y,,D,22,1,0,0,0,1,0,0,0,0,"- ","- ",37.609401702880859,-120.97749328613281,STANISLAUS,UNINCORPORATED,-120.97749328613281,37.609401702880859
91610873,2021,2021-10-29,9465,2021-10-09,2220,021226,,6,3,9,5000,0,3,5,,2,050,"STUHR ROAD","EASTIN ROAD",0.00,,Y,A,-,N,,,,,,,,,,Y,2,0,4,2,A,-,09,21802,B,N,D,C,A,A,H,-,D,A,0,,,,,Y,,A,01,1,1,2,0,0,0,0,0,0,"- ","- ",37.333320617675781,-121.06745910644531,STANISLAUS,UNINCORPORATED,-121.06747436523438,37.333351135253906
91616410,2021,2021-11-04,9465,2021-09-29,1505,020575,,3,2,6,5002,0,2,4,,2,042,"CROWS LANDING ROAD","WINMOORE AVE",136.00,N,N,A,-,N,,,,,,,,,,N,2,0,1,2,A,-,06,21755,A,N,B,C,A,A,H,-,A,D,0,,,Y,,Y,,C,02,1,0,0,0,0,0,0,0,1,"- ","- ",37.605888366699219,-120.99353790283203,STANISLAUS,MODESTO,-120.99356079101562,37.605705261230469
91622950,2021,2021-11-12,9465,2021-10-09,1305,019376,,6,1,5,5007,0,3,5,,2,020,"STATE ROUTE 99 (NORTHBOUND)","W. LINWOOD AVENUE",1584.00,N,N,A,-,Y,,,99,,,,,,,N,2,0,2,3,A,-,17,23114,A,M,C,C,A,A,H,-,A,D,0,,,,,Y,,-,99,1,1,0,0,0,0,0,0,0,"- ","- ",37.481250762939453,-120.86325836181641,STANISLAUS,TURLOCK,-120.86324310302734,37.481266021728516
91633523,2021,2021-11-23,9465,2021-06-20,0327,021226,,7,3,9,5000,0,3,5,,2,050,"STUHR ROAD","EASTIN ROAD",2765.00,E,N,A,-,N,,,,,,,,,,Y,1,1,0,1,A,-,01,23152,G,N,F,A,A,A,H,-,D,D,0,,,,,Y,Y,D,22,0,0,0,0,0,0,0,0,0,"- ","- ",37.333290100097656,-121.05776214599609,STANISLAUS,UNINCORPORATED,-121.05796813964844,37.333305358886719
91635270,2021,2021-11-25,9465,2021-11-19,1155,019376,,5,1,9,5000,0,3,5,,2,040,"MITCHELL ROAD","AUGUST ROAD",1242.00,N,N,A,-,N,,,,,,,,,,N,2,0,1,1,A,-,08,22107,,N,E,I,A,A,H,-,A,D,0,,,,,Y,,A,07,1,0,0,0,0,0,0,0,0,"- ","- ",37.423038482666016,-120.94052124023438,STANISLAUS,UNINCORPORATED,-120.94054412841797,37.422920227050781
91635305,2021,2021-11-25,9465,2021-11-15,2027,018274,,1,2,9,5000,0,1,3,,2,015,"STATE ROUTE 219 (KIERNAN AVENUE)","TULLY ROAD",68.00,E,N,A,-,Y,,,219,,,,,,,Y,2,0,2,2,A,-,03,22350,,N,C,C,A,A,H,-,C,A,0,,,,,Y,,A,07,1,1,0,0,0,0,0,0,0,"- ","- ",37.711410522460938,-121.01278686523438,STANISLAUS,UNINCORPORATED,-121.01278686523438,37.711147308349609
91635472,2021,2021-11-26,9465,2021-11-13,0150,021239,,6,3,9,5000,0,1,3,,2,013,"ORANGE BLOSSOM ROAD","BONSON COURT",45.00,W,N,E,-,N,,,,,,,,,,Y,2,0,1,1,A,-,01,23152,A,N,E,I,A,A,H,-,C,D,0,,,,,Y,Y,D,22,1,0,0,0,0,0,0,0,0,"- ","- ",37.789279937744141,-120.74561309814453,STANISLAUS,UNINCORPORATED,-120.74575805664062,37.789314270019531
91640947,2021,2021-12-08,9465,2021-04-12,1347,020833,,1,1,9,5000,0,3,5,,2,040,"NORTH WASHINGTON ROAD","WEST TAYLOR ROAD",760.00,N,N,A,-,N,,,,,,,,,,Y,1,1,1,2,A,-,03,22350,,N,C,C,A,A,H,-,A,D,0,,,,,Y,,D,22,0,1,0,0,0,0,0,0,0,"- ","- ",37.53900146484375,-120.90206909179688,STANISLAUS,UNINCORPORATED,-120.90204620361328,37.53887939453125
91646393,2021,2021-12-08,9465,2021-09-18,2250,020885,,6,3,9,5000,0,3,5,,2,020,"RICE ROAD","MCGEE AVENUE",28.00,W,N,A,-,N,,,,,,,,,,N,1,1,1,1,A,-,08,22107,,N,E,I,A,A,H,-,D,D,0,,,,,Y,Y,A,01,0,1,0,0,0,0,0,0,0,"- ","- ",37.696208953857422,-120.90498352050781,STANISLAUS,UNINCORPORATED,-120.90493011474609,37.696250915527344
91650773,2021,2021-12-13,9465,2021-10-04,0546,018955,,1,3,9,5000,0,2,4,,2,042,"CROWS LANDING ROAD","CLAUSEN ROAD",88.00,N,N,A,-,N,,,,,,,,,,N,1,1,0,2,A,-,11,21954,A,N,G,B,D,A,H,-,D,D,0,Y,,,,Y,,N,60,0,0,0,1,0,0,0,0,0,"- ","- ",37.456928253173828,-121.00135803222656,STANISLAUS,UNINCORPORATED,-121.00133514404297,37.456905364990234
91654858,2021,2021-12-17,9465,2021-11-19,0540,018259,,5,3,9,5000,0,3,5,,2,050,"WARD AVENUE","ELFERS ROAD",1860.00,S,N,B,-,N,,,,,,,,,,N,2,0,1,2,D,-,00,,,N,C,G,A,A,H,-,D,D,0,,Y,,,Y,,-,"- ",1,0,0,0,0,0,1,0,0,"- ","- ",37.444759368896484,-121.14125823974609,STANISLAUS,UNINCORPORATED,-121.14120483398438,37.444782257080078
91654941,2021,2021-12-17,9465,2021-12-07,1815,019713,,2,2,9,5000,0,3,5,,2,040,"SERVICE ROAD","LUCAS ROAD",500.00,E,N,A,-,N,,,,,,,,,,Y,2,0,6,4,A,-,01,23152,A,N,B,C,A,A,H,-,D,D,0,,,,Y,Y,Y,A,07,2,4,0,0,0,0,0,0,0,"- ","- ",37.580219268798828,-120.94493103027344,STANISLAUS,UNINCORPORATED,-120.94465637207031,37.580238342285156
91654966,2021,2021-12-17,9465,2021-12-09,1854,020457,,4,2,9,5000,0,1,3,,2,015,"STATE ROUTE 219","TULLY ROAD",0.00,,Y,A,-,Y,,,219,,,,,,,Y,2,0,2,2,A,-,12,21453,A,N,D,C,A,A,H,-,B,A,0,,,,,Y,,A,01,1,1,0,0,0,0,0,0,0,"- ","- ",37.711170196533203,-121.01319885253906,STANISLAUS,UNINCORPORATED,-121.01319885253906,37.711147308349609
91657285,2021,2021-12-21,9465,2021-11-28,0130,021770,,7,3,9,5000,0,3,5,,2,050,"OLD LAS PALMAS AVENUE","POPLAR AVENUE",2777.00,E,N,A,-,N,,,,,,,,,,N,2,0,1,1,A,-,01,23152,A,N,F,A,A,A,H,-,D,D,0,,,,,Y,Y,M,96,1,0,0,0,0,0,0,0,0,"- ","- ",37.497138977050781,-121.08345031738281,STANISLAUS,UNINCORPORATED,-121.08361053466797,37.497081756591797
91657286,2021,2021-12-21,9465,2021-12-02,1635,018457,,4,2,9,5000,0,3,5,,2,010,"WOODLAND AVE","RENO AVENUE",0.00,,Y,A,-,N,,,,,,,,,,N,2,0,1,2,A,-,09,21802,A,N,D,C,A,A,H,-,E,A,0,,,Y,,Y,,A,07,1,0,0,0,0,0,0,0,1,"- ","- ",37.6531982421875,-121.02803802490234,STANISLAUS,UNINCORPORATED,-121.02804565429688,37.653217315673828
91662040,2021,2021-12-27,9465,2021-11-27,2012,020833,,6,2,9,5000,0,1,3,,2,011,"FINNEY ROAD","LATERAL NUMBER 6",53.00,N,N,A,-,N,,,,,,,,,,N,2,0,2,2,A,-,08,22107,,N,A,E,A,A,H,-,C,D,0,,,,,Y,,A,01,1,1,0,0,0,0,0,0,0,"- ","- ",37.700748443603516,-121.08657836914062,STANISLAUS,UNINCORPORATED,,
91665178,2021,2021-12-29,9465,2021-12-10,1215,021235,,5,1,9,5000,0,1,3,,2,011,"CENTRAL AVENUE","EAST MONTE VISTA ROAD",0.00,,Y,A,-,N,,,,,,,,,,Y,2,0,5,2,A,-,01,23152,A,N,D,C,A,A,H,-,A,D,0,,,,,Y,Y,A,01,4,0,1,0,0,0,0,0,0,"- ","- ",37.52191162109375,-120.95861053466797,STANISLAUS,UNINCORPORATED,-120.95864105224609,37.521881103515625
91665537,2021,2021-12-29,9465,2021-12-23,0530,020885,,4,3,6,5002,0,1,3,,2,011,"SR-99 N/B SOF PELANDALE AVE","PELANDALE AVENUE",1584.00,S,N,B,C,Y,,,99,,,,,,N,N,2,0,1,1,A,-,08,22107,,N,E,I,A,B,H,-,D,D,0,,,,,Y,,A,01,1,0,0,0,0,0,0,0,0,"- ","- ",37.695491790771484,-121.06770324707031,STANISLAUS,MODESTO,-121.06764221191406,37.695537567138672
91674333,2021,2022-01-10,9465,2021-11-26,1540,020985,,5,2,9,5000,0,3,5,,2,010,"SISK ROAD","GREENLEAF COURT",50.00,N,N,A,-,N,,,,,,,,,,Y,2,0,1,2,A,-,08,22107,,N,E,I,A,A,H,-,A,A,0,,,,,Y,,A,01,1,0,0,0,0,0,0,0,0,"- ","- ",37.701679229736328,-121.07129669189453,STANISLAUS,UNINCORPORATED,-121.07268524169922,37.702415466308594
91679630,2022,2022-01-18,9465,2022-01-12,2210,018623,,3,3,9,5000,0,3,5,,2,020,"PATTERSON ROAD","BENTLEY ROAD",0.00,,Y,B,-,N,,,,,,,,,,N,2,0,2,2,A,-,09,21802,A,N,D,C,A,A,H,-,D,A,0,,,,,Y,Y,D,22,2,0,0,0,0,0,0,0,0,"- ","- ",37.732791900634766,-120.86701202392578,STANISLAUS,UNINCORPORATED,-120.86702728271484,37.732795715332031
91681251,2022,2022-01-20,9465,2022-01-12,2019,020457,,3,2,9,5000,0,1,3,,2,012,"STATE ROUTE 132","GATES ROAD",3.00,W,N,A,-,Y,STA,,132,,,6.350,H,,R,Y,2,0,2,2,A,-,09,21801,A,N,A,C,A,A,H,-,C,D,0,,,,,Y,,A,01,2,0,0,0,0,0,0,0,0,"- ","- ",37.637859344482422,-121.15894317626953,STANISLAUS,UNINCORPORATED,-121.158935546875,37.637790679931641
91691739,2022,2022-02-02,9465,2022-01-24,0935,018222,,1,1,9,5000,0,3,5,,2,050,"RIVER ROAD","L B CROW ROAD",80.00,S,N,A,-,N,,,,,,,,,,Y,2,0,2,2,A,-,08,22107,,N,A,C,A,A,H,-,A,D,0,,,,Y,Y,,A,01,2,0,0,0,0,0,0,0,0,"- ","- ",37.402561187744141,-121.00910186767578,STANISLAUS,UNINCORPORATED,-121.0091552734375,37.402725219726562
91705947,2022,2022-02-22,9465,2022-01-30,1630,020833,,7,2,6,5002,0,3,5,,2,030,"MONTE VISTA AVENUE","SANTA FE AVENUE",0.00,,Y,A,-,N,,,,,,,,,,N,2,0,1,2,A,-,09,21800,A,F,D,G,A,A,H,-,A,A,0,,Y,,,Y,,A,01,1,0,0,0,0,0,1,0,0,"- ","- ",37.521709442138672,-120.79219818115234,STANISLAUS,MODESTO,-116.96248626708984,33.678485870361328
91722967,2022,2022-03-15,9465,2022-02-27,0435,021337,,7,3,9,5000,0,2,4,,2,043,"WEST MAIN ST","CENTRAL AVENUE",345.00,W,N,A,-,N,,,,,,,,,,Y,2,0,1,2,A,-,01,23152,A,N,B,C,A,A,H,-,D,D,0,,,,Y,Y,Y,A,01,1,0,0,0,0,0,0,0,0,"- ","- ",37.492828369140625,-120.95967102050781,STANISLAUS,UNINCORPORATED,-120.95960998535156,37.492835998535156
9172633,2020,2020-12-19,5001,2020-10-13,0609,715,D003,2,5,4,5001,0,0,0,,0,005,"MIRCHELL RD","COLLEEN WY",507.00,N,N,A,-,N,,,,,,,,,,N,2,0,1,2,A,-,11,21955,,N,G,B,D,A,H,-,C,D,0,Y,,,,Y,,N,60,1,0,0,0,1,0,0,0,0,"- ","- ",37.593009948730469,-120.93905639648438,STANISLAUS,CERES,,
91726900,2022,2022-03-18,9465,2022-03-13,1400,019713,,7,2,9,5000,0,3,5,,2,050,"DEL PUERTO CANYON ROAD","DIABLO GRANDE PARKWAY",62832.00,N,N,A,-,N,,,,,,,,,,N,2,0,1,2,A,-,03,22350,,N,C,C,A,A,H,-,E,D,0,,,Y,,Y,,C,02,1,0,0,0,0,0,0,0,1,"- ","- ",37.43701171875,-121.3291015625,STANISLAUS,UNINCORPORATED,-121.32469940185547,37.436264038085938
91726943,2022,2022-03-18,9465,2022-03-04,0605,019517,,5,1,9,5000,0,3,5,,2,040,"KEYES ROAD","USTICK ROAD",2112.00,W,N,B,-,N,,,,,,,,,,N,2,0,1,2,A,-,08,22107,,N,B,C,A,A,H,-,A,D,0,,,Y,,Y,,D,22,1,0,0,0,0,0,0,0,1,"- ","- ",37.551418304443359,-121.01911926269531,STANISLAUS,UNINCORPORATED,-121.01930236816406,37.551429748535156
91735340,2022,2022-03-28,9465,2022-03-06,2340,020642,,7,3,9,5000,0,1,3,,2,041,"STATE ROUTE 99","HATCH ROAD",1425.00,S,N,A,-,Y,STA,,99,,R,12.993,H,,R,Y,2,0,1,1,A,-,01,23152,A,N,E,I,A,A,H,-,C,D,0,,,,,Y,Y,A,01,1,0,0,0,0,0,0,0,0,"- ","- ",37.606128692626953,-120.97357940673828,STANISLAUS,UNINCORPORATED,-120.97342681884766,37.606235504150391
91746519,2022,2022-04-12,9465,2022-02-24,1319,018671,,4,1,9,5000,0,3,5,,2,030,"FINCH ROAD","CODONI AVENUE",132.00,W,N,A,-,N,,,,,,,,,,N,2,0,2,4,A,-,03,22350,,N,C,C,E,A,D,-,A,A,0,Y,,,,Y,,D,22,1,0,1,0,2,0,0,0,0,"- ","- ",37.62506103515625,-120.91194915771484,STANISLAUS,UNINCORPORATED,-120.91158294677734,37.625076293945312
91753236,2022,2022-04-21,9465,2022-03-25,1150,019413,,5,1,9,5000,0,1,3,,1,032,SR-132,"RUSHING ROAD",3960.00,W,N,A,-,N,,,,,,,,,,Y,2,0,2,2,A,-,05,21460,A,N,A,C,A,A,H,-,A,D,0,,,,,Y,,A,07,2,0,0,0,0,0,0,0,0,"- ","- ",37.640159606933594,-120.57171630859375,STANISLAUS,UNINCORPORATED,-120.57173156738281,37.640110015869141
91755802,2022,2022-04-25,9465,2022-04-17,0352,021770,,7,3,9,5000,0,3,5,,2,010,"PARADISE ROAD","VERNON AVENUE",10.00,E,N,A,-,N,,,,,,,,,,Y,2,0,1,3,A,-,08,22107,,N,A,C,A,A,H,-,C,D,0,,,,,Y,,D,22,1,0,0,0,0,0,0,0,0,"- ","- ",37.617118835449219,-121.02787017822266,STANISLAUS,UNINCORPORATED,-121.02803039550781,37.617103576660156
91766153,2022,2022-05-06,9465,2022-05-04,0940,015761,,3,1,9,5000,0,3,5,,2,030,"GRATTON ROAD","E. TUOLUMNE ROAD",100.00,N,N,A,-,N,,,,,,,,,,N,2,0,1,1,A,-,03,22350,,N,F,A,A,A,H,-,A,D,0,,,Y,,Y,,C,02,1,0,0,0,0,0,0,0,1,"- ","- ",37.514739990234375,-120.79421234130859,STANISLAUS,UNINCORPORATED,-120.79413604736328,37.514705657958984
91770683,2021,2022-05-12,9465,2021-08-28,2110,020642,,6,2,9,5000,0,1,3,,2,012,"STATE ROUTE 132","THE SAN JOAQUIN RIVER BRIDGE ABUTMENT",1478.00,E,N,A,-,Y,,,132,,,,,,,Y,1,3,3,2,A,-,05,21460,A,N,A,C,A,A,H,-,D,D,0,,,,,Y,,A,07,2,0,1,0,0,0,0,0,0,"- ","- ",37.641750335693359,-121.22268676757812,STANISLAUS,UNINCORPORATED,-121.22268676757812,37.641757965087891
91773012,2022,2022-05-16,9465,2022-04-30,0645,017966,,6,1,9,5000,0,3,5,,2,010,"STONEHART LANE","COUNTRYVALE COURT",200.00,E,N,A,-,N,,,,,,,,,,N,2,0,1,2,A,-,03,22350,,N,G,B,E,A,H,-,A,D,0,Y,,,,Y,,A,01,1,0,0,0,1,0,0,0,0,"- ","- ",37.712009429931641,-121.0941162109375,STANISLAUS,UNINCORPORATED,-121.09371185302734,37.711963653564453
91774055,2022,2022-06-24,9465,2022-05-14,2130,021636,,6,2,9,5000,0,2,4,,2,042,"CROWS LANDING ROAD","FULKERTH ROAD",0.00,,Y,A,-,N,,,,,,,,,,N,1,1,0,2,A,-,12,22450,A,N,D,C,A,A,H,-,D,A,0,,,,,Y,Y,A,01,0,0,0,0,0,0,0,0,0,"- ","- ",37.507518768310547,-120.99462127685547,STANISLAUS,UNINCORPORATED,-120.99462127685547,37.507526397705078
91776958,2022,2022-05-20,9465,2022-05-10,2225,021235,,2,3,9,5000,0,3,5,,2,030,"SOUTH 9TH STREET","STATE ROUTE 99",140.00,N,N,A,-,N,,,,,,,,,,Y,2,0,1,1,A,-,01,23152,A,N,E,I,A,A,H,-,C,D,0,,,,,Y,Y,A,01,1,0,0,0,0,0,0,0,0,"- ","- ",37.617080688476562,-120.98439788818359,STANISLAUS,UNINCORPORATED,-120.984375,37.616752624511719
91777483,2022,2022-05-23,9465,2022-05-12,1538,020833,,4,2,9,5000,0,1,3,,2,041,"STATE ROUTE 99 (SOUTHBOUND)","MITCHELL ROAD",900.00,N,N,A,-,Y,STA,,99,,R,10.364,H,,R,Y,2,0,2,3,A,-,03,22350,,N,C,C,A,A,H,-,A,D,0,,,,,Y,,-,"- ",1,0,1,0,0,0,0,0,0,"- ","- ",37.577980041503906,-120.94139099121094,STANISLAUS,UNINCORPORATED,-120.94126129150391,37.578098297119141
91779324,2022,2022-05-24,9465,2022-01-29,0001,021549,,6,3,9,5000,0,3,5,,2,030,"LA GRANGE ROAD","OLD LA GRANGE ROAD",2050.00,N,N,A,-,N,,,,,,,,,,N,1,2,3,2,A,-,01,23152,F,N,A,C,A,A,H,-,D,D,0,,,,,Y,,A,01,0,2,1,0,0,0,0,0,0,"- ","- ",37.633998870849609,-120.46909332275391,STANISLAUS,UNINCORPORATED,-120.4649658203125,37.676994323730469
91784880,2022,2022-05-31,9465,2022-05-20,1743,020914,,5,2,9,5000,0,3,5,,2,030,"GOLDEN STATE BLVD","KEYES ROAD",250.00,S,N,A,-,N,,,,,,,,,,Y,2,0,2,2,A,-,01,23152,A,N,C,E,A,A,H,-,A,D,0,,,,Y,Y,Y,A,01,2,0,0,0,0,0,0,0,0,"- ","- ",37.548168182373047,-120.9014892578125,STANISLAUS,UNINCORPORATED,-120.90139007568359,37.548282623291016
91785145,2022,2022-05-31,9465,2022-05-24,2110,021337,,2,2,9,5000,0,1,3,,2,041,"SR-99 (N/B)","CROWS LANDING ROAD",1056.00,S,N,A,-,Y,STA,,99,,R,14.185,H,,R,N,2,0,1,1,A,-,08,22107,,N,F,A,A,A,H,-,D,D,0,,,Y,,Y,,C,02,1,0,0,0,0,0,0,0,1,"- ","- ",37.617221832275391,-120.98892211914062,STANISLAUS,UNINCORPORATED,-120.98891448974609,37.617259979248047
91785420,2022,2022-06-01,9465,2022-05-19,1500,020833,,4,2,9,5000,0,1,3,,1,032,"STATE ROUTE 132","RESERVOIR ROAD",150.00,W,N,A,-,Y,STA,,132,,,32.418,H,,R,Y,2,0,1,1,A,-,03,22350,,N,F,A,A,A,H,-,A,D,0,,,Y,,Y,,C,02,1,0,0,0,0,0,0,0,1,"- ","- ",37.646488189697266,-120.68254089355469,STANISLAUS,UNINCORPORATED,-120.68254089355469,37.646480560302734
91786039,2022,2023-01-31,9465,2022-03-29,0649,019155,,2,1,9,5000,0,1,3,,2,011,"STATE ROUTE 99 (NORTHBOUND)","PELANDALE AVENUE",1269.00,N,N,A,-,Y,STA,,99,,R,21.957,H,,R,N,1,1,0,3,A,-,03,22350,,N,C,C,A,A,H,-,A,D,0,,,Y,Y,Y,,C,02,0,0,0,0,0,0,0,1,0,"- ","- ",37.702598571777344,-121.07353973388672,STANISLAUS,UNINCORPORATED,-121.07354736328125,37.702594757080078
91788533,2022,2022-06-06,9465,2022-05-13,0136,021770,,5,3,9,5000,0,3,5,,2,030,"S. 9TH STREET","SONORA AVENUE",413.00,N,N,A,-,N,,,,,,,,,,Y,2,0,1,2,A,-,01,23152,A,N,G,B,E,A,H,-,C,D,0,Y,,,,Y,Y,D,22,1,0,0,0,1,0,0,0,0,"- ","- ",37.621711730957031,-120.9859619140625,STANISLAUS,UNINCORPORATED,-120.98580932617188,37.621673583984375
91788542,2022,2022-06-06,9465,2022-05-29,2313,021226,,7,3,9,5000,0,1,3,,2,015,"STATE ROUTE 219 (KIERNAN AVENUE)","CARVER ROAD",300.00,E,N,A,-,Y,STA,,219,,,3.417,H,,R,Y,2,0,2,2,A,-,03,22350,,N,C,C,A,A,H,-,D,D,0,,,Y,,Y,,C,02,1,1,0,0,0,0,0,0,2,"- ","- ",37.711101531982422,-121.02117919921875,STANISLAUS,UNINCORPORATED,-121.02117156982422,37.710994720458984
91797882,2022,2022-06-17,9465,2022-06-09,1820,021636,,4,2,9,5000,0,3,5,,2,030,"MOORE ROAD","ROHDE ROAD",0.00,,Y,A,-,N,,,,,,,,,,N,2,0,2,2,A,-,09,21802,A,N,D,D,A,A,H,-,A,D,0,,,,,Y,,A,01,1,1,0,0,0,0,0,0,0,"- ","- ",37.574520111083984,-120.9365234375,STANISLAUS,UNINCORPORATED,-120.93643951416016,37.574378967285156
91802989,2022,2022-06-24,9465,2022-02-16,1939,020575,,3,2,9,5000,0,3,5,,2,010,"VERNON AVENUE","PARADISE ROAD",0.00,,Y,A,-,N,,,,,,,,,,N,1,1,0,2,A,-,01,23152,F,F,D,C,A,A,H,-,C,A,0,,,Y,,Y,,C,02,0,0,0,0,0,0,0,1,0,"- ","- ",37.617088317871094,-121.02803039550781,STANISLAUS,UNINCORPORATED,-121.02806091308594,37.617092132568359
91805629,2022,2022-06-29,9465,2022-06-11,0650,019730,,6,1,9,5000,0,1,3,,2,041,"STATE ROUTE 99 (SOUTHBOUND)","FAITH HOME ROAD",2640.00,N,N,A,-,Y,STA,,99,,,9.177,H,,R,N,2,0,1,2,A,-,07,21658,A,N,C,C,A,A,H,-,A,D,0,,,Y,,Y,,A,01,1,0,0,0,0,0,0,0,1,"- ","- ",37.565250396728516,-120.92697906494141,STANISLAUS,UNINCORPORATED,-120.92674255371094,37.565422058105469
9180669,2020,2020-11-17,5007,2020-09-21,2125,5791,TPD,1,5,5,5007,0,0,0,,0,PD2,"EAST AV","MINARET AV",0.00,,Y,-,-,N,,,,,,,,,,Y,2,0,2,2,A,-,01,23152,,N,-,-,A,-,-,-,-,-,0,,,,,Y,,A,01,2,0,0,0,0,0,0,0,0,"- ","- ",37.492439270019531,-120.83921051025391,STANISLAUS,TURLOCK,-120.83985900878906,37.492691040039062
91811922,2022,2022-07-07,9465,2022-07-01,1640,021368,,5,2,9,5000,0,3,5,,2,020,"PATTERSON ROAD","CRANE ROAD",64.00,W,N,A,-,N,,,,,,,,,,Y,2,0,4,4,A,-,03,22350,,N,C,C,A,A,H,-,A,D,0,,,,,Y,,A,01,1,1,2,0,0,0,0,0,0,"- ","- ",37.732769012451172,-120.88172149658203,STANISLAUS,UNINCORPORATED,-120.88146209716797,37.732799530029297
91817898,2022,2022-07-15,9465,2022-07-09,2000,021770,,6,2,9,5000,0,1,3,,2,041,"SR-99 S/B","E. WHITMORE AVE.",3385.00,N,N,A,-,Y,STA,,99,,R,12.546,H,,L,N,2,0,1,2,A,-,03,22350,,N,C,C,A,A,H,-,A,D,0,,,Y,,Y,,C,02,1,0,0,0,0,0,0,0,1,"- ","- ",37.601459503173828,-120.96829986572266,STANISLAUS,UNINCORPORATED,-120.96833801269531,37.601432800292969
91824331,2022,2022-07-25,9465,2022-06-01,0155,021066,,3,3,9,5000,0,2,4,,2,043,"WEST MAIN STREET","CROWS LANDING ROAD",850.00,W,N,A,-,N,,,,,,,,,,Y,1,1,0,2,A,-,11,21954,A,N,G,B,E,A,H,-,D,D,0,Y,,,,Y,Y,N,60,0,0,0,1,0,0,0,0,0,"- ","- ",37.49298095703125,-120.99762725830078,STANISLAUS,UNINCORPORATED,-120.99748992919922,37.493011474609375
91826793,2022,2022-07-28,9465,2022-07-21,1340,020575,,4,1,9,5000,0,1,3,,2,045,"SYCAMORE AVENUE","MAGNOLIA AVENUE",1056.00,N,N,A,-,N,,,,,,,,,,N,2,0,1,1,A,-,08,22107,,N,F,I,A,A,H,-,A,D,0,,,Y,,Y,,C,02,1,0,0,0,0,0,0,0,1,"- ","- ",37.514129638671875,-121.13760375976562,STANISLAUS,UNINCORPORATED,-121.13715362548828,37.513542175292969