CASE_ID,ACCIDENT_YEAR,PROC_DATE,JURIS,COLLISION_DATE,COLLISION_TIME,OFFICER_ID,REPORTING_DISTRICT,DAY_OF_WEEK,CHP_SHIFT,POPULATION,CNTY_CITY_LOC,SPECIAL_COND,BEAT_TYPE,CHP_BEAT_TYPE,CITY_DIVISION_LAPD,CHP_BEAT_CLASS,BEAT_NUMBER,PRIMARY_RD,SECONDARY_RD,DISTANCE,DIRECTION,INTERSECTION,WEATHER_1,WEATHER_2,STATE_HWY_IND,CALTRANS_COUNTY,CALTRANS_DISTRICT,STATE_ROUTE,ROUTE_SUFFIX,POSTMILE_PREFIX,POSTMILE,LOCATION_TYPE,RAMP_INTERSECTION,SIDE_OF_HWY,TOW_AWAY,COLLISION_SEVERITY,NUMBER_KILLED,NUMBER_INJURED,PARTY_COUNT,PRIMARY_COLL_FACTOR,PCF_CODE_OF_VIOL,PCF_VIOL_CATEGORY,PCF_VIOLATION,PCF_VIOL_SUBSECTION,HIT_AND_RUN,TYPE_OF_COLLISION,MVIW,PED_ACTION,ROAD_SURFACE,ROAD_COND_1,ROAD_COND_2,LIGHTING,CONTROL_DEVICE,CHP_ROAD_TYPE,PEDESTRIAN_ACCIDENT,BICYCLE_ACCIDENT,MOTORCYCLE_ACCIDENT,TRUCK_ACCIDENT,NOT_PRIVATE_PROPERTY,ALCOHOL_INVOLVED,STWD_VEHTYPE_AT_FAULT,CHP_VEHTYPE_AT_FAULT,COUNT_SEVERE_INJ,COUNT_VISIBLE_INJ,COUNT_COMPLAINT_PAIN,COUNT_PED_KILLED,COUNT_PED_INJURED,COUNT_BICYCLIST_KILLED,COUNT_BICYCLIST_INJURED,COUNT_MC_KILLED,COUNT_MC_INJURED,PRIMARY_RAMP,SECONDARY_RAMP,LATITUDE,LONGITUDE,COUNTY,CITY,POINT_X,POINT_Y
91833908,2022,2022-08-05,9465,2022-07-16,0515,021235,,6,3,9,5000,0,1,3,,2,011,"STATE ROUTE 99 (SOUTHBOUND)","CARPENTER ROAD",1080.00,N,N,A,-,Y,STA,,99,,M,18.741,H,,R,Y,2,0,5,2,A,-,07,21658,A,N,C,E,A,A,H,-,B,D,0,,,,Y,Y,,A,07,4,1,0,0,0,0,0,0,0,"- ","- ",37.667709350585938,-121.03492736816406,STANISLAUS,UNINCORPORATED,-121.03474426269531,37.667919158935547
91835218,2022,2022-08-08,9465,2022-07-06,1624,020012,,3,2,9,5000,0,1,3,,2,028,"CROWS LANDING ROAD","HARDING ROAD",1086.00,S,N,A,-,N,,,,,,,,,,Y,1,1,1,2,A,-,06,21751,,N,A,C,A,A,H,-,A,D,0,,,,,Y,,A,01,1,0,0,0,0,0,0,0,0,"- ","- ",37.46099853515625,-121.00019073486328,STANISLAUS,UNINCORPORATED,-121.00021362304688,37.460784912109375
91835436,2022,2022-08-08,9465,2022-05-13,1333,020475,,5,1,9,5000,0,3,5,,2,050,"I-5 SOUTHBOUND","PETE MILLER ROAD",4494.00,N,N,A,-,Y,STA,,5,,,1.732,H,,L,Y,1,1,1,1,A,-,01,23152,F,N,E,I,A,A,H,-,A,D,0,,,,,Y,,A,01,1,0,0,0,0,0,0,0,0,"- ","- ",37.271949768066406,-121.09577178955078,STANISLAUS,UNINCORPORATED,-121.095703125,37.271961212158203
91838726,2022,2022-08-12,9465,2022-08-07,1520,021636,,7,2,9,5000,0,3,5,,2,040,"FAITH HOME ROAD","W. TOULUMNE RD",200.00,S,N,A,-,N,,,,,,,,,,N,2,0,1,2,A,-,08,22107,,M,C,G,A,A,H,-,A,D,0,,Y,,,Y,,-,99,1,0,0,0,0,0,1,0,0,"- ","- ",37.513801574707031,-120.92144012451172,STANISLAUS,UNINCORPORATED,-120.92140197753906,37.513820648193359
91839093,2022,2022-08-12,9465,2022-08-04,2315,020833,,4,3,9,5000,0,1,3,,1,032,"STATE ROUTE 132","LA GRANGE ROAD",4000.00,W,N,A,-,Y,STA,,132,,,44.936,H,,R,Y,2,0,1,1,A,-,08,22107,,N,E,I,A,A,H,-,D,D,0,,,,,Y,,A,01,1,0,0,0,0,0,0,0,0,"- ","- ",37.659431457519531,-120.48486328125,STANISLAUS,UNINCORPORATED,-120.48487854003906,37.659431457519531
91840401,2022,2022-08-15,9465,2022-07-12,1029,018955,,2,1,5,5007,0,1,3,,2,041,"STATE ROUTE 99 (NORTHBOUND)","GOLF ROAD",2023.00,N,N,A,-,Y,STA,,99,,R,0.906,H,,R,Y,1,1,0,1,A,-,01,23152,F,N,E,I,A,A,H,-,A,D,0,,,Y,,Y,,C,02,0,0,0,0,0,0,0,1,0,"- ","- ",37.469371795654297,-120.83701324462891,STANISLAUS,TURLOCK,-120.83705902099609,37.469295501708984
91840820,2022,2022-10-11,9465,2022-02-06,0234,021239,,7,3,9,5000,0,1,3,,2,012,"STATE ROUTE 132","RIVER ROAD",10032.00,E,N,A,-,N,,,,,,,,,,Y,1,2,0,1,A,-,08,22107,,F,E,J,A,A,H,-,D,D,0,,,,,Y,,D,22,0,0,0,0,0,0,0,0,0,"- ","- ",37.638599395751953,-121.2139892578125,STANISLAUS,UNINCORPORATED,-121.21401214599609,37.638557434082031
91845822,2022,2022-08-22,9465,2022-08-14,2034,021770,,7,2,9,5000,0,2,4,,2,042,"CROWS LANDING ROAD","WINMORE WAY",0.00,,Y,A,-,N,,,,,,,,,,N,2,0,1,2,A,-,03,22350,,N,G,B,B,A,H,-,C,A,0,Y,,,,Y,,A,07,1,0,0,0,1,0,0,0,0,"- ","- ",37.605430603027344,-120.99365997314453,STANISLAUS,UNINCORPORATED,-120.99356079101562,37.605331420898438
91852326,2022,2022-08-29,9465,2022-07-20,2307,021062,,3,3,9,5000,0,3,5,,2,010,"FINNEY ROAD","NORTH AVENUE",351.00,S,N,A,-,N,,,,,,,,,,Y,1,1,1,1,A,-,01,23152,A,N,E,I,A,A,H,-,D,D,0,,,,,Y,Y,D,22,1,0,0,0,0,0,0,0,0,"- ","- ",37.673809051513672,-121.08606719970703,STANISLAUS,UNINCORPORATED,-121.08605194091797,37.673526763916016
91853057,2022,2022-10-20,9465,2022-08-25,0648,018222,,4,1,9,5000,0,3,5,,2,050,"RIVER ROAD","JESSIE STREET",0.00,,Y,A,-,N,,,,,,,,,,Y,2,0,2,2,A,-,12,22450,A,N,D,C,A,A,H,-,A,A,0,,,,,Y,,A,01,1,1,0,0,0,0,0,0,0,"- ","- ",37.564128875732422,-121.18267059326172,STANISLAUS,UNINCORPORATED,-121.18251037597656,37.564174652099609
91860276,2022,2022-09-08,9465,2022-07-15,1023,018259,,5,1,9,5000,0,3,5,,2,050,"EASTIN ROAD","STUHR ROAD",0.00,,Y,A,-,N,,,,,,,,,,Y,1,1,1,2,A,-,09,21802,A,N,D,C,A,A,H,-,A,A,0,,,,Y,Y,,A,01,1,0,0,0,0,0,0,0,0,"- ","- ",37.333358764648438,-121.06748962402344,STANISLAUS,UNINCORPORATED,-121.06747436523438,37.333351135253906
91861857,2022,2022-09-12,9465,2022-08-27,1900,020985,,6,2,9,5000,0,1,3,,1,032,"STATE ROUTE 132","LAKE ROAD",5280.00,E,N,A,-,N,,,,,,,,,,N,2,0,1,1,A,-,01,23152,A,N,E,I,A,A,H,-,B,D,0,,,,,Y,Y,-,99,1,0,0,0,0,0,0,0,0,"- ","- ",37.660888671875,-120.48384857177734,STANISLAUS,UNINCORPORATED,-120.48380279541016,37.66082763671875
91874360,2022,2022-09-27,9465,2022-09-25,1636,020914,,7,2,5,5007,0,1,3,,2,041,"STATE ROUTE 99 (NORTHBOUND)","LINWOOD AVENUE",200.00,S,N,A,-,Y,STA,,99,,R,2.262,H,,R,N,2,0,4,1,A,-,01,23152,A,N,E,I,A,A,H,-,A,D,0,,,,,Y,Y,D,22,3,1,0,0,0,0,0,0,0,"- ","- ",37.477970123291016,-120.85897064208984,STANISLAUS,TURLOCK,-120.85892486572266,37.478015899658203
91875326,2022,2022-09-28,9465,2022-09-23,1439,021770,,5,2,9,5000,0,3,5,,2,040,"S. CENTRAL AVENUE","AMERICAN AVENUE",75.00,N,N,A,-,N,,,,,,,,,,Y,2,0,1,2,A,-,03,22350,,N,C,C,A,A,H,-,A,D,0,,,,,Y,,A,07,1,0,0,0,0,0,0,0,0,"- ","- ",37.41265869140625,-120.95890045166016,STANISLAUS,UNINCORPORATED,-120.9588623046875,37.412525177001953
91877086,2022,2022-09-29,9465,2022-09-24,1602,020457,,6,2,9,5000,0,3,5,,2,010,"WILLIAMS ROAD","BACON ROAD",2.00,E,N,A,-,N,,,,,,,,,,Y,2,0,4,1,A,-,08,22107,,N,E,I,A,A,H,-,A,D,0,,,,,Y,,A,01,1,3,0,0,0,0,0,0,0,"- ","- ",37.696220397949219,-121.11380767822266,STANISLAUS,UNINCORPORATED,-121.11386108398438,37.696109771728516
91879990,2022,2022-10-11,9465,2022-09-27,2105,020642,,2,2,9,5000,0,2,4,,2,025,"CLAUS ROAD","PLAINVIEW ROAD",500.00,S,N,A,-,N,,,,,,,,,,Y,2,0,1,2,A,-,08,22107,,F,C,C,A,A,H,-,D,D,0,,,Y,,Y,,-,99,1,0,0,0,0,0,0,0,1,"- ","- ",37.702770233154297,-120.92169189453125,STANISLAUS,UNINCORPORATED,-120.92172241210938,37.702247619628906
91884993,2022,2022-10-07,9465,2022-07-29,1546,021783,,5,2,9,5000,0,3,5,,2,020,"26 MILE ROAD","EASTMAN ROAD",3696.00,N,N,A,-,N,,,,,,,,,,Y,1,2,0,2,A,-,01,23152,F,N,A,C,A,A,H,-,A,D,0,,,,,Y,,A,07,0,0,0,0,0,0,0,0,0,"- ","- ",37.872249603271484,-120.88130187988281,STANISLAUS,UNINCORPORATED,,
91889407,2022,2022-10-13,9465,2022-10-01,0205,021239,,6,3,9,5000,0,1,3,,2,041,"STATE ROUTE 99 NORTHBOUND","FULKERTH ROAD",1800.00,N,N,A,-,Y,STA,,99,,R,4.827,H,,R,Y,2,0,1,2,A,-,01,23152,A,N,B,C,A,A,H,-,C,D,0,,,,Y,Y,Y,A,01,1,0,0,0,0,0,0,0,0,"- ","- ",37.510978698730469,-120.87947845458984,STANISLAUS,UNINCORPORATED,-120.87960052490234,37.510940551757812
91891713,2022,2022-10-17,9465,2022-10-16,0140,021549,,7,3,9,5000,0,3,5,,2,050,"HOWARD RD","FRANK COX ROAD",40.00,N,N,A,-,N,,,,,,,,,,Y,2,0,4,1,A,-,01,23152,A,N,E,I,A,A,H,-,D,D,0,,,,,Y,Y,A,07,1,1,2,0,0,0,0,0,0,"- ","- ",37.536788940429688,-121.20440673828125,STANISLAUS,UNINCORPORATED,-121.20447540283203,37.536788940429688
91894068,2022,2022-10-19,9465,2022-10-10,1358,022049,,1,1,9,5000,0,2,4,,2,026,"TERMINAL AVENUE","CLARIBEL ROAD",0.00,,Y,A,-,N,,,,,,,,,,Y,2,0,1,2,A,-,09,21801,A,N,A,C,A,A,H,-,A,A,0,,,,,Y,,D,22,1,0,0,0,0,0,0,0,0,"- ","- ",37.710899353027344,-120.92939758300781,STANISLAUS,UNINCORPORATED,-120.92935943603516,37.710899353027344
91904247,2022,2022-10-28,9465,2022-10-24,1510,018998,,1,2,9,5000,0,3,5,,2,030,"SERVICE ROAD","GRATTON ROAD",204.00,E,N,A,-,N,,,,,,,,,,N,2,0,1,1,A,-,13,22515,A,N,G,B,A,A,H,-,A,D,0,,,,,Y,,M,46,1,0,0,0,0,0,0,0,0,"- ","- ",37.580089569091797,-120.79090118408203,STANISLAUS,UNINCORPORATED,-120.79147338867188,37.580226898193359
91906746,2022,2022-11-01,9465,2022-10-23,0120,021549,,7,3,9,5000,0,1,1,,2,055,"INTERSTATE 5 (SOUTHBOUND)","KHALSA ROAD",4440.00,S,N,A,-,Y,STA,,5,,,24.700,H,,L,Y,2,0,3,1,A,-,08,22107,,N,E,I,A,A,H,-,D,D,0,,,,,Y,,D,22,1,1,1,0,0,0,0,0,0,"- ","- ",37.557060241699219,-121.29006195068359,STANISLAUS,UNINCORPORATED,-121.29002380371094,37.557090759277344
91906876,2022,2022-11-01,9465,2022-10-23,1541,021226,,7,2,9,5000,0,3,5,,2,040,"LAIRD ROAD","BRUSH LANE",74.00,S,N,A,-,N,,,,,,,,,,Y,2,0,2,2,A,-,01,23152,A,N,C,C,A,A,H,-,A,D,0,,,Y,,Y,Y,C,02,1,0,1,0,0,0,0,0,2,"- ","- ",37.558338165283203,-121.10327911376953,STANISLAUS,UNINCORPORATED,-121.10330963134766,37.558437347412109
91908418,2022,2022-11-03,9465,2022-10-23,1412,021066,,7,2,9,5000,0,1,3,,1,032,SR-132,"DUNN CREEK",3900.00,E,N,A,G,Y,STA,,132,,,50.105,H,,R,Y,2,0,1,1,A,-,08,22107,,N,F,A,A,A,H,-,A,D,0,,,Y,,Y,,C,02,1,0,0,0,0,0,0,0,1,"- ","- ",37.644691467285156,-120.40280914306641,STANISLAUS,UNINCORPORATED,-120.40282440185547,37.644672393798828
91909740,2022,2022-11-04,9465,2022-10-13,1904,021226,,4,2,9,5000,0,3,5,,2,040,"KEYES ROAD","BYSTRUM ROAD",1377.00,W,N,A,-,N,,,,,,,,,,N,1,1,0,2,A,-,09,21801,A,N,G,B,E,A,H,-,D,D,0,Y,,,Y,Y,,N,60,0,0,0,1,0,0,0,0,0,"- ","- ",37.551349639892578,-120.98950958251953,STANISLAUS,UNINCORPORATED,-120.98944854736328,37.551315307617188
91910071,2022,2022-11-04,9465,2022-10-31,1710,019182,,1,2,9,5000,0,2,4,,2,016,"CLARIBEL ROAD","TERMINAL AVE",0.00,,Y,A,-,N,,,,,,,,,,Y,2,0,1,2,A,-,17,21451,A,N,A,C,A,A,H,-,A,A,0,,,Y,,Y,,A,01,1,0,0,0,0,0,0,0,1,"- ","- ",37.710910797119141,-120.92936706542969,STANISLAUS,UNINCORPORATED,-120.92935943603516,37.710899353027344
91914950,2022,2022-11-10,9465,2022-11-02,1405,020475,,3,2,9,5000,0,3,5,,2,040,"FULKERTH ROAD","CARPENTER ROAD",0.00,,Y,C,-,N,,,,,,,,,,Y,2,0,3,2,A,-,09,21802,A,N,D,C,A,B,H,-,A,A,0,,,,,Y,,A,01,1,2,0,0,0,0,0,0,0,"- ","- ",37.507831573486328,-121.03086853027344,STANISLAUS,UNINCORPORATED,-121.03087615966797,37.507797241210938
91916624,2022,2022-11-14,9465,2022-10-31,1855,022049,,1,2,6,5002,0,3,5,,2,030,"S. 7TH STREET","CROWS LANDING ROAD",95.00,N,N,A,-,N,,,,,,,,,,Y,2,0,1,2,A,-,03,22350,,N,C,C,A,A,H,-,D,A,0,,,,Y,Y,,A,01,1,0,0,0,0,0,0,0,0,"- ","- ",37.625068664550781,-120.99308013916016,STANISLAUS,MODESTO,-120.99308013916016,37.624958038330078
9191722,2020,2021-02-01,5002,2020-11-13,0210,715,B400,5,5,6,5002,0,0,0,,0,003,"MITCHELL RD","RIVER RD",296.00,N,N,A,-,N,,,,,,,,,,N,2,0,1,2,A,-,11,21955,,F,G,B,D,A,H,-,C,D,0,Y,,,,Y,,N,60,1,0,0,0,1,0,0,0,0,"- ","- ",37.617561340332031,-120.93858337402344,STANISLAUS,MODESTO,-120.93876647949219,37.614788055419922
91917869,2022,2022-11-15,9465,2022-11-06,0040,021337,,7,3,9,5000,0,3,5,,2,050,"COX ROAD","CONDIT AVENUE",70.00,N,N,B,-,N,,,,,,,,,,Y,2,0,2,1,A,-,01,23152,A,N,F,A,A,A,H,-,D,D,0,,,,,Y,Y,A,07,2,0,0,0,0,0,0,0,0,"- ","- ",37.533931732177734,-121.14131164550781,STANISLAUS,UNINCORPORATED,-121.14122772216797,37.533824920654297
91918999,2022,2022-11-16,9465,2022-11-08,0913,018955,,2,1,6,5002,0,1,3,,2,011,"STATE ROUTE 99 (NORTHBOUND)","BECKWITH ROAD",1111.00,N,N,B,C,Y,STA,,99,,R,20.486,H,,R,Y,2,0,1,1,A,-,08,22107,,N,E,I,A,B,H,-,A,D,0,,,,,Y,,A,01,1,0,0,0,0,0,0,0,0,"- ","- ",37.686351776123047,-121.05638122558594,STANISLAUS,MODESTO,-121.05649566650391,37.686248779296875
9192180,2020,2021-01-26,5007,2020-09-30,0202,5789,TPD,3,5,5,5007,0,0,0,,0,PD2,"LANDER AV","SIMMONS RD",252.00,N,N,A,-,Y,STA,10,165,-,-,1.290,H,-,S,N,2,0,1,2,A,-,08,22107,,F,G,B,E,A,-,-,C,D,0,Y,,Y,,Y,,C,02,1,0,0,0,1,0,0,0,0,"- ","- ",37.471931457519531,-120.84866333007812,STANISLAUS,TURLOCK,-120.8489990234375,37.471591949462891
91922797,2022,2022-11-21,9465,2022-11-12,2053,021235,,6,2,9,5000,0,1,3,,2,041,"STATE ROUTE 99 (SOUTHBOUND)","GOLF ROAD",1370.00,N,N,A,-,Y,STA,,99,,R,0.785,H,,R,Y,2,0,1,2,A,-,03,22350,,N,C,C,A,A,H,-,A,D,0,,,,,Y,,A,01,1,0,0,0,0,0,0,0,0,"- ","- ",37.468349456787109,-120.83518218994141,STANISLAUS,UNINCORPORATED,-120.83507537841797,37.468513488769531
91923936,2022,2022-11-22,9465,2022-11-11,2500,022049,,5,4,9,5000,0,3,5,,2,050,"DEL PUERTO CANYON ROAD","MINES ROAD",15840.00,E,N,A,-,N,,,,,,,,,,N,2,0,1,1,A,-,03,22350,,N,F,A,A,A,B,-,D,D,0,,,Y,,Y,,C,02,1,0,0,0,0,0,0,0,1,"- ","- ",37.394538879394531,-121.44938659667969,STANISLAUS,UNINCORPORATED,,
91927508,2022,2022-11-28,9465,2022-11-15,0002,021636,,2,3,9,5000,0,3,5,,2,050,"MCCRACKEN ROAD","STATE ROUTE 132",835.00,N,N,A,-,N,,,,,,,,,,Y,2,0,2,1,A,-,08,22107,,N,E,I,A,A,H,-,D,D,0,,,,,Y,,A,01,1,1,0,0,0,0,0,0,0,"- ","- ",37.638908386230469,-121.26947784423828,STANISLAUS,UNINCORPORATED,-121.26944732666016,37.640602111816406
91927985,2022,2022-11-28,9465,2022-11-12,1917,020985,,6,2,9,5000,0,3,5,,2,030,"SERVICE ROAD","PIONEER ROAD",0.00,,Y,A,-,N,,,,,,,,,,Y,2,0,2,2,A,-,12,22450,A,F,D,C,A,A,H,-,D,A,0,,,,,Y,,D,22,1,1,0,0,0,0,0,0,0,"- ","- ",37.580238342285156,-120.89269256591797,STANISLAUS,UNINCORPORATED,-120.89263916015625,37.580272674560547
91932842,2022,2022-12-02,9465,2022-11-19,1840,020833,,6,2,9,5000,0,3,5,,2,010,"EMERALD AVENUE","KANSAS AVENUE",10.00,N,N,B,-,N,,,,,,,,,,N,2,0,1,2,A,-,11,21456,B,N,G,B,C,A,H,-,D,A,0,Y,,,,Y,,N,60,1,0,0,0,1,0,0,0,0,"- ","- ",37.646129608154297,-121.02104187011719,STANISLAUS,UNINCORPORATED,-121.02105712890625,37.646018981933594
91933828,2022,2022-12-05,9465,2022-11-02,2145,018623,,3,2,9,5000,0,2,4,,2,016,"CLARIBEL ROAD","COFFEE ROAD",0.00,,Y,A,-,N,,,,,,,,,,Y,1,1,1,2,A,-,09,21453,C,N,A,C,A,A,H,-,D,A,0,,,,,Y,,A,07,1,0,0,0,0,0,0,0,0,"- ","- ",37.710990905761719,-120.97660064697266,STANISLAUS,UNINCORPORATED,-120.97663879394531,37.710979461669922
91934142,2022,2022-12-05,9465,2022-11-26,1210,018274,,6,1,9,5000,0,3,5,,2,020,"SONORA ROAD","SCHELL ROAD",686.00,W,N,A,-,N,,,,,,,,,,Y,2,0,2,3,A,-,08,22107,,N,D,E,A,A,H,-,A,D,0,,,,,Y,,D,22,1,1,0,0,0,0,0,0,0,"- ","- ",37.826309204101562,-120.68476867675781,STANISLAUS,UNINCORPORATED,-120.68421936035156,37.826301574707031
91934947,2022,2022-12-06,9465,2022-11-21,1804,022049,,1,2,9,5000,0,3,5,,2,030,"SANTA FE AVENUE","KEYES RD",120.00,S,N,A,-,N,,,,,,,,,,Y,2,0,1,2,A,-,03,22350,,N,C,C,A,A,H,-,D,A,0,,,,,Y,,A,01,1,0,0,0,0,0,0,0,0,"- ","- ",37.550838470458984,-120.82199859619141,STANISLAUS,UNINCORPORATED,-120.82200622558594,37.550876617431641
91934950,2022,2022-12-06,9465,2022-11-23,2345,021235,,3,3,9,5000,0,1,3,,2,041,"JENNINGS ROAD","GRAYSON ROAD",1370.00,S,N,A,-,N,,,,,,,,,,Y,2,0,1,1,A,-,01,23152,A,N,F,A,A,A,H,-,D,D,0,,,,,Y,Y,A,01,1,0,0,0,0,0,0,0,0,"- ","- ",37.562160491943359,-121.066650390625,STANISLAUS,UNINCORPORATED,-121.06668090820312,37.562206268310547
91937047,2022,2022-12-08,9465,2022-11-23,2305,021770,,3,3,9,5000,0,3,5,,2,050,"W. STUHR RD.","EASTIN RD.",9873.00,W,N,A,-,N,,,,,,,,,,Y,2,0,3,2,A,-,05,21650,,N,A,C,A,A,H,-,D,D,0,,,,,Y,,A,01,1,2,0,0,0,0,0,0,0,"- ","- ",37.333480834960938,-121.08734130859375,STANISLAUS,UNINCORPORATED,-121.10073089599609,37.330009460449219
91940125,2022,2022-12-12,9465,2022-11-30,1810,019713,,3,2,9,5000,0,3,5,,2,040,"LASSEN AVENUE","DALLAS STREET",160.00,W,N,A,-,N,,,,,,,,,,N,2,0,1,2,A,-,11,21954,A,N,G,B,D,A,H,-,C,D,0,Y,,,,Y,,N,60,1,0,0,0,1,0,0,0,0,"- ","- ",37.599098205566406,-121.00198364257812,STANISLAUS,UNINCORPORATED,-121.00192260742188,37.599063873291016
91941819,2022,2022-12-14,9465,2022-12-03,1310,020833,,6,1,9,5000,0,1,1,,2,055,"INTERSTATE 5 (NORTHBOUND)","SPERRY AVENUE",150.00,N,N,B,C,Y,STA,,5,,,15.900,H,,R,Y,2,0,3,2,A,-,03,22350,,N,D,C,A,B,F,-,A,D,0,,,,,Y,,A,01,2,1,0,0,0,0,0,0,0,"- ","- ",37.464069366455078,-121.18061065673828,STANISLAUS,UNINCORPORATED,-121.18050384521484,37.464138031005859
91944259,2022,2022-12-20,9465,2022-11-30,1159,018457,,3,1,9,5000,0,3,5,,2,020,"STEARNS ROAD","SIERRA ROAD",28.00,S,N,A,-,N,,,,,,,,,,N,1,1,0,1,A,-,08,22107,,N,E,I,A,A,H,-,A,A,0,,,,,Y,,A,01,0,0,0,0,0,0,0,0,0,"- ","- ",37.76177978515625,-120.81729888916016,STANISLAUS,UNINCORPORATED,-120.8173828125,37.761783599853516
91947003,2022,2022-12-20,9465,2022-12-13,2100,021770,,2,2,9,5000,0,3,5,,2,050,"UPPER RD.","HOLLOWELL RD.",785.00,S,N,A,-,N,,,,,,,,,,Y,2,0,1,1,A,-,01,23152,A,N,F,A,A,A,H,-,D,D,0,,,,,Y,Y,A,01,1,0,0,0,0,0,0,0,0,"- ","- ",37.294391632080078,-121.03108215332031,STANISLAUS,UNINCORPORATED,-121.03104400634766,37.294414520263672
91952160,2022,2022-12-26,9465,2022-12-13,0335,021337,,2,3,9,5000,0,3,5,,2,030,"GARNER ROAD","SR-132 (YOSEMITE BLVD)",100.00,S,N,A,-,N,,,,,,,,,,Y,2,0,1,1,A,-,08,22107,,N,E,I,A,A,H,-,C,A,0,,,,,Y,,A,07,1,0,0,0,0,0,0,0,0,"- ","- ",37.637870788574219,-120.92314147949219,STANISLAUS,UNINCORPORATED,-120.92330932617188,37.637962341308594
91952305,2022,2022-12-26,9465,2022-12-24,1625,021226,,6,2,9,5000,0,3,5,,2,040,"FAITH HOME ROAD","TUOLUMNE ROAD",165.00,N,N,A,-,N,,,,,,,,,,Y,2,0,1,2,A,-,08,22107,,N,E,I,A,A,H,-,A,D,0,,,,,Y,,A,07,1,0,0,0,0,0,0,0,0,"- ","- ",37.51483154296875,-120.92144775390625,STANISLAUS,UNINCORPORATED,-120.92139434814453,37.514823913574219
91955260,2022,2022-12-29,9465,2022-12-27,0730,018998,,2,1,9,5000,0,3,5,,2,040,"CARPENTER ROAD","REDWOOD ROAD",758.00,S,N,B,C,N,,,,,,,,,,N,2,0,1,1,A,-,08,22107,,N,E,I,A,B,H,-,A,D,0,,,,,Y,,A,01,1,0,0,0,0,0,0,0,0,"- ","- ",37.570968627929688,-121.0302734375,STANISLAUS,UNINCORPORATED,-121.03018951416016,37.571258544921875
91964560,2022,2023-01-10,9465,2022-12-29,0215,021062,,4,3,6,5002,0,1,3,,2,011,"STATE ROUTE 99 (NORTHBOUND)","BECKWITH ROAD",2270.00,S,N,C,-,Y,STA,,99,,R,19.776,H,,R,Y,2,0,1,2,A,-,01,23152,A,M,C,D,A,B,H,-,C,D,0,,,,Y,Y,Y,A,01,1,0,0,0,0,0,0,0,0,"- ","- ",37.678680419921875,-121.04779815673828,STANISLAUS,MODESTO,-121.04781341552734,37.678668975830078
91965731,2022,2023-01-11,9465,2022-12-31,0040,021549,,6,3,9,5000,0,1,3,,2,041,"STATE ROUTE 99 (NORTHBOUND)","SOUTH 9TH STREET",855.00,S,N,A,-,Y,STA,,99,,R,13.765,H,,R,Y,2,0,1,1,A,-,01,23152,A,N,E,I,A,A,H,-,C,D,0,,,,,Y,Y,A,01,1,0,0,0,0,0,0,0,0,"- ","- ",37.615489959716797,-120.98158264160156,STANISLAUS,UNINCORPORATED,-120.98165130615234,37.615432739257812
91965733,2022,2023-01-11,9465,2022-12-31,0050,020457,,6,3,5,5007,0,1,3,,2,041,"STATE ROUTE 99 (SOUTHBOUND)","FULKERTH ROAD",2112.00,N,N,B,-,Y,STA,,99,,R,4.967,H,,R,Y,2,0,1,2,A,-,01,23152,A,M,C,C,A,B,H,-,C,D,0,,,,,Y,Y,A,01,1,0,0,0,0,0,0,0,0,"- ","- ",37.512718200683594,-120.88086700439453,STANISLAUS,TURLOCK,-120.88059997558594,37.512809753417969
91967587,2022,2023-01-13,9465,2022-12-27,2030,018767,,2,2,9,5000,0,3,5,,2,010,"LADD RD","AMERICAN AVENUE",1056.00,E,N,A,-,N,,,,,,,,,,N,2,0,1,1,A,-,01,23152,A,N,E,I,A,B,F,-,D,D,0,,,,,Y,Y,A,01,1,0,0,0,0,0,0,0,0,"- ","- ",37.733180999755859,-121.033203125,STANISLAUS,UNINCORPORATED,-121.03768157958984,37.733142852783203
91969334,2023,2023-01-17,9465,2023-01-03,2135,021337,,2,2,9,5000,0,1,3,,2,041,"SR-99 S/B","GOLF RD",320.00,S,N,B,-,Y,STA,,99," ",R,0.464,H,,L,N,2,0,1,2,A,-,08,22107,,F,G,B,E,A,H,-,D,D,0,Y,,,,Y,Y,-,99,1,0,0,0,1,0,0,0,0,"- ","- ",37.466259002685547,-120.82982635498047,STANISLAUS,UNINCORPORATED,-120.82985687255859,37.466220855712891
91970011,2023,2023-01-17,9465,2023-01-14,"600 ",018955,,6,1,6,5002,0,1,3,,2,011,"STATE ROUTE 99 (SOUTHBOUND)","CARPENTER ROAD",2000.00,S,N,B,C,Y,STA,,99," ",R,18.127,H,,R,Y,2,0,1,1,A,-,08,22107,,N,F,0,A,B,D,-,D,D,0,,,,,Y,Y,D,22,1,0,0,0,0,0,0,0,0,"- ","- ",37.661918640136719,-121.02645111083984,STANISLAUS,MODESTO,-121.02632904052734,37.661956787109375