CASE_ID,ACCIDENT_YEAR,PROC_DATE,JURIS,COLLISION_DATE,COLLISION_TIME,OFFICER_ID,REPORTING_DISTRICT,DAY_OF_WEEK,CHP_SHIFT,POPULATION,CNTY_CITY_LOC,SPECIAL_COND,BEAT_TYPE,CHP_BEAT_TYPE,CITY_DIVISION_LAPD,CHP_BEAT_CLASS,BEAT_NUMBER,PRIMARY_RD,SECONDARY_RD,DISTANCE,DIRECTION,INTERSECTION,WEATHER_1,WEATHER_2,STATE_HWY_IND,CALTRANS_COUNTY,CALTRANS_DISTRICT,STATE_ROUTE,ROUTE_SUFFIX,POSTMILE_PREFIX,POSTMILE,LOCATION_TYPE,RAMP_INTERSECTION,SIDE_OF_HWY,TOW_AWAY,COLLISION_SEVERITY,NUMBER_KILLED,NUMBER_INJURED,PARTY_COUNT,PRIMARY_COLL_FACTOR,PCF_CODE_OF_VIOL,PCF_VIOL_CATEGORY,PCF_VIOLATION,PCF_VIOL_SUBSECTION,HIT_AND_RUN,TYPE_OF_COLLISION,MVIW,PED_ACTION,ROAD_SURFACE,ROAD_COND_1,ROAD_COND_2,LIGHTING,CONTROL_DEVICE,CHP_ROAD_TYPE,PEDESTRIAN_ACCIDENT,BICYCLE_ACCIDENT,MOTORCYCLE_ACCIDENT,TRUCK_ACCIDENT,NOT_PRIVATE_PROPERTY,ALCOHOL_INVOLVED,STWD_VEHTYPE_AT_FAULT,CHP_VEHTYPE_AT_FAULT,COUNT_SEVERE_INJ,COUNT_VISIBLE_INJ,COUNT_COMPLAINT_PAIN,COUNT_PED_KILLED,COUNT_PED_INJURED,COUNT_BICYCLIST_KILLED,COUNT_BICYCLIST_INJURED,COUNT_MC_KILLED,COUNT_MC_INJURED,PRIMARY_RAMP,SECONDARY_RAMP,LATITUDE,LONGITUDE,COUNTY,CITY,POINT_X,POINT_Y
91973167,2023,2023-01-20,9465,2023-01-12,1610,020914,,4,2,9,5000,0,3,5,,2,050,"GAFFERY ROAD","KOSTER ROAD",1214.00,W,N,A,-,N,,,,,,,,,,Y,2,0,1,1,A,-,08,22107,,N,E,I,A,A,H,-,A,D,0,,,,,Y,,A,01,1,0,0,0,0,0,0,0,0,"- ","- ",37.594680786132812,-121.32826995849609,STANISLAUS,UNINCORPORATED,-121.32816314697266,37.594638824462891
91977000,2023,2023-01-25,9465,2023-01-14,"130 ",021235,,6,3,9,5000,0,1,3,,2,011,"STATE ROUTE 99","SIERRA DRIVE",300.00,N,N,C,-,Y,STA,,99," ",R,15.434,H,,R,N,2,0,1,2,A,-,11,21954,A,F,G,B,E,B,H,-,D,D,0,Y,,,,Y,,N,60,1,0,0,0,1,0,0,0,0,"- ","- ",37.631889343261719,-120.99835205078125,STANISLAUS,UNINCORPORATED,-120.99829864501953,37.631912231445312
91977475,2023,2023-01-26,9465,2023-01-24,1405,020885,,2,2,5,5007,0,1,3,,2,041,"SR-99 NORTHBOUND","TAYLOR ROAD",1584.00,S,N,A,-,Y,STA,,99," ",R,6.461,H,,R,Y,2,0,3,2,A,-,01,23152,F,N,C,2,A,A,H,-,A,D,0,,,,,Y,,A,01,1,2,0,0,0,0,0,0,0,"- ","- ",37.532989501953125,-120.89028930664062,STANISLAUS,TURLOCK,-120.89025115966797,37.532993316650391
91982731,2023,2023-01-31,9465,2023-01-27,2117,021235,,5,2,9,5000,0,1,3,,2,045,"STATE ROUTE 165 (LANDER AVENUE)","HARDING ROAD",500.00,S,N,A,-,N,,,,,,,,,,Y,2,0,1,2,A,-,11,21954,A,N,G,B,D,A,H,-,D,D,0,Y,,,,Y,,N,60,1,0,0,0,1,0,0,0,0,"- ","- ",37.458499908447266,-120.84908294677734,STANISLAUS,UNINCORPORATED,-120.84909057617188,37.458499908447266
91984636,2023,2023-02-02,9465,2023-01-28,2155,021368,,6,2,9,5000,0,2,4,,2,034,"GEER ROAD","FOX GROVE ACCESS ROAD",1690.00,N,N,B,-,N,,,,,,,,,,Y,2,0,4,2,A,-,01,23152,A,N,A,C,A,A,H,-,D,D,0,,,,,Y,Y,D,22,1,3,0,0,0,0,0,0,0,"- ","- ",37.618511199951172,-120.84584808349609,STANISLAUS,UNINCORPORATED,-120.84574127197266,37.618232727050781
9198542,2020,2021-01-28,5006,2020-10-22,1621,S03115,RPD,4,5,3,5006,0,0,0,,0,RP1,"ATCHISON ST","1ST ST",29.00,E,N,A,-,Y,STA,10,108,-,-,32.461,H,-,W,Y,2,0,1,2,A,-,09,21801,A,N,D,G,A,A,H,-,A,A,0,,Y,,,Y,,L,04,1,0,0,0,0,0,1,0,0,"- ","- ",,,STANISLAUS,RIVERBANK,-120.93885040283203,37.737998962402344
9199317,2020,2021-01-04,5005,2020-08-18,1600,S02809,PATTE,2,5,3,5005,0,0,0,,0,3B1,"LAS PALMAS AV","HARTLEY AV",545.00,E,N,A,-,N,,,,,,,,,,Y,2,0,1,1,D,-,00,,,N,E,I,A,A,H,-,A,D,0,,,,,Y,,-,"- ",1,0,0,0,0,0,0,0,0,"- ","- ",,,STANISLAUS,PATTERSON,-121.11994934082031,37.476219177246094
91993385,2023,2023-02-13,9465,2023-02-12,1600,020985,,7,2,9,5000,0,3,5,,2,010,"PEGGY LANE","VERNON AVENUE",0.00,,Y,A,-,N,,,,,,,,,,N,2,0,1,2,A,-,09,21804,A,N,D,G,A,A,H,-,A,D,0,,Y,,,Y,,L,04,1,0,0,0,0,0,1,0,0,"- ","- ",37.616798400878906,-121.02808380126953,STANISLAUS,UNINCORPORATED,-121.02803039550781,37.616840362548828
91995606,2023,2023-02-16,9465,2023-02-03,1946,018457,,5,2,9,5000,0,1,3,,2,041,"STATE ROUTE 99 (SOUTHBOUND)","KEYES ROAD",2112.00,S,N,A,-,Y,STA,,99," ",R,7.447,H,,R,Y,2,0,1,2,A,-,07,21658,A,N,C,C,A,A,H,-,D,A,0,,,,Y,Y,,A,01,1,0,0,0,0,0,0,0,0,"- ","- ",37.544349670410156,-120.90054321289062,STANISLAUS,UNINCORPORATED,-120.90056610107422,37.544330596923828
91995839,2023,2023-02-16,9465,2023-01-15,"330 ",021783,,7,3,9,5000,0,3,5,,2,040,"DALLAS STREET","GLENN AVENUE",15.00,S,N,A,-,N,,,,,,,,,,N,2,0,1,3,A,-,08,22107,,F,E,I,A,B,F,-,D,A,0,,,,,Y,,A,01,1,0,0,0,0,0,0,0,0,"- ","- ",37.602069854736328,-121.00140380859375,STANISLAUS,UNINCORPORATED,-121.0013427734375,37.602169036865234
92001289,2023,2023-02-23,9465,2023-02-17,1304,018955,,5,1,9,5000,0,2,4,,2,042,"CROWS LANDING ROAD","MONTE VISTA AVENUE",1098.00,S,N,A,-,N,,,,,,,,,,Y,2,0,2,2,A,-,08,22100,B,N,D,C,A,A,H,-,A,D,0,,,,Y,Y,,D,22,1,1,0,0,0,0,0,0,0,"- ","- ",37.5189208984375,-120.99455261230469,STANISLAUS,UNINCORPORATED,-120.99449157714844,37.518985748291016
92002653,2023,2023-02-24,9465,2023-01-10,1515,019713,,2,2,9,5000,0,3,5,,2,050,"ALMOND AVENUE","ELM AVENUE",860.00,W,N,B,-,N,,,,,,,,,,N,1,1,0,2,A,-,17,21200,,N,G,G,A,B,H,-,A,D,0,,Y,,,Y,,L,04,0,0,0,0,0,1,0,0,0,"- ","- ",37.466880798339844,-121.08566284179688,STANISLAUS,UNINCORPORATED,-121.08574676513672,37.466831207275391
92004808,2023,2023-03-10,9465,2023-02-13,1559,020985,,1,2,9,5000,0,1,3,,1,031,"STATE ROUTE 132","ALBERS ROAD",0.00,,Y,A,-,Y,STA,,132," "," ",23.138,H,,R,Y,2,0,1,3,A,-,12,21453,A,N,D,C,A,A,H,-,A,A,0,,,,Y,Y,,G,25,1,0,0,0,0,0,0,0,0,"- ","- ",37.638648986816406,-120.84780883789062,STANISLAUS,UNINCORPORATED,-120.84780883789062,37.638729095458984
92017773,2023,2023-03-14,9465,2023-02-07,2019,019182,,2,2,9,5000,0,1,3,,2,015,"SR-219 (KIERNAN AVE)","CARVER ROAD",365.00,E,N,A,-,N,,,,,,,,,,N,2,0,1,2,A,-,11,21956,A,N,G,B,E,A,H,-,D,D,0,Y,,,,Y,,N,60,1,0,0,0,1,0,0,0,0,"- ","- ",37.711048126220703,-121.02079010009766,STANISLAUS,UNINCORPORATED,-121.02079010009766,37.711223602294922
92024083,2023,2023-03-21,9465,2023-03-11,1552,020457,,6,2,9,5000,0,3,5,,2,020,"BENTLEY ROAD","PATTERSON ROAD",0.00,,Y,A,-,N,,,,,,,,,,Y,2,0,3,2,A,-,12,22450,A,N,D,2,A,A,H,-,A,A,0,,,,,Y,,A,07,3,0,0,0,0,0,0,0,0,"- ","- ",37.732818603515625,-120.86699676513672,STANISLAUS,UNINCORPORATED,-120.86702728271484,37.732795715332031
92031326,2023,2023-03-29,9465,2023-03-19,"105 ",021337,,7,3,5,5007,0,1,3,,2,041,"SR-99 S/B","WEST MAIN ST",1584.00,N,N,B,-,Y,STA,,99," ",R,3.772,H,,L,Y,2,0,4,2,A,-,01,23152,A,N,B,C,A,A,H,-,D,D,0,,,,,Y,Y,A,07,1,0,3,0,0,0,0,0,0,"- ","- ",37.496849060058594,-120.87239837646484,STANISLAUS,TURLOCK,-120.87239837646484,37.496852874755859
92032333,2023,2023-03-30,9465,2023-03-15,2315,021770,,3,3,9,5000,0,1,3,,1,032,SR-132,"RESERVOIR ROAD",1560.00,E,N,A,-,Y,STA,,132," "," ",32.741,H,,R,Y,2,0,1,1,A,-,01,23152,A,N,E,I,A,A,H,-,D,D,0,,,,,Y,Y,A,01,1,0,0,0,0,0,0,0,0,"- ","- ",37.646591186523438,-120.67665100097656,STANISLAUS,UNINCORPORATED,-120.67665863037109,37.646617889404297
92035847,2023,2023-04-26,9465,2023-03-21,2040,018767,,2,2,9,5000,0,1,3,,2,053,SR-33,"MARSHALL ROAD",0.00,,Y,B,-,Y,STA,,33," "," ",10.230,H,,R,Y,2,0,2,2,A,-,12,22450,A,N,D,C,A,B,H,-,D,A,0,,,,Y,Y,,A,08,2,0,0,0,0,0,0,0,0,"- ","- ",37.435169219970703,-121.10198211669922,STANISLAUS,UNINCORPORATED,-121.10198211669922,37.435169219970703
92042112,2023,2023-04-11,9465,2023-04-01,2000,019713,,6,2,9,5000,0,1,1,,2,055,"INSTERSTATE 5","DIABLO GRANDE PARKWAY",2360.00,N,N,A,-,Y,STA,,5," "," ",16.324,H,,L,N,2,0,1,1,A,-,08,22107,,N,F,A,A,A,H,-,D,D,0,,,,,Y,,A,01,1,0,0,0,0,0,0,0,0,"- ","- ",37.468738555908203,-121.18575286865234,STANISLAUS,UNINCORPORATED,-121.18576049804688,37.468734741210938
92045389,2023,2023-04-14,9465,2023-03-26,2100,022049,,7,2,9,5000,0,3,5,,2,020,"RIVER RD","SAWYER AVENUE",1945.00,E,N,A,-,N,,,,,,,,,,N,2,0,2,1,A,-,01,23152,A,N,E,I,A,A,H,-,D,D,0,,,Y,,Y,Y,C,02,2,0,0,0,0,0,0,0,2,"- ","- ",37.771240234375,-120.89849853515625,STANISLAUS,UNINCORPORATED,-120.89858245849609,37.771217346191406
92051190,2023,2023-04-24,9465,2023-04-08,2224,021549,,6,3,9,5000,0,1,1,,2,055,"INTERSTATE 5 (SOUTHBOUND)","DEL PUERTO CANYON ROAD",17424.00,N,N,A,-,Y,STA,,5," "," ",19.220,H,,L,Y,2,0,3,1,A,-,08,22107,,N,F,A,A,A,H,-,D,D,0,,,,,Y,,D,22,1,0,2,0,0,0,0,0,0,"- ","- ",37.500499725341797,-121.22003173828125,STANISLAUS,UNINCORPORATED,-121.22000122070312,37.500522613525391
92056496,2023,2023-04-28,9465,2023-04-04,1535,019182,,2,2,9,5000,0,1,3,,2,013,"STATE ROUTE 108 (SR-108) (MCHENRY AVE)","GALAXY WAY",0.00,,Y,A,-,N,,,,,,,,,,Y,2,0,3,4,A,-,03,22350,,N,D,2,A,A,H,-,A,D,0,,,,,Y,,A,01,1,2,0,0,0,0,0,0,0,"- ","- ",37.706958770751953,-120.99488830566406,STANISLAUS,UNINCORPORATED,-120.99478912353516,37.706993103027344
92063339,2023,2023-05-08,9465,2023-04-28,1830,023200,,5,2,9,5000,0,3,5,,2,010,"PARADISE ROAD","HUNTINGTON ROAD",942.00,N,N,A,-,N,,,,,,,,,,Y,2,0,3,2,A,-,05,21460,A,N,A,D,A,A,H,-,A,D,0,,,,,Y,,A,01,3,0,0,0,0,0,0,0,0,"- ","- ",37.629100799560547,-121.1590576171875,STANISLAUS,UNINCORPORATED,-121.15904998779297,37.628963470458984
92066747,2023,2023-05-11,9465,2023-05-02,"712 ",018178,,2,1,9,5000,0,3,5,,2,040,"JENNINGS ROAD","KEYES ROAD",620.00,N,N,B,C,N,,,,,,,,,,Y,2,0,4,1,A,-,03,22350,,N,E,I,A,D,B,-,A,D,0,,,,,Y,,A,01,1,1,2,0,0,0,0,0,0,"- ","- ",37.554298400878906,-121.06668090820312,STANISLAUS,UNINCORPORATED,-121.06671905517578,37.553153991699219
92067477,2023,2023-05-12,9465,2023-05-04,1955,020475,,4,2,9,5000,0,3,5,,2,010,"N. HART RD","WOODLAND AVENUE",1820.00,S,N,B,C,N,,,,,,,,,,N,2,0,1,2,A,-,11,21954,A,N,A,B,E,B,H,-,D,D,0,Y,,,,Y,Y,N,60,1,0,0,0,1,0,0,0,0,"- ","- ",37.64739990234375,-121.12230682373047,STANISLAUS,UNINCORPORATED,-121.122314453125,37.647441864013672
92069259,2023,2023-05-15,9465,2023-04-22,"320 ",021636,,6,3,9,5000,0,3,5,,2,050,"DRAPER RD","ORESTIMBA ROAD",1267.00,S,N,A,-,N,,,,,,,,,,Y,1,1,0,1,A,-,01,23152,A,N,E,8,A,A,H,-,D,D,0,,,,,Y,Y,D,22,0,0,0,0,0,0,0,0,0,"- ","- ",37.314910888671875,-121.04921722412109,STANISLAUS,UNINCORPORATED,-121.04922485351562,37.314998626708984
92071378,2023,2023-05-17,9465,2023-05-14,1210,018955,,7,1,9,5000,0,3,5,,2,050,"STUHR ROAD","MCCLINTOCK ROAD",700.00,W,N,A,-,N,,,,,,,,,,N,2,0,2,1,A,-,03,22350,,N,E,I,A,A,H,-,A,D,0,,,Y,,Y,,C,06,1,1,0,0,0,0,0,0,2,"- ","- ",37.332748413085938,-121.00659942626953,STANISLAUS,UNINCORPORATED,-121.00654602050781,37.332767486572266
92083285,2023,2023-06-01,9465,2023-05-16,1157,019413,,2,1,9,5000,0,3,5,,2,040,"VIVIAN ROAD","W. GRAYSON ROAD",0.00,,Y,A,-,N,,,,,,,,,,Y,2,0,1,2,A,-,12,22450,A,N,D,C,A,A,H,-,A,A,0,,,Y,,Y,,C,02,1,0,0,0,0,0,0,0,1,"- ","- ",37.565971374511719,-121.04849243164062,STANISLAUS,UNINCORPORATED,-121.0484619140625,37.565963745117188
92091141,2023,2023-06-12,9465,2023-05-27,2230,021239,,6,3,9,5000,0,3,5,,2,040,"VIVIAN ROAD","POLAND ROAD",480.00,S,N,A,-,N,,,,,,,,,,N,2,0,1,2,A,-,11,21956,A,F,G,B,E,A,H,-,C,D,0,Y,,,,Y,,N,60,1,0,0,0,1,0,0,0,0,"- ","- ",37.603050231933594,-121.04859161376953,STANISLAUS,UNINCORPORATED,-121.04859161376953,37.603080749511719
92091212,2023,2023-06-12,9465,2023-06-01,1815,020833,,4,2,9,5000,0,1,3,,2,052,"STATE ROUTE 132","RIVER ROAD",300.00,W,N,A,-,Y,STA,,132," "," ",1.369,H,,R,Y,2,0,1,2,A,-,07,21658,A,F,E,I,A,A,H,-,A,D,0,,,,,Y,Y,-,99,1,0,0,0,0,0,0,0,0,"- ","- ",37.63970947265625,-121.24889373779297,STANISLAUS,UNINCORPORATED,-121.24887847900391,37.639614105224609
92092233,2023,2023-06-13,9465,2023-05-26,1430,022049,,5,2,9,5000,0,3,5,,2,040,"HATCH ROAD","CROWS LANDING ROAD",510.00,E,N,A,-,N,,,,,,,,,,Y,2,0,1,2,A,-,03,22350,,N,D,C,A,A,H,-,A,D,0,,,,,Y,,A,07,1,0,0,0,0,0,0,0,0,"- ","- ",37.609458923339844,-120.99167633056641,STANISLAUS,UNINCORPORATED,-120.99365997314453,37.609470367431641
92097222,2023,2023-06-19,9465,2023-06-15,"750 ",018222,,4,1,9,5000,0,3,5,,2,030,"SANTA CRUZ AVENUE","MONO DRIVE",460.00,N,N,A,-,N,,,,,,,,,,Y,2,0,1,2,A,-,08,22107,,N,F,A,A,A,H,-,A,D,0,,Y,,,Y,,M,91,1,0,0,0,0,0,1,0,0,"- ","- ",37.63677978515625,-120.974853515625,STANISLAUS,UNINCORPORATED,-120.97480010986328,37.636741638183594
92100735,2023,2023-06-23,9465,2023-04-13,"235 ",020475,,4,3,9,5000,0,1,3,,2,012,"STATE ROUTE 132 EASTBOUND","NORTH GATES ROAD",7603.00,W,N,A,-,Y,STA,,132," "," ",4.878,H,,R,Y,1,1,0,2,A,-,01,23152,A,N,A,C,A,A,H,-,D,A,0,,,,Y,Y,Y,D,22,0,0,0,0,0,0,0,0,0,"- ","- ",37.637840270996094,-121.18589782714844,STANISLAUS,UNINCORPORATED,-121.18589782714844,37.637798309326172
92102266,2023,2023-06-26,9465,2023-04-13,1809,022049,,4,2,9,5000,0,3,5,,2,050,"HOWARD ROAD","STARK ROAD",7920.00,W,N,A,-,N,,,,,,,,,,Y,1,1,0,1,A,-,01,23152,A,N,F,A,A,A,H,-,A,D,0,,,,,Y,Y,A,01,0,0,0,0,0,0,0,0,0,"- ","- ",37.536571502685547,-121.24192047119141,STANISLAUS,UNINCORPORATED,-121.24088287353516,37.536544799804688
9211057,2021,2021-03-11,5002,2021-01-06,0818,833,B201,3,5,6,5002,0,0,0,,0,003,"EAST HATCH RD","MOFFETT RD",0.00,,Y,A,-,N,,,,,,,,,,Y,2,0,1,2,A,-,04,21703,,N,C,C,A,A,H,-,A,D,0,,,,,Y,,D,22,1,0,0,0,0,0,0,0,0,"- ","- ",,,STANISLAUS,MODESTO,-120.94790649414062,37.609279632568359
92111234,2023,2023-07-06,9465,2023-02-20,2007,019413,,1,2,9,5000,0,3,5,,2,020,"RIVER ROAD","SAWYER AVENUE",1795.00,E,N,A,-,N,,,,,,,,,,Y,1,1,0,1,A,-,03,22350,,F,E,I,A,A,H,-,D,D,0,,,,,Y,,A,08,0,0,0,0,0,0,0,0,0,"- ","- ",37.770988464355469,-120.89865875244141,STANISLAUS,UNINCORPORATED,-120.89881134033203,37.770851135253906
92111590,2023,2023-07-07,9465,2023-07-02,"345 ",020985,,7,3,9,5000,0,1,3,,2,011,"STATE ROUTE 99 (SOUTHBOUND)","WOODLAND AVENUE",301.00,N,N,A,-,Y,STA,,99," ",R,17.579,H,,R,N,2,0,1,2,A,-,07,21658,A,F,E,I,A,A,H,-,D,D,0,,,Y,,Y,,-,99,1,0,0,0,0,0,0,0,1,"- ","- ",37.654029846191406,-121.02565002441406,STANISLAUS,UNINCORPORATED,-121.025390625,37.654121398925781
92112103,2023,2023-07-25,9465,2023-07-03,1915,019182,,1,2,9,5000,0,3,5,,2,010,"ELLEN AVENUE","CHICAGO AVENUE",0.00,,Y,A,-,N,,,,,,,,,,N,1,1,0,2,A,-,03,22350,,N,G,B,E,A,H,-,A,D,0,Y,,,,Y,,A,07,0,0,0,1,0,0,0,0,0,"- ","- ",37.626079559326172,-121.01484680175781,STANISLAUS,UNINCORPORATED,-121.01483917236328,37.6259765625
92114740,2023,2023-07-12,9465,2023-07-03,"620 ",018998,,1,1,9,5000,0,3,5,,2,050,"VILLA MANUCHA","RIVER ROAD",0.00,,Y,A,-,N,,,,,,,,,,N,2,0,2,2,A,-,09,21802,A,N,D,C,A,A,H,-,A,D,0,,,,,Y,,A,07,2,0,0,0,0,0,0,0,0,"- ","- ",37.387050628662109,-121.00125122070312,STANISLAUS,UNINCORPORATED,-121.00123596191406,37.387069702148438
9211494,2020,2022-06-13,5005,2020-12-23,0545,SQ95,PSS,3,5,3,5005,0,0,0,,0,3T4,"RT 33","EUCALYPTUS AV",196.00,S,N,E,-,Y,STA,10,33,-,-,14.660,H,-,N,Y,1,1,0,1,A,-,03,22350,,N,F,J,A,B,H,-,D,D,0,,,,,Y,,A,07,0,0,0,0,0,0,0,0,0,"- ","- ",37.491001129150391,-121.14099884033203,STANISLAUS,PATTERSON,-121.14170074462891,37.490898132324219
9211841,2021,2023-06-17,5007,2021-03-06,1917,5798,TPD,6,5,5,5007,0,0,0,,0,PD5,"N FRONT ST","N BROADWAY AV",194.00,N,N,A,-,N,,,,,,,,,,N,1,1,0,2,A,-,03,22350,,F,C,G,A,A,H,-,C,D,0,,Y,,,Y,,A,01,0,0,0,0,0,1,0,0,0,"- ","- ",37.503391265869141,-120.85666656494141,STANISLAUS,TURLOCK,-120.8572998046875,37.503936767578125
92118602,2023,2023-07-17,9465,2023-07-03,1532,023200,,1,2,9,5000,0,3,5,,2,020,"MILNES ROAD","WELLSFORD ROAD",200.00,E,N,A,-,N,,,,,,,,,,Y,2,0,1,2,A,-,08,22107,,N,B,C,A,A,H,-,A,D,0,,,Y,,Y,,D,22,1,0,0,0,0,0,0,0,1,"- ","- ",37.681968688964844,-120.87499237060547,STANISLAUS,UNINCORPORATED,-120.875,37.681953430175781
92123999,2023,2023-07-24,9465,2023-07-15,2120,021226,,6,2,9,5000,0,1,3,,2,011,"SR-99 (SOUTHBOUND) FROM PELANDALE AVENUE","PELANDALE AVENUE",350.00,N,N,A,-,Y,STA,,99," ",R,21.772,H,,L,Y,2,0,1,1,A,-,01,23152,A,N,E,8,A,A,H,-,C,D,0,,,,,Y,Y,A,01,1,0,0,0,0,0,0,0,0,"- ","- ",37.700218200683594,-121.07187652587891,STANISLAUS,UNINCORPORATED,-121.07169342041016,37.700309753417969
92130510,2023,2023-07-28,9465,2023-07-22,2124,021770,,6,2,9,5000,0,1,3,,1,032,"LAKE RD.",SR-132,0.00,,Y,A,-,Y,STA,,132," ",R,44.011,H,,R,Y,2,0,1,2,A,-,09,21802,A,N,D,C,A,A,H,-,D,A,0,,,,,Y,,A,01,1,0,0,0,0,0,0,0,0,"- ","- ",37.648418426513672,-120.49217224121094,STANISLAUS,UNINCORPORATED,-120.49217224121094,37.648418426513672
92134233,2023,2023-08-02,9465,2023-07-29,1745,021022,,6,2,9,5000,0,1,3,,1,032,SR-132,"RESERVOIR ROAD",1056.00,E,N,A,-,Y,STA,,132," "," ",32.720,H,,R,N,2,0,1,1,A,-,08,22107,,N,F,A,A,A,H,-,B,D,0,,,Y,,Y,,C,02,1,0,0,0,0,0,0,0,1,"- ","- ",37.646511077880859,-120.67703247070312,STANISLAUS,UNINCORPORATED,-120.67703247070312,37.646541595458984
92136207,2023,2023-08-04,9465,2023-08-01,"50  ",020642,,2,3,9,5000,0,3,5,,2,010,"CARPENTER ROAD","ROBERTSON ROAD",0.00,,Y,A,-,N,,,,,,,,,,N,2,0,1,2,A,-,11,21456,A,N,G,B,D,A,H,-,C,A,0,Y,,,,Y,,N,60,1,0,0,0,1,0,0,0,0,"- ","- ",37.613189697265625,-121.03038787841797,STANISLAUS,UNINCORPORATED,-121.03041076660156,37.613231658935547
92137891,2023,2023-08-07,9465,2023-07-02,1655,020475,,7,2,9,5000,0,1,3,,2,012,"STATE ROUTE 132 EASTBOUND","NORTH GATES ROAD",13675.00,W,N,A,-,Y,STA,,132," "," ",3.795,H,,R,Y,1,1,0,1,A,-,01,23152,A,N,E,I,A,A,H,-,A,D,0,,,,,Y,Y,D,22,0,0,0,0,0,0,0,0,0,"- ","- ",37.637668609619141,-121.20549011230469,STANISLAUS,UNINCORPORATED,-121.20550537109375,37.637733459472656
92140394,2023,2023-08-10,9465,2023-07-15,2309,021770,,6,3,9,5000,0,1,1,,2,055,"I-5 S/B","KHALSA RD.",612.00,S,N,A,-,Y,STA,,5," "," ",25.422,H,,L,Y,2,0,1,3,A,-,01,23152,A,N,C,C,A,A,H,-,D,D,0,,,,Y,Y,Y,A,07,1,0,0,0,0,0,0,0,0,"- ","- ",37.564369201660156,-121.29946899414062,STANISLAUS,UNINCORPORATED,-121.29945373535156,37.564384460449219
92143402,2023,2023-08-14,9465,2023-08-05,1838,020885,,6,2,9,5000,0,3,5,,2,040,"MONTE VISTA AVENUE","MITCHELL RD",1056.00,E,N,A,-,N,,,,,,,,,,Y,2,0,1,1,A,-,01,23152,A,N,E,8,A,A,H,-,B,D,0,,,,,Y,Y,A,01,1,0,0,0,0,0,0,0,0,"- ","- ",37.521751403808594,-120.93702697753906,STANISLAUS,UNINCORPORATED,-120.93698120117188,37.521766662597656
92149236,2023,2023-08-21,9465,2023-08-10,1843,018767,,4,2,9,5000,0,3,5,,2,010,"DAKOTA RD","SALIDA BLVD",300.00,S,N,A,-,N,,,,,,,,,,N,2,0,1,1,A,-,03,22350,,N,F,A,A,A,A,-,A,D,0,,,Y,,Y,,C,02,1,0,0,0,0,0,0,0,1,"- ","- ",37.694801330566406,-121.06841278076172,STANISLAUS,UNINCORPORATED,-121.0684814453125,37.694805145263672
92149615,2023,2023-08-22,9465,2023-08-17,"515 ",021062,,4,3,9,5000,0,3,5,,2,020,"VALLEY HOME ROAD","LAMBUTH ROAD",1584.00,N,N,A,-,N,,,,,,,,,,Y,2,0,2,1,A,-,03,22350,,N,E,7,A,A,H,-,D,D,0,,,,,Y,,A,01,2,0,0,0,0,0,0,0,0,"- ","- ",37.818069458007812,-120.89952087402344,STANISLAUS,UNINCORPORATED,-120.89547729492188,37.814830780029297
92150945,2023,2023-08-23,9465,2023-08-14,2120,021062,,1,2,9,5000,0,1,3,,2,023,"STATE ROUTE 108","ATLAS ROAD",0.00,,Y,B,-,Y,STA,,120," "," ",7.479,H,,R,Y,2,0,2,2,A,-,03,22350,,N,D,C,A,A,H,-,C,A,0,,,,,Y,Y,A,01,2,0,0,0,0,0,0,0,0,"- ","- ",37.776458740234375,-120.80722045898438,STANISLAUS,UNINCORPORATED,-120.80722045898438,37.776424407958984
92151605,2023,2023-08-23,9465,2023-08-19,1740,019730,,6,2,9,5000,0,2,4,,2,025,"STATE ROUTE 108","CLAUS ROAD",0.00,,Y,A,-,Y,STA,,108," "," ",33.381,H,,R,Y,2,0,3,2,A,-,09,21802,A,N,D,C,A,A,H,-,A,A,0,,,,,Y,,A,01,1,2,0,0,0,0,0,0,0,"- ","- ",37.737060546875,-120.92223358154297,STANISLAUS,UNINCORPORATED,-120.92223358154297,37.737098693847656
92155966,2023,2023-08-29,9465,2023-08-19,1755,021066,,6,2,9,5000,0,1,1,,2,055,"I-5 (N/B)","MPM 17.5",465.00,S,N,A,-,Y,STA,,5," "," ",17.416,H,,R,Y,2,0,4,2,A,-,08,22107,,N,B,2,A,A,H,-,A,D,0,,,,,Y,,A,01,1,3,0,0,0,0,0,0,0,"- ","- ",37.481269836425781,-121.19788360595703,STANISLAUS,UNINCORPORATED,-121.19783020019531,37.481300354003906