CASE_ID,ACCIDENT_YEAR,PROC_DATE,JURIS,COLLISION_DATE,COLLISION_TIME,OFFICER_ID,REPORTING_DISTRICT,DAY_OF_WEEK,CHP_SHIFT,POPULATION,CNTY_CITY_LOC,SPECIAL_COND,BEAT_TYPE,CHP_BEAT_TYPE,CITY_DIVISION_LAPD,CHP_BEAT_CLASS,BEAT_NUMBER,PRIMARY_RD,SECONDARY_RD,DISTANCE,DIRECTION,INTERSECTION,WEATHER_1,WEATHER_2,STATE_HWY_IND,CALTRANS_COUNTY,CALTRANS_DISTRICT,STATE_ROUTE,ROUTE_SUFFIX,POSTMILE_PREFIX,POSTMILE,LOCATION_TYPE,RAMP_INTERSECTION,SIDE_OF_HWY,TOW_AWAY,COLLISION_SEVERITY,NUMBER_KILLED,NUMBER_INJURED,PARTY_COUNT,PRIMARY_COLL_FACTOR,PCF_CODE_OF_VIOL,PCF_VIOL_CATEGORY,PCF_VIOLATION,PCF_VIOL_SUBSECTION,HIT_AND_RUN,TYPE_OF_COLLISION,MVIW,PED_ACTION,ROAD_SURFACE,ROAD_COND_1,ROAD_COND_2,LIGHTING,CONTROL_DEVICE,CHP_ROAD_TYPE,PEDESTRIAN_ACCIDENT,BICYCLE_ACCIDENT,MOTORCYCLE_ACCIDENT,TRUCK_ACCIDENT,NOT_PRIVATE_PROPERTY,ALCOHOL_INVOLVED,STWD_VEHTYPE_AT_FAULT,CHP_VEHTYPE_AT_FAULT,COUNT_SEVERE_INJ,COUNT_VISIBLE_INJ,COUNT_COMPLAINT_PAIN,COUNT_PED_KILLED,COUNT_PED_INJURED,COUNT_BICYCLIST_KILLED,COUNT_BICYCLIST_INJURED,COUNT_MC_KILLED,COUNT_MC_INJURED,PRIMARY_RAMP,SECONDARY_RAMP,LATITUDE,LONGITUDE,COUNTY,CITY,POINT_X,POINT_Y
92164361,2023,2024-01-12,9465,2023-09-02,"240 ",020833,,6,3,9,5000,0,1,3,,2,012,"STATE ROUTE 132","GRIMES AVENUE",0.00,,Y,A,-,Y,STA,,132," "," ",12.651,H,,R,Y,2,0,3,2,A,-,01,23152,A,N,D,C,A,A,H,-,D,A,0,,,,,Y,Y,A,01,3,0,0,0,0,0,0,0,0,"- ","- ",37.638538360595703,-121.04450225830078,STANISLAUS,UNINCORPORATED,-121.04450225830078,37.638538360595703
92164896,2023,2023-09-07,9465,2023-08-24,1348,018457,,4,1,9,5000,0,3,5,,2,020,"OAKDALE-WATERFORD HWY","CLARIBEL ROAD",386.00,N,N,A,-,N,,,,,,,,,,N,2,0,1,1,A,-,08,22107,,N,F,I,A,A,H,-,A,A,0,,,Y,,Y,,C,02,1,0,0,0,0,0,0,0,1,"- ","- ",37.712150573730469,-120.82306671142578,STANISLAUS,UNINCORPORATED,-120.82303619384766,37.712074279785156
92169066,2023,2023-09-13,9465,2023-09-01,"750 ",021337,,5,1,9,5000,0,3,5,,2,030,"WHITMORE AVE","MOUNTAIN VIEW RD",1056.00,E,N,A,-,N,,,,,,,,,,Y,2,0,4,3,A,-,03,22350,,N,C,C,A,A,H,-,A,D,0,,,,,Y,,A,07,1,2,1,0,0,0,0,0,0,"- ","- ",37.594799041748047,-120.87544250488281,STANISLAUS,UNINCORPORATED,-120.87546539306641,37.594783782958984
92176180,2023,2023-09-21,9465,2023-09-13,1157,018274,,3,1,9,5000,0,3,5,,2,030,"GARST ROAD","ROOT ROAD",13.00,E,N,A,-,N,,,,,,,,,,N,2,0,1,1,A,-,08,22107,,N,E,I,A,A,H,-,A,D,0,,,,,Y,,D,22,1,0,0,0,0,0,0,0,0,"- ","- ",37.652961730957031,-120.89356231689453,STANISLAUS,UNINCORPORATED,-120.89359283447266,37.653011322021484
92178616,2023,2023-09-25,9465,2023-09-22,1940,021022,,5,2,9,5000,0,3,5,,2,040,"MITCHELL ROAD","BRADBURY ROAD",1056.00,S,N,A,-,N,,,,,,,,,,N,2,0,2,2,A,-,05,21650,,N,A,C,A,A,H,-,A,D,0,,,,,Y,,A,01,1,0,1,0,0,0,0,0,0,"- ","- ",37.442291259765625,-120.94008636474609,STANISLAUS,UNINCORPORATED,-120.94002532958984,37.446231842041016
92185507,2023,2023-10-02,9465,2023-09-22,1625,018363,,5,2,9,5000,0,3,5,,2,020,"PLEASANT VALLEY ROAD","VICTORY AVENUE",1275.00,E,N,A,-,N,,,,,,,,,,N,2,0,1,1,B,-,22,,,N,E,I,A,A,H,-,A,D,0,,,Y,,Y,,C,02,1,0,0,0,0,0,0,0,1,"- ","- ",37.805679321289062,-120.91919708251953,STANISLAUS,UNINCORPORATED,-120.91923522949219,37.805736541748047
92194059,2023,2023-10-09,9465,2023-10-05,1524,018457,,4,2,9,5000,0,1,3,,1,032,"STATE ROUTE 132","G STREET",160.00,W,N,A,-,Y,STA,,132," "," ",20.172,H,,R,N,2,0,1,2,A,-,08,22107,,N,B,C,A,A,H,-,A,A,0,,,,,Y,,M,96,1,0,0,0,0,0,0,0,0,"- ","- ",37.638320922851562,-120.90177154541016,STANISLAUS,UNINCORPORATED,-120.90177154541016,37.63824462890625
9220138,2021,2021-06-02,5001,2021-01-21,1142,818,C008,4,5,4,5001,0,0,0,,0,004,"WHITMORE AV","MORGAN RD",263.00,W,N,A,-,N,,,,,,,,,,Y,2,0,1,2,A,-,03,22350,,N,B,C,A,A,H,-,A,A,0,,,,Y,Y,,A,07,1,0,0,0,0,0,0,0,0,"- ","- ",37.594551086425781,-120.97030639648438,STANISLAUS,CERES,-120.97616577148438,37.594844818115234
92230200,2023,2023-11-07,9465,2023-10-28,"638 ",018274,,6,1,9,5000,0,3,5,,2,030,"HICKMAN ROAD","KEYES ROAD",5280.00,N,N,A,-,N,,,,,,,,,,Y,2,0,2,2,A,-,01,23152,G,N,A,C,A,A,H,-,D,D,0,,,,,Y,,A,01,1,0,1,0,0,0,0,0,0,"- ","- ",37.566768646240234,-120.75559997558594,STANISLAUS,UNINCORPORATED,-120.75559234619141,37.551139831542969
92244339,2023,2023-11-27,9465,2023-11-17,1730,022938,,5,2,9,5000,0,3,5,,2,040,"GRAYSON ROAD","MORGAN ROAD",1034.00,W,N,C,-,N,,,,,,,,,,Y,2,0,1,2,A,-,08,22107,,N,A,C,A,B,H,-,D,D,0,,,,,Y,,D,22,1,0,0,0,0,0,0,0,0,"- ","- ",37.565849304199219,-120.97901916503906,STANISLAUS,UNINCORPORATED,-120.97898101806641,37.565826416015625
92248048,2023,2023-11-29,9465,2023-11-16,"745 ",015761,,4,1,9,5000,0,3,5,,2,020,"ELLENWOOD ROAD","OAKDALE-WATERFORD HIGHWAY",0.00,,Y,A,-,N,,,,,,,,,,Y,2,0,1,2,A,-,09,21802,A,N,D,C,A,A,H,-,A,A,0,,,,,Y,,A,07,1,0,0,0,0,0,0,0,0,"- ","- ",37.660411834716797,-120.78157806396484,STANISLAUS,UNINCORPORATED,-120.78153991699219,37.66033935546875
92256193,2023,2023-12-07,9465,2023-11-29,1952,020457,,3,2,9,5000,0,1,3,,1,032,"STATE ROUTE 132 (YOSEMITE BLVD)","SANTA FE AVENUE",0.00,,Y,A,-,Y,STA,,132," "," ",20.107,H,,R,Y,2,0,4,2,A,-,01,23152,A,N,A,C,A,A,H,-,C,A,0,,,,,Y,Y,A,07,3,1,0,0,0,0,0,0,0,"- ","- ",37.638229370117188,-120.90308380126953,STANISLAUS,UNINCORPORATED,-120.90306854248047,37.638240814208984
9227042,2021,2021-03-23,5005,2021-02-02,2200,S02955,5005,2,5,3,5005,0,0,0,,0,3Q7,WARD,"W LAS PALMAS",460.00,N,N,A,-,N,,,,,,,,,,Y,2,0,1,1,A,-,03,22350,,M,F,D,A,A,H,-,C,A,0,,,,,Y,Y,A,01,1,0,0,0,0,0,0,0,0,"- ","- ",,,STANISLAUS,PATTERSON,-121.14099884033203,37.462322235107422
9227352,2021,2021-03-24,5007,2021-01-26,2314,5799,TPD,2,5,5,5007,0,0,0,,0,PD2,"S MINARET ST","MINERVA ST",210.00,S,N,C,G,N,,,,,,,,,,Y,2,0,2,1,A,-,08,22107,,N,E,I,A,B,H,-,C,D,0,,,,,Y,,A,01,1,0,1,0,0,0,0,0,0,"- ","- ",37.492088317871094,-120.83937072753906,STANISLAUS,TURLOCK,-120.83974456787109,37.492130279541016
92277308,2023,2024-01-02,9465,2023-12-22,"700 ",018998,,5,1,6,5002,0,1,3,,2,011,"STATE ROUTE 99 (SOUTHBOUND)","N 9TH STREET",305.00,N,N,A,-,Y,STA,,99," ",R,18.101,H,,R,N,2,0,1,1,A,-,08,22107,,N,E,8,A,A,H,-,A,D,0,,,,,Y,,D,22,1,0,0,0,0,0,0,0,0,"- ","- ",37.66156005859375,-121.02629852294922,STANISLAUS,MODESTO,-121.02616119384766,37.661590576171875
92278471,2023,2024-01-03,9465,2023-09-19,"625 ",018955,,2,1,9,5000,0,3,5,,2,040,"BRADBURY ROAD","COMMONS ROAD",871.00,E,N,A,-,N,,,,,,,,,,Y,2,0,1,2,A,-,08,22100,B,F,D,C,A,A,H,-,D,D,0,,,Y,,Y,,A,01,1,0,0,0,0,0,0,0,1,"- ","- ",37.449031829833984,-120.90963745117188,STANISLAUS,UNINCORPORATED,-120.90968322753906,37.449012756347656
92283146,2023,2024-01-09,9465,2023-12-02,"220 ",021239,,6,3,9,5000,0,1,3,,2,011,"STATE ROUTE 99 NORTHBOUND","NORTH 9TH STREET UNDERCROSSING",898.00,S,N,B,-,Y,STA,,99," ",R,17.797,H,,R,Y,1,1,0,1,A,-,01,23152,F,N,E,I,A,A,H,-,C,D,0,,,,,Y,,-,"- ",0,0,0,0,0,0,0,0,0,"- ","- ",37.657169342041016,-121.02584075927734,STANISLAUS,UNINCORPORATED,-121.02588653564453,37.657169342041016
92284876,2024,2024-01-11,9465,2024-01-05,1535,019152,,5,2,9,5000,0,3,5,,2,050,"EASTIN RD.","PUMP RD.",744.00,S,N,A,-,N,,,,,,,,,,N,2,0,1,1,A,-,08,22107,,N,F,A,A,A,H,-,A,D,0,,,,,Y,,A,07,1,0,0,0,0,0,0,0,0,"- ","- ",37.349861145019531,-121.06748962402344,STANISLAUS,UNINCORPORATED,-121.06742095947266,37.349849700927734
92291433,2023,2024-01-19,9465,2023-12-31,2355,021337,,7,3,9,5000,0,3,5,,2,030,"MITCHELL RD","RIVERSIDE RD",373.00,S,N,A,-,N,,,,,,,,,,Y,2,0,3,2,A,-,05,21651,B,N,A,C,A,A,H,-,C,D,0,,,,,Y,Y,D,22,3,0,0,0,0,0,0,0,0,"- ","- ",37.624908447265625,-120.94673156738281,STANISLAUS,UNINCORPORATED,-120.94709014892578,37.625076293945312
9230098,2021,2021-03-23,5001,2021-02-04,0016,858,B205,4,5,4,5001,0,0,0,,0,003,"MITCHELL RD","ALPHONSE DR",90.00,N,N,A,-,N,,,,,,,,,,Y,2,0,3,3,A,-,01,23152,A,F,C,C,A,A,H,-,C,A,0,,,,,Y,Y,A,01,1,2,0,0,0,0,0,0,0,"- ","- ",37.606719970703125,-120.9375,STANISLAUS,CERES,-120.93874359130859,37.607368469238281
92327423,2024,2024-03-01,9465,2024-02-22,2128,021549,,4,2,9,5000,0,3,5,,2,040,"HATCH ROAD","CARPENTER ROAD",230.00,N,N,A,-,N,,,,,,,,,,Y,2,0,3,2,A,-,01,23152,A,N,A,C,A,A,H,-,C,D,0,,,,,Y,Y,D,22,1,0,2,0,0,0,0,0,0,"- ","- ",37.608039855957031,-121.03089904785156,STANISLAUS,UNINCORPORATED,-121.02964782714844,37.607379913330078
9232909,2021,2021-03-11,5004,2021-01-23,1025,297,RD16,6,5,3,5004,0,0,0,,0,042,"EAST F ST",6TH,0.00,,N,-,-,N,,,120,,,,,,,N,2,0,1,4,A,-,03,22350,A,N,-,-,-,-,-,-,-,-,0,Y,,,,Y,,A,01,1,0,0,0,1,0,0,0,0,"- ","- ",37.768550872802734,-120.84288024902344,STANISLAUS,OAKDALE,-120.84281921386719,37.768321990966797
92329921,2024,2024-03-06,9465,2024-02-24,1215,020833,,6,1,9,5000,0,1,3,,2,041,"STATE ROUTE 99 (SOUTHBOUND)","W. LINWOOD AVENUE",1500.00,N,N,A,-,Y,STA,,99," ",R,2.647,H,,L,Y,2,0,2,1,A,-,08,22107,,N,E,8,A,A,H,-,A,D,0,,,,,Y,,A,01,1,1,0,0,0,0,0,0,0,"- ","- ",37.481899261474609,-120.86425018310547,STANISLAUS,UNINCORPORATED,-120.86416625976562,37.481945037841797
92346375,2024,2024-03-25,9465,2024-03-14,2230,020885,,4,3,9,5000,0,3,5,,2,020,"LA GRANGE RD","COOPERSTOWN RD",3379.00,N,N,A,-,N,,,,,,,,,,N,2,0,1,1,A,-,08,22107,,N,F,A,A,A,H,-,D,D,0,,,,,Y,,A,01,1,0,0,0,0,0,0,0,0,"- ","- ",37.690731048583984,-120.47041320800781,STANISLAUS,UNINCORPORATED,-120.47035980224609,37.690681457519531
92349785,2024,2024-03-28,9465,2024-03-07,"453 ",020457,,4,3,9,5000,0,1,3,,2,053,"STATE ROUTE 33","MCCRACKEN ROAD",3274.00,N,N,A,-,Y,STA,,33," "," ",26.371,H,,R,Y,1,1,0,2,A,-,11,21954,A,N,G,B,E,A,H,-,D,D,0,Y,,,,Y,,N,60,0,0,0,1,0,0,0,0,0,"- ","- ",37.621109008789062,-121.27693176269531,STANISLAUS,UNINCORPORATED,-121.27691650390625,37.621120452880859
92350620,2024,2024-03-29,9465,2024-01-19,2155,020985,,5,2,9,5000,0,1,3,,2,052,"STATE ROUTE 132 (SR-132) (MAZE BOULEVARD)","RIVER ROAD",1700.00,W,N,B,-,Y,STA,,132," "," ",1.108,H,,R,Y,1,1,0,2,A,-,01,23152,F,N,A,C,A,B,H,-,D,D,0,,,,Y,Y,,A,01,0,0,0,0,0,0,0,0,0,"- ","- ",37.639358520507812,-121.25359344482422,STANISLAUS,UNINCORPORATED,-121.25358581542969,37.639331817626953
92350751,2024,2024-03-29,9465,2024-03-20,2307,020475,,3,3,9,5000,0,2,4,,2,026,"CLARIBEL ROAD","COFFEE ROAD",2059.00,W,N,A,-,N,,,,,,,,,,Y,2,0,1,1,A,-,01,23152,A,N,E,8,A,A,H,-,D,D,0,,,,,Y,Y,A,01,1,0,0,0,0,0,0,0,0,"- ","- ",37.710960388183594,-120.98383331298828,STANISLAUS,UNINCORPORATED,-120.98375701904297,37.711006164550781
92350817,2024,2024-03-29,9465,2024-03-20,"812 ",018274,,3,1,9,5000,0,3,5,,2,030,"HATCH ROAD","PAYNE AVENUE",0.00,,Y,A,-,N,,,,,,,,,,Y,2,0,1,2,A,-,09,21801,A,N,D,C,A,A,H,-,A,D,0,,,Y,,Y,,A,07,1,0,0,0,0,0,0,0,1,"- ","- ",37.609340667724609,-120.95480346679688,STANISLAUS,UNINCORPORATED,-120.95482635498047,37.609264373779297
92364197,2024,2024-04-15,9465,2024-04-12,"500 ",020833,,5,3,9,5000,0,3,5,,2,010,"CARPENTER ROAD","ELM AVENUE",0.00,,Y,A,-,N,,,,,,,,,,Y,2,0,2,2,A,-,01,23152,A,F,D,C,A,A,H,-,C,A,0,,,,,Y,Y,A,07,1,1,0,0,0,0,0,0,0,"- ","- ",37.643241882324219,-121.03032684326172,STANISLAUS,UNINCORPORATED,-121.03024291992188,37.643245697021484
92369183,2024,2024-06-18,9465,2024-04-09,1100,019713,,2,1,9,5000,0,2,4,,2,042,"CROWS LANDING ROAD","SERVICE ROAD",574.00,S,N,A,-,N,,,,,,,,,,N,1,1,3,2,A,-,09,21804,A,N,D,C,A,A,H,-,A,D,0,,,,,Y,,A,01,1,2,0,0,0,0,0,0,0,"- ","- ",37.578731536865234,-120.99372863769531,STANISLAUS,UNINCORPORATED,-120.99368286132812,37.578823089599609
92380324,2024,2024-05-02,9465,2024-04-04,"440 ",022868,,4,3,9,5000,0,3,5,,2,030,"FINCH ROAD","S. MCCLURE ROAD",50.00,W,N,A,-,N,,,,,,,,,,Y,1,1,1,3,A,-,03,22350,,N,C,C,A,A,H,-,D,D,0,,,,Y,Y,,A,01,0,0,1,0,0,0,0,0,0,"- ","- ",37.624008178710938,-120.929931640625,STANISLAUS,UNINCORPORATED,-120.92979431152344,37.624126434326172
92380393,2024,2025-01-10,9465,2024-02-25,1525,019713,,7,2,9,5000,0,3,5,,2,040,"FULKERTH ROAD","FAITH HOME ROAD",0.00,,Y,A,-,N,,,,,,,,,,Y,1,1,1,2,A,-,01,23152,A,F,D,C,A,A,H,-,A,A,0,,,,,Y,Y,A,01,0,1,0,0,0,0,0,0,0,"- ","- ",37.50714111328125,-120.9215087890625,STANISLAUS,UNINCORPORATED,-120.92143249511719,37.507129669189453
92383422,2024,2024-05-07,9465,2024-04-22,2320,019982,,1,3,9,5000,0,3,5,,2,040,"CENTRAL AVE.","KEYES ROAD",500.00,N,N,A,-,N,,,,,,,,,,N,2,0,1,2,A,-,11,21954,A,N,D,B,D,A,H,-,D,D,0,Y,,,,Y,,N,60,1,0,0,0,1,0,0,0,0,"- ","- ",37.551898956298828,-120.95709228515625,STANISLAUS,UNINCORPORATED,-120.95708465576172,37.55267333984375
92383441,2024,2024-05-07,9465,2024-04-12,2100,021770,,5,2,9,5000,0,1,3,,2,041,"SR-99 NB TO S. 9TH ST.","S. 9TH ST.",1056.00,S,N,A,-,Y,STA,,99," ",R,13.758,H,,R,N,2,0,1,2,A,-,11,21956,A,N,G,B,E,B,H,-,C,D,0,Y,,,,Y,,N,60,1,0,0,0,1,0,0,0,0,"- ","- ",37.615459442138672,-120.98143768310547,STANISLAUS,UNINCORPORATED,-120.98155975341797,37.615367889404297
92385634,2024,2024-05-09,9465,2024-05-06,"550 ",018178,,1,3,9,5000,0,1,3,,2,041,"SR-99 SOUTHBOUND","KEYES ROAD",2050.00,N,N,A,-,Y,STA,,99," ",R,8.266,H,,L,Y,2,0,1,3,A,-,07,21658,A,N,G,B,E,A,H,-,B,D,0,Y,,,Y,Y,,F,26,1,0,0,0,1,0,0,0,0,"- ","- ",37.552059173583984,-120.91201782226562,STANISLAUS,UNINCORPORATED,-120.91194915771484,37.552108764648438
92387101,2024,2024-05-10,9465,2024-04-29,1750,020985,,1,2,9,5000,0,3,5,,2,030,"VALENTE WAY","HERNDON ROAD",0.00,,Y,A,-,N,,,,,,,,,,Y,2,0,1,3,A,-,03,22350,,N,F,C,A,A,H,-,A,A,0,,,Y,,Y,,C,02,1,0,0,0,0,0,0,0,1,"- ","- ",37.617568969726562,-120.97540283203125,STANISLAUS,UNINCORPORATED,-120.97531890869141,37.617595672607422
92389645,2024,2024-05-14,9465,2024-05-08,1620,019713,,3,2,9,5000,0,3,5,,2,040,"S. MORGAN ROAD","HILMAR ROAD",10.00,W,N,A,-,N,,,,,,,,,,Y,2,0,1,1,A,-,03,22350,,N,E,I,A,A,H,-,A,A,0,,,,,Y,,A,01,1,0,0,0,0,0,0,0,0,"- ","- ",37.427028656005859,-120.97683715820312,STANISLAUS,UNINCORPORATED,-120.97687530517578,37.427104949951172
92389664,2024,2024-05-14,9465,2024-05-09,2015,022868,,4,2,4,5001,0,3,5,,2,040,"8918 CENTRAL AVE","FULKERTH ROAD",322.00,N,N,A,-,N,,,,,,,,,,N,2,0,2,1,B,-,22,,,N,F,A,A,A,H,-,D,D,0,,,,,Y,,M,97,1,0,1,0,0,0,0,0,0,"- ","- ",37.508289337158203,-120.95787048339844,STANISLAUS,CERES,-120.95856475830078,37.508274078369141
9239386,2021,2021-04-22,5001,2021-03-21,0654,821,D208,7,5,4,5001,0,0,0,,0,005,"E SERVICE RD","EL CAMINO AV",27.00,S,N,A,-,N,,,,,,,,,,Y,2,0,1,2,A,-,05,21460,A,N,A,C,A,A,H,-,A,A,0,,,Y,,Y,,C,02,1,0,0,0,0,0,0,0,1,"- ","- ",37.580238342285156,-120.93872833251953,STANISLAUS,CERES,-120.94265747070312,37.580238342285156
92399361,2024,2024-05-27,9465,2024-03-30,"101 ",019730,,6,3,9,5000,0,1,3,,1,032,"STATE ROUTE 132","LA GRANGE DAM ROAD",10.00,E,N,C,-,Y,STA,,132," "," ",46.818,H,,R,Y,1,1,0,1,A,-,01,23152,A,N,E,I,A,B,H,-,D,D,0,,,,,Y,Y,D,22,0,0,0,0,0,0,0,0,0,"- ","- ",37.661140441894531,-120.45571136474609,STANISLAUS,UNINCORPORATED,-120.45574188232422,37.661113739013672
92400140,2024,2024-05-28,9465,2024-05-25,1605,021066,,6,2,9,5000,0,2,4,,2,044,"CARPENTER ROAD","WHITMORE AVENUE",1735.00,S,N,A,-,N,,,,,,,,,,Y,2,0,1,1,A,-,08,22107,,N,E,I,A,A,H,-,A,D,0,,,,,Y,,A,01,1,0,0,0,0,0,0,0,0,"- ","- ",37.590198516845703,-121.03022766113281,STANISLAUS,UNINCORPORATED,-121.03026580810547,37.590286254882812
92400372,2023,2024-05-28,9465,2023-10-31,1954,021022,,2,2,9,5000,0,1,3,,1,032,"STATE ROUTE 132 (SR-132)","HAZELDEAN ROAD",528.00,E,N,A,-,Y,STA,,132," "," ",32.105,H,,R,N,1,1,0,2,A,-,11,21954,A,F,G,B,E,A,H,-,D,D,0,Y,,,,Y,Y,N,60,0,0,0,1,0,0,0,0,0,"- ","- ",37.646110534667969,-120.68820190429688,STANISLAUS,UNINCORPORATED,-120.68820190429688,37.646121978759766
92408957,2024,2024-06-07,9465,2024-05-26,1730,020985,,7,2,9,5000,0,3,5,,2,020,"STEARNS ROAD","WARNERVILLE ROAD",2132.00,N,N,A,-,N,,,,,,,,,,Y,2,0,1,1,A,-,08,22107,,N,F,A,A,A,H,-,A,D,0,,,Y,,Y,,C,02,1,0,0,0,0,0,0,0,1,"- ","- ",37.746879577636719,-120.81716156005859,STANISLAUS,UNINCORPORATED,-120.81711578369141,37.746803283691406
92411389,2024,2024-06-11,9465,2024-06-03,1853,022868,,1,2,9,5000,0,1,3,,1,032,SR-132,"CRABTREE ROAD",3379.00,E,N,A,-,Y,STA,,132," "," ",37.313,H,,R,N,2,0,1,1,A,-,03,22350,,N,F,A,A,A,H,-,A,D,0,,,Y,,Y,,C,02,1,0,0,0,0,0,0,0,1,"- ","- ",37.64202880859375,-120.60179138183594,STANISLAUS,UNINCORPORATED,-120.60177612304688,37.642063140869141
92412310,2024,2024-06-12,9465,2024-03-25,2217,022868,,1,3,6,5002,0,1,3,,2,011,"SR-99 S/B","BECKWITH ROAD",2904.00,S,N,A,-,Y,STA,,99," ",R,19.730,H,,L,Y,1,1,0,1,A,-,08,22107,,N,E,I,A,A,H,-,D,D,0,,,,,Y,,A,07,0,0,0,0,0,0,0,0,0,"- ","- ",37.677970886230469,-121.04743957519531,STANISLAUS,MODESTO,-121.04747009277344,37.677947998046875
92414062,2024,2024-07-10,9465,2024-05-27,1425,021783,,1,2,9,5000,0,3,5,,2,040,"S. WASHINGTON ROAD","SIMMONS ROAD",300.00,N,N,A,-,N,,,,,,,,,,Y,2,0,1,1,A,-,08,22107,,N,E,I,A,A,H,-,A,D,0,,,,,Y,,A,01,1,0,0,0,0,0,0,0,0,"- ","- ",37.472309112548828,-120.90361785888672,STANISLAUS,UNINCORPORATED,-120.90364837646484,37.471694946289062
92424846,2024,2024-06-27,9465,2024-06-12,1500,019155,,3,2,9,5000,0,2,4,,2,042,"CROWS LANDING ROAD","CARPENTER ROAD",1690.00,W,N,A,-,N,,,,,,,,,,Y,2,0,1,2,A,-,09,21804,A,N,D,C,A,A,D,-,A,D,0,,,Y,Y,Y,,F,27,1,0,0,0,0,0,0,0,1,"- ","- ",37.429000854492188,-121.01544189453125,STANISLAUS,UNINCORPORATED,-121.015380859375,37.428981781005859
92425874,2024,2024-08-14,9465,2024-06-16,"335 ",023200,,7,3,9,5000,0,3,5,,2,010,"BECKWITH ROAD","FINNEY ROAD",869.00,W,N,A,-,N,,,,,,,,,,Y,2,0,1,1,A,-,08,22107,,N,E,I,A,A,H,-,D,D,0,,,,,Y,,A,01,1,0,0,0,0,0,0,0,0,"- ","- ",37.68170166015625,-121.08934020996094,STANISLAUS,UNINCORPORATED,-121.08925628662109,37.681739807128906
92431631,2024,2024-07-05,9465,2024-05-25,2348,021770,,6,3,9,5000,0,3,5,,2,010,"WOODLAND AVE.","CLARK RD.",0.00,,Y,A,-,N,,,,,,,,,,Y,1,1,0,1,A,-,01,23152,A,N,E,I,A,A,H,-,D,D,0,,,Y,,Y,Y,C,02,0,0,0,0,0,0,0,1,0,"- ","- ",37.652591705322266,-121.09066009521484,STANISLAUS,UNINCORPORATED,-121.08590698242188,37.652500152587891
9245020,2021,2021-04-13,5007,2021-02-10,0507,5782,TPD,3,5,5,5007,0,0,0,,0,PD3,"W GLENWOOD AV","OLYMPIC DR",3140.00,E,N,A,-,N,,,,,,,,,,N,2,0,1,2,A,-,11,21954,A,N,G,B,E,A,H,-,D,D,0,Y,,,,Y,Y,N,60,1,0,0,0,1,0,0,0,0,"- ","- ",37.475208282470703,-120.85527038574219,STANISLAUS,TURLOCK,,
9255019,2021,2021-05-05,5001,2021-04-26,1639,801,C001,1,5,4,5001,0,0,0,,0,005,"WHITMORE AV","5TH ST",0.00,,Y,A,-,N,,,,,,,,,,Y,2,0,4,2,A,-,17,21451,A,N,D,C,A,A,H,-,A,A,0,,,,,Y,,A,01,1,3,0,0,0,0,0,0,0,"- ","- ",37.594749450683594,-120.95220184326172,STANISLAUS,CERES,-120.95223999023438,37.594772338867188
9256238,2020,2022-06-14,5007,2020-07-29,1000,5776,,3,5,5,5007,0,0,0,,0,002,"LANDER AV","WEST F ST",0.00,,Y,A,-,N,,,,,,,,,,Y,1,1,0,2,A,-,03,22350,,N,D,C,A,A,H,-,A,D,0,,,,Y,Y,,A,01,0,0,0,0,0,0,0,0,0,"- ","- ",37.482318878173828,-120.84896850585938,STANISLAUS,TURLOCK,-120.84897613525391,37.482250213623047
9256352,2020,2021-07-20,5008,2020-08-13,0555,S01836,MODES,4,5,2,5008,0,0,0,,0,WPD,"RT 132","PASADENA AV",0.00,,Y,A,-,Y,STA,10,132,-,-,27.400,I,5,W,N,1,1,0,2,A,-,10,21950,A,N,G,B,B,A,H,-,C,D,0,Y,,,,Y,,A,01,0,0,0,1,0,0,0,0,0,"- ","- ",,,STANISLAUS,WATERFORD,-120.77043914794922,37.638214111328125
9256531,2021,2021-08-26,5007,2021-02-08,1348,5776,TPD,1,5,5,5007,0,0,0,,0,PD4,"WEST MONTE VISTA AV","UNION PACIFIC RAILROAD TRACKS",0.00,,Y,A,-,N,,,,,,,,,,Y,1,1,0,2,A,-,12,22451,A,N,D,F,A,A,H,-,A,A,0,,,,,Y,,A,01,0,0,0,0,0,0,0,0,0,"- ","- ",37.521800994873047,-120.87758636474609,STANISLAUS,TURLOCK,,