CASE_ID,ACCIDENT_YEAR,PROC_DATE,JURIS,COLLISION_DATE,COLLISION_TIME,OFFICER_ID,REPORTING_DISTRICT,DAY_OF_WEEK,CHP_SHIFT,POPULATION,CNTY_CITY_LOC,SPECIAL_COND,BEAT_TYPE,CHP_BEAT_TYPE,CITY_DIVISION_LAPD,CHP_BEAT_CLASS,BEAT_NUMBER,PRIMARY_RD,SECONDARY_RD,DISTANCE,DIRECTION,INTERSECTION,WEATHER_1,WEATHER_2,STATE_HWY_IND,CALTRANS_COUNTY,CALTRANS_DISTRICT,STATE_ROUTE,ROUTE_SUFFIX,POSTMILE_PREFIX,POSTMILE,LOCATION_TYPE,RAMP_INTERSECTION,SIDE_OF_HWY,TOW_AWAY,COLLISION_SEVERITY,NUMBER_KILLED,NUMBER_INJURED,PARTY_COUNT,PRIMARY_COLL_FACTOR,PCF_CODE_OF_VIOL,PCF_VIOL_CATEGORY,PCF_VIOLATION,PCF_VIOL_SUBSECTION,HIT_AND_RUN,TYPE_OF_COLLISION,MVIW,PED_ACTION,ROAD_SURFACE,ROAD_COND_1,ROAD_COND_2,LIGHTING,CONTROL_DEVICE,CHP_ROAD_TYPE,PEDESTRIAN_ACCIDENT,BICYCLE_ACCIDENT,MOTORCYCLE_ACCIDENT,TRUCK_ACCIDENT,NOT_PRIVATE_PROPERTY,ALCOHOL_INVOLVED,STWD_VEHTYPE_AT_FAULT,CHP_VEHTYPE_AT_FAULT,COUNT_SEVERE_INJ,COUNT_VISIBLE_INJ,COUNT_COMPLAINT_PAIN,COUNT_PED_KILLED,COUNT_PED_INJURED,COUNT_BICYCLIST_KILLED,COUNT_BICYCLIST_INJURED,COUNT_MC_KILLED,COUNT_MC_INJURED,PRIMARY_RAMP,SECONDARY_RAMP,LATITUDE,LONGITUDE,COUNTY,CITY,POINT_X,POINT_Y
9256546,2021,2023-06-17,5007,2021-07-09,0856,5694,TPD,5,5,5,5007,0,0,0,,0,PD3,"WEST MAIN ST","FRANSIL LN",1406.00,W,N,A,-,N,,,,,,,,,,Y,1,1,0,2,A,-,03,22350,,N,C,C,A,A,H,-,A,D,0,,,Y,Y,Y,,C,02,0,0,0,0,0,0,0,1,0,"- ","- ",37.490821838378906,-120.89894104003906,STANISLAUS,TURLOCK,-120.89228057861328,37.492660522460938
92571884,2024,2025-01-31,9465,2024-04-07,"438 ",022229,,7,3,9,5000,0,1,3,,2,053,"STATE ROUTE 33 (SR-33)","IKE CROW ROAD",524.00,N,N,A,-,N,,,,,,,,,,N,1,1,0,2,A,-,11,21954,A,N,G,B,E,A,H,-,D,D,0,Y,,,,Y,Y,N,60,0,0,0,1,0,0,0,0,0,"- ","- ",37.407230377197266,-121.08177185058594,STANISLAUS,UNINCORPORATED,-121.08173370361328,37.40716552734375
9268364,2021,2021-06-30,5001,2021-05-23,0425,755,S7,7,5,4,5001,0,0,0,,0,001,"HATCH RD","CENTRAL AV",114.00,E,N,A,-,N,,,,,,,,,,Y,2,0,1,2,A,-,01,23152,A,N,C,C,A,A,H,-,C,A,0,,,,,Y,Y,A,01,1,0,0,0,0,0,0,0,0,"- ","- ",37.609241485595703,-120.95704650878906,STANISLAUS,CERES,-120.95669555664062,37.609241485595703
9271525,2020,2021-06-14,5008,2020-08-26,0500,S03143,,3,5,2,5008,0,0,0,,0,,"F ST",BLARNEY,0.00,,Y,A,-,N,,,,,,,,,,N,2,0,1,2,A,-,08,22103,,N,A,D,A,A,H,-,B,D,0,,,Y,,Y,,A,01,1,0,0,0,0,0,0,0,1,"- ","- ",,,STANISLAUS,WATERFORD,-120.768647,37.647713000000003
9273482,2021,2021-07-16,5001,2021-06-08,1204,818,B207,2,5,4,5001,0,0,0,,0,003,"HATCH RD","EASTGATE BL",0.00,,Y,A,-,N,,,,,,,,,,Y,2,0,2,2,A,-,17,21451,A,N,A,C,A,A,H,-,A,A,0,,,,,Y,,D,22,1,1,0,0,0,0,0,0,0,"- ","- ",37.609298706054688,-120.92665100097656,STANISLAUS,CERES,-120.92657,37.609298000000003
9274398,2021,2021-07-02,5001,2021-06-20,1954,821,A008,7,5,4,5001,0,0,0,,0,004,"EAST WHITMORE AV","BLAKER RD",46.00,W,N,A,-,N,,,,,,,,,,N,2,0,3,3,A,-,03,22350,,N,C,C,A,A,H,-,A,A,0,,,,,Y,,-,,2,1,0,0,0,0,0,0,0,"- ","- ",37.594818115234375,-120.96605682373047,STANISLAUS,CERES,-120.96623992919922,37.594841003417969
9285356,2021,2021-07-28,5006,2021-06-15,1352,S987,MODES,2,5,3,5006,0,0,0,,0,,"OAKDALE RD","PATTERSON RD",321.00,S,N,A,-,N,,,,,,,,,,Y,2,0,1,2,A,-,08,22107,,F,D,C,A,A,H,-,A,A,0,,,Y,,Y,Y,A,01,1,0,0,0,0,0,0,0,1,"- ","- ",,,STANISLAUS,RIVERBANK,-120.95864105224609,37.731777191162109
9301405,2021,2021-08-24,5008,2021-07-03,1945,503176,MODES,6,5,2,5008,0,0,0,,0,,"YSEMITE BL","RIVER POINTE DR",0.00,,Y,A,-,Y,STA,10,132,-,-,28.710,H,-,E,Y,2,0,3,2,A,-,09,21802,A,N,D,C,A,A,H,-,A,D,0,,,,,Y,,D,22,1,2,0,0,0,0,0,0,0,"- ","- ",,,STANISLAUS,WATERFORD,-120.74739074707031,37.639755249023438
9316377,2021,2021-09-18,5001,2021-08-21,1910,755,D203,6,5,4,5001,0,0,0,,0,005,"MITCHELL RD","ROEDING RD",0.00,,Y,A,-,N,,,,,,,,,,Y,2,0,2,4,A,-,03,22350,,N,B,C,A,A,H,-,A,A,0,,,,,Y,,A,01,1,0,1,0,0,0,0,0,0,"- ","- ",,,STANISLAUS,CERES,-120.93875885009766,37.587474822998047
9320008,2021,2021-10-28,5007,2021-05-03,0037,5776,TPD,1,5,5,5007,0,0,0,,0,PD2,"LANDER AV","6TH ST",0.00,,Y,A,-,N,,,,,,,,,,Y,1,1,1,2,A,-,03,22350,,F,D,G,A,A,H,-,C,D,0,,Y,,,Y,Y,D,22,0,0,1,0,0,1,0,0,0,"- ","- ",37.488460540771484,-120.84876251220703,STANISLAUS,TURLOCK,-120.84898376464844,37.488239288330078
9320189,2021,2023-06-17,5002,2021-02-27,1815,11621,M254,6,5,6,5002,0,0,0,,0,MP82,"BRIGGSMORE AV","MCHENRY AV",694.00,E,N,A,-,N,,,,,,,,,,Y,1,1,1,2,A,-,12,22450,A,N,D,C,A,A,H,-,B,A,0,,,Y,,Y,,A,07,0,1,0,0,0,0,0,1,0,"- ","- ",37.670448303222656,-120.99411010742188,STANISLAUS,MODESTO,-120.9940185546875,37.670570373535156
9320190,2021,2023-06-17,5002,2021-03-03,1356,11531,,3,5,6,5002,0,0,0,,0,073,"SYLVAN AV","WOOD SORREL DR",0.00,,Y,B,-,N,,,,,,,,,,Y,1,1,2,2,A,-,09,21802,A,N,F,I,A,A,C,D,A,A,0,,,Y,,Y,Y,A,01,0,1,1,0,0,0,0,1,0,"- ","- ",37.688648223876953,-120.95358276367188,STANISLAUS,MODESTO,-120.95339202880859,37.688949584960938
9320676,2021,2022-05-05,5001,2021-07-17,1810,,,6,5,4,5001,0,0,0,,0,,"CENTRAL AV","HATCH RD",0.00,,Y,A,-,N,,,,,,,,,,Y,1,1,1,2,A,-,01,23152,F,N,D,C,A,A,H,-,A,A,0,,,,Y,Y,Y,A,01,1,0,0,0,0,0,0,0,0,"- ","- ",37.609161376953125,-120.95707702636719,STANISLAUS,CERES,-120.95709228515625,37.609237670898438
9321106,2021,2022-10-20,5006,2021-02-17,0227,S987,MODES,3,5,3,5006,0,0,0,,0,,"RT 219","ROSELLE AV",400.00,W,N,A,-,N,,,,,,,,,,Y,1,1,0,2,A,-,17,21208,A,N,C,G,A,A,H,-,D,A,0,,Y,,,Y,Y,L,04,0,0,0,0,0,1,0,0,0,"- ","- ",,,STANISLAUS,RIVERBANK,,
9325014,2021,2021-10-06,5004,2021-08-25,1739,318,RD37,3,5,3,5004,0,0,0,,0,031,"S 4TH AV","E H ST",0.00,,Y,A,-,N,,,,,,,,,,Y,2,0,4,2,A,-,12,22450,A,N,D,C,A,A,H,-,A,B,0,,,,,Y,,A,01,4,0,0,0,0,0,0,0,0,"- ","- ",37.765060424804688,-120.84365844726562,STANISLAUS,OAKDALE,-120.84367370605469,37.765071868896484
9340778,2021,2021-11-01,5007,2021-09-17,1617,5799,TPD,5,5,5,5007,0,0,0,,0,PD4,"NORTH GOLDEN STATE BL","WEST TUOLUMNE RD",1673.00,S,N,A,-,N,,,,,,,,,,N,2,0,1,2,A,-,11,21954,A,N,G,B,E,A,H,-,D,D,0,Y,,,,Y,,N,60,1,0,0,0,1,0,0,0,0,"- ","- ",37.518589019775391,-120.87249755859375,STANISLAUS,TURLOCK,-120.86533355712891,37.511276245117188
9361818,2021,2021-11-29,5001,2021-10-17,1530,748,C007,7,5,4,5001,0,0,0,,0,004,"WHITMORE AV","BLAKER RD",0.00,,Y,A,-,N,,,,,,,,,,Y,2,0,3,2,A,-,17,21451,A,N,A,C,A,A,H,-,A,A,0,,,,,Y,,A,01,1,1,1,0,0,0,0,0,0,"- ","- ",37.594818115234375,-120.96605682373047,STANISLAUS,CERES,-120.96607971191406,37.594837188720703
93623529,2024,2024-08-05,9465,2024-08-01,"545 ",021636,,4,3,9,5000,0,1,3,,2,012,"STATE ROUTE 132","GATES ROAD",2112.00,S,N,A,-,Y,STA,,132," "," ",5.956,H,,R,Y,2,0,3,2,A,-,01,23152,A,N,C,C,A,A,H,-,B,D,0,,,,Y,Y,Y,D,22,1,1,1,0,0,0,0,0,0,"- ","- ",37.637870788574219,-121.16636657714844,STANISLAUS,UNINCORPORATED,-121.16636657714844,37.637821197509766
9389358,2021,2022-01-26,5007,2021-12-27,2203,5800,TPD,1,5,5,5007,0,0,0,,0,,"LANDER AV","EAST LINWOOD AV",20.00,N,N,A,-,N,,,,,,,,,,N,2,0,1,2,A,-,11,21950,B,F,G,B,D,A,H,-,C,A,0,Y,,,,Y,Y,N,60,1,0,0,0,1,0,0,0,0,"- ","- ",,,STANISLAUS,TURLOCK,-120.84899139404297,37.478233337402344
9406537,2022,2022-02-22,5001,2022-02-01,1100,900,B001,2,5,4,5001,0,0,0,,0,003,"EAST WHITMORE AV",JOY,129.00,E,N,A,-,N,,,,,,,,,,Y,2,0,1,1,A,-,08,22107,,N,A,I,A,A,H,-,A,D,0,,,,,Y,,D,72,1,0,0,0,0,0,0,0,0,"- ","- ",37.594978332519531,-120.94535827636719,STANISLAUS,CERES,-120.94562530517578,37.594749450683594
94361315,2024,2024-08-20,9465,2024-07-23,"331 ",020885,,2,3,9,5000,0,1,3,,2,041,"SR-99 SB TO MITCHELL ROAD","MITCHELL ROAD",58.00,N,N,A,-,Y,,,,,,,,,,Y,2,0,3,1,A,-,03,22350,,N,E,8,A,A,H,-,C,D,0,,,,,Y,,A,01,3,0,0,0,0,0,0,0,0,"- ","- ",37.575630187988281,-120.93890380859375,STANISLAUS,UNINCORPORATED,-120.9393310546875,37.576488494873047
94366339,2024,2024-08-22,9465,2024-08-12,"630 ",018259,,1,1,9,5000,0,1,1,,2,055,"SB INTERSTATE 5","PETE MILLER ROAD",425.00,S,N,A,-,Y,STA,,5," "," ",0.817,H,,L,Y,2,0,1,1,A,-,08,22107,,N,F,0,A,A,H,-,A,D,0,,,,,Y,,E,22,1,0,0,0,0,0,0,0,0,"- ","- ",37.258808135986328,-121.09236907958984,STANISLAUS,UNINCORPORATED,-121.09232330322266,37.258819580078125
94367101,2024,2025-03-24,9465,2024-08-15,1040,020985,,4,1,9,5000,0,3,5,,2,030,"HATCH ROAD","TULLY ROAD",1606.00,W,N,A,-,N,,,,,,,,,,Y,2,0,1,1,A,-,01,23152,A,N,E,I,A,A,H,-,A,D,0,,,,,Y,Y,A,01,1,0,0,0,0,0,0,0,0,"- ","- ",37.609321594238281,-120.87577819824219,STANISLAUS,UNINCORPORATED,-120.87568664550781,37.609260559082031
94367105,2024,2024-08-23,9465,2024-08-16,1810,021066,,5,2,9,5000,0,3,5,,2,030,"BLANKENBURG AVENUE","CROWS LANDING ROAD",110.00,E,N,A,-,N,,,,,,,,,,N,2,0,1,1,A,-,08,22107,,N,F,A,A,A,H,-,A,D,0,,,Y,,Y,,C,02,1,0,0,0,0,0,0,0,1,"- ","- ",37.62078857421875,-120.99315643310547,STANISLAUS,UNINCORPORATED,-120.99320220947266,37.620792388916016
94397408,2024,2024-09-17,9465,2024-09-09,1800,018955,,1,2,9,5000,0,3,5,,2,040,"WHITMORE AVENUE","VIVIAN ROAD",524.00,E,N,A,-,N,,,,,,,,,,N,2,0,1,1,C,-,18,,,N,F,A,A,A,H,-,A,D,0,,,Y,,Y,,-,"- ",1,0,0,0,0,0,0,0,1,"- ","- ",37.595050811767578,-121.04669189453125,STANISLAUS,UNINCORPORATED,-121.04856109619141,37.595218658447266
94399622,2024,2024-09-18,9465,2024-09-06,1910,021549,,5,2,9,5000,0,1,3,,2,045,"STATE ROUTE 165","GREENWAY AVENUE",0.00,,Y,A,-,Y,STA,,165," "," ",0.992,H,,R,Y,2,0,1,2,A,-,01,23152,A,N,D,C,A,A,H,-,A,A,0,,,,Y,Y,Y,A,01,1,0,0,0,0,0,0,0,0,"- ","- ",37.467311859130859,-120.84909820556641,STANISLAUS,UNINCORPORATED,-120.84905242919922,37.467308044433594
94402373,2024,2024-09-20,9465,2024-08-09,1045,021226,,5,1,9,5000,0,3,5,,2,040,"HARDING ROAD","GOLF ROAD",0.00,,Y,A,-,N,,,,,,,,,,Y,1,1,0,2,A,-,09,21802,A,N,D,C,A,A,H,-,A,D,0,,,,,Y,,A,01,0,0,0,0,0,0,0,0,0,"- ","- ",37.46343994140625,-120.83085632324219,STANISLAUS,UNINCORPORATED,-120.83084869384766,37.463462829589844
9440845,2022,2022-05-11,5007,2022-03-18,1806,5696,TPD,5,5,5,5007,0,0,0,,0,PD2,"LANDER AV","VERMONT AV",0.00,,Y,A,-,N,,,,,,,,,,N,2,0,1,2,A,-,10,21950,A,N,G,B,B,A,H,-,A,D,0,Y,,,,Y,,A,01,1,0,0,0,1,0,0,0,0,"- ","- ",37.487758636474609,-120.84867095947266,STANISLAUS,TURLOCK,-120.84898376464844,37.487987518310547
94436151,2024,2024-10-18,9465,2024-09-27,1145,019155,,5,1,9,5000,0,1,3,,2,041,"SR-99 (S/B) FROM MONTE VISTA AVENUE","MONTE VISTA AVENUE",10.00,S,N,A,-,Y,,,,,,,,,,N,2,0,1,2,A,-,03,22350,,N,D,C,A,A,H,-,A,D,0,,Y,,,Y,,L,04,1,0,0,0,0,0,1,0,0,"- ","- ",37.521820068359375,-120.88667297363281,STANISLAUS,UNINCORPORATED,,
9443822,2022,2022-05-25,5007,2022-05-01,0341,5804,TPD,7,5,5,5007,0,0,0,,0,PD5,"EAST MAIN ST","COLORADO AV",31.00,,N,A,-,N,,,,,,,,,,Y,2,0,1,1,A,-,01,23152,A,N,E,I,A,A,H,-,C,D,0,,,,,Y,Y,B,01,1,0,0,0,0,0,0,0,0,"- ","- ",37.501930236816406,-120.83525848388672,STANISLAUS,TURLOCK,-120.83526611328125,37.502307891845703
94442492,2024,2024-10-23,9465,2024-10-21,1145,018955,,1,1,9,5000,0,3,5,,2,030,"MOUNTAIN VIEW ROAD","SERVICE ROAD",0.00,,Y,A,-,N,,,,,,,,,,Y,2,0,3,2,A,-,09,21802,A,N,D,C,A,A,H,-,A,A,0,,,,,Y,,A,01,1,1,1,0,0,0,0,0,0,"- ","- ",37.580219268798828,-120.87899017333984,STANISLAUS,UNINCORPORATED,-120.87899780273438,37.580272674560547
94463851,2024,2024-11-08,9465,2024-10-05,2045,022938,,6,2,9,5000,0,3,5,,2,010,"SHILOH ROAD","PARADISE ROAD",1624.00,S,N,A,-,N,,,,,,,,,,Y,1,1,0,1,A,-,08,22107,,N,E,8,A,A,H,-,D,D,0,,,Y,,Y,,C,02,0,0,0,0,0,0,0,1,0,"- ","- ",37.604278564453125,-121.13081359863281,STANISLAUS,UNINCORPORATED,-121.13085174560547,37.604358673095703
94469662,2024,2024-11-14,9465,2024-11-08,1555,020985,,5,2,9,5000,0,2,4,,2,043,"W. MAIN AVE.","CARPENTER ROAD",1146.00,W,N,A,-,N,,,,,,,,,,Y,2,0,3,3,A,-,03,22350,,N,C,C,A,A,H,-,A,D,0,,,,,Y,,A,01,2,1,0,0,0,0,0,0,0,"- ","- ",37.493289947509766,-121.03489685058594,STANISLAUS,UNINCORPORATED,-121.03482818603516,37.493293762207031
94474745,2024,2024-11-19,9465,2024-11-05,1920,020885,,2,2,9,5000,0,3,5,,2,030,"WHITMORE AVENUE","DOWNIE ROAD",34.00,W,N,A,-,N,,,,,,,,,,Y,2,0,2,1,A,-,08,22107,,N,E,8,A,A,H,-,D,D,0,,,,,Y,,A,01,1,1,0,0,0,0,0,0,0,"- ","- ",37.594638824462891,-120.7740478515625,STANISLAUS,UNINCORPORATED,-120.77400970458984,37.594699859619141
94488287,2024,2024-12-02,9465,2024-11-15,"620 ",019730,,5,1,9,5000,0,3,5,,2,030,"S. 9TH STREET","STATE ROUTE 99 (NORTHBOUND)",45.00,N,N,A,-,N,,,,,,,,,,Y,2,0,1,2,A,-,01,23152,A,N,B,C,A,A,H,-,A,D,0,,,,Y,Y,Y,A,01,1,0,0,0,0,0,0,0,0,"- ","- ",37.616878509521484,-120.98442077636719,STANISLAUS,UNINCORPORATED,-120.98426055908203,37.616504669189453
94497962,2024,2024-12-13,9465,2024-11-30,1910,023100,,6,2,9,5000,0,1,1,,2,055,"INTERSTATE 5","DEL PUERTO CANYON ROAD",1901.00,N,N,B,-,Y,STA,,5," "," ",16.241,H,,R,Y,2,0,4,1,A,-,03,22350,,N,E,I,A,A,H,-,D,D,0,,,,,Y,,A,01,1,0,3,0,0,0,0,0,0,"- ","- ",37.467990875244141,-121.18441009521484,STANISLAUS,UNINCORPORATED,-121.18447875976562,37.467948913574219
94502188,2024,2024-12-13,9465,2024-12-06,1730,021066,,5,2,9,5000,0,1,3,,2,041,"SR-99 (N/B)","CROWS LANDING ROAD",1145.00,S,N,A,-,Y,STA,,99," ",R,14.244,H,,R,N,2,0,1,3,A,-,03,22350,,F,C,C,A,A,H,-,B,D,0,,,,,Y,,A,01,1,0,0,0,0,0,0,0,0,"- ","- ",37.617420196533203,-120.98995208740234,STANISLAUS,UNINCORPORATED,-120.98995971679688,37.617393493652344
94507784,2024,2024-12-17,9465,2024-12-09,1346,018274,,1,1,9,5000,0,3,5,,2,020,"WAMBLE ROAD","ORANGE BLOSSOM ROAD",0.00,,Y,B,-,N,,,,,,,,,,Y,2,0,3,2,A,-,09,21802,A,N,D,C,A,A,H,-,A,A,0,,,,,Y,,D,22,2,0,1,0,0,0,0,0,0,"- ","- ",37.780788421630859,-120.77481842041016,STANISLAUS,UNINCORPORATED,-120.77472686767578,37.780811309814453
94521356,2024,2024-12-31,9465,2024-12-22,2000,020475,,7,2,9,5000,0,3,5,,2,010,"ROBERTSON ROAD","VERNON AVENUE",100.00,E,N,B,-,N,,,,,,,,,,N,2,0,1,2,A,-,01,23152,A,N,B,C,A,A,H,-,D,D,0,,,Y,,Y,Y,C,02,1,0,0,0,0,0,0,0,1,"- ","- ",37.613239288330078,-121.02765655517578,STANISLAUS,UNINCORPORATED,-121.02769470214844,37.613243103027344
94533176,2024,2025-01-10,9465,2024-12-26,"845 ",022938,,4,1,9,5000,0,2,4,,2,014,"OAKDALE ROAD","CLARATINA AVENUE",702.00,N,N,B,-,N,,,,,,,,,,N,2,0,1,2,A,-,11,21954,A,N,G,B,D,A,H,-,A,D,0,Y,,,,Y,,N,60,1,0,0,0,1,0,0,0,0,"- ","- ",37.701801300048828,-120.95816802978516,STANISLAUS,UNINCORPORATED,-120.95819091796875,37.701747894287109
94538952,2025,2025-01-15,9465,2025-01-01,1438,018222,,3,2,6,5002,0,1,3,,2,011,"STATE ROUTE 99 (SOUTHBOUND)","BECKWITH ROAD",127.00,S,N,B,-,Y,STA,,99," ",R,20.200,H,,R,Y,2,0,1,2,A,-,01,23152,A,F,C,C,A,A,H,-,A,D,0,,,Y,,Y,Y,C,02,1,0,0,0,0,0,0,0,1,"- ","- ",37.683219909667969,-121.05296325683594,STANISLAUS,MODESTO,-121.05271148681641,37.683403015136719
94539010,2024,2025-01-15,9465,2024-01-18,2103,023200,,4,2,9,5000,0,2,4,,2,034,"KEYES ROAD","GEER ROAD",0.00,,Y,A,-,N,,,,,,,,,,Y,1,2,3,2,A,-,12,21453,A,N,D,C,A,A,H,-,C,A,0,,,,,Y,,A,01,3,0,0,0,0,0,0,0,0,"- ","- ",37.551139831542969,-120.84713745117188,STANISLAUS,UNINCORPORATED,-120.84708404541016,37.551177978515625
94539030,2024,2025-01-15,9465,2024-08-21,2353,020475,,3,3,5,5007,0,1,3,,2,041,"STATE ROUTE 99 SOUTHBOUND","TAYLOR ROAD",710.00,S,N,A,-,Y,STA,,99," ",R,6.625,H,,L,N,1,1,0,2,A,-,00,21960,A,F,G,B,E,A,H,-,D,D,0,Y,,,Y,Y,,N,60,0,0,0,1,0,0,0,0,0,"- ","- ",37.535198211669922,-120.89141845703125,STANISLAUS,TURLOCK,-120.89138793945312,37.535209655761719
94543257,2025,2025-01-20,9465,2025-01-01,"350 ",021062,,3,3,6,5002,0,1,3,,2,011,"STATE ROUTE 99","PELANDALE AVENUE",1584.00,N,N,B,-,Y,STA,,99," ",R,22.036,H,,R,Y,2,0,1,1,A,-,01,23152,A,N,E,I,A,A,H,-,C,D,0,,,,,Y,Y,A,01,1,0,0,0,0,0,0,0,0,"- ","- ",37.703411102294922,-121.07457733154297,STANISLAUS,MODESTO,-121.07451629638672,37.703453063964844
94553084,2025,2025-01-28,9465,2025-01-15,"628 ",018457,,3,1,9,5000,0,3,5,,2,020,"LANGWORTH ROAD","CLARIBEL ROAD",3168.00,N,N,A,-,N,,,,,,,,,,Y,2,0,1,2,A,-,03,22350,,N,D,C,A,A,H,-,D,A,0,,,,Y,Y,,A,07,1,0,0,0,0,0,0,0,0,"- ","- ",37.720428466796875,-120.89412689208984,STANISLAUS,UNINCORPORATED,-120.89408111572266,37.719718933105469
9455648,2022,2022-08-11,5002,2022-06-06,0440,858,B108,1,5,6,5002,0,0,0,,0,003,"EAST HATCH RD","FAITH HOME RD",15.00,E,N,A,-,N,,,,,,,,,,Y,2,0,2,2,A,-,09,21801,A,F,A,C,A,A,H,-,D,A,0,,,,,Y,,-,,1,1,0,0,0,0,0,0,0,"- ","- ",37.609340667724609,-120.92050170898438,STANISLAUS,MODESTO,-120.92044830322266,37.609310150146484
9455691,2022,2022-07-20,5007,2022-05-03,1606,5787,TPD,2,5,5,5007,0,0,0,,0,PD4,"W TAYLOR RD","TAYLOR CT",77.00,W,N,A,-,N,,,,,,,,,,Y,2,0,1,1,A,-,12,22451,A,N,D,F,A,A,H,-,A,A,0,,,,,Y,,A,01,1,0,0,0,0,0,0,0,0,WO,"- ",37.536869049072266,-120.89479064941406,STANISLAUS,TURLOCK,-120.89475250244141,37.536808013916016
94557044,2024,2025-02-07,9465,2024-11-25,1534,021636,,1,2,9,5000,0,2,4,,2,042,"CROWS LANDING ROAD","S 7TH STREET",70.00,S,N,A,-,N,,,,,,,,,,Y,1,1,3,3,A,-,01,23152,F,N,A,C,A,A,H,-,A,D,0,,,,,Y,,A,01,1,0,2,0,0,0,0,0,0,"- ","- ",37.624378204345703,-120.99326324462891,STANISLAUS,UNINCORPORATED,-120.99312591552734,37.624515533447266
94564541,2024,2025-02-04,9465,2024-12-25,"55  ",020475,,3,3,9,5000,0,1,3,,2,041,"STATE ROUTE 99 SOUTHBOUND","LANDER AVENUE",48.00,S,N,A,-,Y,STA,,99," ",R,1.622,H,,L,Y,2,0,1,1,A,-,01,23152,A,M,E,8,A,A,H,-,D,D,0,,,,,Y,Y,A,07,1,0,0,0,0,0,0,0,0,"- ","- ",37.473709106445312,-120.84873199462891,STANISLAUS,UNINCORPORATED,-120.84876251220703,37.473659515380859
94565025,2024,2025-02-04,9465,2024-12-24,1130,018259,,2,1,9,5000,0,3,5,,2,050,"WILSON STREET","AMELIA STREET",0.00,,Y,B,C,N,,,,,,,,,,Y,1,1,1,2,A,-,09,21802,A,N,D,C,A,B,H,-,A,A,0,,,,,Y,,D,22,0,1,0,0,0,0,0,0,0,"- ","- ",37.563568115234375,-121.18086242675781,STANISLAUS,UNINCORPORATED,-121.18089294433594,37.563560485839844
94565136,2024,2025-02-04,9465,2024-12-02,1936,020885,,1,2,9,5000,0,3,5,,2,030,"GOLDEN STATE BOULEVARD","GOLF ROAD",1742.00,N,N,A,-,N,,,,,,,,,,N,1,1,0,2,A,-,11,21954,A,N,G,B,D,A,H,-,D,D,0,Y,,,,Y,,N,60,0,0,0,1,0,0,0,0,0,"- ","- ",37.483329772949219,-120.83496856689453,STANISLAUS,UNINCORPORATED,-120.83487701416016,37.483287811279297
94575061,2025,2025-02-12,9465,2025-01-29,1735,019982,,3,2,9,5000,0,1,3,,2,015,"STATE ROUTE 180","BANGS AVENUE",350.00,E,N,A,-,N,,,,,,,,,,Y,2,0,1,2,A,-,09,21801,A,N,D,C,A,A,H,-,B,D,0,,,Y,,Y,,A,01,1,0,0,0,0,0,0,0,1,"- ","- ",37.704921722412109,-120.99465179443359,STANISLAUS,UNINCORPORATED,,
94589236,2025,2025-02-25,9465,2025-01-02,1823,022938,,4,2,9,5000,0,3,5,,2,010,"SALIDA BLVD","BROADWAY AVENUE",16.00,N,N,A,-,N,,,,,,,,,,N,2,0,1,2,A,-,12,21453,A,N,G,G,A,A,H,-,C,A,0,,Y,,,Y,,L,04,1,0,0,0,0,0,1,0,0,"- ","- ",37.708061218261719,-121.08261871337891,STANISLAUS,UNINCORPORATED,-121.08264923095703,37.707843780517578
9460908,2022,2022-06-29,5004,2022-06-03,1535,354,RD53,5,5,3,5004,0,0,0,,0,021,"YOSEMITE AV","SCONZA CANDY LN",55.00,S,N,A,-,N,,,,,,,,,,Y,2,0,2,2,-,-,"- ",,,F,C,A,A,A,H,-,A,A,0,,,Y,,Y,,C,02,1,0,1,0,0,0,0,0,1,"- ","- ",37.752140045166016,-120.84195709228516,STANISLAUS,OAKDALE,-120.84006500244141,37.751598358154297
94610209,2024,2025-03-18,9465,2024-11-10,1815,022784,,7,2,9,5000,0,1,3,,2,023,"SR 108","SNEDIGAR RD",818.00,W,N,A,-,Y,STA,,108," ",R,34.002,H,,R,Y,1,1,1,2,A,-,01,23152,A,N,A,2,A,A,H,-,B,D,0,,,,,Y,Y,A,08,1,0,0,0,0,0,0,0,0,"- ","- ",37.743808746337891,-120.91560363769531,STANISLAUS,UNINCORPORATED,-120.91562652587891,37.743824005126953
94610723,2025,2025-03-19,9465,2025-02-24,"534 ",018259,,1,3,9,5000,0,1,1,,2,055,"INTERSTATE 5 S/B","INGRAM CREEK RD",5280.00,N,N,B,-,Y,STA,,5," "," ",23.710,H,,L,Y,2,0,2,2,A,-,08,22107,,N,F,A,A,A,H,-,D,D,0,,,,,Y,,A,01,1,1,0,0,0,0,0,0,0,"- ","- ",37.547149658203125,-121.27703094482422,STANISLAUS,UNINCORPORATED,-121.27708435058594,37.547107696533203