CASE_ID,ACCIDENT_YEAR,PROC_DATE,JURIS,COLLISION_DATE,COLLISION_TIME,OFFICER_ID,REPORTING_DISTRICT,DAY_OF_WEEK,CHP_SHIFT,POPULATION,CNTY_CITY_LOC,SPECIAL_COND,BEAT_TYPE,CHP_BEAT_TYPE,CITY_DIVISION_LAPD,CHP_BEAT_CLASS,BEAT_NUMBER,PRIMARY_RD,SECONDARY_RD,DISTANCE,DIRECTION,INTERSECTION,WEATHER_1,WEATHER_2,STATE_HWY_IND,CALTRANS_COUNTY,CALTRANS_DISTRICT,STATE_ROUTE,ROUTE_SUFFIX,POSTMILE_PREFIX,POSTMILE,LOCATION_TYPE,RAMP_INTERSECTION,SIDE_OF_HWY,TOW_AWAY,COLLISION_SEVERITY,NUMBER_KILLED,NUMBER_INJURED,PARTY_COUNT,PRIMARY_COLL_FACTOR,PCF_CODE_OF_VIOL,PCF_VIOL_CATEGORY,PCF_VIOLATION,PCF_VIOL_SUBSECTION,HIT_AND_RUN,TYPE_OF_COLLISION,MVIW,PED_ACTION,ROAD_SURFACE,ROAD_COND_1,ROAD_COND_2,LIGHTING,CONTROL_DEVICE,CHP_ROAD_TYPE,PEDESTRIAN_ACCIDENT,BICYCLE_ACCIDENT,MOTORCYCLE_ACCIDENT,TRUCK_ACCIDENT,NOT_PRIVATE_PROPERTY,ALCOHOL_INVOLVED,STWD_VEHTYPE_AT_FAULT,CHP_VEHTYPE_AT_FAULT,COUNT_SEVERE_INJ,COUNT_VISIBLE_INJ,COUNT_COMPLAINT_PAIN,COUNT_PED_KILLED,COUNT_PED_INJURED,COUNT_BICYCLIST_KILLED,COUNT_BICYCLIST_INJURED,COUNT_MC_KILLED,COUNT_MC_INJURED,PRIMARY_RAMP,SECONDARY_RAMP,LATITUDE,LONGITUDE,COUNTY,CITY,POINT_X,POINT_Y
94625810,2024,2025-03-25,9465,2024-09-22,1514,019155,,7,2,9,5000,0,1,3,,2,023,"STATE ROUTE 108/120","ORANGE BLOSSOM ROAD",0.00,,Y,A,-,Y,STA,,120," "," ",8.868,H,,R,Y,2,0,2,2,A,-,09,21801,A,N,D,C,A,A,H,-,A,D,0,,,,,Y,,A,07,2,0,0,0,0,0,0,0,0,"- ","- ",37.776519775390625,-120.78153991699219,STANISLAUS,UNINCORPORATED,-120.78153991699219,37.776493072509766
94626988,2025,2025-03-26,9465,2025-03-25,"735 ",018955,,2,1,6,5002,0,1,3,,2,011,"STATE ROUTE 99 (NORTHBOUND)","BECKWITH ROAD",4000.00,N,N,A,-,Y,STA,,99," ",R,20.999,H,,R,Y,2,0,1,2,A,-,06,21755,A,N,B,C,A,A,H,-,A,D,0,,,Y,,Y,,C,02,1,0,0,0,0,0,0,0,1,"- ","- ",37.691478729248047,-121.06316375732422,STANISLAUS,MODESTO,-121.06316375732422,37.691474914550781
94631726,2025,2025-03-31,9465,2025-03-13,"320 ",022999,,4,3,9,5000,0,3,5,,2,040,"CARPENTER ROAD","ROBERTSON ROAD",0.00,,Y,B,-,N,,,,,,,,,,N,2,0,1,2,A,-,11,21456,A,N,G,B,B,A,H,-,C,A,0,Y,,,,Y,,N,60,1,0,0,0,1,0,0,0,0,"- ","- ",37.613349914550781,-121.03040313720703,STANISLAUS,UNINCORPORATED,-121.03041076660156,37.613231658935547
94635649,2025,2025-04-03,9465,2025-03-29,1710,023174,,6,2,9,5000,0,1,3,,2,012,"MAZE BLVD","PAULINE AVENUE",935.00,W,N,A,-,N,,,,,,,,,,Y,2,0,1,2,A,-,09,21804,A,N,D,C,A,A,H,-,A,D,0,,,,,Y,,D,22,1,0,0,0,0,0,0,0,0,"- ","- ",37.638301849365234,-121.05680847167969,STANISLAUS,UNINCORPORATED,-121.05683898925781,37.638309478759766
94642545,2025,2025-04-10,9465,2025-03-20,2115,021062,,4,2,6,5002,0,1,3,,2,011,"STATE ROUTE 99 (SOUTHBOUND)","CARPENTER ROAD",29.00,N,N,A,-,Y,STA,,99," ",M,18.531,H,,R,Y,2,0,2,2,A,-,01,23152,A,N,B,C,A,A,H,-,C,D,0,,,,,Y,Y,A,07,2,0,0,0,0,0,0,0,0,"- ","- ",37.666168212890625,-121.03164672851562,STANISLAUS,MODESTO,-121.03146362304688,37.666362762451172
94680462,2025,2025-05-08,9465,2025-05-02,"610 ",019730,,5,1,9,5000,0,3,5,,2,020,"MILNES ROAD","BENTLEY ROAD",1954.00,E,N,A,-,N,,,,,,,,,,N,2,0,1,1,A,-,08,22107,,N,E,I,A,A,H,-,B,D,0,,,,,Y,,D,22,1,0,0,0,0,0,0,0,0,"- ","- ",37.682010650634766,-120.85968017578125,STANISLAUS,UNINCORPORATED,-120.85980987548828,37.682025909423828
94693541,2025,2025-05-20,9465,2025-05-03,2300,023020,,6,3,5,5007,0,3,5,,2,040,"MITCHELL ROAD","AUGUST ROAD",1775.00,N,N,A,-,N,,,,,,,,,,Y,2,0,1,1,A,-,01,23152,A,M,A,I,A,A,H,-,D,D,0,,,,,Y,Y,A,01,1,0,0,0,0,0,0,0,0,"- ","- ",37.424430847167969,-120.94039916992188,STANISLAUS,TURLOCK,-120.94049072265625,37.424381256103516
94703725,2025,2025-05-28,9465,2025-04-29,1910,020475,,2,2,9,5000,0,3,5,,2,040,"MORGAN ROAD","KEYES ROAD",1848.00,N,N,A,-,N,,,,,,,,,,Y,2,0,1,2,A,-,09,21804,A,N,D,2,A,A,H,-,A,D,0,,,Y,,Y,,C,02,1,0,0,0,0,0,0,0,1,"- ","- ",37.556358337402344,-120.97544097900391,STANISLAUS,UNINCORPORATED,-120.97540283203125,37.556365966796875
94712607,2025,2025-06-04,9465,2025-06-02,2059,023295,,1,2,9,5000,0,3,5,,2,040,"E HATCH ROAD","CHURCH LANE",285.00,W,N,A,-,N,,,,,,,,,,N,2,0,3,2,A,-,08,22107,,N,B,E,A,A,H,-,B,D,0,,,,,Y,Y,A,01,1,1,1,0,0,0,0,0,0,"- ","- ",37.609378814697266,-120.98264312744141,STANISLAUS,UNINCORPORATED,-120.98252105712891,37.609439849853516
94748978,2025,2025-07-07,9465,2025-06-24,2040,021337,,2,2,9,5000,0,3,5,,2,020,"WARNERVILKE RD","TIM BELL RD",2112.00,E,N,A,-,N,,,,,,,,,,N,2,0,1,1,A,-,08,22107,,N,F,I,A,A,H,-,D,D,0,,,Y,,Y,,C,02,1,0,0,0,0,0,0,0,1,"- ","- ",37.732639312744141,-120.67572021484375,STANISLAUS,UNINCORPORATED,-120.67589569091797,37.732658386230469
94750409,2025,2025-07-07,9465,2025-03-30,"45  ",023174,,7,3,6,5002,0,1,3,,2,011,"SR-99 S/B","PELANDALE AVENUE",1989.00,S,N,B,-,Y,STA,,99," ",R,21.302,H,,L,N,1,1,0,2,A,-,01,23152,A,N,C,C,A,A,H,-,D,D,0,,,,,Y,Y,A,07,0,0,0,0,0,0,0,0,0,"- ","- ",37.694499969482422,-121.06723022460938,STANISLAUS,MODESTO,-121.06713104248047,37.694557189941406
94757917,2025,2025-07-11,9465,2025-06-28,2055,023100,,6,2,9,5000,0,3,5,,2,010,"PARADISE ROAD","PAULINE AVENUE",435.00,E,N,A,-,N,,,,,,,,,,N,2,0,1,1,A,-,03,22350,,N,E,I,A,A,H,-,B,D,0,,,Y,,Y,Y,C,02,1,0,0,0,0,0,0,0,1,"- ","- ",37.609329223632812,-121.05166625976562,STANISLAUS,UNINCORPORATED,-121.05172729492188,37.609340667724609
94758588,2025,2025-07-11,9465,2025-05-18,1708,022990,,7,2,9,5000,0,1,1,,2,055,"INTERSTATE 5 (S/B)","INGRAM CREEK ROAD",934.00,N,N,G,-,Y,STA,,5," "," ",23.181,H,,R,Y,1,2,1,1,A,-,08,22107,,N,E,I,A,A,H,-,A,D,0,,,,,Y,,A,07,0,1,0,0,0,0,0,0,0,"- ","- ",37.54180908203125,-121.27011108398438,STANISLAUS,UNINCORPORATED,-121.26987457275391,37.541999816894531
9476679,2022,2022-07-26,5007,2022-06-25,0058,5732,TPD,6,5,5,5007,0,0,0,,0,PD1,"SUNBIRD DR","FOSBERG RD",0.00,,Y,A,-,N,,,,,,,,,,Y,2,0,1,3,A,-,03,22350,,N,H,J,A,A,H,-,C,A,0,,,Y,,Y,Y,C,02,1,0,0,0,0,0,0,0,1,"- ","- ",37.534961700439453,-120.84449768066406,STANISLAUS,TURLOCK,-120.84452056884766,37.534969329833984
9477867,2022,2022-08-05,5001,2022-06-11,2213,915,B001,6,5,4,5001,0,0,0,,0,003,"MOFFETT RD","GARRISON ST",500.00,S,N,A,-,N,,,,,,,,,,Y,2,0,1,4,A,-,03,22350,,N,C,E,A,A,H,-,C,D,0,,,,,Y,,A,01,1,0,0,0,0,0,0,0,0,"- ","- ",37.596988677978516,-120.94759368896484,STANISLAUS,CERES,-120.94785308837891,37.596977233886719
94797916,2025,2025-08-11,9465,2025-06-21,1109,022990,,6,1,9,5000,0,3,5,,2,040,"SHILOH ROAD","GRAYSON ROAD",0.00,,Y,G,-,N,,,,,,,,,,Y,1,1,0,2,A,-,12,22450,A,N,D,C,A,A,H,-,A,A,0,,,,Y,Y,,A,01,0,0,0,0,0,0,0,0,0,"- ","- ",37.563888549804688,-121.14051818847656,STANISLAUS,UNINCORPORATED,-121.14054107666016,37.563850402832031
9512930,2022,2022-11-18,5004,2022-10-01,2012,326,RD28,6,5,3,5004,0,0,0,,0,042,"EAST F ST","JOHNSON AV",0.00,,Y,A,-,Y,STA,10,120,-,-,5.660,H,-,W,N,2,0,1,2,A,-,11,21950,B,N,G,B,D,A,H,-,C,D,0,Y,,,,Y,Y,N,60,1,0,0,0,1,0,0,0,0,"- ","- ",37.769851684570312,-120.83827972412109,STANISLAUS,OAKDALE,-120.83795166015625,37.770042419433594
9514026,2022,2022-11-03,5007,2022-09-13,2145,5795,TPD,2,5,5,5007,0,0,0,,0,PD2,"LANDER AV","WEST MAIN ST",0.00,,Y,A,-,N,,,,,,,,,,N,2,0,1,2,A,-,12,21453,A,N,A,C,A,A,H,-,C,A,0,,,Y,,Y,,C,02,1,0,0,0,0,0,0,0,1,"- ","- ",37.492778778076172,-120.84898376464844,STANISLAUS,TURLOCK,-120.84912109375,37.492759704589844
9516204,2022,2022-12-09,5003,2022-08-10,0753,N216,RDNM,3,5,2,5003,0,0,0,,0,NPD,"KERN ST","S ST",0.00,,Y,A,-,N,,,,,,,,,,N,2,0,1,2,A,-,03,22350,,N,A,B,B,A,H,-,A,A,0,Y,,,,Y,Y,A,01,1,0,0,0,1,0,0,0,0,"- ","- ",37.315860748291016,-121.02863311767578,STANISLAUS,NEWMAN,-121.02858734130859,37.315872192382812
9520242,2022,2023-01-18,5007,2022-10-11,1531,5776,TPD,2,5,5,5007,0,0,0,,0,PD3,"FULKERTH RD","NORTH TULLY RD",460.00,W,N,A,-,N,,,,,,,,,,N,1,1,0,2,A,-,10,21954,B,F,G,B,E,A,H,-,A,D,0,Y,,,,Y,,A,01,0,0,0,1,0,0,0,0,0,"- ","- ",37.509021759033203,-120.87348937988281,STANISLAUS,TURLOCK,-120.87335205078125,37.507217407226562
9520750,2021,2023-07-17,5002,2021-02-06,0245,,,6,5,6,5002,0,0,0,,0,,"KANSAS AV","LOS GATOS WY",545.00,W,N,A,-,N,,,,,,,,,,Y,1,1,0,1,A,-,01,23152,F,N,E,I,A,A,H,-,C,D,0,,,,,Y,,A,07,0,0,0,0,0,0,0,0,0,"- ","- ",37.645938873291016,-121.03855133056641,STANISLAUS,MODESTO,-121.03855895996094,37.64593505859375
9521756,2022,2022-11-15,5007,2022-09-23,2306,5787,TPD,5,5,5,5007,0,0,0,,0,PD2,"EAST AV","CENTER ST",194.00,E,N,A,-,N,,,,,,,,,,Y,2,0,2,2,A,-,03,22350,,N,D,C,A,A,H,-,C,D,0,,,,,Y,,D,22,2,0,0,0,0,0,0,0,0,"- ","- ",37.492721557617188,-120.84050750732422,STANISLAUS,TURLOCK,-120.84154510498047,37.492698669433594
9563074,2023,2023-04-08,5007,2023-03-02,1824,6973,TPD,4,5,5,5007,0,0,0,,0,PD3,"NORTH WALNUT RD","WEST MAIN ST",0.00,,Y,A,-,N,,,,,,,,,,N,2,0,1,2,A,-,17,21451,A,N,A,C,A,A,H,-,C,A,0,,,,,Y,,A,07,1,0,0,0,0,0,0,0,0,"- ","- ",37.492729187011719,-120.87172698974609,STANISLAUS,TURLOCK,-120.87180328369141,37.492729187011719
9597473,2023,2023-07-20,5002,2023-02-25,2200,13399,,6,5,6,5002,0,0,0,,0,063,"PRESCOTT RD","PELANDALE AV",250.00,S,N,C,-,N,,,,,,,,,,Y,2,0,1,1,A,-,01,23152,A,N,E,I,A,B,H,-,C,D,0,,,,,Y,Y,A,01,1,0,0,0,0,0,0,0,0,"- ","- ",,,STANISLAUS,MODESTO,-121.03175354003906,37.699771881103516
9603146,2023,2023-08-02,5004,2023-06-27,1526,334,RD15,2,5,3,5004,0,0,0,,0,032,"EAST F ST","S 5TH ST",0.00,,Y,A,-,N,,,,,,,,,,Y,2,0,2,3,A,-,01,23153,,N,C,C,A,A,H,-,A,D,0,,,,,Y,Y,A,01,1,1,0,0,0,0,0,0,0,"- ","- ",37.768150329589844,-120.8443603515625,STANISLAUS,OAKDALE,-120.84436798095703,37.767772674560547
9603988,2023,2023-08-14,5004,2023-07-04,1734,318,RD55,2,5,3,5004,0,0,0,,0,021,"W GREGER ST","WILD STATION RD",0.00,,Y,A,-,N,,,,,,,,,,Y,2,0,1,1,A,-,05,21650,,N,E,I,A,A,H,-,A,D,0,,,,,Y,Y,A,01,1,0,0,0,0,0,0,0,0,"- ","- ",37.754589080810547,-120.85385131835938,STANISLAUS,OAKDALE,,
9624160,2022,2024-01-10,5002,2022-07-02,1701,13286,M002,6,5,6,5002,0,0,0,,0,063,"PELANDALE AV","DALE RD",0.00,,Y,A,-,N,,,,,,,,,,Y,1,1,1,2,A,-,12,21453,A,N,A,C,A,A,H,-,A,A,0,,,,,Y,,A,01,0,0,1,0,0,0,0,0,0,"- ","- ",37.700408935546875,-121.05010986328125,STANISLAUS,MODESTO,-121.05005645751953,37.700290679931641
9637382,2023,2024-03-01,5004,2023-10-17,"209 ",352,RD62,2,5,3,5004,0,0,0,,0,042,"EAST F ST","S MAAG AV",0.00,,Y,A,-,Y,STA,10,120,-,-,6.450,H,-,W,Y,2,0,1,1,A,-,03,22350,,N,E,I,A,A,C,-,D,D,0,,,,,Y,,A,01,1,0,0,0,0,0,0,0,0,"- ","- ",37.741901397705078,-120.82563781738281,STANISLAUS,OAKDALE,-120.82469940185547,37.774711608886719
9640528,2023,2025-06-30,5007,2023-03-08,1515,5755,TPD,3,5,5,5007,0,0,0,,0,PD3,"W LINWOOD AV","S WASHINGTON RD",2083.00,E,N,A,-,N,,,,,,,,,,Y,1,1,0,1,A,-,08,22107,,N,F,A,A,A,H,-,A,D,0,,,,,Y,,A,07,0,0,0,0,0,0,0,0,0,"- ","- ",37.478111267089844,-120.90364837646484,STANISLAUS,TURLOCK,-120.896484375,37.478118896484375
9641721,2023,2024-01-08,5007,2023-11-24,1025,5802,TPD,5,5,5,5007,0,0,0,,0,PD5,"EAST OLIVE AV","BONITA AV",0.00,,Y,A,-,N,,,,,,,,,,Y,2,0,2,2,A,-,09,21801,A,N,D,C,A,A,H,-,A,D,0,,,,,Y,,A,01,1,1,0,0,0,0,0,0,0,"- ","- ",37.500438690185547,-120.83998107910156,STANISLAUS,TURLOCK,-120.84070587158203,37.4998779296875
9649576,2023,2024-03-07,5004,2023-12-17,1945,236,RD26,7,5,3,5004,0,0,0,,0,022,"WEST F ST","LEE AV",0.00,,Y,C,-,Y,STA,10,108,-,-,37.090,I,5,W,N,2,0,3,4,A,-,01,23153,B,N,C,C,A,B,H,-,C,D,0,,,,,Y,Y,A,07,3,0,0,0,0,0,0,0,0,"- ","- ",37.7589111328125,-120.86531066894531,STANISLAUS,OAKDALE,-120.86541748046875,37.7589111328125
9700812,2024,2024-07-11,5007,2024-05-20,"404 ",5803,TPD,1,5,5,5007,0,0,0,,0,PD3,"SOUTH ORANGE ST","ANGELUS ST",76.00,S,N,A,-,N,,,,,,,,,,Y,2,0,1,5,A,-,01,23153,A,N,F,E,A,A,H,-,C,D,0,,,,,Y,Y,A,01,1,0,0,0,0,0,0,0,0,"- ","- ",37.486991882324219,-120.85267639160156,STANISLAUS,TURLOCK,-120.85266876220703,37.486751556396484
9713632,2024,2024-07-17,5004,2024-04-23,1553,383,RD56,2,5,3,5004,0,0,0,,0,021,"S WILLOWOOD DR","W J ST",0.00,,Y,A,-,N,,,,,,,,,,N,2,0,2,2,A,-,12,22450,A,N,D,C,A,A,H,-,A,A,0,,Y,,,Y,,-,,1,0,1,0,0,0,2,0,0,"- ","- ",37.755519866943359,-120.86984252929688,STANISLAUS,OAKDALE,-120.86982727050781,37.755531311035156
9714308,2024,2024-08-01,5007,2024-06-13,1313,5694,TPD,4,5,5,5007,0,0,0,,0,PD5,"E HAWKEYE AVE","N OLIVE AVE",0.00,,Y,A,-,N,,,,,,,,,,Y,2,0,1,2,A,-,17,21451,A,N,D,C,A,A,H,-,A,A,0,,,,,Y,,A,07,1,0,0,0,0,0,0,0,0,"- ","- ",37.507278442382812,-120.83985900878906,STANISLAUS,TURLOCK,-120.83985137939453,37.507293701171875
9719030,2024,2024-08-23,5007,2024-07-08,1801,5823,,1,5,5,5007,0,0,0,,0,002,"EAST OLIVE AV","PALM ST",24.00,W,N,A,-,N,,,,,,,,,,Y,2,0,2,2,A,-,03,22350,,N,C,C,A,A,H,-,A,A,0,,,,,Y,,A,01,1,0,1,0,0,0,0,0,0,"- ","- ",,,STANISLAUS,TURLOCK,-120.84403228759766,37.497486114501953
9726050,2024,2024-08-30,5007,2024-07-24,"3   ",5798,TPD,3,5,5,5007,0,0,0,,0,PD3,"W LINWOOD AV","S TEGNER RD",0.00,,Y,A,-,N,,,,,,,,,,Y,2,0,1,2,A,-,01,23152,A,N,D,C,A,A,H,-,D,A,0,,,,,Y,Y,A,01,1,0,0,0,0,0,0,0,0,"- ","- ",37.4781494140625,-120.88542175292969,STANISLAUS,TURLOCK,-120.88540649414062,37.4781494140625
9728548,2024,2024-08-29,5007,2024-08-01,1426,5818,TPD,4,5,5,5007,0,0,0,,0,PD2,"OLIVE AV","PALM ST",0.00,,Y,A,-,N,,,,,,,,,,Y,2,0,1,2,A,-,12,21453,A,N,D,C,A,A,H,-,A,A,0,,,,,Y,,A,07,1,0,0,0,0,0,0,0,0,"- ","- ",37.497001647949219,-120.84300231933594,STANISLAUS,TURLOCK,-120.84397125244141,37.497528076171875
9729533,2024,2024-09-18,5007,2024-08-16,"124 ",5810,TPD,5,5,5,5007,0,0,0,,0,PD1,"OLIVE AV","NORTH AV",20.00,N,N,A,-,N,,,,,,,,,,Y,2,0,1,1,A,-,01,23152,A,M,E,I,A,A,H,-,C,A,0,,,,,Y,Y,A,07,1,0,0,0,0,0,0,0,0,"- ","- ",37.509990692138672,-120.83988189697266,STANISLAUS,TURLOCK,-120.83988952636719,37.510055541992188
9736980,2024,2024-11-20,5004,2024-09-03,1159,352,RD26,2,5,3,5004,0,0,0,,0,022,"WEST F ST","S OAK AV",0.00,,Y,A,-,Y,STA,10,108,-,-,37.300,H,-,E,N,2,0,1,2,A,-,03,22350,,F,C,C,A,A,H,-,A,A,0,,,,,Y,,D,22,1,0,0,0,0,0,0,0,0,"- ","- ",37.760360717773438,-120.86186981201172,STANISLAUS,OAKDALE,-120.86201477050781,37.760261535644531
9737254,2024,2024-10-02,5007,2024-09-05,1037,5694,TPD,4,5,5,5007,0,0,0,,0,PD2,"GOLDEN STATE BL","MINERVA ST",300.00,S,N,A,-,N,,,,,,,,,,Y,2,0,1,2,A,-,01,23152,A,N,D,C,A,A,H,-,A,D,0,,,,,Y,Y,A,01,1,0,0,0,0,0,0,0,0,"- ","- ",37.487998962402344,-120.83899688720703,STANISLAUS,TURLOCK,-120.84130096435547,37.490516662597656
9737255,2024,2024-10-10,5007,2024-08-20,2103,5807,TPD,2,5,5,5007,0,0,0,,0,PD2,"LANDER AV","EAST LINWOOD AV",5.00,S,N,A,-,N,,,,,,,,,,N,2,0,1,2,A,-,08,22107,A,N,D,G,A,A,H,-,C,A,0,,Y,,Y,Y,,L,04,1,0,0,0,0,0,1,0,0,"- ","- ",37.478168487548828,-120.84896087646484,STANISLAUS,TURLOCK,-120.84899139404297,37.478164672851562
9745628,2024,2024-10-25,5007,2024-10-14,"230 ",5804,TPD,1,5,5,5007,0,0,0,,0,PD4,"WEST MONTE VISTA AV","NORTH GOLDEN STATE BL",42.00,W,N,A,-,N,,,,,,,,,,Y,2,0,1,1,A,-,08,22107,,N,A,I,A,A,H,-,C,A,0,,,,,Y,,A,01,1,0,0,0,0,0,0,0,0,"- ","- ",37.521800994873047,-120.87758636474609,STANISLAUS,TURLOCK,-120.87747192382812,37.521873474121094
9746421,2024,2024-11-18,5007,2024-11-01,2225,5785,TPD,5,5,5,5007,0,0,0,,0,PD3,"NORTH TULLY RD","FULKERTH RD",0.00,,Y,B,C,N,,,,,,,,,,N,2,0,1,2,A,-,03,22350,,N,A,C,A,B,H,-,C,A,0,,,,,Y,,D,22,1,0,0,0,0,0,0,0,0,"- ","- ",37.507270812988281,-120.87175750732422,STANISLAUS,TURLOCK,-120.87176513671875,37.507228851318359
9751408,2023,2024-12-12,5004,2023-09-11,2118,349,,1,5,3,5004,0,0,0,,0,,"RT 108","S ODESSA WY",15.00,E,N,A,-,Y,STA,10,108,-,-,37.050,H,-,E,N,1,1,0,2,A,-,11,21954,A,N,G,B,D,A,H,-,C,D,0,Y,,,,Y,,N,60,0,0,0,1,0,0,0,0,0,"- ","- ",,,STANISLAUS,OAKDALE,-120.86599731445312,37.758571624755859
9754428,2024,2024-12-03,5004,2024-11-07,"817 ",383,RD41,4,5,3,5004,0,0,0,,0,021,"W GREGER ST","WRANGLER ST",0.00,,Y,A,-,N,,,,,,,,,,Y,2,0,1,2,A,-,08,22107,,N,D,C,A,A,H,-,A,A,0,,,,,Y,,A,01,1,0,0,0,0,0,0,0,0,"- ","- ",37.752590179443359,-120.86683654785156,STANISLAUS,OAKDALE,-120.86680603027344,37.752586364746094
9775776,2024,2025-01-27,5004,2024-12-09,1015,376,RD64,1,5,3,5004,0,0,0,,0,041,"EAST F ST","N MAAG ST",1240.00,E,N,B,-,N,,,,,,,,,,Y,2,0,1,1,A,-,08,22107,,N,E,I,A,A,H,-,A,D,0,,,,,Y,,A,01,1,0,0,0,0,0,0,0,0,"- ","- ",37.773849487304688,-120.82943725585938,STANISLAUS,OAKDALE,-120.82742309570312,37.774112701416016
9781663,2025,2025-02-27,5004,2025-01-21,1400,376,RD53,2,5,3,5004,0,0,0,,0,021,"SOUTH YOSEMITE AV","WARNERVILLE RD",78.00,N,N,A,-,N,,,,,,,,,,Y,2,0,1,1,C,-,18,,,N,H,C,A,A,H,-,A,D,0,,,,,Y,,-,"- ",1,0,0,0,0,0,0,0,0,"- ","- ",37.752578735351562,-120.84014129638672,STANISLAUS,OAKDALE,-120.83997344970703,37.747573852539062
9782571,2025,2025-02-21,5007,2025-01-03,1826,7073,TPD,5,5,5,5007,0,0,0,,0,PD3,"MAIN ST","DIANNE DR",0.00,,Y,E,-,N,,,,,,,,,,Y,2,0,2,2,A,-,12,22450,A,N,D,C,A,B,H,-,C,D,0,,,,,Y,,A,01,1,1,0,0,0,0,0,0,0,"- ","- ",37.491878509521484,-120.880126953125,STANISLAUS,TURLOCK,-120.88094329833984,37.492660522460938
9786197,2024,2025-05-06,5004,2024-10-11,1317,383,RD26,5,5,3,5004,0,0,0,,0,022,"1300 W F ST","S OAK AV",0.00,,Y,A,-,Y,,,,,,,,,,N,2,0,1,1,D,-,00,,,N,H,A,A,A,H,-,A,A,0,,Y,,,Y,,-,"- ",1,0,0,0,0,0,1,0,0,"- ","- ",37.760639190673828,-120.86244201660156,STANISLAUS,OAKDALE,-120.86188507080078,37.760364532470703
9786245,2024,2025-05-03,5002,2024-12-06,1133,13063,,5,5,6,5002,0,0,0,,0,052,"SISK RD","BRENNER WY",146.00,S,N,A,-,N,,,,,,,,,,Y,1,1,0,2,A,-,03,22350,,N,F,A,A,A,H,-,A,A,0,,,Y,,Y,,C,02,0,0,0,0,0,0,0,1,0,"- ","- ",37.678581237792969,-121.04730224609375,STANISLAUS,MODESTO,-121.04685974121094,37.678230285644531
9786274,2024,2025-06-18,5004,2024-08-14,"730 ",364,,3,5,3,5004,0,0,0,,0,,"RT 120","E NORTH ST",315.00,N,N,A,-,Y,STA,10,120,-,-,4.520,H,-,W,Y,1,1,1,3,A,-,08,22107,,N,B,C,A,A,H,-,A,D,0,,,,,Y,,A,01,0,1,0,0,0,0,0,0,0,"- ","- ",,,STANISLAUS,OAKDALE,-120.85170745849609,37.774436950683594
9790651,2025,2025-04-03,5004,2025-02-09,2050,353,RD26,7,5,3,5004,0,0,0,,0,022,"W F ST 1515","S LEE AV",0.00,,Y,A,-,Y,STA,10,108,-,-,37.080,H,-,E,N,2,0,1,2,A,-,03,22350,,N,C,C,A,A,H,-,A,A,0,,,,,Y,,-,,1,0,0,0,0,0,0,0,0,"- ","- ",37.758869171142578,-120.86480712890625,STANISLAUS,OAKDALE,-120.86551666259766,37.758758544921875
9796695,2025,2025-05-06,5004,2025-02-19,1448,334,RD26,3,5,3,5004,0,0,0,,0,022,"RT 108","WOOD AV",0.00,,Y,A,-,Y,STA,10,108,-,-,37.425,I,5,E,N,2,0,1,2,A,-,09,21802,A,N,H,G,A,A,H,-,A,D,0,,Y,,,Y,,L,04,1,0,0,0,0,0,1,0,0,"- ","- ",37.761150360107422,-120.85997009277344,STANISLAUS,OAKDALE,-120.8599853515625,37.761104583740234
9807494,2025,2025-06-02,5004,2025-04-14,1536,399,RD41,1,5,3,5004,0,0,0,,0,021,"W GREGER ST","CHURCHILL AV",434.00,W,N,A,-,N,,,,,,,,,,N,2,0,1,1,A,-,03,22350,,N,G,J,E,A,H,-,A,D,0,Y,,,,Y,,N,60,1,0,0,0,1,0,0,0,0,"- ","- ",37.752620697021484,-120.86383819580078,STANISLAUS,OAKDALE,-120.86739349365234,37.752468109130859
9813646,2025,2025-05-27,5004,2025-05-03,1051,389,RD53,6,5,3,5004,0,0,0,,0,041,"E GREGER","S YOSEMITE",0.00,,Y,A,-,N,,,,,,,,,,N,2,0,2,5,A,-,08,22107,,N,B,D,A,A,H,-,A,D,0,,,Y,,Y,,C,02,1,1,0,0,0,0,0,0,2,"- ","- ",37.755210876464844,-120.83950805664062,STANISLAUS,OAKDALE,-120.84010314941406,37.754737854003906
9827439,2025,2025-07-21,5007,2025-05-23,2117,5798,TPD,5,5,5,5007,0,0,0,,0,PD4,"N GOLDEN STATE BLVD","WEST MONTE VISTA AV",0.00,,Y,A,-,N,,,,,,,,,,Y,2,0,2,4,A,-,09,21453,C,N,D,C,A,A,H,-,C,A,0,,,,,Y,,A,07,1,0,1,0,0,0,0,0,0,"- ","- ",37.521800994873047,-120.87758636474609,STANISLAUS,TURLOCK,-120.87732696533203,37.521873474121094
9866831,2024,2025-09-03,5002,2024-07-30,1252,10152,458,2,5,6,5002,0,0,0,,0,041,"RT 132 (YOSEMITE BL)","KERR AV",0.00,,Y,A,-,Y,STA,10,132,-,-,16.360,I,5,E,Y,1,1,0,2,A,-,03,22350,,N,D,C,A,A,H,-,A,A,0,,,Y,,Y,,C,02,0,0,0,0,0,0,0,1,0,"- ","- ",,,STANISLAUS,MODESTO,-120.97141265869141,37.638156890869141